formula,actual,predicted,uncertainty,residual
*C(=O)NCCN(CCNC(=O)c1ccc(N2C(=O)c3ccc(*)cc3C2=O)cc1)c1ccc(/C=C/c2ccc([N+](=O)[O-])cc2)cc1,178.0,199.59598,4.205380750102772,21.595978
*C1C(=O)N(c2ccc(O[Si](CC)(CC)CC)cc2)C(=O)C1*,165.0,162.74484,0.8328215957947173,-2.2551575
*c1ccc(OC(=O)Oc2ccc(C3(*)OC(=O)c4ccccc43)cc2)cc1,252.2,244.06519,1.871831323057825,-8.134811
*C/C=C/N(/C=C/CC1CC(=O)N(c2ccc(Cc3ccc(N4C(=O)CC(*)C4=O)cc3)cc2)C1=O)c1ccc(/N=N/c2ccc([N+](=O)[O-])cc2)cc1,277.0,271.2565,3.143816960791707,-5.7434998
*CC(*)(C)C(=O)OCCCCCCOc1ccc(OC(=O)c2ccc(OCCCC)cc2)cc1,36.000004,37.81735,1.8680472840642748,1.8173447
*C[Si](C)(C)[Si](C)(C)[Si](C)(C)[Si](*)(C)C,-68.0,-80.02309,6.551205107866432,-12.023087
*Oc1ccc(OC(=O)c2cc(OCCCc3ccccc3)c(C(*)=O)cc2OCCCc2ccccc2)cc1C,91.0,91.35513,1.0889683832155357,0.35513306
*Oc1ccc(OC(=O)c2ccc(C(*)=O)cc2)cc1C(F)(F)F,159.3,159.46144,1.3062692362713388,0.16143799
*C(=O)Nc1ccc(C(=O)c2ccc(NC(=O)c3ccc4c(c3)C(=O)N(c3cccc(P(=O)(c5ccccc5)c5cccc(N6C(=O)c7ccc(*)cc7C6=O)c5)c3)C4=O)cc2)cc1,238.0,230.53363,1.6837608988501065,-7.4663696
*c1ccc(C2(c3ccc(N4C(=O)C(c5ccccc5)=C(c5ccc(C6=C(c7ccccc7)C(=O)N(*)C6=O)cc5)C4=O)cc3)c3ccccc3-c3ccccc32)cc1,340.0,339.72308,5.822008415622324,-0.2769165
*c1cccc(P(=O)(c2cccc(-n3c(=O)c4c(-c5ccc(C(F)(F)F)cc5)c5c(=O)n(*)c(=O)c5c(-c5ccc(C(F)(F)F)cc5)c4c3=O)c2)c2cc(C(F)(F)F)cc(C(F)(F)F)c2)c1,310.0,301.60333,1.8811388400132891,-8.3966675
*C1C(=O)N(c2ccccc2C)C(=O)C1*,335.0,331.09323,7.0195890016918625,-3.9067688
*CCOCCOC(=O)CCCCCCCCCCC(=O)O*,-71.0,-54.144146,2.727204258118249,16.855854
*C1CC(*)(C#N)C1,220.0,217.52083,2.646581209573377,-2.4791718
*Oc1ccc(C(CC)c2ccc(OC(*)=O)cc2)cc1,128.0,124.5454,0.7106089908780765,-3.4545975
*c1ccc(Oc2ccc(C(c3ccc(Oc4ccc(-n5c(=O)c6cc7c(=O)n(*)c(=O)c7cc6c5=O)cc4C(F)(F)F)cc3)(C(F)(F)F)C(F)(F)F)cc2)c(C(F)(F)F)c1,253.0,246.06952,1.6093056851589214,-6.930481
*CCOCCOCCOC(=O)C1CCC(C(=O)O*)CC1,-24.999998,-16.185835,1.6083084137985522,8.814163
*c1ccc(OC(=O)c2cccc(C(=O)Oc3ccc(C4(*)OC(=O)c5ccccc54)cc3)c2)cc1,282.5,258.0934,2.4122906141652853,-24.406586
*CC(C)COC(=O)c1ccc(C(=O)O*)cc1,55.000004,62.070988,1.7923061840941887,7.070984
*Oc1cccc(OC(=O)c2cccc(C(*)=O)c2)c1,147.0,121.74972,2.418336028540103,-25.250282
*CCN(CCOC(=O)c1ccc(C(=O)O*)cc1)c1ccc(-c2nc3ccc([N+](=O)[O-])cc3o2)cc1,208.0,195.71373,4.350073587779429,-12.28627
*Oc1ccc(NC(=O)c2cc(C(=O)Nc3ccc(*)cc3)c(C(=O)O)cc2C(=O)O)cc1,207.4,207.90619,1.9054635483030948,0.50619507
*Oc1ccc(C(=O)c2ccc(*)cc2)cc1,154.0,150.12791,3.933258351995507,-3.8720856
*CC(*)(C)C(=O)OC(COc1ccc(-c2ccccc2)cc1)COc1ccc(-c2ccccc2)cc1,85.0,88.14163,0.7791907443657898,3.141632
*C(C)C(*)C(=O)OC12CC3CC(CC(C3)C1)C2,236.5,240.14957,1.553568447492205,3.6495667
*CC(*)C(F)(F)C(F)(F)F,41.000004,42.68424,1.3338298665432304,1.6842346
*c1cccc(P(=O)(c2cccc(-n3c(=O)c4cc5c(=O)n(*)c(=O)c5c(-c5cc(C(F)(F)F)cc(C(F)(F)F)c5)c4c3=O)c2)c2cc(C(F)(F)F)cc(C(F)(F)F)c2)c1,280.0,278.4718,1.1415991357794495,-1.5281982
*NNC(=O)c1ccc(C(*)=O)cc1OCCCCCCCCCC,193.0,201.12302,2.9378433007867244,8.123016
*c1ccc(Oc2ccc(Oc3ccc(N4C(=O)c5ccc(Oc6ccc(C7(c8ccc(Oc9ccc%10c(c9)C(=O)N(*)C%10=O)cc8)CCC(C(C)(C)C)CC7)cc6)cc5C4=O)cc3)c(C(C)(C)C)c2)cc1,233.0,233.2708,0.8784252662601862,0.27079773
*c1ccc(Cc2ccc(NC(=O)c3cccc(-c4nc5cc(-c6ccc7[nH]c(-c8cccc(C(=O)Nc9ccc(Cc%10ccc(-n%11c(=O)c%12cc%13c(=O)n(*)c(=O)c%13cc%12c%11=O)cc%10)cc9)c8)nc7c6)ccc5[nH]4)c3)cc2)cc1,277.0,295.6538,7.644697079623657,18.653809
*c1ccc(S(=O)(=O)c2ccc(-n3nc(-c4ccccc4)c4cc(Oc5ccc(C(C)(C)c6ccc(Oc7ccc8c(-c9ccccc9)nn(*)c(=O)c8c7)cc6)cc5)ccc4c3=O)cc2)cc1,210.5,244.15294,13.835303608493724,33.65294
*/C(=C(/*)c1ccc(CCCC)cc1)c1ccccc1,200.0,193.34819,1.4293178400612154,-6.6518097
*c1cccc(-c2nc3ccc(-c4ccc5nc(*)[nH]c5c4)cc3[nH]2)c1,420.0,392.32184,12.567468957022816,-27.678162
*CCCCCCCCCN1C(=O)c2ccc(Oc3ccc4c(c3)C(=O)N(*)C4=O)cc2C1=O,89.0,88.76894,3.3618780984297087,-0.23105621
*c1ccc(Oc2ccc3ccc(Oc4ccc(-n5c(=O)c6cc7c(=O)n(*)c(=O)c7cc6c5=O)cc4)cc3c2)cc1,320.8,317.1782,11.380559582926566,-3.6217957
*C(=O)Nc1ccc(S(=O)(=O)c2ccc(N3C(=O)CC(N4C(=O)c5ccc(*)cc5C4=O)C3=O)cc2)cc1,145.0,175.50888,18.613009836492726,30.50888
*Oc1ccc(-c2ccc(OC(=O)c3ccc(-c4ccc(C(*)=O)cc4C(F)(F)F)c(C(F)(F)F)c3)cc2C(=O)OCCCCCCCCCCCOc2ccc(-c3ccc(C#N)cc3)cc2)c(C(=O)OCCCCCCCCCCCOc2ccc(-c3ccc(C#N)cc3)cc2)c1,50.000004,44.883648,1.0183111365963349,-5.116356
*c1ccc(OC(=O)c2cccc(C(=O)Oc3ccc(C4(*)OC(=O)c5ccccc54)cc3C)c2)c(C)c1,273.0,269.4141,2.417892005588516,-3.585907
*/C=C(/*)c1ccccc1[Ge](C)(C)C,180.0,186.69067,3.165862909782801,6.690674
*/C(C)=C(/*)c1ccc([Si](C)(C)C)cc1,-4.9999976,-22.548643,3.4475831153223697,-17.548645
*CCN(*)C(=O)c1cc(F)c(F)c(F)c1,65.0,62.843365,0.5640669651638893,-2.1566353
*c1ccc(Oc2ccc(-c3c(-c4ccccc4)c4c(c(-c5ccccc5)c3-c3ccccc3)C(=O)N(c3cccc(N5C(=O)c6c(c(-c7ccccc7)c(-c7ccccc7)c(*)c6-c6ccccc6)C5=O)c3)C4=O)cc2)cc1,357.0,342.007,8.332297617985159,-14.993011
*CCCC(C)(C)CNC(=O)c1ccc(C(=O)N*)cc1,157.0,158.42036,0.8652169448415917,1.4203644
*c1cc(/N=N/c2ccc(OC)cc2)cc(*)c1O,134.0,132.69089,1.050589615451235,-1.3091125
*Oc1ccc(-c2ccc(Oc3ccc(C(=O)c4c(C(=O)c5ccc(*)cc5)c(-c5ccccc5)c(-c5ccc6ccccc6c5)c(-c5ccc6ccccc6c5)c4-c4ccccc4)cc3)cc2)cc1,290.0,285.87253,1.5705188142242585,-4.127472
*c1ccc(C#Cc2cc(OCCCCCCCC)c(C#Cc3ccc(-c4nnc(*)o4)cc3)cc2OCCCCCCCC)cc1,130.0,122.20728,1.1527680932925701,-7.792717
*O[Si](c1ccccc1)(c1ccccc1)c1ccc(-c2ccc([Si](*)(c3ccccc3)c3ccccc3)cc2)cc1,94.0,114.74994,2.539692527883813,20.749939
*CC(*)(C)C(=O)OCC#N,91.0,92.60449,1.3177918413098155,1.6044922
*C(F)(F)C1(F)C(F)(F)C(*)(F)C(F)(F)C(F)(F)C1(F)F,101.0,150.22769,15.821739140359306,49.22769
*CCCCCCNC(=O)c1ccc(C(=O)N*)c(Oc2ccc(F)cc2)c1,113.0,103.16261,0.9172053302392233,-9.837387
*CC(*)(C)C(=O)OCCNC(C)(C)C,41.000004,33.90491,0.7469879798019269,-7.095093
*OC1C(COCO)OC(*)C(O)C1O,208.0,196.96674,1.4345368900230675,-11.033264
*O[Si](C)(C)c1cccc2c([Si](*)(C)C)cccc12,62.000004,59.515514,0.5347483600598527,-2.4844894
*Oc1ccc(CC(NC(=O)Cc2ccc(OC(=O)CCCC(*)=O)cc2)C(=O)OCCCCCCCC)cc1,38.000004,40.682507,0.5235289263527072,2.6825027
*OC1CCC(OC(=O)c2ccc(C(*)=O)cc2)CC1,94.3,113.12086,6.027782893633458,18.820854
*Oc1c(C)cc(C2(c3cc(C)c(OC(=O)c4ccc(C(*)=O)cc4)c(C)c3)CCC3CCCCC3C2)cc1C,287.0,280.1258,2.3266059134171075,-6.8742065
*/C=C/c1cc(OCCCCCCCC)c(/C=C/c2ccc(*)c3nsnc23)cc1OCCCCCCCC,153.0,156.00156,1.8299392236890903,3.0015564
*C/C=C/COC(=O)C(Cc1ccccc1)NC(=O)CCCCCCCCC(=O)NC(Cc1ccccc1)C(=O)O*,46.000004,46.813633,0.5276808027560334,0.81362915
*Oc1ccc(C(C)c2ccc(OC(*)=S)cc2)cc1,107.0,106.233116,1.2259144865005154,-0.76688385
*CC(*)(F)C(F)(F)F,49.000004,44.173153,1.0869575038012957,-4.826851
*Oc1ccc(Oc2ccc(C(=O)c3ccc(*)cc3)cc2)cc1,147.5,148.65042,1.5051191554079908,1.1504211
*Nc1ccc(C(=O)c2ccc(NC(=O)c3ccc(C(*)=O)cc3)cc2)cc1,300.0,279.63947,5.895675593296836,-20.360535
*CCCCCCNC(=O)c1ccc(C(=O)N*)c(Oc2ccc(Br)cc2)c1,116.0,111.22599,0.9055824011470625,-4.7740097
*CC(*)c1ccccc1C(=O)OC(C)C,146.0,144.22534,0.9037701801147,-1.7746582
*CC(*)(C)C(=O)OCc1ccc[se]1,56.000004,54.303753,0.6892636347044634,-1.6962509
*CCN(CCOC(=O)c1ccc(C(=O)O*)c(OCCC)c1)c1ccc(-c2nc3ccc([N+](=O)[O-])cc3o2)cc1,119.0,124.46243,1.2548630026632999,5.462433
*CCN(*)C,-30.999998,-26.214964,3.7360962436868577,4.785034
*c1ccc(C(c2ccccc2)c2ccc(N(c3ccc(C)cc3)c3ccc(-c4ccc(N(*)c5ccc(C)cc5)cc4)cc3)cc2)cc1,239.0,237.27184,1.0780365172029795,-1.7281647
*CC(*)(C)C(=O)Oc1ccc(C(=O)c2ccccc2)c(O)c1,270.0,262.2946,3.480136071572579,-7.705414
*CCOC(=O)/C=C/C(=O)NCCCCCCNC(=O)/C=C/C(=O)O*,89.0,80.76143,0.8151831505712949,-8.238571
*c1ccc(Oc2ccc(C(=O)c3ccc(C(=O)c4ccc(Oc5ccc(-c6cc(*)[nH]n6)cc5)cc4)cc3)cc2)cc1,235.0,232.29047,1.6154440930198262,-2.7095337
*Oc1ccc(C(C)(C)c2ccc(OC(=O)c3ccccc3-c3ccccc3C(*)=O)cc2)cc1,161.0,151.59036,0.9496149215317148,-9.409637
*Oc1ccc(C(C)(C)c2ccc(Oc3ccc(C(=O)Nc4ccc(NC(=O)c5ccc(*)cc5)cc4)cc3)cc2)cc1,230.0,205.72371,5.432408016764506,-24.27629
*C(=O)Nc1ccc(Oc2ccc(NC(=O)c3ccc4c(c3)C(=O)N(c3ccc(Oc5cccc6c(N7C(=O)c8ccc(*)cc8C7=O)cccc56)cc3)C4=O)cc2)cc1,278.0,288.2156,2.9160403077502726,10.215607
*CCCCCCCCn1c2ccccc2c2cc(/C=C(\C#N)C(=O)OCCCCCCOC(=O)/C(C#N)=C/c3ccc4c(c3)c3ccccc3n4*)ccc21,96.7,99.053795,0.6630439223296469,2.353798
*Oc1ccc(S(=O)(=O)c2ccc(Oc3ccc(-c4ccc(*)cc4)cc3)cc2)cc1,221.0,249.1745,5.337989887226099,28.1745
*C(=O)Nc1cccc(N2C(=O)CC(N3C(=O)c4ccc(*)cc4C3=O)C2=O)c1,130.0,153.50021,7.94809963800151,23.500214
*CCC(C)S*,-58.999996,-48.564053,4.456892105464851,10.435944
*Oc1cccc(NC(=O)CCCCCC(=O)Nc2ccc(*)cc2)c1,130.0,135.80711,1.9342816850850477,5.8071136
*CCCCCCCCC(=O)N*,48.000004,44.366802,1.0119255838850183,-3.6332016
*c1cccc(NC(=O)CCCCCCCCCCC(=O)Nc2cccc(S(*)(=O)=O)c2)c1,107.0,113.45768,1.142229145703211,6.4576797
*CCCCCCCCCCCCNC(=O)c1ccc(C(=O)N*)c(Oc2ccccc2)c1,75.0,88.78596,0.9999050238619196,13.785957
*CCCCCCOc1c(OC)cc(/C=C/c2ccc(/C=C/c3cc(OC)c(O*)c(OC)c3)cc2)cc1OC,90.0,84.08385,0.9280183363343145,-5.916153
*CCc1ccc(*)c(CCCC)c1,19.999994,24.104822,1.3717301576882381,4.104828
*Nc1ccc(Cc2ccc(NC(=O)c3cc(NC(=O)c4ccncc4)cc(C(*)=O)c3)cc2)cc1,302.0,306.50745,2.5290634143130113,4.5074463
*C(=O)Nc1ccc(Oc2cccc(Oc3ccc(NC(=O)c4ccc5c(c4)C(=O)N(c4ccc(Oc6cccc(Oc7ccc(N8C(=O)c9ccc(*)cc9C8=O)cc7)c6C#N)cc4)C5=O)cc3)c2C#N)cc1,220.0,223.46431,1.5363683178498837,3.4643097
*Oc1ccc(C(C)(C)c2ccc(Oc3cccc(*)n3)cc2)cc1,107.0,109.04105,1.0542570984199935,2.0410538
*c1ccc(Oc2ccc(N3C(=O)c4ccc(S(=O)(=O)c5ccc6c(c5)C(=O)N(*)C6=O)cc4C3=O)cc2)cc1,283.5,291.38126,4.536852261254169,7.881256
*/C=C/[Ge](/C=C/[Si](*)(c1ccccc1)c1ccccc1)(c1ccccc1)c1ccccc1,27.999994,21.046991,1.1523740229230364,-6.953003
*CC(*)CNc1ccc([N+](=O)[O-])cn1,151.0,149.60477,0.8581391247431366,-1.3952332
*CCCC(C)(C)CNC(=O)C(=O)N*,109.0,103.113976,1.6661294176659012,-5.8860245
*c1ccc(Oc2ccc(C(=O)c3cccc(C(=O)c4ccc(Oc5ccc(-n6c(=O)c7cc8c(=O)n(*)c(=O)c8cc7c6=O)cc5C(F)(F)F)cc4)n3)cc2)c(C(F)(F)F)c1,227.1,234.03368,2.213277642260798,6.93367
*CC(CC)(CC)C(=O)O*,60.000004,56.314564,1.5756996405122121,-3.68544
*c1ccc(C(c2ccc(-n3c(=O)c4cc5c(=O)n(*)c(=O)c5cc4c3=O)cc2)(C(F)(F)F)C(F)(F)F)cc1,380.00003,364.19504,15.096882563022175,-15.804993
*O[Si](*)(C)CCc1cc(-c2nnc(-c3ccc(OCCCCCCCCCCCC)cc3)o2)ccc1-c1nnc(-c2ccc(OCCCCCCCCCCCC)cc2)o1,156.0,129.3717,5.153024167840481,-26.628296
*Nc1ccc(Cc2ccc(NC(=O)c3cc(NC(=O)C(C(C)CC)N4C(=O)c5ccccc5C4=O)cc(C(*)=O)c3)cc2)cc1,195.0,183.58022,1.4468386296747067,-11.419785
*CCCCCCCCOC(=O)Nc1ccc(NC(=O)OCCCCCCCCOc2ccc(-c3ccc(O*)cc3)cc2)c(C)c1,81.0,82.14421,1.192107793746438,1.1442108
*CC(*)(Cl)C(=O)OCCC,66.0,59.80927,1.8454063024290963,-6.190731
*c1ccc(-c2ccc(-n3c(=O)c4cc5c(=O)n(*)c(=O)c5cc4c3=O)cc2OC)c(OC)c1,328.0,323.62558,11.726693904830189,-4.37442
*CCCCCCCCCCCNC(=O)CCCCCCCCCCC(=O)N*,39.000004,43.47617,0.5698653394106894,4.476166
*c1ccc(NC(=O)Nc2ccc(NC(=O)Nc3ccc(-c4nc(-c5ccc(-c6nc(-c7ccc([N+](=O)[O-])cc7)c(-c7ccc([N+](=O)[O-])cc7)[nH]6)cc5)[nH]c4*)cc3)cc2)cc1,272.0,270.1364,3.994895858798621,-1.8635864
*O[Si](*)(C)CCCCCCCCCCC(=O)Oc1ccc(C(=O)OCCOc2ccc(C(=O)OC3CCC4(C)C(=CCC5C4CCC4(C)C(C(C)CCCC(C)C)CCC54)C3)cc2)cc1,24.999994,25.942812,2.164226720021662,0.9428177
*C(=O)c1ccc2c(c1)C(=O)N(c1ccc(-c3ccc(N4C(=O)c5ccc(*)cc5C4=O)cc3)cc1)C2=O,382.00003,329.3481,8.410616564411912,-52.651917
*CCC(C)CCC(=O)S*,-49.999996,-48.000607,3.4208686419959555,1.9993896
*c1ccc2c(c1)C(=O)N(c1c(C(C)C)cc(Cc3cc(C(C)C)c(N4C(=O)c5ccc(C(*)(C(F)(F)F)C(F)(F)F)cc5C4=O)c(C(C)C)c3)cc1C(C)C)C2=O,278.5,269.5276,1.65516854355014,-8.972412
*c1ccc(-c2ccc3c(c2)C(CCCCCCBr)(CCCCCCBr)c2cc(*)ccc2-3)cc1,122.0,107.5184,1.0894934613002665,-14.481598
*OC(=O)OC1COC2C(*)COC12,140.0,134.39784,1.337541123472782,-5.6021576
*CCc1ccc(*)c(Cl)c1,75.0,67.09563,0.9728113507459542,-7.904373
*CCN(*)C(=O)c1c(F)ccc(F)c1F,124.0,117.94114,0.7464208033147107,-6.058861
*CCN(CCOC(=O)Nc1ccc(C)c(NC(=O)O*)c1)c1ccc(/N=N/c2ccc(-c3nc4ccc([N+](=O)[O-])cc4n3CC)cc2)cc1,158.0,154.1543,0.8526901044035287,-3.8457031
*Nc1cc(NC(=O)Nc2ccc(NC(*)=O)cc2)cc(C(=O)Nc2ccc3c(c2)C(=O)c2ccccc2C3=O)c1,184.0,175.96043,1.0486302594549621,-8.039566
*c1ccc(Oc2ccc(Oc3ccc(N4C(=O)c5ccc(Oc6ccc(Oc7ccc(Oc8ccc9c(c8)C(=O)N(*)C9=O)cc7)cc6)cc5C4=O)cc3)cc2)cc1,203.0,218.30147,3.028600335422421,15.301468
*CC(*)c1ccccc1COC,89.0,81.47236,0.9075129584849186,-7.5276413
*C(=O)Nc1ccc(Cc2ccc(N3C(=O)c4ccc(*)cc4C3=O)cc2)cc1,279.5,286.4136,6.214242792140124,6.9136047
*c1cccc(N2C(=O)c3cccc(Oc4ccc(S(=O)(=O)c5ccc(Oc6cccc7c6C(=O)N(*)C7=O)cc5)cc4)c3C2=O)c1,266.0,256.60602,1.1536022071627097,-9.393982
*c1ccc(Oc2ccc(C(=O)c3ccc(Oc4ccc(-c5nc(-c6cccc(-c7nc(*)c(-c8ccccc8)[nH]7)c6)[nH]c5-c5ccccc5)cc4)cc3)cc2)cc1,282.0,264.59464,1.12752078070949,-17.405365
*Oc1cccc(Oc2ccc(/N=C/c3ccc(N(c4ccccc4)c4ccc(/C=N/c5ccc(*)cc5)cc4)cc3)cc2)c1,174.0,161.25449,2.135658241427583,-12.745514
*CC(*)c1ccc(F)cc1,95.0,92.741295,1.1326595085949582,-2.2587051
*C(=O)Nc1ccc(Oc2cccc(Oc3ccc(NC(=O)c4ccc5c(c4)C(=O)N(c4cccc(Oc6cccc(Oc7cccc(N8C(=O)c9ccc(*)cc9C8=O)c7)c6C#N)c4)C5=O)cc3)c2)cc1,207.0,203.50226,1.4246506771170202,-3.4977417
*CC(*)(C)C(=O)NC(=O)OC(C)COc1ccc(S(=O)(=O)c2ccc(OCC(C)O)cc2)cc1,73.0,67.74887,0.6072251582790129,-5.251129
*c1ccc(Oc2c(C)cc(C(c3cc(C)c(Oc4ccc(-n5c(=O)c6cc7c(=O)n(*)c(=O)c7cc6c5=O)cc4)c(C)c3)c3cccc4ccccc34)cc2C)cc1,315.0,305.58017,2.3295599227138934,-9.41983
*CCSCc1ccc(Cc2ccc(CSCCOC(=O)CCSCc3ccc(Cc4ccc(CSCCC(=O)O*)cc4)cc3)cc2)cc1,12.000002,6.2706933,1.0139871489380716,-5.7293086
*O[Si](*)(C)CCCCCCCCCCC(F)(F)C(F)(F)C(F)(F)C(F)(F)C(F)(F)C(F)(F)C(F)(F)C(F)(F)F,-78.0,-63.925137,4.216797166633487,14.074863
*c1ccc(OCCCCCCCCCCCOc2ccc(-c3ccc4nc(-c5cccc(-c6cc(-c7ccccc7)c7cc(*)ccc7n6)c5)cc(-c5ccccc5)c4c3)cc2)cc1,133.5,121.55593,1.3061720538894819,-11.944069
*c1cc(C(c2ccc(OCc3cc(OCCN(C)c4ccc(/C=C/C5=CC(=C(C#N)C#N)CC(C)(C)C5)cc4)cc(OCCN(C)c4ccc(/C=C/C5=CC(=C(C#N)C#N)CC(C)(C)C5)cc4)c3)c(N3C(=O)c4ccc(Oc5ccc6c(c5)C(=O)N(*)C6=O)cc4C3=O)c2)(C(F)(F)F)C(F)(F)F)ccc1OCc1cc(OCCN(C)c2ccc(/C=C/C3=CC(=C(C#N)C#N)CC(C)(C)C3)cc2)cc(OCCN(C)c2ccc(/C=C/C3=CC(=C(C#N)C#N)CC(C)(C)C3)cc2)c1,178.0,180.02559,0.9131386455036133,2.025589
*CC(*)(C)C(=O)OCCN(CC)c1ccc([N+](=O)[O-])cc1,98.0,98.86812,1.0844145299019108,0.8681183
*c1ccc2c(c1)C(=O)N(c1cccc(Oc3cccc(N4C(=O)c5ccc(C(F)(F)C(F)(F)C(*)(F)F)cc5C4=O)c3)c1)C2=O,312.0,241.69116,19.79374058932868,-70.30884
*Oc1ccc(-c2ccc(-c3ccc(Oc4ccc(C(C)(C)c5ccc(*)cc5)cc4)cc3)cc2)cc1,182.0,166.24469,6.23728088109427,-15.75531
*c1ccc(Oc2ccc(-c3cnc4cc5ncc(*)nc5cc4n3)cc2)cc1,353.0,357.43185,15.85122058878639,4.4318542
*c1ccc2c(c1)C(=O)N(c1cccc(C(=O)Nc3ccc(Oc4ccc(C(c5ccc(Oc6ccc(NC(=O)c7cccc(N8C(=O)c9ccc(C(*)(C(F)(F)F)C(F)(F)F)cc9C8=O)c7)cc6)cc5)(C(F)(F)F)C(F)(F)F)cc4)cc3)c1)C2=O,266.0,273.2878,1.5816043079891682,7.2878113
*CC(*)C(=O)OCCCCCCOC(=O)c1ccc(OC(=O)c2ccc(C#N)cc2)cc1,29.999994,26.634844,0.9944677324304667,-3.3651505
*c1ccc(Oc2ccc(C(=O)c3ccc(Oc4ccc(-c5c6c(c(*)c7ccccc57)C(=O)N(c5ccc(F)cc5)C6=O)cc4)cc3)cc2)cc1,290.0,279.9484,1.953068254277745,-10.051605
*CC(*)OC(=O)c1ccc([Si](C)(C)C)cc1,130.5,122.39661,1.6199682051734863,-8.103394
*CC(*)c1ccccc1,98.95,92.792114,1.3869073648409818,-6.1578827
*CCC1C(=O)N(CCCCNC(=O)C(F)(F)C(F)(F)C(F)(F)C(F)(F)C(F)(F)C(F)(F)C(F)(F)F)C(=O)C1*,100.0,95.49663,0.6660920770588565,-4.503372
*Oc1ccc(S(=O)(=O)c2ccc(Oc3ccc(C(C)(c4ccc(*)cc4)c4ccc(O)cc4)cc3)cc2)cc1,228.0,226.03966,1.5101946309673366,-1.9603424
*c1ccc2c(c1)C(=O)N(c1ccc(N3C(=O)c4ccc(-c5c(-c6ccccc6)c(-c6ccccc6)c(-c6ccc(Sc7ccc(-c8c(-c9ccccc9)c(-c9ccccc9)c(*)c(-c9ccccc9)c8-c8ccccc8)cc7)cc6)c(-c6ccccc6)c5-c5ccccc5)cc4C3=O)cc1)C2=O,344.0,323.4452,6.222776829491715,-20.55481
*C/C=C/COC(=O)C(Cc1ccccc1)NC(=O)CCCCC(=O)NC(Cc1ccccc1)C(=O)O*,61.000004,53.592426,0.5262966868713332,-7.4075775
*Oc1ccc(-c2ccc(OC(=O)c3cc(OCCCc4ccccc4)c(C(*)=O)cc3OCCCc3ccccc3)cc2)cc1,72.0,85.9455,1.246416827400478,13.945503
*Oc1c(C)c(C)c(Oc2ccc(NC(=O)c3ccc(C(=O)Nc4ccc(*)cc4)cc3)cc2)c(C)c1C,310.0,308.90067,3.2946660091362903,-1.0993347
*CC(*)C(=O)Oc1ccc(C)cc1,42.500004,51.48686,6.882245162753551,8.986855
*/C=C/c1cc(OCCc2ccccc2)c(*)cc1OC,121.0,111.86315,1.1497827719999056,-9.136848
*CC/C=C(/*)c1ccccc1,39.500004,38.840496,1.0558388254626287,-0.65950775
*c1ccc2c(c1)C(=O)N(c1ccc(C3(c4ccc(N5C(=O)c6ccc(C(*)(C(F)(F)F)C(F)(F)F)cc6C5=O)c(C(C)C)c4)c4ccccc4-c4ccccc43)cc1C(C)C)C2=O,299.0,296.83514,1.8998349290573613,-2.164856
*Oc1cccc(Oc2ccc(C(=O)O)c(C(=O)Nc3ccc(Oc4ccc(-c5ccc(Oc6ccc(NC(=O)c7cc(*)ccc7C(=O)O)cc6)cc5)cc4)cc3)c2)c1,100.0,140.88225,2.9877854106008623,40.882248
*c1cccc(N2C(=O)c3ccc(Oc4c(C)cc(-c5cc(C)c(Oc6ccc7c(c6)C(=O)N(*)C7=O)c(C)c5)cc4C)cc3C2=O)c1,295.0,310.4786,3.750198161295521,15.478607
*C[Si](*)(C)CCCOCCOCCOC,-73.3,-55.139736,2.7398959839660466,18.160267
*CC/C=C/C[Si](*)(C)c1ccccc1,-14.900007,-16.840483,2.6106429972068925,-1.9404755
*O[Si](*)(C)CCCCCCCCCCC(=O)OCCC(F)(F)C(F)(F)C(F)(F)C(F)(F)C(F)(F)C(F)(F)C(F)(F)C(F)(F)F,-78.0,-63.975384,3.065184056627015,14.024616
*CCCC(C)CNC(=O)c1ccc(C(=O)N*)cc1,153.0,146.98534,0.9368377422102157,-6.0146637
*Oc1ccc(CC(NC(=O)CCc2ccc(OC(=O)CCCCCCCCC(*)=O)cc2)C(=O)OCC(C)C)cc1,33.000004,40.87453,0.5880123165805523,7.874527
*c1ccc(Oc2ccc(-c3nc4cc(Oc5ccc(NC(=O)c6cc(C(=O)Nc7ccc(Oc8ccc9nc(-c%10ccccc%10)c(*)nc9c8)cc7)cc(N7C(=O)c8ccccc8C7=O)c6)cc5)ccc4nc3-c3ccccc3)cc2)cc1,260.0,290.7854,2.674725143581198,30.7854
*Oc1cc(OC(=O)c2ccc(OCCC)cc2)c(OC(=O)CCCC(*)=O)cc1OC(=O)c1ccc(OCCC)cc1,72.0,60.286457,0.7882650969104738,-11.713543
*Oc1ccc(C(=O)Nc2cc(NC(=O)c3ccc(*)cc3)cc(-c3nc4ccccc4[nH]3)c2)cc1,335.0,307.06546,14.95083922534937,-27.93454
*Oc1ccc(N(CC)c2ccc(/C=C(\C#N)C(=O)NC3CCCCC3NC(=O)/C(C#N)=C/c3ccc(N(CC)c4ccc(*)cc4)cc3)cc2)cc1,235.0,240.35455,3.6717975314012588,5.354553
*Oc1ccc(C(c2ccc(Oc3c(F)c(F)c(COC(c4cccc(C(OCc5c(F)c(F)c(*)c(F)c5F)(C(F)(F)F)C(F)(F)F)c4)(C(F)(F)F)C(F)(F)F)c(F)c3F)cc2)(C(F)(F)F)C(F)(F)F)cc1,113.0,104.19947,0.704446915756073,-8.8005295
*CCCCCCCCCCCCN1C(=O)c2ccc(C(c3ccc4c(c3)C(=O)N(CCCCCCCCCCCCn3c(=O)c5ccc6c7ccc8c(=O)n(*)c(=O)c9ccc(c%10ccc(c3=O)c5c6%10)c7c89)C4=O)(C(F)(F)F)C(F)(F)F)cc2C1=O,170.0,165.37102,1.1871879356649362,-4.6289825
*CC(*)(C)C(=O)OCCCCCCOc1ccc(C(=O)Oc2ccc(-c3cccc(OC(=O)c4ccc(OC(=O)c5ccc(OCCCCCCCCCCCC)cc5)cc4)c3)cc2)cc1,73.0,60.975826,1.3320514708442082,-12.024174
*Oc1ccc(C(C)(C)c2ccc(Oc3ccc(C(=O)Nc4ccc(-c5ccc(NC(=O)c6ccc(*)cc6)cc5C(F)(F)F)c(C(F)(F)F)c4)cc3)cc2)cc1,250.0,243.4177,1.622067575010861,-6.582306
*NC1CCC(CC(C)(C)NC(=O)CCCCC(*)=O)CC1,80.0,77.71735,1.086655903305878,-2.2826538
*Oc1ccc(C2(c3ccc(OC(=O)CCCC(*)=O)cc3)c3ccccc3-c3ccccc32)cc1,207.0,203.525,2.2791132604042965,-3.475006
*Oc1ccc(-c2ccc(Oc3ccc4ccccc4c3-c3c(*)ccc4ccccc34)c3ccccc23)c2ccccc12,301.0,298.2233,2.522261904251765,-2.776703
*Oc1ccc(CC(NC(=O)Cc2ccc(OC(=O)CCC(*)=O)cc2)C(=O)OCCCCCCCC)cc1,51.000004,49.57015,0.549904779817339,-1.4298553
*CCCCCCCCNC(=O)NCc1ccc(CNC(=O)N*)cc1,68.0,58.587246,0.93370748512392,-9.412754
*Oc1ccc(S(=O)(=O)c2ccc(Oc3ccc4c(=O)n5c6cc(-c7ccc8c(c7)nc7c9ccc(*)c%10cccc(c(=O)n87)c%109)ccc6nc5c5cccc3c45)cc2)cc1,415.0,402.2172,10.195505889656287,-12.782806
*O[Si](*)(CCCOCCOCCOCCOCCOCCOC)CCCOCCOCCOCCOCCOCCOC,-69.7,-63.139843,2.8698053706923115,6.560154
*Nc1ccc(Cc2ccc(NC(=O)c3cc(C(*)=O)cc(N4C(=O)C5C6C=CC(C6)C5C4=O)c3)cc2)cc1,303.0,299.7667,2.382536259178807,-3.233307
*Oc1ccc(C2(c3ccc(OC(=O)OC4C(C)(C)C(OC(*)=O)C4(C)C)cc3)CC3CCC2C3)cc1,184.0,175.68764,1.1656020321517486,-8.312363
*Oc1ccc(C(C)(C)c2ccc(Oc3c(F)c(F)c(COC(c4cccc(C(OCc5c(F)c(F)c(*)c(F)c5F)(C(F)(F)F)C(F)(F)F)c4)(C(F)(F)F)C(F)(F)F)c(F)c3F)cc2)cc1,98.0,99.22036,0.7462507341464613,1.2203598
*C(=O)c1ccc2c(c1)C(=O)N(c1cccc(Cc3ccc(Cc4ccc(Cc5cccc(N6C(=O)c7ccc(*)cc7C6=O)c5)cc4)cc3)c1)C2=O,235.5,244.63826,1.8689853872718971,9.13826
*CC#C/C(C#CCOC(=O)CCCCCCCCC(=O)O*)=C\c1ccc(C#Cc2ccc([N+](=O)[O-])cc2)cc1,60.000004,62.315792,0.6742157073474121,2.3157883
*c1ccc(Cc2ccc(NC(=O)c3cccc(Oc4ccc5c(c4)C(=O)N(*)C5=O)c3)cc2)cc1,243.0,230.88522,2.0146521432150073,-12.114777
*/C(=C(\C#N)c1ccc(C(=O)OC2CCN(*)CC2)cc1)c1ccc(OC)cc1,183.0,178.39502,0.8112368442278663,-4.6049805
*Oc1ccc(C(=O)c2cccc(C(=O)c3ccc(*)c(C(C)C)c3)c2)cc1C,147.0,146.02052,0.8370568835850573,-0.9794769
*Oc1c(C)cc(C(C)(C)c2cc(C)c(OC(=O)c3cccc(C(*)=O)c3)c(C)c2)cc1C,187.0,180.14899,1.477857612294055,-6.851013
*CCCOc1ccc(OCCCc2nnc(-c3ccc(-c4nnc(*)o4)cc3)o2)c(C)c1,112.0,113.127525,1.0616886184050018,1.1275253
*Oc1ccc(S(=O)(=O)c2ccc(Oc3c(C)cc(Cc4cc(C)c(*)c(C)c4)cc3C)cc2)cc1,232.0,224.35985,1.7352602306666267,-7.640152
*C(=O)c1ccc2c(c1)C(=O)N(c1cccc(OCCOCCOc3cccc(N4C(=O)c5ccc(*)cc5C4=O)c3)c1)C2=O,155.0,147.26959,2.7264085773667963,-7.7304077
*CCC1CC2C(CC(*)C2OC(=O)CCCCCCCCCCOc2ccc(-c3ccc(C#N)cc3)cc2)C1OC(=O)CCCCCCCCCCOc1ccc(-c2ccc(C#N)cc2)cc1,23.499994,25.220407,1.0496358038844764,1.7204132
*OP(=O)(Oc1ccc(-c2ccc(*)cc2)cc1)OC1CCCCC1,116.0,109.54768,0.9392977759733607,-6.4523163
*Oc1ccc(/N=C/CCC/C=N/c2ccc(OC(=O)NC3CC(C)(C)CC(C)(CNC(*)=O)C3)cc2)cc1,66.0,60.631123,0.868001670388085,-5.3688774
*Oc1ccc(C(C)(C)c2ccc(Oc3ccc4c(=O)n5c6cc(-c7ccc8c(c7)nc7c9ccc(*)c%10cccc(c(=O)n87)c%109)ccc6nc5c5cccc3c45)cc2)cc1,380.00003,386.95032,9.246820693540656,6.950287
*CCCCCCCOc1ccc(CCc2ccc(O*)cc2C)cc1,6.5000024,10.303011,1.526608190706504,3.8030086
*CC(O)CN(C)S(=O)(=O)c1cccc(S(=O)(=O)N(C)CC(O)COc2ccc(O*)cc2)c1,66.0,73.66573,1.6077708737489067,7.6657333
*/C=C/c1sc(-c2ccc(-c3ccc(-c4ccc(-c5sc(/C=C/C6=CC(=C(C#N)C#N)C=C(*)O6)c(CCCCCC)c5CCCCCC)s4)s3)s2)c(CCCCCC)c1CCCCCC,134.0,125.47221,0.7842257970809581,-8.527786
*C(=O)c1ccc2c(c1)C(=O)N(c1cccc(P(=O)(c3ccc(C(F)(F)F)cc3)c3cccc(N4C(=O)c5ccc(*)cc5C4=O)c3)c1)C2=O,264.0,258.01785,1.3277709429795554,-5.982147
*C(=O)Nc1ccc(S(=O)(=O)c2ccc(NC(=O)c3ccc4c(c3)C(=O)N(c3ccc(-c5sc(-c6ccc(N7C(=O)c8ccc(*)cc8C7=O)cc6)c(-c6ccccc6)c5-c5ccccc5)cc3)C4=O)cc2)cc1,340.0,328.90613,10.798982509833397,-11.093872
*O[Si](C)(C)c1ccc([Si](C)(C)Oc2c(C)cc(-c3cc(C)c(*)c(C)c3)cc2C)cc1,67.0,62.13113,0.798203671013642,-4.86887
*CCCCCCOC(=O)OCCCCCCCCCOC(=O)OCCCCCCOc1ccc(C(=O)c2ccc(O*)cc2)cc1,-5.9999976,-0.657148,1.4850424063182286,5.3428497
*Oc1ccc2cc(OC(=O)c3ccc(-c4ccc(C(*)=O)cc4)cc3-c3ccccc3)ccc2c1,125.0,126.02337,0.9072279041277912,1.0233688
*c1ccc(Oc2ccc(-c3cc(-c4ccc(Oc5ccc(-c6cc(*)nc7ccccc67)cc5)cc4)c4ccccc4n3)cc2)cc1,300.0,312.14746,4.076385380433454,12.147461
*CC(*)c1ccc(COCCOCCCCCCCC)cc1,-41.999996,-35.743374,3.2764799181521775,6.2566223
*c1ccc(Oc2ccc(Oc3ccc(N4C(=O)c5ccc(Oc6ccc7c(c6)C(=O)N(*)C7=O)cc5C4=O)cc3)cc2)cc1,238.0,246.23338,4.617218321043571,8.233383
*O[Si](*)(C)CCCOc1ccc(C(=O)OCCOc2ccc(C(=O)OC3CCC4(C)C(=CCC5C4CCC4(C)C(C(C)CCCC(C)C)CCC54)C3)cc2)cc1,42.000004,44.099895,2.087476515060658,2.0998917
*c1cc(N2C(=O)c3ccc(Oc4ccc5ccc(Oc6ccc7c(c6)C(=O)N(*)C7=O)cc5c4)cc3C2=O)cc(C(F)(F)F)c1,235.0,243.71765,0.8734506907276929,8.717651
*CCN(*)C(=O)c1c(F)cc(F)cc1F,135.0,137.58186,0.7125257248598927,2.5818634
*CC(*)(C)C(=O)OCCCOc1ccc(C(=O)Oc2ccc3ccc(=O)oc3c2)cc1,68.0,79.09219,1.3480058228846235,11.092194
*Oc1cccc(C(F)(F)C(F)(F)C(F)(F)c2cccc(OC(=O)c3cccc(C(F)(F)C(F)(F)C(F)(F)c4cccc(C(*)=O)c4)c3)c2)c1,74.0,66.12561,1.0534168059285935,-7.8743896
*c1ccc(Oc2ccc(C(=O)c3ccc(Oc4ccc(N5C(=O)c6ccc(Oc7ccc8c(c7)C(=O)N(*)C8=O)cc6C5=O)cc4)cc3)cc2)cc1,243.0,225.76926,1.631986461303912,-17.230743
*c1ccc(*)cc1,291.5,165.66273,60.73490029824438,-125.837265
*CC(*)OCC(C)(C)CC,9.000002,8.692995,1.2717659301507616,-0.30700684
*Oc1ccc(C2(c3ccc(OC(*)=S)cc3)CCCC2)cc1,79.0,114.77163,2.9504592076210905,35.77163
*Oc1ccc2cc(Oc3ccc4c(=O)n5c6cc(-c7ccc8c(c7)nc7c9ccc(*)c%10cccc(c(=O)n87)c%109)ccc6nc5c5cccc3c45)ccc2c1,413.0,402.67236,10.29125399360157,-10.327637
*Oc1ccc(SC(=O)Sc2ccc(*)cc2)cc1,117.0,109.006004,0.9095942113480895,-7.9939957
*C(=O)OCCCCCCCCOC(=O)c1ccc(N2C(=O)c3ccc(*)cc3C2=O)cc1,65.0,60.66273,1.3241872379261908,-4.337269
*CC(*)C(=O)OCCN(CC)c1ccc(/N=N/c2ccc([N+](=O)[O-])cc2)cc1,102.0,98.13708,1.0350502782592017,-3.8629227
*CCC(C)(C)C(*)(C)C,87.0,89.06332,0.886907361304233,2.0633163
*CCN(*)C(=O)C(C)C,29.999994,30.740572,2.1061772118900763,0.7405777
*c1ccc(C(c2ccccc2)c2ccc(N3C(=O)c4ccc(-c5ccc6c(c5)C(=O)N(*)C6=O)cc4C3=O)cc2)cc1,315.0,299.91727,2.377475025865078,-15.082733
*/C=C/CCCCCCC(Cl)CCCCCC*,-56.999996,-51.768917,5.369654588128346,5.231079
*C(C)C(*)C(=O)OC(C)C,149.0,147.12831,1.2325860360705077,-1.8716888
*CCCCCCCCCCCCCCCCCCCCC(*)COCCOCCOCCOCCOCc1ccc2ccc3cccc4ccc1c2c34,-20.999998,-28.64285,1.7140357241359694,-7.642853
*/C(C#N)=C/c1cc(OCCCCCCCCCC)c(/C=C(\C#N)c2cc(OCCCCCCCCCC)c(*)cc2OC)cc1OC,198.0,194.45287,1.3344718148199355,-3.5471344
*CCCCCCCCNC(=O)c1ccc(C(=O)N*)cc1,123.0,139.84955,1.621741993087162,16.849548
*C(F)(F)C(*)(F)OC(F)(F)C(F)(F)C(F)(F)C(F)(F)F,-9.999998,-10.466047,2.968884903443229,-0.4660492
*c1ccc(-c2ccc(C3(*)CCCCC3)cc2)cc1,287.0,293.62643,5.943966440398562,6.6264343
*/C=C/C1CC(*)C(C#N)([Si](C)(C)[Si](C)(C)C)C1,120.0,114.53644,1.0868195844080786,-5.463562
*Oc1c(C)cc(-c2cc(C)c(OC(=O)CCCCCC(*)=O)c(C)c2)cc1C,96.0,83.1059,1.3640199714121513,-12.894096
*CC(*)(C)C(=O)OC(C)(C)C,107.0,107.67942,0.9338236222591346,0.6794205
*CCCCCCCC(*)C,-57.999996,-55.69398,4.089595482132751,2.306015
*OC(CC)C(*)=O,15.000002,26.321703,1.737015273271733,11.321701
*CC(*)(C)C(=O)OCc1ccc(F)cc1F,46.000004,47.107594,0.8666447823258879,1.1075897
*CC(*)(C)C(=O)Nc1cccc(-c2nnc(-c3ccccc3)o2)c1,65.0,80.91768,9.808461973886711,15.917679
*c1ccc2cc3cc(-c4sc(-c5cc(CCCCCCCCCCCC)c(*)s5)cc4CCCCCCCCCCCC)ccc3cc2c1,158.0,152.53131,2.119434438666782,-5.468689
*CC(COCC=C)S*,-58.999996,-65.21503,3.832990429514728,-6.2150307
*CC(*)OC(=O)c1cccc(OC)c1,44.000004,50.439716,0.800947240659198,6.4397125
*OC(=O)c1ccc(/N=N/c2ccc(C(=O)OC3COC4C(*)COC34)cc2)cc1,98.0,152.59598,44.74182694311318,54.595978
*/C=C/C1CC(*)C2C(=O)N(CCCC)C(=O)C12,131.0,118.63013,2.2038476001040705,-12.369873
*Cc1ccccc1C[Si](*)(C)C,75.0,72.306526,1.4925078563589713,-2.6934738
*OC(=O)C1CCC(C(=O)OC2COC3C(*)COC23)CC1,121.0,127.559555,1.5375812126199975,6.559555
*N=P(*)(OCCOCCOCCOC)OCCOCCOCCOC,-7.9999976,-64.70659,3.9435973845342573,-56.706593
*CC(*)c1ccc(C(C)(O)CCC)cc1,135.0,134.28992,1.154591729065905,-0.710083
*c1ccc(-c2sc(-c3cc(CCCCCCCCCCCC)c(*)s3)cc2CCCCCCCCCCCC)cc1,59.600002,38.888012,2.5464728840214232,-20.71199
*c1ccc2c(c1)C(=O)N(c1ccc(S(=O)(=O)c3ccc(S(=O)(=O)c4ccc(N5C(=O)c6ccc(C(*)(C(F)(F)F)C(F)(F)F)cc6C5=O)cc4)cc3)cc1)C2=O,331.0,314.3889,7.113745325244663,-16.611115
*O[Ca]OC(=O)c1ccccc1C(=O)OCCCCCOC(=O)Nc1cc(NC(=O)OCCCCCOC(=O)c2ccccc2C(*)=O)ccc1C,5.099993,-7.1542335,2.2577907337126284,-12.254227
*c1ccc(-c2cc(-c3ccc(OCCCCCC)cc3)cc(-c3ccc(-c4ccc5c(c4)C(CCCCCC)(CCCCCC)c4cc(*)ccc4-5)cc3)c2-c2ccc(OCCCCCC)cc2)cc1,118.0,106.7121,0.9867329363917329,-11.287903
*C(=O)Nc1ccc(S(=O)(=O)c2ccc(NC(=O)c3ccc4c(c3)C(=O)N(c3cccc(P(=O)(c5ccccc5)c5cccc(N6C(=O)c7ccc(*)cc7C6=O)c5)c3)C4=O)cc2)cc1,241.0,240.91216,3.069624705032464,-0.08784485
*c1ccc(Oc2cccc(N3C(=O)c4ccc(Oc5cc6ccccc6cc5Oc5ccc6c(c5)C(=O)N(*)C6=O)cc4C3=O)c2)cc1,226.0,222.35555,1.3518126913601185,-3.644455
*CC(=O)Nc1ccc(NC(=O)CN2C(=O)c3ccc(C(=O)c4ccc5c(c4)C(=O)N(*)C5=O)cc3C2=O)cc1,250.0,243.38927,1.048907354910127,-6.610733
*c1ccc(-c2ccc(N3C(=O)c4ccc(Oc5ccc6c(c5)C(=O)N(*)C6=O)cc4C3=O)cc2)cc1,286.0,301.91327,8.311520694967493,15.913269
*c1ccc([Si](CCCC)(CCCC)[Si](*)(CCCC)CCCC)s1,-52.999996,-54.00941,3.3170009919354926,-1.0094147
*CCN(CCOC(=O)c1cc(OCCN(C)c2ccc(S(=O)(=O)CCCCCCCC)cc2)cc(C(=O)O*)c1)c1ccc(S(=O)(=O)C(F)(F)C(F)(F)C(F)(F)C(F)(F)C(F)(F)C(F)(F)C(F)(F)C(F)(F)F)cc1,80.0,80.72216,0.831814323445698,0.72216034
*c1ccc(C(=O)NC(CC)COC(=O)c2ccc(N3C(=O)CC(SCCCCCSC4CC(=O)N(*)C4=O)C3=O)cc2)cc1,91.0,82.944435,0.8235327717866251,-8.055565
*CC(*)(Cl)C(=O)OCCC(F)(F)C(F)(F)C(F)(F)C(F)(F)C(F)(F)C(F)(F)C(F)(F)C(F)(F)F,61.000004,60.01064,1.3375105445336635,-0.9893646
*Oc1ccc(NC(=O)c2cc(NC(=O)c3ccc(OC(C)=O)cc3)cc(C(=O)Nc3ccc(Oc4ccc(C(C)(C)c5ccc(*)cc5)cc4)cc3)c2)cc1,243.0,237.2191,2.1216700523390664,-5.780899
*C(=S)Nc1ccc(Oc2ccc(NC(=S)N3C(=O)c4ccc(C(=O)c5ccc6c(c5)C(=O)N(*)C6=O)cc4C3=O)cc2)cc1,262.0,263.9827,0.8942595017144057,1.9826965
*C(=O)c1ccc2c(c1)C(=O)N(c1ccc3c(c1)C(=O)c1cc(N4C(=O)c5ccc(*)cc5C4=O)ccc1-3)C2=O,331.0,321.27548,8.81943854928811,-9.724518
*CC(*)(C)C(=O)OCc1ccc(/C=C/C(=O)Oc2ccc3oc(=O)ccc3c2)cc1,140.0,138.43486,1.1403934668545381,-1.5651398
*CC(*)c1ccc(C(=O)CCCCC)cc1,66.0,61.577465,0.791689571563393,-4.422535
*NCCCCCCNc1nc(*)nc(-c2ccccc2)n1,95.0,95.03903,0.9914842961408988,0.039031982
*OC1CCC(OC(=O)OCCCCCCOC(*)=O)CC1,10.000002,22.61577,1.1981691259251803,12.615768
*c1ccc(Oc2ccc(NC(=O)c3cccc(Oc4ccc5c(c4)C(=O)N(*)C5=O)c3)cc2)cc1,231.0,226.92345,2.6658482451108583,-4.0765533
*/C=C/c1cc(OCCC(C)CCCC(C)C)c(*)cc1OC,54.500004,48.484783,1.2205040040019886,-6.0152206
*CCOCCOc1ccc(/C=C(\C)c2ccc(O*)cc2)cc1,39.000004,25.550035,1.1133925777798714,-13.449968
*OC(=O)Oc1ccc(C(C)(C)c2ccc(OC(=O)OC3CC4CC(*)CC(C3)O4)cc2)cc1,194.0,190.02672,0.9935661773384351,-3.9732819
*CC(*)C(=O)OCCC(F)(F)C(F)(F)C(F)(F)C(F)(F)C(F)(F)C(F)(F)F,-11.999998,4.449328,2.4904985548541423,16.449326
*CCCCCCCC(=O)OCC1(C)COC(*)OC1,-25.999998,-18.438536,2.948744902027345,7.5614624
*CC(*)c1ccc(COc2ccc(-c3ccc(-c4ccc(-c5ccc(CCCCCC)s5)s4)c4nsnc34)cc2)cc1,122.0,124.3217,0.5412050716380569,2.321701
*CC(*)(C)C(=O)OCCOCC,-15.999998,-28.362318,4.0237447839644815,-12.36232
*CC(OCC)C1C(=O)OC(=O)C1*,146.0,139.64093,0.7887914840251324,-6.35907
*Oc1ccc(Oc2ccc(C(=O)c3cccc(NC(=O)c4cccc(C(=O)Nc5cccc(C(=O)c6ccc(*)cc6)c5)c4)c3)cc2)cc1,202.0,192.74352,1.4763059405785672,-9.256485
*C(=O)c1ccc2c(c1)C(=O)N(c1c(-c3ccccc3)cc(-c3ccc(-c4cc(-c5ccccc5)c(N5C(=O)c6ccc(*)cc6C5=O)c(-c5ccccc5)c4)cc3)cc1-c1ccccc1)C2=O,265.0,282.2187,4.46194768376929,17.218689
*CC(=O)Nc1ccc(Cc2ccc(NC(=O)CN3C(=O)c4ccc(C(=O)c5ccc6c(c5)C(=O)N(*)C6=O)cc4C3=O)cc2)cc1,233.0,238.06343,0.9967792698385763,5.063431
*CCCCCCN1C(=O)c2ccc(C(=O)Oc3ccc(-c4ccc(OC(=O)c5ccc6c(c5)C(=O)N(*)C6=O)cc4)cc3)cc2C1=O,133.0,116.66801,2.2289162562825733,-16.331993
*c1cccc(Cc2cccc(-n3c(=O)c4cc5c(=O)n(*)c(=O)c5cc4c3=O)c2)c1,327.5,310.69565,6.702672227781833,-16.804352
*O[Si](C=C)(C=C)O[Si](C)(C)c1ccc([Si](*)(C)C)cc1,-71.0,-71.18466,3.6440092346442845,-0.18466187
*CC1CCCC(CNC(=O)c2cccc(C(=O)N*)c2)C1,180.0,174.92596,1.0492525199215497,-5.0740356
*Oc1ccc(NC(=O)c2cc(NC(=O)CCCCCN3C(=O)c4ccccc4C3=O)cc(C(=O)Nc3ccc(*)cc3)c2)cc1,200.0,177.57959,1.6616577714317564,-22.42041
*CC(*)c1ccc(C(=O)OCC)cc1,94.0,90.818016,0.8392194533873573,-3.181984
*C(=O)OCCCCCCCCCCCCOC(=O)c1ccc(N2C(=O)c3ccc(*)cc3C2=O)cc1,47.000004,56.077343,1.2691689194959477,9.077339
*O[Si](*)(C)CCCOCC1COC(=O)O1,-25.900007,-18.417082,2.8968206067349893,7.4829254
*C(=O)c1cc(C(=O)c2ccc3c(c2)C(=O)N(c2ccc(Oc4ccc(S(=O)(=O)c5ccc(Oc6ccc(N7C(=O)c8ccc(*)cc8C7=O)cc6)cc5)cc4)cc2)C3=O)cc(C(C)(C)C)c1,254.5,246.84605,0.8861269700223396,-7.653946
*Oc1ccc(Oc2ccc(C(=O)c3ccccc3)c(-c3cc(*)ccc3C(=O)c3ccccc3)c2)cc1,156.0,159.24443,1.02534785315505,3.2444305
*Oc1ccc(C(C)(C)c2ccc(OC(=O)CCCCC(*)=O)c(C)c2)cc1C,33.500004,48.412273,1.461989027894524,14.91227
*CCCCCCOP(=O)(/N=N/c1ccc(-c2ccc(/N=N/P(=O)(O*)OC)cc2)cc1)OC,37.000004,32.83453,0.6745974204744252,-4.165474
*CCN(CCOC(=O)Nc1ccc(C)c(NC(=O)O*)c1)c1ccc(/C=C/c2cc[n+](CCCC)cc2)cc1,121.0,121.37857,0.9305560741139874,0.37857056
*Cc1ccc(COP(=O)(/N=N/c2ccc(Oc3ccc(/N=N/P(=O)(O*)OC)cc3)cc2)OC)cc1,50.000004,42.949368,0.7087866117734726,-7.0506363
*CCC(=O)Nc1ccc(Oc2cccc(NC(=O)CCN3C(=O)c4ccc(C(=O)c5ccc6c(c5)C(=O)N(*)C6=O)cc4C3=O)c2)cc1,224.0,223.29926,0.9173701632877607,-0.7007446
*Nc1ccc(NC(=O)c2ccc(NC(=O)CCCCCCCCCCC(=O)Nc3ccc(C(*)=O)cc3)cc2)cc1C(=O)OCCCCCCCCCCCC,205.5,239.12259,8.951001712064249,33.62259
*CC(C)(C)C1CC=C(*)CC1,77.0,73.04215,1.0815908999859565,-3.9578476
*c1ccc(C(c2ccccc2)c2ccc(-n3c(=O)c4cc5c(=O)n(*)c(=O)c5cc4c3=O)cc2)cc1,321.0,325.0074,6.5657179561501025,4.0073853
*/C=C(/*)CCCOc1ccc(OC(=O)c2ccc(OCCCCCCCC)cc2)cc1,42.000004,24.345682,1.12064439413636,-17.654322
*CC(O)COc1ccc(Cc2ccc(O*)cc2)cc1,143.2,108.47377,1.5750544458412854,-34.726227
*/C=C/c1ccc(/C=C/[Si](C)(CCC(F)(F)F)c2ccc([Si](*)(C)CCC(F)(F)F)cc2)cc1,54.250004,53.726772,0.8472756948152178,-0.5232315
*C(=O)Nc1cccc(NC(=O)c2ccc3c(c2)C(=O)N(c2cccc(P(=O)(c4ccccc4)c4cccc(N5C(=O)c6ccc(*)cc6C5=O)c4)c2)C3=O)n1,156.0,230.67926,19.751360693047566,74.67926
*CC(*)(C)C(=O)OCCC[Si](OC)(OC)OC,9.000002,9.893023,1.6945732766108323,0.89302063
*CCOc1ccc(/C=C2\CC/C(=C\c3ccc(OCCOP(=O)(O*)OC)c(OC)c3)C2=O)cc1OC,99.0,88.95999,0.7270309284087836,-10.040009
*O[Si](*)(C)CCCCCCCCCCC(=O)Oc1ccc(-c2ccc(OC(=O)c3ccc(OCC)cc3)cc2)cc1,103.4,48.24467,4.356325095826116,-55.15533
*OP(=O)(Oc1ccccc1)Oc1ccc(C(C)(C)c2ccc(*)cc2)cc1,74.5,74.69889,1.2509474323425815,0.19889069
*Oc1ccc(C(=O)OCCOCCOC(=O)c2ccc(OC(*)=O)cc2)cc1,51.000004,38.59918,1.7500921680855535,-12.4008255
*C1CCC(CC2CCC(N3C(=O)C4C5C=CC(C6C(=O)N(*)C(=O)C56)C4C3=O)C(C)C2)CC1C,241.0,242.5489,1.0797275744252037,1.5489044
*CC(*)c1ccccc1O,172.0,172.07321,1.0029821866943345,0.07321167
*Oc1cccc(Oc2cccc(NC(=O)c3cc(Oc4ccc(C(=O)O)c(C(=O)Nc5cccc(*)c5)c4)ccc3C(=O)O)c2)c1C#N,200.1,202.53677,1.6979347607436148,2.4367676
*Nc1cc([N+](=O)[O-])c(NC(=O)CCCCCCCCCCCCC(*)=O)cc1/C=C/c1ccc(N(C)C)cc1,125.0,156.15251,5.1303576339411086,31.152512
*c1ccc(Oc2ccc(Sc3ccc(Oc4ccc(N5C(=O)c6ccc(Oc7ccc(Oc8ccc9c(c8)C(=O)N(*)C9=O)cc7)cc6C5=O)cc4)cc3)cc2)cc1,201.0,197.00645,1.3204198497933253,-3.9935455
*c1ccc(Oc2ccc(N3C(=O)c4cccc(Oc5ccc(Sc6ccc(Oc7cccc8c7C(=O)N(*)C8=O)cc6)cc5)c4C3=O)cc2)cc1,234.0,223.03873,1.2008149372157113,-10.961273
*c1ccc2c(c1)C(=O)N(c1cc(NC(=O)OCCN(CCOC(=O)Nc3cc(N4C(=O)c5ccc(C(*)(C(F)(F)F)C(F)(F)F)cc5C4=O)ccc3C)c3ccc(/N=N/c4ccc([N+](=O)[O-])cc4)cc3)ccc1C)C2=O,196.0,194.24579,1.505645280716664,-1.7542114
*CCCCCC(=O)S*,18.999994,22.769617,1.112283148735269,3.7696228
*C(=O)c1ccc2c(c1)C(=O)N(c1c(C(C)C)cc(Cc3cc(C(C)C)c(N4C(=O)c5ccc(*)cc5C4=O)c(C(C)C)c3)cc1C(C)C)C2=O,263.0,259.7414,1.6216160120468885,-3.258606
*Oc1ccc(/N=N/c2ccc(Cc3ccc(/N=N/c4ccc(OC(=O)c5ccc(C(*)=O)cc5)cc4)cc3[N+](=O)[O-])c([N+](=O)[O-])c2)cc1,198.0,179.10413,1.9615668954600822,-18.895874
*c1ccc(OCCCCCCCCCCOc2ccc(N3C(=O)c4ccc(-c5ccc6c(c5)C(=O)N(*)C6=O)cc4C3=O)cc2)cc1,153.0,150.36328,3.6730144056223537,-2.6367188
*CCCOc1cccc(C(=O)OC(=O)c2cccc(O*)c2)c1,53.000004,48.019085,0.9252995335349967,-4.980919
*CC(*)c1ccc(COCC(CC)CCCC)cc1,-22.999998,-21.179564,2.975686413504476,1.8204346
*Oc1ccc(CC(NC(=O)CCc2ccc(OC(=O)COCCOCC(*)=O)cc2)C(=O)OCCCC)cc1,45.000004,37.68414,0.6303944120319465,-7.3158646
*CCCOCCCCOCCCN1C(=O)c2ccc(C(=O)Oc3ccc(C(C)(C)c4ccc(OC(=O)c5ccc6c(c5)C(=O)N(*)C6=O)cc4)cc3)cc2C1=O,60.000004,66.15145,1.1081484991657957,6.1514473
*OCC(F)(F)C(F)(F)C(F)(F)COc1nc(F)nc(*)c1F,2.2688555e-06,-0.089871995,3.8811681764306716,-0.08987427
*/C=C/CCCCCCCCCC(Cl)CCCCCCCCC*,-36.999996,-51.92056,5.0554287608607655,-14.920563
*CC(*)C[Si](C)(C)C,114.0,111.26614,1.2078486168249931,-2.7338562
*CCCCOC(=O)NCC(F)(F)C(F)(F)C(F)(F)C(F)(F)CNC(=O)O*,33.000004,27.492762,1.6085523122547425,-5.507242
*c1ccc(Oc2ccc(S(=O)(=O)c3ccc(Oc4ccc(-c5nc(-c6ccccc6)[nH]c5*)cc4)cc3)cc2)cc1,277.0,268.40683,1.8874642820703107,-8.59317
*CCN(*)C(=O)c1cc(F)c(F)c(F)c1F,97.0,95.593,0.49980689544176593,-1.4069977
*CCCCCCCNC(=O)CCCCCC(=O)N*,55.000004,47.947323,0.5675993038828782,-7.052681
*SCC(=O)N/N=C/c1ccc(OCCCCCCCCCCOc2ccc(/C=N/NC(=O)CSc3nnc(*)s3)cc2OC)c(OC)c1,156.0,152.969,1.1519772297712525,-3.0310059
*Oc1ccc(C2(c3ccc(OC(*)=O)cc3)CC(C)CC(C)(C)C2)cc1,235.5,219.3727,1.179499322202063,-16.127304
*Oc1ccc2cc(Oc3ccc(S(=O)(=O)c4ccc(Oc5ccc(C(=O)c6ccc(*)cc6)cc5)cc4)cc3)ccc2c1,199.0,189.38295,1.354879800842686,-9.61705
*c1ccc(Cc2ccc(-n3nccc3-c3cccc(-c4ccnn4*)c3)cc2)cc1,212.0,211.61057,2.1308642596639604,-0.3894348
*C1C(=O)N(c2ccc(O[Si](c3ccccc3)(c3ccccc3)c3ccccc3)cc2)C(=O)C1*,183.0,180.62383,0.8712435615466428,-2.376175
*OC(=O)OCC(OC)C(COC(=O)OC1COC2C(*)COC12)OC,61.000004,60.72378,0.7480836902128837,-0.27622223
*O[Si](*)(C)CCCC(=O)O,-28.999998,-30.43199,4.5395406945591565,-1.4319916
*c1ccc2c(c1)C(=O)N(c1ccc(-c3ccc(N4C(=O)c5ccc(C(*)(C(F)(F)F)C(F)(F)F)cc5C4=O)c(OC(=O)/C=C/c4ccccc4)c3)cc1OC(=O)/C=C/c1ccccc1)C2=O,181.0,181.5447,0.9176584640391097,0.544693
*CC(C)(CC)CS*,-49.999996,-43.723232,3.3794268489224626,6.276764
*c1ccc(Nc2ccc(C3(c4ccc(Nc5ccc(S(*)(=O)=O)cc5)cc4)c4ccccc4-c4ccccc43)cc2)cc1,221.0,224.0187,2.362886358567976,3.0187073
*Oc1c(Br)cc(S(=O)(=O)c2cc(Br)c(OC(*)=O)c(Br)c2)cc1Br,196.0,193.19781,1.589849206810256,-2.802185
*Oc1ccc(C(c2ccc(OP3(Oc4ccc(C(=O)OCCC)cc4)=NP(Oc4ccc(C(=O)OCCC)cc4)(Oc4ccc(C(=O)OCCC)cc4)=NP(*)(Oc4ccc(C(=O)OCCC)cc4)=N3)cc2)(C(F)(F)F)C(F)(F)F)cc1,34.000004,42.490665,1.0432474236685154,8.490662
*C(=O)c1ccc2c(c1)C(=O)N(c1ccc(Oc3ccccc3Oc3ccc(N4C(=O)c5ccc(*)cc5C4=O)cc3C(F)(F)F)c(C(F)(F)F)c1)C2=O,236.0,236.5325,1.6843117386438209,0.5325012
*CC(O)COc1c(Cl)cc(C(C)(C)c2cc(Cl)c(O*)c(Cl)c2)cc1Cl,135.0,123.70992,0.7822564400960351,-11.290077
*c1ccc(C(*)C)cc1,93.0,67.121445,6.301442197598623,-25.878555
*c1ccc(*)c(C(=O)c2ccccc2)c1,180.0,180.18597,1.2039580751564987,0.18597412
*Oc1ccc(/C=C/C(=O)c2ccc(Oc3ccc(C(C)(C)c4ccc(*)c(C)c4)cc3C)cc2)cc1,157.0,152.00604,0.6999046342670117,-4.9939575
*Nc1ccc(NC(=O)c2ccc(C(c3ccc(C(*)=O)c(C(=O)OCC)c3)(C(F)(F)F)C(F)(F)F)cc2C(=O)OCC)cc1,270.0,272.0386,1.3793807569220013,2.0386047
*Cc1cc2cc(C(=O)Nc3ccc(Oc4ccc(NC(=O)c5cc6cc(*)c(OC(=O)COc7ccc8ccc(=O)oc8c7)cc6oc5=O)cc4)cc3)c(=O)oc2cc1OC(=O)COc1ccc2ccc(=O)oc2c1,226.0,248.03404,1.470153499916834,22.034042
*c1ccc(Oc2ccc(C(=O)c3ccc(Oc4ccc(-c5c6c(c(*)c7ccccc57)C(=O)N(c5ccc(C(F)(F)F)cc5)C6=O)cc4)cc3)cc2)cc1,260.0,275.69046,1.9544124709302388,15.69046
*c1ccc(Oc2cccc(N3C(=O)c4ccc(-c5ccc6c(c5)C(=O)N(*)C6=O)cc4C3=O)c2)cc1,259.0,246.15707,2.4096962215703273,-12.842926
*OC(COC(=O)c1ccc(-c2ccc(C(*)=O)cc2)cc1)COc1ccc(/N=N/c2ccc(C#N)cc2)cc1,141.0,135.6152,0.7885609376742081,-5.384796
*CCCCCCCCOc1c(OC)cc(/C=C/c2ccc(/C=C/c3cc(OC)c(O*)c(OC)c3)cc2)cc1OC,74.925,80.91624,0.9253198496794798,5.991234
*c1ccc(Oc2ccc(P(C)(=O)c3ccc(Oc4ccc(C5(*)OC(=O)c6ccccc65)cc4)cc3)cc2)cc1,263.0,247.48193,1.2415906958618232,-15.518066
*CCCCCCOC(=O)c1ccc(-c2ccc(-c3ccc(C(=O)O*)cc3)cc2)cc1,60.000004,61.21961,10.059381857166109,1.2196045
*CCC(C)(C)CC(C)COC(=O)CCCCC(=O)O*,-70.0,-62.574062,3.2470215086518275,7.4259377
*c1ccc(Oc2ccc(Oc3ccc(-n4c(=O)c5cc6c(=O)n(*)c(=O)c6cc5c4=O)cc3)cc2C)cc1,310.0,304.2879,7.478485046598944,-5.712097
*c1ccc(C(=O)NCCCCCCCCCCCCNC(=O)c2ccc(-c3nc4ccccc4nc3*)cc2)cc1,154.0,151.77576,2.3858488379534784,-2.2242432
*c1ccc(Oc2ccc(C(C)(C)c3cccc(C(C)(C)c4ccc(Oc5ccc(-n6c(=O)c7cc8c(=O)n(*)c(=O)c8cc7c6=O)cc5)cc4)c3)cc2)cc1,249.47,254.03291,8.806059216199719,4.562912
*Nc1cccc(NC(=O)Cc2cc(C)c(CC(*)=O)cc2C)c1,249.0,226.76028,1.7796299571607392,-22.239716
*c1cc(Br)c(-c2c(Br)cc(N3C(=O)c4ccc(-c5ccc6c(c5)C(=O)N(*)C6=O)cc4C3=O)cc2C(=O)OCCCCCC)c(C(=O)OCCCCCC)c1,154.0,133.26823,2.3397695183733607,-20.731766
*CC(*)(C)C(=O)OCCCCCCn1c2ccccc2c2ccccc21,73.0,57.627094,1.1279139085774756,-15.372906
*c1ccc(OC(=O)CCCCCCCCCCCCCCCCCCCCC(=O)Oc2ccc(N3C(=O)c4ccc(-c5ccc6c(c5)C(=O)N(*)C6=O)cc4C3=O)cc2)cc1,140.0,121.997536,2.1808761145926634,-18.002464
*=Nc1ccc(/N=C(/C=C/C(=*)c2ccccc2)c2ccccc2)cc1,157.0,165.12027,1.3928967527348797,8.12027
*c1cccc(Oc2ccc(S(=O)(=O)c3ccc(Oc4cccc(-n5c(=O)c6cc7c(=O)n(*)c(=O)c7cc6c5=O)c4)cc3)cc2)c1,223.15,233.98889,2.94449296337632,10.838898
*CC(*)OCC(C)C,-21.999998,-20.607786,2.985139494587937,1.3922119
*c1ccc2c(c1)C(=O)N(c1c(C)cc(C3(c4cc(C)c(N5C(=O)c6ccc(C(*)(C(F)(F)F)C(F)(F)F)cc6C5=O)c(C(C)C)c4)c4ccccc4-c4ccccc43)cc1C(C)C)C2=O,335.0,329.88644,3.6657873037509066,-5.113556
*COC(=O)OC1C(*)OC2OC(C)(C)OC21,128.0,125.11501,0.7456435013434475,-2.8849869
*Cc1ccccc1[Si](*)(C)c1ccccc1,93.8,93.99036,0.9927809688264065,0.1903534
*c1ccc(CC(=O)Nc2ccc(-c3ccc(NC(=O)Cc4ccc(-c5sc(*)c(-c6ccccc6)c5-c5ccccc5)cc4)cc3)cc2)cc1,272.0,248.99956,1.5930333959295866,-23.000443
*Oc1ccc(CC(NC(=O)CCc2ccc(OC(=O)CCCCCCC(*)=O)cc2)C(=O)OC(C)C)cc1,46.000004,47.689106,0.5394430126325365,1.6891022
*c1cccc(C(=O)Nc2ccc(Oc3cccc(Oc4ccc(NC(=O)c5cccc(N6C(=O)c7ccc(-c8cccc9c8C(=O)N(*)C9=O)cc7C6=O)c5)cc4)c3)cc2)c1,253.0,248.30946,1.089597869527326,-4.6905365
*C(=O)c1ccc2c(c1)C(=O)N(C1CCC(CC3CCC(N4C(=O)c5ccc(*)cc5C4=O)CC3)CC1)C2=O,254.0,259.17847,1.318053961462604,5.178467
*c1ccc2c(c1)Sc1cc(-c3ccc(-c4ccc(*)s4)s3)ccc1N2CCCCCCCCCC,142.0,146.01842,0.6958767491784684,4.0184174
*CCCCCCOC(=O)C(CCCCCCCCCCP(=O)(O)O)C(=O)OCCCCCCOc1ccc(-n2on2-c2ccc(O*)cc2)cc1,15.999994,19.64892,0.7027911499807085,3.6489258
*CCN(CCOC(=O)c1cccc(C(=O)O*)c1)c1ccc(/N=N/c2ccc(-c3nc4ccc([N+](=O)[O-])cc4n3CC)cc2)cc1,147.0,149.45667,0.7312650118915899,2.456665
*Sc1ccc(C(=O)c2ccc(C(c3ccc(C(=O)c4ccc(*)cc4)cc3)(C(F)(F)F)C(F)(F)F)cc2)cc1,175.0,170.98135,1.2120158350590757,-4.0186462
*CC(*)C(=O)OCCC(C)OC,-55.999996,-57.316433,3.24436491095469,-1.3164368
*CC(*)c1c([2H])c([2H])c([2H])c([2H])c1[2H],100.0,98.82709,0.8868972032319915,-1.1729126
*CC(*)c1ccc(C(C)(C)C)cc1,138.0,122.27582,1.129990239488117,-15.724182
*c1ccc(-c2cnc3cc(-c4ccc5nc(*)cnc5c4)ccc3n2)cc1,350.0,328.27557,38.39649433341889,-21.724426
*OC1C(CO)OC(*)C(O)C1O,332.0,300.15427,9.605395198101105,-31.845734
*CCN(*)C(=O)c1ccc(F)cc1F,108.0,109.739235,0.6005037084881643,1.7392349
*c1ccc(C(=O)c2ccc(N3C(=O)c4ccc(Oc5ccc(Oc6ccc7c(c6)C(=O)N(*)C7=O)cc5)cc4C3=O)cc2)cc1,268.0,234.40347,1.7737724147611922,-33.596527
*c1ccc(Oc2ccc(C(c3ccc(Oc4ccc(-n5c(=O)c6ccc7c(=O)n(*)c(=O)c8ccc(c5=O)c6c78)cc4)cc3)(C(F)(F)F)C(F)(F)F)cc2)cc1,280.0,292.13306,3.1365921628129327,12.133057
*c1cccc(C(O)c2cccc(N3C(=O)c4ccc(Oc5ccc6c(c5)C(=O)N(*)C6=O)cc4C3=O)c2)c1,252.0,253.4115,0.9027774118172833,1.411499
*COCOc1ccc(C(=O)OC(=O)c2ccc(O*)cc2)cc1,57.000004,54.930035,0.760825473365129,-2.0699692
*CCCCOC(=O)CCCCCCCC(=O)O*,-62.499996,-51.338543,3.4355253788493147,11.161453
*c1ccc(Oc2ccc(-c3nc4cc(Oc5ccc(NC(=O)c6cc(C(=O)Nc7ccc(Oc8ccc9nc(-c%10ccccc%10)c(*)nc9c8)cc7)cc(N7C(=O)c8c(Cl)c(Cl)c(Cl)c(Cl)c8C7=O)c6)cc5)ccc4nc3-c3ccccc3)cc2)cc1,295.0,300.29288,1.75753499808914,5.292877
*Oc1ccc(-c2ccc(Oc3ccc(C(=O)c4ccc(*)c(S(=O)(=O)O)c4)cc3S(=O)(=O)O)cc2)cc1,225.0,221.9576,1.2675504348929334,-3.0424042
*/C(C#N)=C/c1cc(OCCCCCCCC)c(/C=C(\C#N)c2cc(OCCCCCCCC)c(*)cc2OC)cc1OC,174.0,195.3784,1.331398631438502,21.378403
*C(=O)Nc1ccc(S(=O)(=O)c2ccc(NC(=O)c3ccc4c(c3)C(=O)N(c3cc(-c5nc6ccccc6o5)cc(N5C(=O)c6ccc(*)cc6C5=O)c3)C4=O)cc2)cc1,367.0,359.4421,15.411582573290884,-7.557892
*CCOCCOc1cccc(NC(=O)c2ccc(C(=O)Nc3cccc(O*)c3)cc2)c1,140.0,129.5378,1.7316678336545401,-10.462204
*/C(C)=C(/*)[Si](C)(C)CC[Si](C)(C)C,200.0,190.57324,10.71922677215764,-9.426758
*CCc1cc(Cl)c(*)c(Cl)c1,110.0,102.48029,1.0711952126319206,-7.5197067
*=Nc1ccc(Cc2ccc(NC(=*)CCC)cc2)cc1,110.0,111.69075,0.9312747839056721,1.6907501
*O[Si](*)(C)CCCOC(=O)c1cc(OC(=O)c2ccc(OCCOCCOCCOCCOCCOCCOC)cc2)ccc1OC(=O)c1ccc(OCCOCCOCCOCCOCCOCCOC)cc1,-45.999996,-40.134502,2.834192426082343,5.865494
*C1(C)CC(*)(C)C(=O)N(C)C1=O,170.0,164.09422,1.241033782169243,-5.905777
*C(C)C(*)C(=O)OCCCC,90.0,94.77679,1.327684232837123,4.776787
*CCCCCCCCCCCCCCCCCCNC(=O)Cc1ccc(CC(=O)N*)cc1,78.0,82.33766,0.8661440521978185,4.3376617
*C1OCOC(C(*)(F)F)C1(F)F,125.0,108.507324,3.452497737284159,-16.492676
*Oc1ccc(C(C)(C)c2ccc(OC3(F)C(*)(F)C(F)(F)C3(F)F)cc2)cc1,98.0,88.32813,4.1194007322028305,-9.671867
*C(=O)c1ccc2c(c1)C(=O)N(c1ccc(S(=O)(=O)c3ccc(NC(=O)c4cccc(C(=O)Nc5ccc(S(=O)(=O)c6ccc(N7C(=O)c8ccc(*)cc8C7=O)cc6)cc5)c4)cc3)cc1)C2=O,226.0,267.9993,6.332546005357306,41.9993
*CC(*)(C)C(=O)OC1CCC(C)CC1,109.0,104.316696,1.1363315993490632,-4.683304
*C(=O)Nc1ccc(-c2ccc(N3C(=O)CC(N4C(=O)c5ccc(*)cc5C4=O)C3=O)cc2)cc1,219.0,180.07521,20.296270685910326,-38.92479
*Nc1ccc(-c2ccc(NC(=O)c3cc(NC(=O)c4ccc(NC(=O)C(C)N5C(=O)c6ccccc6C5=O)cc4)cc(C(*)=O)c3)cc2)cc1,202.0,199.69804,0.8939533981560356,-2.3019562
*CC(*)(C)C(=O)OCCCCCCCCCCOc1ccc(OC(=O)c2ccc(OC)cc2)cc1,20.999994,37.502903,1.5088968063354922,16.502909
*Oc1ccc(C(C)(C)c2ccc(Oc3ccc(C(=O)c4ccc(C(=O)c5ccc(*)c(C(F)(F)F)c5)cc4)cc3C(F)(F)F)cc2)cc1,171.0,170.71532,0.7839753011139305,-0.28468323
*Oc1ccc(C2(c3ccc(Oc4ccc(C(=O)Oc5ccc(C(C)(C)c6ccc(OC(=O)c7ccc(*)cc7)cc6)cc5)cc4)cc3)CCC(C(C)(C)C)CC2)cc1,144.0,157.8908,1.2123655031334508,13.890793
*c1cc(C)c(-c2c(C)cc(-n3c(=O)c4cc5c(=O)n(*)c(=O)c5cc4c3=O)cc2C)c(C)c1,353.0,351.49463,8.766968440876965,-1.5053711
*CCCCCCCCCCCC(=O)Oc1ccc(C(C)(C)c2ccc(C(C)(C)c3ccc(OC(=O)c4ccc5c(c4)C(=O)N(*)C5=O)cc3)cc2)cc1,97.0,78.43483,1.9437753984574748,-18.56517
*c1ccc(OCCCCCCCCCCCCCCCC)c(N2C(=O)CC(C3C=C(C)C4C(=O)N(*)C(=O)C4C3)C2=O)c1,186.0,172.82959,1.8533507527011033,-13.17041
*Oc1ccc(/C(=N/c2ccc(/N=C(\c3ccccc3)c3ccc(Oc4ccc(C(C)(C)c5ccc(*)cc5)cc4)cc3)cc2)c2ccccc2)cc1,161.0,170.74716,0.7383870772016122,9.747162
*Nc1ccc(*)cc1,75.3,196.44254,48.48275884807657,121.14253
*c1ccc2c(c1)C(=O)N(c1c(CC)cc(Cc3cc(CC)c(N4C(=O)c5ccc(C(*)(C(F)(F)F)C(F)(F)F)cc5C4=O)c(CC)c3)cc1CC)C2=O,266.0,267.35352,1.9117094013404923,1.3535156
*Oc1ccc(Oc2ccc(/C=N/CC/N=C/c3ccc(*)cc3)cc2)cc1,101.0,104.26746,0.9945952843066539,3.2674637
*CC(*)c1ccc(COc2ccc(-c3ccc(C#N)cc3)cc2)cc1,132.0,130.76439,0.9061573270914526,-1.235611
*Nc1cc(NC(=O)c2ccc3cc(C(*)=O)ccc3c2)cc(C(=O)OCCOc2ccc(/C=C/C(=O)c3ccccc3)cc2)c1,247.0,237.50421,2.4944183140706304,-9.495789
*c1ccc(Oc2ccc(-c3csc(/N=C/c4ccc(OCCCCCCOc5ccc(/C=N/c6nc(*)cs6)cc5)cc4)n3)cc2)cc1,117.0,127.391075,1.4581480199185062,10.391075
*C(=O)Nc1ccc(N2C(=O)CC(N3C(=O)c4ccc(*)cc4C3=O)C2=O)cc1,120.0,169.62602,17.769622588898116,49.626022
*c1ccc(-c2ccc(N3C(=O)c4ccc(S(=O)(=O)c5ccc6c(c5)C(=O)N(*)C6=O)cc4C3=O)cc2C(F)(F)F)c(C(F)(F)F)c1,320.0,309.79526,3.0204462309171407,-10.204742
*CC(*)c1ccc(OC)cc1,108.4,93.152885,1.4219609871433019,-15.247116
*Oc1c(C)c(C)c(NC(=O)c2ccc(C(=O)Nc3ccc(*)cc3)cc2)c(C)c1C,333.0,325.2019,7.298385986318553,-7.7980957
*CC1CCC(COC(C)OC(=O)c2ccc(C(=O)OC(C)O*)c3ccccc23)CC1,60.000004,60.411846,0.6961243129184571,0.41184235
*c1cccc(P(=O)(c2ccc(C(F)(F)F)cc2)c2cccc(N3C(=O)c4ccc(Oc5ccc6c(c5)C(=O)N(*)C6=O)cc4C3=O)c2)c1,248.0,247.88216,0.9027054675324389,-0.11784363
*CCOP(=O)(/N=N/c1ccc(-c2ccc(/N=N/P(=O)(O*)OCC)cc2)cc1)OCC,43.000004,34.93352,0.7384817462460073,-8.066483
*c1cc(-c2sc(-c3cc(CCCCCCC)c(*)s3)cc2CCCCCCC)c2cccccc1-2,56.000004,19.824709,2.8847559585839146,-36.175293
*CC(OCCCC)C(C)(C(=O)OC)C(*)(C)C(=O)OC,97.5,97.21779,0.7676216425842695,-0.2822113
*c1ccc(-c2nc3cc(C)ccc3o2)c(*)c1,221.0,209.52077,1.5912561521769009,-11.479233
*CC(*)(C)C(=O)OCc1ccc2c(c1)c1ccccc1n2CCCCCCCCCCCCCCCC,22.999994,27.87929,1.3836199194409284,4.8792953
*c1ccc(Oc2ccc(-c3ccc(Oc4ccc(N5C(=O)c6ccc(Oc7cc8ccccc8cc7Oc7ccc8c(c7)C(=O)N(*)C8=O)cc6C5=O)cc4)cc3)cc2)cc1,222.5,233.51685,1.5660968064049845,11.016846
*c1ccc(N/C=N/c2ccc(S(*)(=O)=O)cc2)cc1,163.0,159.88113,0.9947294336936782,-3.118866
*c1ccc2c(c1)C(=O)N(c1ccc(C(c3ccccc3)(c3ccc(N4C(=O)c5ccc(C(*)(C(F)(F)F)C(F)(F)F)cc5C4=O)cc3)C(F)(F)F)cc1)C2=O,305.0,309.14935,3.035595372468227,4.149353
*c1ccc(Oc2ccc(NC(=O)c3cc(C(=O)Nc4ccc(Oc5ccc(-c6nnc(*)o6)cc5)cc4)cc(N4C(=O)c5ccccc5C4=O)c3)cc2)cc1,285.0,279.61243,1.4339768346586597,-5.3875732
*Oc1ccc(C2(c3ccc(OC(*)=O)cc3)CCc3ccccc32)cc1,219.0,234.93793,3.812638260528108,15.937927
*CC(*)(C)C(=O)Oc1ccc(C(=O)Oc2ccc(OC)cc2)cc1,77.0,84.289986,1.7889387307849345,7.2899857
*CCC(C)C(C)CCNC(=O)c1cc(C(=O)N*)cc(C(C)(C)C)c1,173.0,167.00238,0.8567719215251067,-5.9976196
*O[Si](*)(C)CCCOc1ccc(C(=O)OC2CCC3(C)C(=CCC4C3CCC3(C)C(C(C)CCCC(C)C)CCC43)C2)cc1,67.075,48.109653,2.290541196398378,-18.965343
*C(F)(F)C(*)(F)Cl,52.100002,49.266285,1.5890095426532216,-2.8337173
*CCCCCCCCCOC(=O)CCC(=O)O*,31.000002,-43.49148,4.309269554086872,-74.491486
*C(=O)Nc1ccc(C2(c3ccc(N4C(=O)c5ccc(*)cc5C4=O)cc3)CCCCC2)cc1,319.0,304.3518,6.76888945432995,-14.648193
*CC(O)CN(*)c1ccc(/N=N/c2ccc(Cl)cc2)cc1,160.0,149.76537,1.5885071893280414,-10.234634
*N=P(*)(OCCCOC1COCCOCCOCCOCCOC1)OCCCOC1COCCOCCOCCOCCOC1,-19.600004,-19.990828,2.753757249512742,-0.39082336
*CCCCC(C)CCn1c(=O)c2cc3c(=O)n(*)c(=O)c3cc2c1=O,135.0,127.445854,1.7385557396910367,-7.554146
*Oc1ccc(C(C)(C)c2ccc(OC(=O)Oc3ccc(Cc4ccc(OC(*)=O)cc4)cc3)cc2)cc1,107.8,93.87704,1.1784985950026838,-13.922966
*CCCCCCNC(=O)CCP(C)(=O)CCC(=O)N*,57.500004,47.650127,0.5025295206084736,-9.849876
*c1ccc(Oc2ccc(N3C(=O)c4cccc(Oc5cccc(Oc6cccc7c6C(=O)N(*)C7=O)c5)c4C3=O)cc2)cc1,226.0,220.89383,1.58284924781192,-5.1061707
*CCOP(=O)(/N=N/c1ccc(COC(=O)c2cc(C(=O)OCc3ccc(/N=N/P(=O)(O*)OC)cc3)cc(C(C)(C)C)c2)cc1)OC,105.0,94.6624,1.0813742293522692,-10.337601
*CCOCCOCCOCCOCCOCCOC(=O)c1cc(OCCCCCCOc2ccc(-c3ccc(OC)cc3)cc2)cc(C(=O)O*)c1,12.500002,16.828623,1.182555016943658,4.328621
*CCCCCCC(=O)O*,-13.999998,-45.258846,4.537282879739293,-31.258848
*CCN(CCOC(=O)c1ccc(C(=O)O*)c(OC)c1)c1ccc(/N=N/c2ccc(-c3nc4ccc([N+](=O)[O-])cc4n3CC)cc2)cc1,146.0,147.53072,0.6823254619187304,1.530716
*=CNc1ccc(Cc2ccc(N=*)cc2)cc1,95.5,106.754845,1.1602226522043118,11.254845
*CC(CS(=O)(=O)CCC)O*,43.000004,40.684223,0.6496055781720992,-2.3157806
*CC(*)(C)C(=O)OCCCCn1c2ccccc2c2ccccc21,59.2,68.64763,1.1853325690061458,9.447628
*CC(*)(C)C(=O)OC1CCCCC1C,85.0,76.36877,1.206595403933096,-8.631233
*Cc1ccc2oc(=O)c(C(=O)Nc3ccc(Oc4ccc(Oc5ccc(NC(=O)c6cc7cc(*)ccc7oc6=O)cc5)cc4)cc3)cc2c1,290.0,292.13025,2.208935223461148,2.130249
*c1ccc(Oc2ccc(C(=O)c3cccc(C(=O)c4ccc(Oc5ccc(N6C(=O)c7ccc([Si](C)(C)c8ccc9c(c8)C(=O)N(*)C9=O)cc7C6=O)cc5)cc4)c3)cc2)cc1,208.0,204.74077,0.9890176648669164,-3.2592316
*Nc1cc(NC(=O)Nc2ccc(NC(*)=O)cc2)cc(C(=O)Nc2cccc3c2C(=O)c2ccccc2C3=O)c1,190.0,189.0569,1.0302708529083788,-0.9431
*OC(=O)C(C)NC(=O)CCCCCCCCC(=O)NC(C)C(=O)OC1COC2C(*)COC12,57.000004,44.031315,0.6812169230144789,-12.968689
*Oc1ccc(C2(c3ccc(Oc4ccc(/C=N/N=C/c5ccc(*)cc5)cc4)cc3)c3ccccc3-c3ccccc32)cc1,227.0,223.0858,1.529061941125995,-3.9141998
*CC(*)c1ccc(C(=O)N(CC)CC)cc1,102.0,104.70059,0.8379038783096887,2.700592
*Oc1ccc2cc(OC(=O)c3ccc(Oc4ccc(C(*)=O)cc4)cc3)ccc2c1,145.0,146.67455,3.2464331782409745,1.6745453
*Oc1ccc(S(=O)(=O)c2ccc(Oc3ccc(Cc4ccc(*)cc4)cc3)cc2)cc1,189.55,184.68095,2.0869116424661147,-4.869049
*c1ccc2c(c1)C(=O)N(c1cccc(C(F)(F)C(F)(F)C(F)(F)c3cccc(N4C(=O)c5ccc(C(F)(F)C(F)(F)C(F)(F)C(F)(F)C(F)(F)C(F)(F)C(*)(F)F)cc5C4=O)c3)c1)C2=O,133.5,142.78531,1.1709874859980514,9.285309
*CCN(CCOC(=O)c1ccc(C(=O)O*)c(OCCC)c1)c1ccc(/N=N/c2ccc(-c3nc4cc([N+](=O)[O-])ccc4[nH]3)cc2)cc1,152.0,152.31104,0.900164273913756,0.31103516
*CC(*)(C)C(=O)OCCOc1ccc(/N=N/c2ccc(C#N)cc2)cc1,109.0,110.97329,1.0875226905630213,1.9732895
*OP(=O)(Oc1c(Cl)c(Cl)c(*)c(Cl)c1Cl)Oc1c(Cl)c(Cl)c(Cl)c(Cl)c1Cl,133.0,127.0539,0.8413318088016181,-5.9460983
*CC(*)(C)C(=O)OCCCCCCCCCCOc1ccc(C(=O)Oc2ccc(C(=O)/C=C/c3c(C)c4ccccc4n3C)cc2)cc1,72.0,76.11139,1.1676385685525779,4.111389
*c1ccc(Oc2ccc(-c3ccc(Oc4ccc(N5C(=O)c6ccc(Oc7ccc(-c8ccc(Oc9ccc%10c(c9)C(=O)N(*)C%10=O)cc8)cc7)cc6C5=O)cc4)cc3)cc2)cc1,220.0,226.6621,2.5975309156686066,6.662094
*Nc1ccc(C2(c3ccc(NC(=O)c4ccc(-c5ccc(C(*)=O)c(C)c5)cc4C)cc3)c3ccccc3-c3ccccc32)cc1,293.0,290.6536,2.0670851798985916,-2.346405
*c1ccc2c(c1)C(=O)N(c1ccc(C(c3ccc(N4C(=O)c5ccc(C(*)(C(F)(F)F)C(F)(F)F)cc5C4=O)cc3)(C(F)(F)F)C(F)(F)F)cc1)C2=O,315.1,317.95187,5.902605702458213,2.8518677
*C1C(=O)N(c2cc(Br)c(O[Si](c3ccccc3)(c3ccccc3)c3ccccc3)c(Br)c2)C(=O)C1*,179.0,177.78531,1.018517020823415,-1.2146912
*Oc1cc(OC(=O)c2ccc(OCC(C)CC)cc2)c(OC(=O)CCCC(*)=O)cc1OC(=O)c1ccc(OCC(C)CC)cc1,60.000004,63.11762,0.7173307024749107,3.1176147
*c1ccc(Oc2ccccc2Oc2ccc(N3C(=O)c4ccc(Oc5ccccc5Oc5ccc6c(c5)C(=O)N(*)C6=O)cc4C3=O)cc2C(F)(F)F)c(C(F)(F)F)c1,185.0,198.22227,1.1661707794748783,13.222275
*Oc1ccc(S(=O)(=O)c2ccc(OC(=O)c3cccc(C(*)=O)c3)cc2)cc1,249.0,217.18051,5.199770987961499,-31.819489
*Sc1cccc(Sc2ccc(Sc3ccc(*)cc3)cc2)c1,72.0,70.87453,1.9772440473229382,-1.125473
*/C=C/C1CC(*)C(C(=O)OCCCCCCOc2ccc(-c3ccc(C#N)cc3)cc2)C1C(=O)OCCCCCCOc1ccc(-c2ccc(C#N)cc2)cc1,55.8,41.765232,0.8206690855548732,-14.034767
*c1ccc2c(c1)C(=O)N(c1ccc(Oc3ccc4ccc(Oc5ccc(N6C(=O)c7ccc(C(*)(C(F)(F)F)C(F)(F)F)cc7C6=O)cc5)cc4c3)cc1)C2=O,302.3,286.92404,2.916623611486202,-15.375946
*CCCCCCNC(=O)CCCCC(=O)N*,58.2,49.254093,0.5720300560220714,-8.945908
*C(=O)OCCN(CCOC(=O)c1ccc2c(c1)C(=O)N(c1cccc(N3C(=O)c4ccc(*)cc4C3=O)c1)C2=O)c1ccc(/N=N/c2ccc(C)cc2)cc1,171.0,175.45523,1.3066903250185868,4.4552307
*CC(CO*)(CS(=O)(=O)C(C)C)CS(=O)(=O)C(C)C,91.0,82.101746,1.1491354828810942,-8.898254
*c1ccc(C(=O)Nc2ccc(Oc3ccc(Oc4ccc(NC(=O)c5ccc(Oc6ccc(-c7nn(*)c(=O)c8ccccc78)c7ccccc67)cc5)cc4C(F)(F)F)cc3)c(C(F)(F)F)c2)cc1,281.5,275.03577,1.410920733452705,-6.4642334
*c1ccc(N2C(=O)c3ccc(C(=O)c4ccc5c(c4)C(=O)N(c4ccc(-c6nc7cc(-c8ccc9nc(-c%10ccccc%10)c(*)nc9c8)ccc7nc6-c6ccccc6)cc4)C5=O)cc3C2=O)cc1,260.0,279.51526,3.7309610763627936,19.515259
*Nc1ccc(C2(c3ccc(NC(=O)c4ccc(C(*)=O)cc4)cc3)c3ccccc3-c3ccccc32)cc1,319.0,313.64514,5.1759793166583865,-5.3548584
*Oc1cccc(Oc2ccc(C(=O)c3ccc(NC(=O)CCCCCCCCC(=O)Nc4ccc(C(=O)c5ccc(*)cc5)cc4)cc3)cc2)c1,143.0,136.05307,1.6130033281772216,-6.94693
*CCCCCCCCCCOC(=O)NCCCCCCNC(=O)O*,55.000004,46.9379,20.310291757830633,-8.062103
*c1ccc(Oc2ccc(N3C(=O)c4cccc(Oc5c(Oc6cccc7c6C(=O)N(*)C7=O)cc(C(C)(C)C)cc5C(C)(C)C)c4C3=O)cc2)cc1,238.0,234.62238,0.9520713947334557,-3.3776245
*CCCCCCCCCCOc1ccc(/C=C/c2ccc(OCCCCCCCCCCOP(=O)(O*)OCCCCCCCCCCOc3ccc(/N=N/c4ccc(C#N)cc4)cc3)cc2)cc1,60.000004,52.676487,0.7563642993704084,-7.323517
*CCCCCCCCNC(=O)CCCCCCCCCCC(=O)N*,50.000004,44.693638,0.5650506226130069,-5.306366
*Oc1c(C)cc(*)cc1C(C)CCCCCCCCCCCC,-9.999998,30.07796,3.003440780205716,40.077957
*Oc1ccc(C(=O)Nc2cc(C(c3ccc(C)c(NC(=O)c4ccc(OC(=O)c5cccc(C(*)=O)c5)cc4)c3)(C(F)(F)F)C(F)(F)F)ccc2C)cc1,214.0,196.55983,1.384443561071644,-17.44017
*c1ccc(Oc2ccc(Oc3ccc(N4C(=O)CC(=O)N(*)C4=S)cc3)cc2)cc1,157.0,150.96298,0.6961087092817151,-6.037018
*CC(=O)Nc1ccc(Cc2ccc(NC(=O)COc3ccc4ccccc4c3Sc3c(O*)ccc4ccccc34)cc2)cc1,241.0,249.55502,2.0812317092472026,8.555023
*/N=N/c1ccc(Nc2ccc(C(=O)c3ccc(C(=O)c4ccc(Nc5ccc(*)cc5)cc4)cc3)cc2)cc1,203.0,194.46452,0.9208833901698003,-8.535477
*CCC(Cl)C(*)Cl,70.0,63.6114,2.9601918974971784,-6.3885994
*CC(*)c1ccc(COCCCCCC)cc1,-19.999998,-15.021879,2.7817009543027718,4.978119
*CCC[Si](C)(C)O[Si](C)(C)CCCN1C(=O)c2ccc(C(=O)c3ccc4c(c3)C(=O)N(*)C4=O)cc2C1=O,68.0,62.095448,1.099988949096015,-5.9045525
*Oc1ccc(C2(c3ccc(Oc4ccc(C(=O)c5ccc(*)cc5)cc4)c(C)c3)CCC3CCCCC3C2)cc1C,201.0,203.84584,0.7884511362438451,2.8458405
*CC(*)(F)C(=O)OCCC(F)(F)C(F)(F)C(F)(F)C(F)(F)C(F)(F)C(F)(F)F,53.000004,48.843082,1.3042326998705094,-4.1569214
*C(=O)Nc1ccc(Oc2ccccc2-c2ccccc2Oc2ccc(NC(=O)c3ccc4c(c3)C(=O)N(c3ccc(Oc5ccc(N6C(=O)c7ccc(*)cc7C6=O)cc5)cc3)C4=O)cc2)cc1,241.5,240.62303,1.6407936146596867,-0.8769684
*Oc1ccc(C2(c3ccc(OC(=O)CCCC(*)=O)cc3)c3cc(OC)ccc3-c3ccc([N+](=O)[O-])cc32)cc1,197.0,202.60167,2.649019146911337,5.6016693
*/C=C/[Ge](*)(c1ccccc1)c1ccccc1,-35.999996,-47.327953,3.9925773049900974,-11.327957
*CCCCCCNC(=O)c1ccc(C(=O)N*)c(Oc2ccc(-c3ccccc3)cc2)c1,112.0,110.83713,0.9595174711312636,-1.1628723
*c1ccc2c(c1)C(=O)N(c1ccc(Oc3ccc(N4C(=O)c5ccc(C(F)(F)C(F)(F)C(F)(F)C(*)(F)F)cc5C4=O)cc3)cc1)C2=O,212.0,198.713,2.3507997187141103,-13.287003
*CC(*)NC=O,150.0,138.89474,1.0194660151600385,-11.105255
*Cc1ccc(CNC(=O)CC(C)(C)CC(C)C(=O)N*)cc1,125.0,125.487854,0.8058500813516354,0.487854
*CC(*)(CC(=O)OCCCCCCCC)C(=O)OCCCCCCCC,-18.999998,0.66774213,2.1802938580806766,19.66774
*C(=O)Oc1ccc(OC(=O)c2ccc3c(c2)C(=O)N(c2ccc(S(=O)(=O)c4ccc(N5C(=O)c6ccc(*)cc6C5=O)cc4)cc2)C3=O)c(C(C)(C)C)c1,179.0,178.22343,0.963311982364238,-0.77656555
*CC(OCC(C)C)C(C)(C(=O)OC)C(*)(C)C(=O)OC,125.5,117.73372,0.6807642081041696,-7.766281
*Oc1ccc(NC(=O)c2ccc(Oc3ccc(C(C)(C)c4cccc(C(C)(C)c5ccc(Oc6ccc(C(=O)Nc7ccc(Oc8ccc(-c9ccc(*)cc9)cc8)cc7)cc6)cc5)c4)cc3)cc2)cc1,167.0,159.50139,1.6773372271872857,-7.4986115
*CC(*)C(=O)OCCCCOC(=O)c1ccc(OC(=O)c2ccc(C#N)cc2)cc1,40.000004,34.391514,1.0084612623610898,-5.60849
*Nc1cccc(NC(=C(C#N)C#N)c2cccc(C(*)=C(C#N)C#N)c2)c1,278.0,269.5499,1.3331844624275153,-8.450104
*CC(*)(C)C(=O)OCCCCCCCCCCOc1ccc(OC(=O)c2ccc(OCCCCCCCC)cc2)cc1,12.000002,29.62034,1.8358405400494306,17.620338
*C(=O)c1ccc(Oc2ccc(-c3ccc(Oc4ccc(C(=O)c5ccc6c(c5)C(=O)N(c5ccc(Cc7ccc(N8C(=O)c9ccc(*)cc9C8=O)cc7)cc5)C6=O)cc4)cc3)cc2)cc1,241.0,236.97992,1.21039755990085,-4.0200806
*Nc1ccc(NC(=O)c2ccc(NC(=O)CCCCCCCCCCC(=O)Nc3ccc(C(*)=O)cc3)cc2)cc1C(=O)OCCCCCCCCCCCCCC,199.5,235.92159,9.194655536741543,36.421585
*c1ccc(NC(=O)CCCCCCCCCCC(=O)Nc2ccc(S(*)(=O)=O)cc2)cc1,160.0,129.34396,14.406815602831479,-30.656036
*CC(CN1C(=O)C2C3C=CC(C3)C2C1=O)O*,87.5,88.485374,1.077150146858113,0.98537445
*/C=C/C1CC(*)C(C#N)([Si](C)(C)O[Si](C)(C)O[Si](C)(C)C)C1,47.000004,58.898754,1.2794310857973246,11.89875
*CC(*)OC(=O)c1ccc(C(C)(C)C)cc1,121.0,111.38644,1.1516961548651061,-9.613564
*CCCCCCCCCCNC(=O)/C=C(\C)C(=O)N*,74.0,82.00001,0.7175465876906412,8.000008
*C(=O)Nc1ccc(Oc2ccc(NC(=O)c3ccc4c(c3)C(=O)N(c3ccc(Cc5ccc(N6C(=O)c7ccc(*)cc7C6=O)cc5)cc3)C4=O)cc2)cc1,251.0,259.35794,3.150789377800357,8.357941
*c1ccc2c(c1)C(=O)N(c1c(C)cc(C(c3cc(C(F)(F)F)cc(C(F)(F)F)c3)c3cc(C)c(N4C(=O)c5ccc(C(*)(C(F)(F)F)C(F)(F)F)cc5C4=O)c(C)c3)cc1C)C2=O,288.0,284.86713,1.612632610901604,-3.1328735
*c1cccc(Oc2ccc(P(=O)(c3ccccc3)c3ccccc3)c(Oc3cccc(N4C(=O)c5ccc(Oc6ccc7c(c6)C(=O)N(*)C7=O)cc5C4=O)c3)c2)c1,212.0,226.79404,0.9259435762595867,14.794037
*CCCCCC(=O)Oc1ccc(OC(=O)CCCCCn2c(=O)c3cc4c(=O)n(*)c(=O)c4cc3c2=O)c(Cl)c1,87.0,82.67509,0.9888647701713227,-4.324913
*CC(*)(C)C(=O)OCCCCCCN1CCN(c2ccc(/N=N/c3ccc(C=C(C#N)C#N)cc3)cc2)CC1,83.0,76.0248,0.677011062216921,-6.975197
*CC(*)C(=O)NCCC[N+](C)(C)C,57.000004,56.2792,0.6852674805013756,-0.7208023
*C(=O)c1ccc2nc(-c3ccc(-c4nc5ccc(*)cc5nc4-c4ccccc4)cc3)c(-c3ccccc3)nc2c1,325.0,311.6644,5.967223608601461,-13.335602
*C(=O)Nc1ccc(Oc2ccc(-c3ccc(Oc4ccc(NC(=O)c5ccc6c(c5)C(=O)N(c5ccc(Oc7ccc(C8(c9ccc(Oc%10ccc(N%11C(=O)c%12ccc(*)cc%12C%11=O)cc%10)cc9)CC9CC8C8CCCC98)cc7)cc5)C6=O)cc4)cc3C)c(C)c2)cc1,265.0,272.51578,2.626320358514537,7.5157776
*CC(C)(C)CS*,-49.3,-45.674816,3.9665273999775446,3.625183
*Oc1ccc(CC(NC(=O)CCc2ccc(OC(=O)COCC(*)=O)cc2)C(=O)OCCOCCOCC)cc1,26.999994,33.59953,0.8017971152496711,6.599535
*Oc1cccc(NC(=O)CCCCCCC(=O)Nc2ccc(*)cc2)c1,140.0,133.44112,1.9206087104032001,-6.5588837
*Nc1cccc(NC(=O)CCCCC(=O)Nc2ccc(C(=O)NC(*)=S)cc2)c1,267.0,269.64624,1.857520588995042,2.6462402
*c1ccc(-c2ccc(-c3cc(-c4ccc(Oc5ccc(-c6ccccc6)cc5)cc4)c4cc(-c5ccc6nc(*)cc(-c7ccc(Oc8ccc(-c9ccccc9)cc8)cc7)c6c5)ccc4n3)cc2)cc1,364.0,326.2949,7.566844776185647,-37.70511
*CC(*)(F)C(=O)OCCC(F)(F)C(F)(F)C(F)(F)C(F)(F)C(F)(F)C(F)(F)C(F)(F)C(F)(F)C(F)(F)C(F)(F)F,53.000004,47.215244,1.2512708150960015,-5.7847595
*c1ccc(Sc2ccc(Sc3ccc(Sc4ccc(N5C(=O)c6ccc(-c7cccc8c7C(=O)N(*)C8=O)cc6C5=O)cc4)cc3)cc2)cc1,226.7,242.31241,2.5896953766866115,15.6124115
*CC(*)(Cl)C(=O)OCC,84.0,74.28924,1.4384084769382042,-9.710762
*c1ccc(Oc2ccc(NC(=O)c3ccc4c(c3)C(=O)N(c3ccc(Sc5ccc(N6C(=O)c7ccc(C(=O)Nc8ccc(Oc9ccc(C%10(*)NC(=O)c%11ccccc%11%10)cc9)cc8)cc7C6=O)cc5)cc3)C4=O)cc2)cc1,298.0,301.2548,1.904275368018022,3.2547913
*C1C(=O)N(c2ccccc2C(=O)OC)C(=O)C1*,259.0,252.69049,2.7675642688592195,-6.3095093
*C(CC)COC(=O)NCCCCCCNC(=O)OCC(CC)n1c(=O)c2cc3c(=O)n(*)c(=O)c3cc2c1=O,61.000004,58.80357,0.871576002787165,-2.196434
*CC1(C)CC(N2C(=O)c3ccc(Oc4ccc5c(c4)C(=O)N(*)C5=O)cc3C2=O)CC(C)(C)C1,266.0,269.36133,1.2873193001436234,3.3613281
*C(=O)Oc1ccc(OC(=O)c2ccc3c(c2)C(=O)N(c2ccc(Oc4ccc(Oc5ccc(N6C(=O)c7ccc(*)cc7C6=O)cc5)cc4)cc2)C3=O)cc1,230.0,224.84079,2.9165547041507907,-5.15921
*CC(*)C(=O)Nc1ccc(Cl)cc1,76.0,76.34362,1.2249906255385101,0.3436203
*OC(C)COC(=O)/C=C/C(*)=O,-13.999998,-17.763258,2.870025706609797,-3.76326
*CC(=O)Nc1ccc(Oc2ccc(NC(=O)COc3ccc4ccccc4c3Sc3c(O*)ccc4ccccc34)cc2)cc1,245.0,248.23647,1.7512133260383111,3.2364655
*C(=O)OCCCCCCCOC(=O)c1ccc(N2C(=O)c3ccc(*)cc3C2=O)cc1,77.0,61.854786,1.343773362598928,-15.145214
*Oc1ccc(C(=O)NNC(=O)c2cccc(C(=O)NNC(=O)c3ccc(OC(=O)c4cccc(C(*)=O)c4)cc3)c2)cc1,180.0,174.27994,1.8317358410847107,-5.7200623
*Oc1ccc(C(=O)c2cccc(C(=O)c3ccc(*)c(C(C)C)c3)c2)cc1CC,136.0,134.62567,0.7436085881397289,-1.3743286
*c1ccc(Oc2ccc(-n3c(=O)c4c(Oc5ccc(OCCCCCCCC)cc5)c5c(=O)n(*)c(=O)c5c(Oc5ccc(OCCCCCCCC)cc5)c4c3=O)cc2)cc1,234.5,234.11816,1.9447359122574648,-0.38183594
*c1ccc(-c2ccc(-n3c(=O)c4cc5c(=O)n(*)c(=O)c5cc4c3=O)cc2C)c(C)c1,364.5,378.51782,16.021452286191696,14.017822
*c1ccc2c(c1)C(=O)N(c1c(C)cc(Cc3cc(C)c(N4C(=O)c5ccc(C(*)(C(F)(F)F)C(F)(F)F)cc5C4=O)c(C)c3)cc1C)C2=O,307.5,317.77536,5.1846080230543725,10.27536
*Oc1ccc(Oc2ccc(C(=O)Nc3ccc(Cc4ccc(NC(=O)c5ccc(*)cc5)cc4)cc3)cc2)cc1-c1ccccc1,218.0,217.53131,1.7845644763774349,-0.46868896
*c1ccc2c(c1)C(=O)N(c1ccc(Cc3ccc(N4C(=O)c5ccc(C(F)(F)C(F)(F)C(*)(F)F)cc5C4=O)cc3)cc1)C2=O,290.0,265.17203,11.657602258004909,-24.827972
*CCOCCOCCOCCOC(=O)NCCCCCCNC(=O)O*,-16.999998,-12.4307995,5.778260425982828,4.5691986
*c1ccc(/C=N/c2ccc(C(c3ccccc3)c3ccc(/N=C/c4ccc(-c5ccc(*)s5)cc4)cc3)cc2)cc1,129.0,118.49926,0.8927669981516649,-10.50074
*Cc1ccc(C(C)(CCC)c2ccc(Cn3c(=O)c4cc5c(=O)n(*)c(=O)c5cc4c3=O)o2)o1,134.0,129.7567,1.031031661102549,-4.2433014
*Oc1c(C)cc(C(C)(C)c2cc(C)c(ON3C(=O)c4ccc(Oc5ccc(C6(c7ccc(Oc8ccc9c(c8)C(=O)N(*)C9=O)cc7)CCC(C(C)(C)C)CC6)cc5)cc4C3=O)c(C)c2)cc1C,248.0,246.47983,1.349901507665197,-1.5201721
*C(=O)Nc1ccc2c(c1)-c1cc(NC(=O)c3ccc4c(c3)C(=O)N(c3cccc(P(=O)(c5ccccc5)c5cccc(N6C(=O)c7ccc(*)cc7C6=O)c5)c3)C4=O)ccc1C2,248.0,260.55283,2.710582929148905,12.552826
*C(=O)c1cccc(C(=O)N(*)c2ccccc2)c1,148.0,151.1621,1.3908703744062918,3.162094
*CC(*)(C)C(=O)OCCOCC[N+](CC)(CC)CCCCS(=O)(=O)O,95.0,69.25168,11.10001080208899,-25.748322
*CC(*)(CC(=O)OCCC)C(=O)OCCC,46.500004,40.93723,1.1379756362162727,-5.5627747
*CCCCCCOc1ccc(C(=O)OC(=O)c2ccc(O*)cc2)cc1,47.000004,49.774868,0.9892156949144285,2.7748642
*CC(*)c1ccc(C)cc1,103.0,91.54526,1.8218448109485283,-11.454742
*CC(O)CN(*)c1cc(C)c(/N=N/c2ccc([N+](=O)[O-])cc2)c(C)c1,152.0,153.66554,0.7738746691056724,1.6655426
*CC#CC#CCOc1cccc(C(=O)OCCN(CCOC(=O)c2cccc(O*)c2)c2ccc(/N=N/c3ccc(C#N)cc3)cc2)c1,50.000004,76.09486,1.5644025027885389,26.094852
*c1ccc2c(c1)C(=O)N(c1ccc(Oc3ccc(C(=O)c4ccc(Oc5ccc(N6C(=O)c7ccc(C(*)(C(F)(F)F)C(F)(F)F)cc7C6=O)cc5)cc4)cc3)cc1)C2=O,266.0,257.87146,1.7049038266356493,-8.12854
*CC(*)C(=O)OC(C(F)(F)F)C(F)(F)F,42.3,43.1601,0.7521702722033997,0.8600998
*O[Si](*)(C)CCCCCCCCCCCOc1ccc(/C=C/c2ccc(C#N)cc2)cc1,-54.999996,-14.604139,4.243769466494526,40.39586
*c1nc(-c2ccccc2)nc(N(CCCCCCCCCCN(*)c2ccccc2)c2ccccc2)n1,62.000004,71.34912,1.7113382847050769,9.349117
*O[Si](*)(C)CCCCCCCCCCCOc1ccc(/C=C/c2ccc(OCCCC)cc2)cc1,-32.999996,-30.936857,5.841092186969881,2.063139
*CCOC(=O)Nc1ccc(C)c(NC(=O)OCCOc2cc([N+](=O)[O-])ccc2/N=N/c2cn(*)c3ccc(-c4ccc5c(c4)c4ccccc4n5CCCC)cc23)c1,160.0,162.89233,0.6803174100091349,2.892334
*CC(*)C(=O)OCCSCC,-71.0,-63.754116,3.1663513350295465,7.245884
*Oc1ccc(C2(c3ccc(OC(*)=O)cc3)CCCCCC2)cc1,155.0,165.7584,1.2616241946027633,10.758408
*CC(CCCCCC)O*,-67.0,-58.21992,2.9831508163212765,8.780079
*c1ccc([Si](c2ccccc2)(c2ccccc2)c2ccc(-c3nnc(-c4ccc(-c5nnc(*)o5)c5ccccc45)o3)cc2)cc1,273.0,266.25217,1.4055803102359263,-6.7478333
*c1nnc(-c2cc(CCCCCCCC)c(-c3ccc(-c4sc(-c5nnc(-c6cc(OCCCCCCCC)c(*)cc6OCCCCCCCC)o5)cc4CCCCCCCC)s3)s2)o1,34.100002,38.527073,1.4614467753371376,4.4270706
*c1ccc(-c2nc3cc(Oc4ccc(NC(=O)CN5C(=O)c6ccc(C(c7ccc8c(c7)C(=O)N(CC(=O)Nc7ccc(Oc9ccc%10nc(-c%11ccccc%11)c(*)nc%10c9)cc7)C8=O)(C(F)(F)F)C(F)(F)F)cc6C5=O)cc4)ccc3nc2-c2ccccc2)cc1,280.0,264.89957,1.2059926218318375,-15.100433
*C(=O)OCCCCCCCCCCOC(=O)c1ccc(N2C(=O)c3ccc(*)cc3C2=O)cc1,58.000004,58.426075,1.2889414500304361,0.42607117
*Oc1ccc(S(=O)(=O)c2ccc3ccc(S(=O)(=O)c4ccc(*)cc4)cc3c2)cc1,250.0,242.64757,4.106237546136155,-7.3524323
*Oc1ccc(C(=O)OCCN(CCOC(=O)c2ccc(OC3(F)C(*)(F)C(F)(F)C3(F)F)cc2)c2ccc(/C=C/C3=CC(=C(C#N)C#N)CC(C)(C)C3)cc2)cc1,143.0,128.21797,1.3641220757465373,-14.782028
*c1ccc(C(=O)NCCCCCCCCNC(=O)c2ccc(-c3nc4ccccc4nc3*)cc2)cc1,185.0,162.83736,2.4965607248120385,-22.162643
*Nc1ccc(Cc2ccc(NC(=O)c3cc(NC(=O)CCCCCCCCCCN4C(=O)c5ccccc5C4=O)cc(C(*)=O)c3)cc2)cc1,150.0,168.42601,1.6168459069891532,18.42601
*CCCCCCOC(=O)OCCCCCCCCCCOC(=O)OCCCCCCn1c(=O)c2cc3c(=O)n(*)c(=O)c3cc2c1=O,-1.9999977,16.756289,1.5097633841478468,18.756287
*c1cc(/C=N/c2ccc3c(c2)c2cc(/N=C/c4cc(*)c(O)c(*)c4)ccc2n3CCCCCC)ccc1O,327.0,337.09006,15.498808787682309,10.090057
*O[Si](C)(C)c1ccc2ccc3c([Si](*)(C)C)ccc4ccc1c2c43,65.0,60.864986,0.8257217839934713,-4.1350136
*CCOCCOC(=O)c1ccc(-c2ccc(C(=O)O*)cc2)cc1,50.000004,29.746775,2.68076448405715,-20.25323
*C(=O)c1ccc2c(c1)C(=O)N(c1ccc(Oc3ccc(C(=O)c4ccc(C(=O)c5ccc(C(=O)c6ccc(Oc7ccc(N8C(=O)c9ccc(*)cc9C8=O)cc7)cc6)cc5)cc4)cc3)cc1)C2=O,233.0,230.46686,1.5633316115850173,-2.533142
*CCCCC(=O)NNC(=O)c1ccc(C(=O)NNC(=O)CCCCOc2ccc(O*)c(C)c2)cc1,150.0,148.5859,1.0620151428302491,-1.414093
*c1ccc(Oc2ccc(C(c3ccc(Oc4ccc(N5C(=O)c6ccc(Oc7ccccc7Oc7ccc8c(c7)C(=O)N(*)C8=O)cc6C5=O)cc4C(F)(F)F)cc3)(C(F)(F)F)C(F)(F)F)cc2)c(C(F)(F)F)c1,191.0,198.62625,0.9480404203342823,7.626251
*=Nc1ccc(Cc2ccc(NC(=*)CCCC)cc2)cc1,106.0,107.39461,0.7956838407633845,1.3946075
*CC(*)C(=O)Oc1cc(C)cc(C)c1,54.000004,51.67687,1.0898514024437864,-2.3231354
*Oc1ccc(Oc2ccc(/C=N/c3ccc(/N=C/c4ccc(*)cc4)cc3)cc2)cc1,117.0,100.960266,5.75256783377943,-16.039734
*c1ccc(-c2nc(-c3cccc(-c4nnc(-c5ccccc5)c(*)n4)n3)nnc2-c2ccccc2)cc1,260.0,245.39706,3.0443478607342076,-14.602936
*/C=C/c1cc(OCCCCCCCC)c(*)cc1OC,58.000004,50.30978,1.886084250358986,-7.6902237
*c1ccc2c(c1)C(=O)N(c1ccc(C(=O)Nc3ccc(Oc4cccc(Oc5ccc(NC(=O)c6ccc(N7C(=O)c8ccc(C(*)(C(F)(F)F)C(F)(F)F)cc8C7=O)cc6)cc5)c4)cc3)cc1)C2=O,286.0,269.04034,3.0675241832487528,-16.959656
*CCN(*)C(=O)CCCCC,7.0000024,16.565516,0.9781927204188816,9.565514
*Nc1ccccc1CCc1ccccc1NC(=O)Nc1ccc(CCc2ccc(NC(*)=O)cc2)cc1,235.0,223.85703,1.2835540064586426,-11.142975
*CCCC(C)(C)CNC(=O)CCCC(=O)N*,82.0,77.106865,0.5645779580865945,-4.893135
*CC(*)c1ccccc1C(=O)OCC,118.0,119.344505,0.7485404369353714,1.3445053
*OS(=O)(=O)c1cccc(S(=O)(=O)Oc2ccc(C3(c4ccc(*)cc4)CCCCC3)cc2)c1,127.0,130.43648,0.7639784552109752,3.4364777
*C1C2CC(C(=O)OCCc3ccc(N(c4ccccc4)c4cccc5ccccc45)cc3)C(C2)C1*,333.0,334.77817,3.3572181613307164,1.7781677
*CCOC(=O)NCC1(C)CC(NC(=O)O*)CC(C)(C)C1,84.0,85.39702,1.7595425263867643,1.3970184
*c1cc(CC(=O)OCC)c(*)s1,56.7,58.342228,0.6541516296673532,1.6422272
*CCCCCCCCCCCCOc1ccc(C(C)Cc2ccc(-c3ccc(O*)cc3)cc2)cc1,40.000004,41.08656,1.231781768082727,1.0865555
*C(=O)Nc1cc(C(c2cc(C)c(C)c(NC(=O)c3ccc4c(c3)C(=O)N(c3cccc5c(N6C(=O)c7ccc(*)cc7C6=O)cccc35)C4=O)c2)(C(F)(F)F)C(F)(F)F)cc(C)c1C,250.0,249.36436,1.4080643254273528,-0.6356354
*C(=O)c1ccc(N(*)C)cc1,197.0,199.26416,4.7721127954777325,2.2641602
*CC(*)(C)C(=O)OCc1ccc(OCCOCC)c(OCCOCC)c1,-1.9999977,-46.969463,5.641656764927021,-44.969467
*Oc1ccc(CC(NC(=O)CCc2ccc(OC(=O)CC(C)CCC(*)=O)cc2)C(=O)OC(C)CC)cc1,45.000004,45.574505,0.52587078089395,0.57450104
*CC(*)C(=O)OCCOc1ccc(C(=O)Oc2ccc(OC)cc2)cc1,70.0,57.197933,1.4339864691189301,-12.802067
*CC(*)(C)C(=O)OCc1ccc2c(c1)c1ccccc1n2CCCCCC,73.0,36.231037,1.3702115782493312,-36.768963
*COC(=O)NCc1ccc(CNC(=O)OCc2ccc(*)o2)o1,75.0,63.18751,0.9476991300514467,-11.812489
*c1ccc2c(c1)C(=O)N(c1cc(Oc3c(C)cc(-c4cc(C)c(Oc5cc(N6C(=O)c7ccc(C(*)(C(F)(F)F)C(F)(F)F)cc7C6=O)cc(C(F)(F)F)c5)c(C)c4)cc3C)cc(C(F)(F)F)c1)C2=O,264.8,268.00824,1.4583483538586917,3.208252
*C(=O)Nc1ccc(Cc2ccc(NC(=O)c3ccc4c(c3)C(=O)N(c3ccc(/N=N/c5ccc(C)cc5)c(N5C(=O)c6ccc(*)cc6C5=O)c3)C4=O)cc2)cc1,268.0,263.9329,1.431115399958384,-4.067108
*O[Si](C)(CCC(F)(F)F)CCC(F)(F)C(F)(F)C(F)(F)C(F)(F)CC[Si](*)(C)CCC(F)(F)F,-24.999998,-23.562986,2.4253765151050106,1.4370117
*c1cccc(P(=O)(c2cccc(-n3c(=O)c4c(-c5cc(C(F)(F)F)cc(C(F)(F)F)c5)c5c(=O)n(*)c(=O)c5c(-c5cc(C(F)(F)F)cc(C(F)(F)F)c5)c4c3=O)c2)c2cc(C(F)(F)F)cc(C(F)(F)F)c2)c1,293.0,292.28452,1.6341263587078583,-0.7154846
*Oc1ccc(C(CCCC)(CCCC)c2ccc(OC(*)=O)cc2)cc1,113.0,105.86776,1.060443364415067,-7.1322403
*Oc1c(OC)cc(-c2cc(OC)c(OC(=O)c3cccc(C(*)=O)c3)c(OC)c2)cc1OC,252.0,240.00241,3.060279278570284,-11.997589
*c1ccc(C(c2ccc(N3C(=O)c4cc5c(cc4C3=O)C(C(F)(F)F)(C(F)(F)F)c3cc4c(cc3O5)C(=O)N(*)C4=O)cc2)(C(F)(F)F)C(F)(F)F)cc1,430.0,430.33426,11.944732631875823,0.33425903
*CCCCCCNC(=O)c1ccccc1-c1ccccc1C(=O)N*,122.5,118.79211,1.0270824748932788,-3.7078934
*C(=O)c1ccc2c(c1)C(=O)N(c1c(C)cc(C(c3cccc(C(F)(F)F)c3)c3cc(C)c(N4C(=O)c5ccc(*)cc5C4=O)c(C)c3)cc1C)C2=O,285.0,281.6426,1.6010606816154391,-3.3573914
*Oc1ccc(S(=O)(=O)c2ccc(Oc3ccc(C(C)(C)c4ccc(*)c(N)c4)cc3N)cc2)cc1,230.4,228.11176,0.7758828257376622,-2.2882385
*c1cccc(N2C(=O)c3cccc(Oc4c(C)cc(-c5cc(C)c(Oc6cccc7c6C(=O)N(*)C7=O)c(C)c5)cc4C)c3C2=O)c1,311.0,305.3303,2.7075045096477592,-5.6697083
*c1ccc(-c2cc(CCCCCCCC)c(-c3ccc(-c4ccc(-c5sc(-c6ccc([Si](*)(C)C)s6)cc5CCCCCCCC)s4)s3)s2)s1,31.000002,27.33578,1.4007148030770362,-3.6642227
*C[Si](*)(CCCCCC)CCCCCC,-55.999996,-61.495083,3.737534291604592,-5.4950867
*CCOC(=O)c1ccccc1C(=O)O*,96.5,80.27389,2.2165311576051168,-16.226112
*CC(*)(F)C(=O)OCC(F)(F)F,124.0,124.13409,1.2533089223327445,0.13408661
*Oc1ccc(OC(=O)c2ccc(C(*)=O)cc2Oc2ccc(Br)cc2)cc1,108.0,103.414444,0.9844771112973602,-4.585556
*CCCCCC(c1ccc(O)cc1)C(*)c1ccc(O)cc1C,15.999994,8.2775135,2.5619204843961003,-7.722481
*C(=O)Nc1ccc(Oc2ccc(N3C(=O)CC(N4C(=O)c5ccc(*)cc5C4=O)C3=O)cc2)cc1,223.0,167.2002,9.327776130964851,-55.799805
*c1ccc(Oc2ccc(-c3nc4cc(Oc5ccc6nc(-c7ccccc7)c(*)nc6c5)ccc4nc3-c3ccccc3)cc2)cc1,263.0,263.96622,3.3760258844470505,0.96621704
*c1ccc2c(c1)C(CCCCCCCC)(CCCCCCCC)c1cc(-c3ccc4c(c3)C(c3ccc(-c5nnc(-c6ccc(C(C)(C)C)cc6)o5)cc3)(c3ccc(-c5nnc(-c6ccc(C(C)(C)C)cc6)o5)cc3)c3cc(*)ccc3-4)ccc1-2,213.0,200.50351,1.3254480955528678,-12.4964905
*Oc1c(F)c(F)c(Sc2c(F)c(F)c(Oc3ccc(C(c4ccc(*)cc4)(C(F)(F)F)C(F)(F)F)cc3)c(F)c2F)c(F)c1F,141.5,140.61118,1.4401908520882074,-0.88882446
*Nc1ccc(-c2ccc(NC(=O)c3cccc(C(*)=O)c3)c(S)c2)cc1S,395.00003,392.51636,6.8470362371405695,-2.483673
*O[Si](C)(CCC(F)(F)F)CCC(F)(F)C(F)(F)CC[Si](*)(C)CCC(F)(F)F,-26.999998,-27.426466,3.1220426616912773,-0.4264679
*c1cccc(P(=O)(c2ccccc2)c2cccc(N3C(=O)c4ccc(NC(=O)OCCOc5ccc(P(=O)(c6ccccc6)c6ccc(OCCOC(=O)Nc7ccc8c(c7)C(=O)N(*)C8=O)cc6)cc5)cc4C3=O)c2)c1,218.0,219.86058,1.000018542937278,1.8605804
*CCC(C)CC(=O)O*,-71.5,-64.129425,5.936025969577536,7.370575
*CCCCCCOC(=O)OCCOC(=O)OCCCCCCOc1ccc(C(=O)c2ccc(O*)cc2)cc1,15.000002,0.97409284,1.4746181297505647,-14.025909
*CCCCCC(=O)Nc1ccc(Oc2ccc(NC(=O)CCCCCN3C(=O)c4ccc(C(=O)c5ccc6c(c5)C(=O)N(*)C6=O)cc4C3=O)cc2)cc1,195.0,164.01398,1.4998081591839942,-30.986023
*Oc1ccc(S(=O)(=O)c2ccc3cc(S(=O)(=O)c4ccc(Oc5c(C)cc(-c6cc(C)c(*)c(C)c6)cc5C)cc4)ccc3c2)cc1,280.0,272.26685,2.7983329649563284,-7.7331543
*CC(*)c1ccc(COCCCCO)cc1,19.999994,16.445963,1.7172640013832756,-3.5540314
*Nc1ccc(NC(=O)CCCCCCC(*)=O)cc1,138.0,132.38321,2.146524865388526,-5.616791
*CC(OO*)c1ccc(C(C)(C)C)cc1,19.900003,17.197031,1.1971576123191943,-2.7029724
*c1cccc(P(=O)(c2ccccc2)c2cccc(N3C(=O)c4ccc(Oc5ccc6c(c5)C(=O)N(*)C6=O)cc4C3=O)c2)c1,251.0,248.91357,1.0595846407822804,-2.0864258
*c1cccc(OCCCCCCCCOc2cccc(N3C(=O)c4ccc(-c5ccc6c(c5)C(=O)N(*)C6=O)cc4C3=O)c2)c1,138.0,133.79839,1.6156365727804434,-4.2016144
*C(=O)c1ccc2c(c1)C(=O)N(c1cccc(C(=O)Nc3cccc(N4C(=O)c5ccc(*)cc5C4=O)c3)c1)C2=O,287.0,276.8911,6.538738954055832,-10.108887
*CC(*)(C)C(=O)OCCOCCO,19.999994,24.98044,1.4660372814887475,4.980446
*/C(Cl)=C(/*)CCCCCCCC,90.0,114.14809,7.363030701394728,24.148087
*c1ccc(C(=O)NCCCCCCCCCCNC(=O)c2ccc(-c3nc4ccccc4nc3*)cc2)cc1,166.0,157.34175,2.441448889283737,-8.658249
*/C=C/C1CC(*)C2C(=O)N(CCCCCC)C(=O)C12,87.0,67.84807,2.3643133059119212,-19.151932
*c1ccc(-c2ccc(-c3ccc([Si](CCCC)(CCCC)[Si](*)(CCCC)CCCC)s3)s2)s1,-4.9999976,-0.83944476,1.9330627164160676,4.160553
*CC(CC(*)(C#N)C#N)c1ccc(F)cc1,180.0,182.50836,0.9080224329329073,2.5083618
*c1ccc(-c2cc(CCCCCCCC)c(-c3ccc(-c4ccc(-c5sc(-c6ccc([Si](C)(C)[Si](C)(C)[Si](C)(C)[Si](*)(C)C)s6)cc5CCCCCCCC)s4)s3)s2)s1,6.0000024,7.16437,1.720200417317829,1.1643677
*Nc1ccc(NC(=O)c2ccc(C(*)=O)cc2)cc1,295.0,303.36472,9.634542372645766,8.364716
*Oc1ccc(NC(=O)c2cc(C(=O)Nc3ccc(*)cc3)c(C(=O)OCC)cc2C(=O)OCC)cc1,208.05,208.70602,1.9048884129139163,0.6560211
*Oc1ccc(OC(=O)CCCCCCCCC(*)=O)cc1,52.8,48.383846,1.931572935635577,-4.416153
*Oc1ccc(C2(c3ccc(Oc4nc(*)nc(OC)n4)cc3)CCCCC2)cc1,200.0,200.97423,1.0748285561001563,0.9742279
*Oc1ccc(CC(NC(=O)CCc2ccc(OC(=O)COCCOCC(*)=O)cc2)C(=O)OCCCCCCCC)cc1,15.999994,25.730028,0.7398182658025242,9.730034
*C(=O)Nc1ccc(Cc2ccc(NC(=O)c3ccc4c(c3)C(=O)N(c3ccc(-c5sc(-c6ccc(N7C(=O)c8ccc(*)cc8C7=O)cc6)c(-c6ccccc6)c5-c5ccccc5)cc3)C4=O)cc2)cc1,253.0,304.24313,6.191627781658718,51.243134
*CCCCCCN1C(=O)c2ccc(C(c3ccc4c(c3)C(=O)N(*)C4=O)(C(F)(F)F)C(F)(F)F)cc2C1=O,155.0,157.29088,2.061807590118358,2.2908783
*Oc1cccc(Oc2cccc(NC(=O)c3cc(Oc4ccc(C(=O)O)c(C(=O)Nc5cccc(*)c5)c4)ccc3C(=O)O)c2)c1,176.4,152.9421,2.911776640191093,-23.457901
*CC(*)OC(=O)C1CCCC1,36.000004,31.83079,0.9347418282118509,-4.1692142
*c1ccc(Oc2ccc(N3C(=O)c4ccc(Oc5ccc6c(c5)C(=O)N(c5ncc(*)s5)C6=O)cc4C3=O)cc2)cc1,300.0,300.3586,4.485912356467691,0.35861206
*CCCCCCNC(=O)C(CC)CC(CC)C(=O)N*,94.0,85.56192,0.9329455249834132,-8.43808
*Oc1ccc(Sc2ccc(Oc3ccc(-c4ccc(-c5ccc(-c6ccc(*)c(C(F)(F)F)c6)cc5)cc4)cc3C(F)(F)F)cc2)cc1,176.5,171.38663,0.8508612325104817,-5.113373
*OC(CCCCCCC=C)CC(*)=O,-49.999996,-50.265713,3.2545462315677116,-0.26571655
*CCCCCCOC(=O)OCCCCCCOC(=O)OCCCCCCN1C(=O)c2ccc(C(=O)c3ccc4c(c3)C(=O)N(*)C4=O)cc2C1=O,40.000004,47.744755,1.3785910453470205,7.744751
*CC(*)c1ccc(C(C)C)cc1,62.400005,60.761578,1.5926892781421065,-1.6384277
*c1ccc(Oc2ccc(Oc3ccc(Oc4ccc(N5C(=O)c6ccc(Oc7ccc(Oc8ccc9c(c8)C(=O)N(*)C9=O)cc7)cc6C5=O)cc4)cc3)cc2)cc1,210.0,218.30188,3.0287685195875738,8.30188
*OP(=O)(Oc1ccc(Br)cc1)Oc1c(Br)cc(C(c2cc(Br)c(*)c(Br)c2)(C(F)(F)F)C(F)(F)F)cc1Br,152.0,143.32106,0.707261330101334,-8.67894
*/C=C(/*)CCCOc1ccc(OC(=O)c2ccc(OC)cc2)cc1,19.999994,34.884396,1.1142397819492915,14.884401
*CC(O)COC(=O)/C=C/C(=O)Oc1ccc(C(C)(C)c2ccc(O*)cc2)cc1,32.000004,36.675663,1.1486117661874886,4.675659
*CC(*)c1cc(-c2ccc(C(=O)OC3CC(C)CCC3C(C)C)cc2)ccc1-c1ccc(C(=O)OC2CC(C)CCC2C(C)C)cc1,217.5,218.77493,1.672477375037685,1.2749329
*CC(*)(C)C(=O)OCCCCCCOc1ccc(/N=N/c2ccc(OC)cc2)cc1,91.0,62.362278,1.2659974017863205,-28.637722
*CN1C(=O)c2ccc(C(c3ccc4c(c3)C(=O)N(Cc3nnc(-c5ccc(Oc6ccc(-c7nnc(*)o7)cc6)cc5)o3)C4=O)(C(F)(F)F)C(F)(F)F)cc2C1=O,210.0,206.47693,0.8508040017220283,-3.5230713
*CCCCCNC(=O)CCCCC(=O)N*,46.500004,49.95277,0.5746203120824568,3.4527664
*CC1CCC(COP(=O)(/N=N/c2ccc(C(=O)c3ccc(/N=N/P(=O)(O*)OC)cc3)cc2)OC)CC1,52.000004,47.759007,0.6616400662736321,-4.2409973
*CCCC1(CCCNC(=O)c2cccc(C(=O)N*)c2)c2ccccc2-c2ccccc21,175.0,167.46336,0.905846301580553,-7.5366364
*Oc1ccc(C(c2ccc(Oc3ccc(C(=O)C(=O)c4ccc(*)cc4)cc3)cc2)(C(F)(F)F)C(F)(F)F)cc1,162.0,166.71498,0.9967047074938759,4.714981
*CCOCCOCCOCCOC(=O)/C=C/C(=O)NCCCCCCNC(=O)/C=C/C(=O)O*,52.000004,56.969234,0.8667708157273585,4.9692307
*CC(COC(=O)CCCCCCCCCCN1C(=O)C2C3C=CC(C3)C2C1=O)O*,-30.999998,-10.142683,1.841721121375711,20.857315
*Oc1ccc(S(=O)(=O)c2ccc(Oc3ccc(C4(c5ccc(*)cc5)CCCC4)cc3)cc2)cc1,230.0,217.06288,1.6268570537115312,-12.937119
*c1ccc(NC2CC(=O)N(c3ccc(-c4sc(-c5ccc(N6C(=O)CC(Nc7ccc(-c8nc(-c9ccc(/C=C/c%10ccc([N+](=O)[O-])cc%10)s9)[nH]c8*)cc7)C6=O)cc5)c(-c5ccccc5)c4-c4ccccc4)cc3)C2=O)cc1,304.0,288.3229,10.160217793913258,-15.6770935
*CCCCN1C(=O)c2ccc(C(=O)Oc3ccc(-c4ccc(OC(=O)c5ccc6c(c5)C(=O)N(*)C6=O)cc4)cc3)cc2C1=O,126.0,132.58482,2.3082487060408035,6.5848236
*Oc1ccc(C(c2ccc(OC(*)=O)cc2)(C(F)(F)F)C(F)(F)F)cc1,176.0,164.13634,1.9849153815907614,-11.863663
*CCCCOc1ccc(OCCCCc2nnc(-c3ccc(-c4nnc(*)o4)cc3)o2)c(C)c1,129.0,118.9152,1.1376192659086664,-10.084801
*c1ccc(Oc2ccc(Oc3ccc(N4C(=O)c5ccc(Oc6ccc(C(c7ccccc7)(c7ccccc7)c7ccc(Oc8ccc9c(c8)C(=O)N(*)C9=O)cc7)cc6)cc5C4=O)cc3)c(C(C)(C)C)c2)cc1,229.0,231.75217,1.1407034451414952,2.7521667
*c1ccc2c(c1)C(=O)N(c1ccc(Oc3c(C(C)(C)C)cc(-c4ccc(N5C(=O)c6ccc(C(*)(C(F)(F)F)C(F)(F)F)cc6C5=O)cc4)cc3C(C)(C)C)c(C(F)(F)F)c1)C2=O,362.5,355.9418,5.194461562573417,-6.558197
*/C=C/c1cccc(OC(=O)CCCCCCCCC(=O)Oc2ccc(-c3nnc(*)s3)cc2)c1,55.000004,42.065533,1.1967558972148808,-12.934471
*CC(O)COc1ccc(C(C)(C)c2ccc(OCC(O)COc3cccc(NC(=O)CCCCCC(=O)Nc4cccc(O*)c4)c3)cc2)cc1,107.0,99.550644,0.8748537090045537,-7.449356
*Oc1ccc(NC(=O)c2cc(-c3ccc(C(=O)O)c(C(=O)Nc4ccc(*)cc4)c3)ccc2C(=O)O)cc1,184.4,176.86255,2.2272534741067944,-7.537445
*CCCCCCN1C(=O)C(=O)N(*)C1=O,55.000004,60.4185,4.978440626620042,5.418495
*CC(C)(C)CO*,-49.999996,-30.23625,4.458970216656194,19.763746
*c1ccc(C(c2ccccc2)(c2ccc(-c3nc4ccc(-c5ccc6nc(*)oc6c5)cc4o3)cc2)C(F)(F)F)cc1,350.0,358.30283,7.415111242499293,8.302826
*c1ccc(-c2ccc(-n3c(=O)c4cc5c(=O)n(*)c(=O)c5cc4c3=O)cc2C(F)(F)F)c(C(F)(F)F)c1,358.0,345.8074,7.123864021865928,-12.192596
*OP(=O)(Oc1ccc(C(C)(C)c2ccc(*)cc2)cc1)Oc1c(Cl)cc(Cl)cc1Cl,94.0,91.90154,0.9029917785582973,-2.0984573
*CC(C)(CO*)COCCCCCCCCCCOc1ccc(-c2ccc(C#N)cc2)cc1,7.0000024,9.584841,1.435126791269834,2.5848384
*C([2H])([2H])C(*)([2H])C([2H])([2H])[2H],2.2688555e-06,8.13463,1.602471501710671,8.134628
*C(=O)c1ccc(Oc2ccc(C3(c4ccc(Oc5ccc(*)s5)cc4)c4ccccc4-c4ccccc43)cc2)cc1,195.0,190.37823,1.0265762468395117,-4.621765
*CC(*)(C)C(=O)OCCCCCCOc1ccc(C(=O)Oc2ccc(/N=N/c3ccccc3)c3ccccc23)cc1,46.000004,41.96178,0.6681763668714604,-4.0382233
*C(=O)Nc1ccc(NC(=O)c2ccc3c(c2)C(=O)N(c2ccc(Oc4ccc(N5C(=O)c6ccc(*)cc6C5=O)cc4)cc2)C3=O)c(OCCCCCCS(=O)(=O)c2ccc(/C=C/c3ccc(N(C)C)cc3)cc2)c1,192.0,206.16362,1.618583042064844,14.16362
*N=P(*)(NCCCC)NCCCC,26.999994,25.446795,1.6163726664895723,-1.5531998
*Oc1ccc(Cc2ccc(OC(=O)CCCCC(*)=O)cc2)cc1,60.500004,66.61504,1.4398790935205483,6.11504
*Oc1ccc(C(C)(c2ccccc2)c2ccc(OC(=O)c3ccccc3-c3ccccc3C(*)=O)cc2)cc1,172.0,171.12695,0.8628207393777372,-0.8730469
*Oc1c(OC)cc(*)cc1OC,174.1,155.6394,2.095434579243916,-18.460602
*/C(C#N)=C/c1cc(OCCCCCCCCCCCCCCCC)c(/C=C(\C#N)c2cc(OCCCCCCCCCCCCCCCC)c(*)cc2OC)cc1OC,190.0,190.8101,1.320428018140076,0.81010437
*Oc1ccc(C(C)(C)c2ccc(OC(=O)NC(=O)c3cc(C(=O)NC(*)=O)cc(C(C)(C)C)c3)cc2)cc1,123.5,125.66799,1.17272975247106,2.1679916
*Oc1ccc(S(=O)(=O)c2ccc(Oc3ccc(/C=C4\CC/C(=C\c5ccc(*)cc5)C4=O)cc3)cc2)cc1,235.0,221.63872,1.5305923541954514,-13.361282
*CCC(=O)O*,-23.999998,-27.20236,4.112675460044592,-3.202362
*Oc1cccc(NC(=O)c2ccc(C(=O)Nc3ccc(Oc4ccc(C(=O)c5ccc(*)cc5)cc4)cc3)cc2)c1,126.0,174.60751,4.733383521859903,48.607513
*c1c(C)cc(Cc2cc(C)c(N3C(=O)c4ccc(Oc5ccc6ccc(Oc7ccc8c(c7)C(=O)N(*)C8=O)cc6c5)cc4C3=O)c(C)c2)cc1C,272.0,270.24683,2.850028965429236,-1.7531738
*Oc1ccc(Oc2ccc(C(=O)c3cccc4cccc(C(=O)c5ccc(*)cc5)c34)cc2)cc1C(C)(C)C,230.0,228.44794,0.9938529072538704,-1.552063
*CC(*)(C)C(=O)OCc1ccc(Cl)cc1,43.600002,43.599995,2.754451977876145,-7.6293945e-06
*Oc1ccc(CC(NC(=O)Cc2ccc(OC(=O)CCCCCCCCC(*)=O)cc2)C(=O)OCC)cc1,43.000004,46.895687,0.5078941870595193,3.8956833
*/C=C/C1CC(*)C(C#N)(CCC)C1,108.0,104.22794,0.6989988379180132,-3.7720566
*Oc1ccc(S(=O)(=O)c2ccc(Oc3ccc(C(c4ccc(*)c([Si](C)(C)C)c4)(C(F)(F)F)C(F)(F)F)cc3[Si](C)(C)C)cc2)cc1,168.6,167.00314,0.8292880527681946,-1.5968628
*c1ccc2c(c1)C(=O)N(c1cccc(C(F)(F)C(F)(F)C(F)(F)C(F)(F)C(F)(F)c3cccc(N4C(=O)c5ccc(C(F)(F)C(F)(F)C(F)(F)C(*)(F)F)cc5C4=O)c3)c1)C2=O,144.0,132.56757,1.6184380015488185,-11.432434
*N=P(*)(OCCCCCCCCC)OCCCCCCCCC,-55.999996,-81.97508,4.156640015595381,-25.975086
*CCCCCCC(Cl)C(*)Cl,-17.999998,-19.013227,4.78380944913544,-1.0132294
*O[Si](C)(C)Oc1ccc(*)cc1,90.0,82.71258,2.7040306583859546,-7.287422
*Oc1cccc2ccc(Oc3ccc(NC(=O)c4ccc(Oc5ccc(S(=O)(=O)c6ccc(Oc7ccc(C(=O)Nc8ccc(*)cc8)cc7)cc6)cc5)cc4)cc3)cc12,218.0,238.05988,1.5786530214746324,20.059875
*c1ccc(Oc2ccc(Oc3ccc(Oc4ccc(-n5c(=O)c6cc7c(=O)n(*)c(=O)c7cc6c5=O)cc4)cc3)cc2)cc1,295.0,325.02917,17.172145305242356,30.029175
*Cc1ccc(CNC(=O)CCCCCCCCCCC(=O)N*)cc1,105.0,96.46845,0.8354674070852481,-8.531548
*Oc1ccc(Oc2ccc(C(=O)Nc3ccc(Oc4ccc(S(=O)(=O)c5ccc(Oc6ccc(NC(=O)c7ccc(*)cc7)cc6)cc5)cc4)cc3)cc2)cc1-c1ccccc1,231.0,227.64648,2.212801155366996,-3.3535156
*c1cccc(P(=O)(c2ccccc2)c2cccc(N3C(=O)c4ccc(NC(=O)OCCOc5ccc(C(c6ccc(OCCOC(=O)Nc7ccc8c(c7)C(=O)N(*)C8=O)cc6)(C(F)(F)F)C(F)(F)F)cc5)cc4C3=O)c2)c1,214.0,218.4208,0.871965046481775,4.420807
*C(=O)c1ccc(N(*)CCCC)cc1,124.0,113.08827,1.4305635129407273,-10.911728
*c1cccc(N2C(=O)c3cccc(Oc4ccc(-c5ccc(Oc6cccc7c6C(=O)N(*)C7=O)cc5)cc4)c3C2=O)c1,275.0,262.241,1.208354321266789,-12.759003
*CCCCCCCCCC[N+](*)(C)C,65.9,55.99667,1.4470771872887906,-9.903332
*C(=O)Nc1ccc(NC(=O)Nc2ccc(NC(=O)c3ccc4c(c3)C(=O)N(c3ccc(NC(=O)Nc5ccc(N6C(=O)c7ccc(*)cc7C6=O)cc5)cc3)C4=O)cc2)cc1,208.0,214.46024,2.469776087481482,6.4602356
*CC(*)(C)C(=O)OCCC[Si]12O[Si]3(CC(C)C)O[Si]4(CC(C)C)O[Si](CC(C)C)(O1)O[Si]1(CC(C)C)O[Si](CC(C)C)(O2)O[Si](CC(C)C)(O3)O[Si](CC(C)C)(O4)O1,85.0,112.191124,2.744953447273583,27.191124
*CC(*)(C)C(=O)OCCCCCCOc1ccc(C(=O)Oc2ccc(OC)cc2)cc1OC,49.000004,40.407368,1.3893505382986537,-8.592636
*Oc1ccc(Cc2ccc(OC(=O)c3cccc(C(*)=O)c3)cc2)cc1,150.0,135.39816,2.065760441611427,-14.601837
*c1ccc(Oc2ccc(C(c3ccc(Oc4ccc(-c5ncc(*)o5)cc4C(F)(F)F)cc3)(C(F)(F)F)C(F)(F)F)cc2)c(C(F)(F)F)c1,205.0,199.30763,0.8138028570539846,-5.6923676
*c1ccc(Oc2ccc(N3C(=O)CC4C(CC5C(=O)N(*)C(=O)C54)C3=O)cc2)cc1,350.0,338.64932,7.060713904800378,-11.3506775
*OC(COC(=O)NCCCCCCNC(*)=O)c1ccco1,16.999994,16.698275,1.609360873860687,-0.30171967
*Nc1ccccc1-c1ccc(NC(=O)c2ccc(C(*)=O)cc2)cc1,275.0,274.30444,2.0742083971549508,-0.69555664
*Oc1ccc(C2(c3ccc(Oc4ccc(/C=C/C(=O)c5ccc(*)cc5)cc4)cc3)c3ccccc3-c3ccccc32)cc1,195.0,189.3673,1.1242781564941726,-5.6327057
*Oc1ccc(NC(=O)c2ccc(C(c3ccc(C(=O)Nc4ccc(Oc5ccc(C6(c7ccc(*)cc7)C7CC8CC(C7)CC6C8)cc5)cc4)cc3)(C(F)(F)F)C(F)(F)F)cc2)cc1,241.0,253.34117,1.249131755471209,12.341171
*c1ccc(OC(=O)c2ccc(C(=O)Oc3ccc(C4(*)OC(=O)c5ccccc54)cc3)cc2)cc1,279.0,271.42856,2.8459005992034174,-7.5714417
*C1C(=O)N(c2ccc(O[Si](C)(C)C(C)(C)C)cc2)C(=O)C1*,169.0,168.61775,1.1632106962792264,-0.38224792
*CCOC(=O)c1ccc(C2(C)CC(C)(C)c3ccc(C(=O)O*)cc32)cc1,154.0,146.22299,1.1763381720094659,-7.777008
*Oc1ccc(C(C)(C)c2ccc(Oc3ccc(C(=O)c4ccc(P(=O)(c5ccccc5)c5ccc(C(=O)c6ccc(*)cc6)cc5)cc4)cc3)cc2)cc1,195.0,198.31215,1.0054568815926734,3.312149
*c1ccc2c(c1)C(=O)N(c1ccc(N(C)CCN(C)c3ccc(N4C(=O)c5ccc(C(*)(C(F)(F)F)C(F)(F)F)cc5C4=O)cc3)cc1)C2=O,227.0,229.04076,2.205803395538939,2.0407562
*Oc1ccc(C(C)(C)c2ccc(Oc3ccc(C(=O)c4ccc(C(c5ccc(C(=O)c6ccc(*)cc6)cc5)(C(F)(F)F)C(F)(F)F)cc4)cc3)cc2)cc1,181.0,171.03284,1.0261490841933976,-9.967163
*C(=O)c1ccc2c(c1)C(=O)N(CC1(C)CC(N3C(=O)c4ccc(*)cc4C3=O)CC(C)(C)C1)C2=O,275.0,273.56613,1.3190750048064661,-1.4338684
*CCCCCCCCCCN1C(=O)C2C3C=CC(C4C(=O)N(*)C(=O)C34)C2C1=O,219.0,199.21098,2.791650419534941,-19.789017
*O[Si](C)(C)O[Si](C)(C)O[Si](C)(C)O[Si](C)(C)O[Si](C)(C)OC(C)CCC(*)C,-105.999985,-88.09903,3.5153091821267295,17.900955
*c1ccc(OCCOc2cccc(N3C(=O)c4ccc(Oc5ccc6c(c5)C(=O)N(*)C6=O)cc4C3=O)c2)cc1,178.5,170.95929,1.7432333748746562,-7.5407104
*O[Si](C)(C)c1ccc([Si](C)(C)O[SiH](*)C)cc1,-65.0,-65.88609,4.63698865240778,-0.88609314
*Oc1ccc(OC(=O)c2cc(OCCCCCCCCOCC3CCCN3c3ccc([N+](=O)[O-])cc3)c(C(*)=O)cc2OCCCCCCCCOCC2CCCN2c2ccc([N+](=O)[O-])cc2)cc1,41.000004,47.59151,0.7388230888900399,6.591507
*Oc1ccc(OC(=O)c2ccc(-c3ccc(C(*)=O)cc3)cc2-c2ccccc2)cc1,140.0,134.98152,1.0540625242114914,-5.0184784
*C(=O)Nc1ccc(Oc2ccc(S(=O)(=O)c3ccc(Oc4ccc(NC(=O)c5ccc6c(c5)C(=O)N(c5ccc(Oc7cccc8c(Oc9ccc(N%10C(=O)c%11ccc(*)cc%11C%10=O)cc9)cccc78)cc5)C6=O)cc4)cc3)cc2)cc1,260.0,257.4045,3.9117973822986505,-2.5954895
*c1ccc(Oc2ccc(C(=O)c3ccc(Oc4ccc(-c5c6c(c(*)c7ccccc57)C(=O)N(c5ccccc5C(F)(F)F)C6=O)cc4)cc3)cc2)cc1,260.0,254.75397,1.3798123179086739,-5.2460327
*CCCCOc1ccc(/C=C2\CC/C(=C\c3ccc(OCCCCOP(=O)(O*)OCC)c(OC)c3)C2=O)cc1OC,79.0,76.434845,0.668751083371062,-2.565155
*CC(*)SCC,-6.9999976,-7.1581244,2.210912801154019,-0.15812683
*CC(O)C(O)COC(=O)O*,39.600002,41.479137,0.6892475074557501,1.8791351
*Oc1c(-c2ccccc2)cc(*)cc1-c1cccc2ccccc12,234.0,233.58536,1.044042580807997,-0.41464233
*c1ccc(Oc2ccc(Sc3ccc(Oc4ccc(N5C(=O)c6ccc(Oc7ccc(Sc8ccc(Oc9ccc%10c(c9)C(=O)N(*)C%10=O)cc8)cc7)cc6C5=O)cc4)cc3)cc2)cc1,186.0,193.60426,1.2942885754804463,7.6042633
*c1ccc(C(=O)Nc2cccc(S(=O)(=O)c3cccc(NC(=O)c4ccc(N5C(=O)c6ccc(-c7ccc8c(c7)C(=O)N(*)C8=O)cc6C5=O)cc4)c3)c2)cc1,256.0,246.1518,1.7627648344575988,-9.848206
*c1ccc(Oc2ccc(C(=O)c3ccc(Oc4ccc(-c5c6c(c(*)c7ccccc57)C(=O)N(c5ccccc5F)C6=O)cc4)cc3)cc2)cc1,282.0,281.23462,2.0385587997069976,-0.76538086
*Oc1cccc(C(=O)OCC(F)(F)C(F)(F)C(F)(F)COC(=O)c2cccc(*)c2)c1,19.999994,20.050638,1.2290089285279802,0.05064392
*CC(C)CCC(C)CNC(=O)c1cc(C(=O)N*)cc(C(C)(C)C)c1,149.0,152.98488,0.7621391634397011,3.9848785
*CCCCCCNC(=O)CC(=O)N*,50.000004,56.336086,0.6309375023684868,6.3360825
*C(=O)Nc1ccc(Oc2ccc(C3(c4ccc(Oc5ccc(NC(=O)c6ccc7c(c6)C(=O)N(c6ccc(Oc8ccc(Oc9ccc(N%10C(=O)c%11ccc(*)cc%11C%10=O)cc9)cc8)cc6)C7=O)cc5)cc4)NC(=O)c4ccccc43)cc2)cc1,284.0,305.60883,3.0974580324189627,21.608826
*c1ccc(Oc2cc3ccccc3cc2Oc2ccc(N3C(=O)c4ccc(Oc5ccccc5Oc5ccc6c(c5)C(=O)N(*)C6=O)cc4C3=O)cc2)cc1,216.0,208.99812,1.3542112530778434,-7.001877
*C(=O)Oc1ccc(C(C)(C)c2ccc(OC(=O)c3ccc4c(c3)C(=O)N(c3ccc(Oc5ccc(N6C(=O)c7ccc(*)cc7C6=O)cc5)cc3)C4=O)cc2)cc1,200.0,215.83588,2.390991335845139,15.835876
*/C=C(/*)c1ccccc1[Si](C)(C)C,190.0,184.02615,2.1572670791451096,-5.9738464
*c1ccc(Cc2ccc(N3C(=O)c4c(c(-c5ccccc5)c(-c5ccc(Oc6ccc(-c7c(-c8ccccc8)c8c(c(-c9ccccc9)c7-c7ccccc7)C(=O)N(*)C8=O)cc6)cc5)c(-c5ccccc5)c4-c4ccccc4)C3=O)cc2)cc1,356.0,325.12018,5.974446521577139,-30.879822
*CCCCCCCCCCOc1ccc(-c2cc(-c3ccc(-c4ccccc4)cc3)c(-c3ccc(NC(=O)c4ccc(C(=O)Nc5ccc(-c6c(-c7ccc(-c8ccccc8)cc7)cc(-c7ccc(O*)cc7)cc6-c6ccc(-c7ccccc7)cc6)cc5)cc4)cc3)c(-c3ccc(-c4ccccc4)cc3)c2)cc1,111.0,110.23415,1.36234231865639,-0.76584625
*/C=C/c1c(OC(=O)c2ccc(C(=O)Oc3ccc4ccccc4c3/C=C/c3cccc(*)n3)cc2)ccc2ccccc12,145.0,144.16058,1.1591360526416539,-0.8394165
*CC(*)P(=O)(N(C)C)N(C)C,24.999994,24.936312,1.2369785121746053,-0.063682556
*c1cccc(P(C)(=O)c2cccc(N3C(=O)c4ccc(NC(=O)OCCOc5ccc(C(c6ccc(OCCOC(=O)Nc7ccc8c(c7)C(=O)N(*)C8=O)cc6)(C(F)(F)F)C(F)(F)F)cc5)cc4C3=O)c2)c1,204.0,205.50462,0.8431683777906418,1.5046234
*CC(O)CN(*)c1cc(C)cc(C)c1,80.0,81.11748,0.8235394216586596,1.1174774
*CC(*)(C)C(=O)OCc1ccc2c(c1)c1ccccc1n2CCCCCCCCCCCCCC,25.999994,29.311571,1.3807436141606702,3.3115768
*CCNC(=O)c1ccc(C(=O)N*)c(Oc2ccccc2)c1,164.0,165.0299,1.1694723623981542,1.0299072
*c1ccc(Oc2ccc(-c3cccc4c3C(=O)N(Oc3ccc(C(=O)c5ccc(Oc6cccc7c6C(=O)N(*)C7=O)cc5)cc3)C4=O)cc2)cc1,252.0,246.26837,1.083107070809796,-5.7316284
*c1ccc(Oc2ccc(C(=O)c3ccc(C(=O)c4ccc(Oc5ccc(-c6nc(-c7ccc(-c8nc(*)c(-c9ccccc9)[nH]8)cc7)[nH]c6-c6ccccc6)cc5)cc4)cc3)cc2)cc1,278.0,270.698,1.2349280476953417,-7.302002
*CC(*)(C)C(=O)Oc1c(OC)cc(/C=C/c2ccccc2)cc1OC,140.0,134.60445,0.8780998937812755,-5.3955536
*c1cc(C(C)C)c(Oc2ccc(S(=O)(=O)c3ccc(Oc4cc(C)c(C5(*)OC(=O)c6ccccc65)cc4C(C)C)cc3)cc2)cc1C,230.0,228.41693,1.1132641881245304,-1.5830688
*Oc1ccc(C(c2ccccc2)(c2ccccc2)c2ccc(Oc3ccc(C(=O)Nc4ccc(NC(=O)c5ccc(*)cc5)cc4)cc3)cc2)cc1,254.0,244.43697,2.9626321387278116,-9.563034
*/C=C/c1ccc(OC(=O)CCCCCCCCC(=O)Oc2cccc(-c3nnc(*)s3)c2)cc1,37.000004,39.043934,1.4271242200690226,2.04393
*CC(*)(C)C(=O)OC1CCOCC1,153.5,150.4557,1.6334431498078217,-3.0442963
*Oc1cc(CCC)cc(OC(=O)c2cccc(C(*)=O)c2)c1,129.0,121.07793,0.9739963893591996,-7.9220734
*c1ccc(Oc2ccc(-c3ccc(Oc4ccc(N5C(=O)c6ccc(Oc7ccc(Sc8ccc(Oc9ccc%10c(c9)C(=O)N(*)C%10=O)cc8)cc7)cc6C5=O)cc4)cc3)cc2)cc1,205.0,202.9555,1.2824533740951563,-2.0444946
*Oc1ccc(C2(c3ccc(OC(*)=O)cc3)c3cc(OC)ccc3-c3ccc([N+](=O)[O-])cc32)cc1,294.0,282.89856,3.8389386615076884,-11.10144
*CCOCCOCCN1C(=O)c2ccc(C(=O)Oc3ccc(OC(=O)c4ccc5c(c4)C(=O)N(*)C5=O)c(-c4ccccc4)c3)cc2C1=O,105.0,108.21026,1.1656920934107968,3.2102585
*CC(*)(C)C(=O)OCCN(CC)c1ccccc1,37.500004,46.066036,1.358786993371865,8.566032
*CC(*)(C)c1ccc(C(C)C)cc1,140.0,139.01662,1.3661719118914355,-0.9833832
*c1ccc(Oc2ccc(C(C)(C)c3ccc(Oc4ccc(N5C(=O)c6ccc(-c7ccc8c(c7)C(=O)N(*)C8=O)cc6C5=O)cc4)cc3)cc2)cc1,230.0,239.54291,2.2202402153643894,9.542908
*C(=O)c1ccc2c(c1)C(=O)N(c1cc(OCCCCCCCCCCCCCCCC)cc(N3C(=O)c4ccc(*)cc4C3=O)c1)C2=O,179.0,171.47964,2.540329449485595,-7.520355
*C/C=C(\C)C(C)S(*)(=O)=O,73.0,71.579895,0.7837484200468047,-1.420105
*CCOCCOP(=O)(/N=N/c1ccc(C(=O)c2ccc(/N=N/P(=O)(O*)OC)cc2)cc1)OC,33.000004,32.958355,0.6037190001585846,-0.041648865
*Oc1cc2ccccc2cc1OC(=O)c1ccc(Oc2ccc(C(*)=O)cc2)cc1,148.0,141.4229,1.2769974420775283,-6.5771027
*Oc1ccc(C2(c3ccc(OC(=O)c4ccc(C(*)=O)cc4)cc3)CCc3ccccc32)cc1,312.0,263.38373,7.367021043504936,-48.616272
*CCCCCCNC(=O)CCP(=O)(CCC(=O)N*)c1ccccc1,28.999994,33.375355,0.7505626787293866,4.3753605
*O[Si](C)(C)O[Si](C)(C)O[Si](C)(C)O[Si](C)(C)C#Cc1ccc(C#C[Si](*)(C)C)cc1,84.0,92.30411,0.8186918220291849,8.304108
*CCN(CCOC(=O)c1cccc(C(=O)O*)c1)c1ccccc1,60.000004,44.270496,1.1125483058374903,-15.729507
*CCCCCCOc1ccc(CCc2ccc(O*)cc2C)cc1,17.900003,11.235079,1.52180405087064,-6.6649246
*CCCCCCCCCOC(=O)Nc1ccc(Cc2ccc(NC(=O)O*)cc2)cc1,72.0,74.1202,1.9673926022517796,2.120201
*ON(C(F)(F)F)C(F)(C(*)(F)F)C(F)(F)F,-8.999998,-15.953596,2.812157577665039,-6.953598
*c1c(C)cc(-c2cc(C)c(N3C(=O)c4ccc(-c5ccc6c(c5)C(=O)N(*)C6=O)cc4C3=O)c(C)c2)cc1C,285.0,340.4057,10.000138304295373,55.4057
*CCC[Si](*)(C)O[Si](C)(C)CCCOc1ccc(C#N)cc1,-45.499996,-33.393185,2.656319554458754,12.106812
*C(=O)Nc1ccc(Cc2ccc(NC(=O)c3ccc4c(c3)C(=O)N(c3cccc(P(=O)(c5ccccc5)c5cccc(N6C(=O)c7ccc(*)cc7C6=O)c5)c3)C4=O)cc2)cc1,233.0,227.1335,1.7869854486875276,-5.866501
*CC(COc1ccc(C(C)(C)c2ccc(O*)cc2)cc1)OC(=O)c1ccccc1Cl,66.0,57.992176,0.5150202318205229,-8.007824
*c1ccc2oc(-c3ccc4oc5ccc(-c6nc7cc(C(*)(C(F)(F)F)C(F)(F)F)ccc7o6)cc5c4c3)nc2c1,195.0,184.44421,1.4118892061546575,-10.555786
*Oc1ccc(C2(c3ccc(Oc4ccc(C(=O)c5ccc(C(=O)c6ccc(*)cc6)cc5)cc4)cc3)c3ccccc3-c3ccccc32)cc1,243.0,238.94171,1.2700291092422535,-4.0582886
*CC(*)(C)C(=O)OCCCN(CCO)c1ccc(/N=N/c2ccc([N+](=O)[O-])cc2)cc1,131.0,136.36998,0.7813107445148303,5.36998
*CCCCCCCC(=O)OC1COC(*)OC1,6.5000024,13.582109,1.3847075662275286,7.082107
*c1nc(C)nc(N(CCCCN(*)c2ccccc2)c2ccccc2)n1,85.0,76.31502,1.6085805873011878,-8.684982
*Oc1ccc(NC(=O)c2ccc3cc(C(=O)Nc4ccc(Oc5ccc(C6(c7ccc(*)cc7)C7CC8CC(C7)CC6C8)cc5)cc4)ccc3c2)cc1,266.0,267.67072,1.5007410262719043,1.6707153
*C(=O)Nc1cccc(P(=O)(c2ccccc2)c2cccc(NC(=O)c3ccc4c(c3)C(=O)N(c3cccc(P(=O)(c5ccccc5)c5cccc(N6C(=O)c7ccc(*)cc7C6=O)c5)c3)C4=O)c2)c1,206.0,209.06795,1.5631327437583513,3.0679474
*c1ccc(Oc2ccc(Oc3ccc(-n4c(=O)c5cc6c(=O)n(*)c(=O)c6cc5c4=O)cc3)cc2)cc1,312.0,336.0014,16.856555573512164,24.001404
*C(=O)Nc1ccc(-c2sc(-c3ccc(NC(=O)c4ccc5c(c4)C(=O)N(c4ccc(Oc6cccc7c(Oc8ccc(N9C(=O)c%10ccc(*)cc%10C9=O)cc8)cccc67)cc4)C5=O)cc3)c(-c3ccccc3)c2-c2ccccc2)cc1,340.0,305.43582,5.446869760519786,-34.56418
*O[Si](*)(C)CCCOc1ccc(-c2ccc(OC(=O)CCCCC(=O)OC3CC(C)CCC3C(C)C)cc2)cc1,43.3,44.782085,1.0175043552710925,1.4820862
*c1ccc(N(c2ccc(C#N)cc2)c2ccc(-n3c(=O)c4cc5c(=O)n(*)c(=O)c5cc4c3=O)cc2)cc1,353.0,357.95322,13.599573499054378,4.9532166
*c1ccc(Oc2ccc(-c3ccc(Oc4ccc(N5C(=O)CC(=O)N(*)C5=S)cc4)cc3)cc2)cc1,158.5,153.90994,0.6820597288433407,-4.5900574
*CC(*)OCC(CC)CCCC,-66.0,-60.88705,3.168245344251812,5.1129494
*C(=O)NCCCCCCNC(=O)c1ncn(C)c1*,86.0,113.95999,8.25110341350209,27.959991
*/C=C/c1cccc(/C=C/[Si](C)(CCC(F)(F)F)c2ccc([Si](*)(C)CCC(F)(F)F)cc2)c1,36.850002,39.121937,0.7876326783716446,2.2719345
*C(=O)Nc1cccc(NC(=O)c2cccc(NC(=O)c3ccc(-c4nc5cc(*)ccc5[nH]4)cc3)c2)c1,292.0,300.34192,3.5576094893882204,8.341919
*CCCCCCCOC(=O)Nc1ccc(C)c(NC(=O)O*)c1,61.000004,24.990465,11.548582894482092,-36.009537
*Oc1ccc(C2(c3ccc(OC(=O)c4ccc(Oc5ccc(C6(c7ccc(Oc8ccc(C(*)=O)cc8)cc7)CCC(C(C)(C)C)CC6)cc5)cc4)cc3)CC3CC2C2CCCC32)cc1,181.0,178.34473,1.3975517678813427,-2.6552734
*CC(*)c1ccccc1COC(C)C,88.0,80.93305,0.642338786513234,-7.066948
*C1C(=O)N(C2CCCCC2)C(=O)C1*,232.0,225.7417,2.280957002877326,-6.258301
*CC(OC)C1(C)C(=O)OC(=O)C1(*)C,260.0,255.99312,1.1021210970427877,-4.0068817
*c1ccc(Cc2ccc(N3C(=O)C(C)C(SCCOCCSC4C(=O)N(c5ccc(Cc6ccc(N7C(=O)CC(C)(SCCOCCSC8(C)CC(=O)N(*)C8=O)C7=O)cc6)cc5)C(=O)C4C)C3=O)cc2)cc1,105.0,132.44447,1.6687636047706713,27.444473
*/C(C)=C(/*)[Si](C)(C)C,75.0,60.89941,3.5128266330488223,-14.10059
*c1ccc(C(c2ccccc2)c2ccc(N3C(=O)c4ccc(S(=O)(=O)c5ccc6c(c5)C(=O)N(*)C6=O)cc4C3=O)cc2)cc1,305.0,298.98764,2.2835312887725894,-6.0123596
*CCCCCCCCCCCCCCCCCCNC(=O)CCc1ccc(CCC(=O)N*)cc1,65.0,65.96971,0.6718585109754128,0.9697113
*CC(*)(C)C(=O)OCCCCCCCCCCOc1ccc(/N=N/c2ccc(OC)cc2)cc1,62.000004,57.36691,1.2357304306800259,-4.633095
*N(C)[Si](*)(C)C=C,-19.999998,-25.259947,2.982025888362326,-5.2599487
*Oc1cc(CCCC)cc(OC(=O)c2cccc(C(*)=O)c2)c1,97.5,101.53845,1.0726908578664887,4.038452
*CC(*)c1ccc(C(=O)N2CCOCC2)cc1,127.0,129.65147,0.8488406662747743,2.651474
*CC(*)SC,-0.99999774,-24.182173,2.890130311856428,-23.182175
*Oc1ccc(S(=O)(=O)c2ccc(Oc3c(C)cc(C(C)(C)c4cc(C)c(*)c(C)c4)cc3C)cc2C(O)(C(F)(F)F)C(F)(F)F)c(C(O)(C(F)(F)F)C(F)(F)F)c1,187.0,179.81937,1.5298051559579322,-7.1806335
*Oc1ccc(C(c2ccc(OC(*)=O)cc2)C(Cl)Cl)cc1,165.0,161.31528,1.0287495506872215,-3.684723
*O[Si](*)(C)CCCCCCCCCCC(=O)Oc1ccc(-c2ccc(OC(=O)c3ccc(OCC(C)CC)cc3)cc2)cc1,29.200006,47.199306,2.36793167407778,17.9993
*CC(*)(C)C(=O)OCC(=O)N1CCCC1,144.0,142.38365,0.799716176553683,-1.6163483
*CC(*)(CC(=O)OC(C)C)C(=O)OC12CC3CC(CC(C3)C1)C2,180.0,168.536,1.2428209745493815,-11.4640045
*Oc1ccc(C(=O)c2cccc(NC(=O)c3cccc(C(=O)Nc4ccc(C(=O)c5ccc(*)cc5)cc4)c3)c2)cc1,204.0,208.85382,2.3250074307913935,4.853821
*OC1C(CO)OC(*)C(NC(C)=O)C1O,154.6,145.11053,0.8842950611798597,-9.489471
*N=P(*)(OCCOCCOCCOCCOC)OCCOCCOCCOCCOC,-80.0,-63.94746,3.796608613086233,16.05254
*c1ccc(Oc2ccc(-c3ccc(Oc4ccc(N5C(=O)c6ccc(Oc7ccc(C8(c9ccc(Oc%10ccc%11c(c%10)C(=O)N(*)C%11=O)cc9)CCC(C(C)(C)C)CC8)cc7)cc6C5=O)cc4)cc3C)c(C)c2)cc1,236.0,235.30821,1.1264460147773818,-0.6917877
*OC(=O)c1cccc(C(=O)Oc2ccc3c(c2)Oc2cc(*)ccc2C32OC(=O)c3ccccc32)c1,276.0,273.79776,1.8428209159600433,-2.20224
*c1ccc2c(c1)C(=O)N(c1cccc(C(=O)Nc3ccc(NC(=O)c4ccc(NC(=O)c5cccc(N6C(=O)c7ccc(C(*)(C(F)(F)F)C(F)(F)F)cc7C6=O)c5)cc4)cc3)c1)C2=O,328.0,304.3433,4.1051932544207705,-23.656708
*Oc1ccc(OC(=O)c2ccc(C(*)=O)cc2Sc2ccc3ccccc3c2)cc1,148.0,139.37636,0.793977546432798,-8.623642
*c1ccc(Oc2ccc(C(=O)c3cccc(C(=O)c4ccc(Oc5ccc(N6C(=O)c7ccc(Oc8ccc9c(c8)C(=O)N(*)C9=O)cc7C6=O)cc5C(F)(F)F)cc4)n3)cc2)c(C(F)(F)F)c1,212.2,212.17166,0.9643663274294692,-0.028335571
*c1ccc(-c2ccc(N3C(=O)c4ccc(Oc5ccc(Oc6ccc7c(c6)C(=O)N(*)C7=O)cc5)cc4C3=O)cc2)cc1,266.0,264.5417,4.422054316017063,-1.458313
*Oc1ccc2ccc(Oc3ccc(/C(=N/c4ccc(/N=C(\c5ccccc5)c5ccc(*)cc5)cc4)c4ccccc4)cc3)cc2c1,171.0,170.90108,0.7547758177333445,-0.09892273
*C(=O)c1ccc2c(c1)C(=O)N(c1ccc(Oc3c(C)cc(Cc4cc(C)c(Oc5ccc(N6C(=O)c7ccc(*)cc7C6=O)cc5)c(C)c4)cc3C)cc1)C2=O,303.0,282.5789,2.761495187223303,-20.421112
*Oc1ccc(NCC(=O)c2ccc(Sc3ccc(C(=O)CNc4ccc(*)cc4)cc3)cc2)cc1,208.0,213.51671,1.5436351095087488,5.5167084
*/C=C/c1ccc(/C=C/c2ccc3c(c2)Sc2cc(*)ccc2N3c2ccc(OCCCCCCCCCCCC)cc2)s1,155.0,151.24898,0.7285954286175659,-3.7510223
*OC(=O)Nc1ccc(C)c(NC(=O)OC2CCN(c3ccc(/C=C/C4=CC(=C(C#N)C#N)C=C(/C=C/c5ccc(N6CCC(*)CC6)s5)O4)s3)CC2)c1,212.0,222.1775,1.5916848856589287,10.1775055
*CCCCCCOC(=O)c1ccc(-c2ccc(C(=O)O*)cc2)cc1,51.000004,57.877728,9.992415656054371,6.8777237
*CCCCCCOC(=O)CCC(=O)O*,-49.999996,-43.08685,4.4273645791843,6.913147
*CCN(*)C(=O)c1cc(F)cc(F)c1,106.0,106.97614,0.6574014273666764,0.9761429
*CCCCCCn1c2ccccc2c2cc(/C=C(\C#N)C(=O)OCCCCCCOC(=O)/C(C#N)=C/c3ccc4c(c3)c3ccccc3n4*)ccc21,117.7,100.2629,0.6627499665690089,-17.437096
*c1nnc(-c2ccc(Oc3ccc(/C=C/c4ccc(Oc5ccc(*)c6ccccc56)cc4)cc3)c3ccccc23)o1,238.0,232.32994,0.9970483016693847,-5.670059
*CC(O)COc1ccc(C(C)(C)c2ccc(OCC(O)COc3cccc(NC(=O)Cc4cccc(CC(=O)Nc5cccc(O*)c5)c4)c3)cc2)cc1,119.0,122.14936,0.9317411127272329,3.1493607
*c1ccc(-c2sc(-c3ccc(-c4cc(CCCC)c(*)s4)cc3)cc2CCCC)cc1,58.3,49.27965,2.3492929729057526,-9.020348
*c1ccc(Oc2cccc(Oc3ccc(N4C(=O)c5ccc(-c6ccc7c(c6)C(=O)N(*)C7=O)cc5C4=O)cc3)c2)cc1,234.0,222.27089,2.090502992254259,-11.729111
*CCCNC(=O)C(OC)C(OC)C(=O)N*,123.0,116.092094,1.0830187898314498,-6.9079056
*C(=O)Nc1ccc(Oc2cccc(NC(=O)c3ccc4c(c3)C(=O)N(c3ccc(Oc5cccc(N6C(=O)c7ccc(*)cc7C6=O)c5)cc3)C4=O)c2)cc1,211.0,237.91933,4.090117837435231,26.919327
*c1ccc(Oc2ccc(-n3nccc3-c3ccc(-c4ccnn4*)cc3)cc2)cc1,243.0,234.9226,2.2081676083113524,-8.077393
*CC(*)(F)C(=O)OCC(F)(F)C(F)(F)C(F)(F)F,75.0,70.297646,1.1667726190745886,-4.7023544
*CC(CO*)(CSC(C)C)CSC(C)C,-8.999998,-5.449079,1.6781604499284242,3.550919
*CCN(*)CCOCCOC,15.999994,-3.3388495,3.9273386044937797,-19.338844
*CCCCCOc1ccc(OC(=O)c2ccc(C(=O)Oc3ccc(O*)cc3)cc2)cc1,112.0,73.10629,4.2086736410673256,-38.893707
*c1ccc(Oc2cccc(Oc3ccc(N4C(=O)c5ccc(Oc6ccc(S(=O)(=O)c7ccc(Oc8ccc9c(c8)C(=O)N(*)C9=O)cc7)cc6)cc5C4=O)cc3)c2)cc1,219.0,207.69092,1.864292776785901,-11.309082
*CCSSCCOCO*,-57.499996,-57.064068,3.204265030641017,0.43592834
*Nc1ccc(*)cc1OC,90.0,102.99154,4.9557506349043585,12.991539
*Oc1ccc(Oc2ccc(C(=O)Nc3ccc(Oc4ccc(-c5ccc(Oc6ccc(NC(=O)c7ccc(*)cc7)cc6)cc5)cc4)cc3)cc2)cc1-c1ccccc1,232.0,222.039,2.738192150611725,-9.960999
*C(=O)c1ccc2c(c1)C(=O)N(c1ccc(-c3ccc(N4C(=O)c5ccc(*)cc5C4=O)cc3C)c(C)c1)C2=O,385.00003,341.55896,12.557800147807217,-43.44107
*O[Si](*)(C)CCCC(=O)OCCCC,-90.999985,-73.23903,4.018825344772556,17.760956
*CCC(*)(C)C,-11.999998,-17.98982,2.4234774792078215,-5.9898224
*OP(=O)(Oc1ccc(C(C)(C)c2ccc(*)cc2)cc1)Oc1c(Cl)c(Cl)c(Cl)c(Cl)c1Cl,130.0,121.95857,0.7337470373575258,-8.041428
*CCN(CCOC(=O)c1ccc(C(=O)O*)c(OCCCCC)c1)c1ccc(/N=N/c2nc(C#N)c(C#N)[nH]2)cc1,131.0,138.42781,0.8682678747142488,7.4278107
*CC(*)(C)C(=O)OCC(C)Oc1ccc(-c2ccc(-c3ccc(C#N)cc3)cc2)cc1,140.0,135.43727,0.9106618561573895,-4.562729
*c1ccc2c(c1)C(=O)N(C1CCC(N3C(=O)c4ccc(C(*)(C(F)(F)F)C(F)(F)F)cc4C3=O)CC1)C2=O,346.5,343.43494,5.18045263845084,-3.0650635
*c1ccc(-c2sc(-c3ccc(-c4cc(CCCCCCCC)c(*)s4)cc3)cc2CCCCCCCC)cc1,-3.9999976,6.540972,3.1955852197166412,10.54097
*Oc1ccc(Oc2ccc(C(=O)c3ccc(-c4ccc(C(=O)c5ccc(*)cc5)cc4)cc3)cc2)cc1-c1cccc(C)c1,170.0,166.30719,1.1720185826917608,-3.69281
*CCc1ccc(*)c(CC)c1,24.999994,27.381464,1.597222186976883,2.3814697
*Oc1ccc(S(=O)(=O)c2ccc(Oc3ccc(C4(c5ccc(*)cc5)CCCCC4)cc3)cc2)cc1,226.0,216.55008,1.2858138110039965,-9.449921
*CC(C)(CC)CO*,-46.999996,-50.13232,4.278583379236426,-3.1323242
*CC(*)Cl,80.0,64.132355,1.6661136045843707,-15.867645
*C(=O)Nc1ccc(S(=O)(=O)c2ccc(NC(=O)c3ccc(N4C(=O)c5ccc(*)cc5C4=O)cc3)cc2)cc1,252.0,308.2639,10.940020117061422,56.263885
*c1cc(N2C(=O)c3ccc(Oc4cccc5c(Oc6ccc7c(c6)C(=O)N(*)C7=O)cccc45)cc3C2=O)cc(C(F)(F)F)c1,250.0,246.87415,1.03334298906587,-3.1258545
*OC(=O)CNC(=O)CNC(=O)CCCCCCCCC(=O)NCC(=O)NCC(=O)OC1COC2C(*)COC12,47.000004,42.05834,0.6682633911810758,-4.9416656
*c1ccc2oc(-c3ccc(C(c4ccccc4)(c4ccc(-c5nc6cc(C(*)(C(F)(F)F)C(F)(F)F)ccc6o5)cc4)C(F)(F)F)cc3)nc2c1,310.0,313.52774,2.381729896743141,3.5277405
*CCCCCCN1C(=O)C(C)C(SCCOCCSC2C(=O)N(CCCCCCN3C(=O)CC(C)(SCCOCCSC4(C)CC(=O)N(*)C4=O)C3=O)C(=O)C2C)C1=O,78.0,88.586266,1.540679843543232,10.586266
*c1ccc(S(=O)(=O)c2ccc(N3C(=O)C(C)C(SCCOCCSC4C(=O)N(c5ccc(S(=O)(=O)c6ccc(N7C(=O)CC(C)(SCCOCCSC8(C)CC(=O)N(*)C8=O)C7=O)cc6)cc5)C(=O)C4C)C3=O)cc2)cc1,157.0,143.89827,1.7064247099672298,-13.10173
*CC(*)(C)OC,67.0,49.01618,0.9974001689140387,-17.983822
*c1ccc(-c2nc3cc(Oc4ccc5nc(*)c(-c6ccccc6)nc5c4)ccc3nc2-c2ccccc2)cc1,326.0,290.54593,5.521628983321456,-35.45407
*Nc1cc(NC(=O)Nc2ccc(Cc3ccc(NC(*)=O)cc3)cc2)cc(C(=O)Nc2ccc3c(c2)C(=O)c2ccccc2C3=O)c1,168.0,167.45036,1.0712601405163509,-0.54963684
*Oc1ccc(OC(=O)c2cc(OCCCCOCC3CCCN3c3ccc([N+](=O)[O-])cc3)c(C(*)=O)cc2OCCCCOCC2CCCN2c2ccc([N+](=O)[O-])cc2)cc1,68.0,55.654575,0.8075579465181354,-12.345425
*Oc1ccc(C(C)(C)c2ccc(OC(=O)c3ccc(C(=O)c4ccc(C(*)=O)cc4)cc3)cc2)cc1,194.0,169.4373,13.3636130003477,-24.562698
*Nc1ccc(NC(=O)CCCCCCCC(*)=O)cc1,130.0,129.74557,2.135541999569974,-0.25442505
*CCOCCOC(=O)NCCCCCCNC(=O)O*,16.999994,-7.811994,6.412979087479023,-24.811989
*C(=O)Nc1ccc(Oc2ccc(C(c3ccc(Oc4ccc(NC(=O)c5ccc6c(c5)C(=O)N(c5ccc(Oc7ccc8ccc(Oc9ccc(N%10C(=O)c%11ccc(*)cc%11C%10=O)cc9)cc8c7)cc5)C6=O)cc4)cc3)(C(F)(F)F)C(F)(F)F)cc2)cc1,250.0,266.7277,2.3764780686718914,16.727692
*CC(CCCCCCCCCCCCCCCC)C(CCCCCCCCCCCCCCCC)COC(=O)c1ccc(C(=O)O*)cc1,-25.999998,-23.178724,1.4938014920950462,2.8212738
*CC(C)(C)S*,-13.999998,-39.740826,10.219612984810857,-25.740828
*OC(=O)OCCCCCCCCOC(=O)OC1COC2C(*)COC12,19.499994,21.340876,1.9246763376403584,1.8408813
*c1cccc(N2C(=O)c3cccc(Oc4ccc(C(=O)c5ccc(Oc6cccc7c6C(=O)N(*)C7=O)cc5)cc4)c3C2=O)c1,248.0,244.64905,0.8779684148153044,-3.3509521
*C(=O)CCC1(CCC(=O)N2CCN(*)CC2)c2ccccc2-c2ccccc21,145.0,143.16798,0.8678932827100442,-1.832016
*CCCCCCOC(=O)c1cc(/N=N/c2ccc(OCC)cc2)ccc1-c1ccc(/N=N/c2ccc(OCC)cc2)cc1C(=O)O*,83.0,77.81044,1.0838842156974677,-5.18956
*Oc1ccc(Oc2ccc(NC(=C(C#N)C#N)c3ccc(C(Nc4ccc(*)cc4)=C(C#N)C#N)cc3)cc2)cc1,255.0,237.6089,1.7917318864841643,-17.391098
*/C=C/c1ccc(-c2nnc(-c3ccc(/C=C/c4ccc5c(c4)c4cc(-c6ccc7c(c6)c6cc(*)ccc6n7CCCCCCCC)ccc4n5CCCCCCCC)cc3)n2-c2ccccc2)cc1,157.0,154.10751,1.1293540509430953,-2.8924866
*O[Si](*)(C)CCCOc1ccc(C(=O)Oc2ccc(-c3ccc(OC(=O)c4cc(OCC(C)CC)c(OCC(C)CC)c(OCC(C)CC)c4)cc3)cc2)cc1,60.000004,57.163,0.7686300145184283,-2.8370056
*c1ccc(Oc2ccc(N3C(=O)c4cccc(Oc5ccc(Oc6ccc(Oc7cccc8c7C(=O)N(*)C8=O)cc6)cc5)c4C3=O)cc2)cc1,239.0,246.88547,1.6812377174832334,7.8854675
*Nc1ccc(C(c2ccc(NC(=O)c3ccc(-c4ccc(C(*)=O)cc4)cc3)cc2)(P2(=O)Oc3ccccc3-c3ccccc32)P2(=O)Oc3ccccc3-c3ccccc32)cc1,251.0,245.51039,0.7414632975324789,-5.489609
*CC(O)COc1c(C)cc(S(=O)(=O)c2cc(C)c(O*)c(C)c2)cc1C,152.5,151.69962,0.7911657501473932,-0.8003845
*C(=O)c1ccc2c(c1)C(=O)N(c1cccc(C(=O)N(C)c3ccc(N4C(=O)c5ccc(*)cc5C4=O)cc3)c1)C2=O,260.5,288.66348,4.087381231828892,28.163483
*Oc1ccc(S(=O)(=O)c2ccc(Oc3ccc(C(C)(c4ccccc4)c4ccc(*)cc4)cc3)cc2)cc1,207.0,210.25569,1.6157830794099883,3.2556915
*C(=O)Nc1ccc(-c2cc(-c3ccccc3)cc(-c3ccc(NC(=O)c4ccc5c(c4)C(=O)N(c4cccc(P(=O)(c6ccccc6)c6cccc(N7C(=O)c8ccc(*)cc8C7=O)c6)c4)C5=O)cc3)n2)cc1,258.0,253.14615,2.1263706217270246,-4.8538513
*C(=O)Nc1ccc(Oc2ccccc2-c2ccccc2Oc2ccc(NC(=O)c3ccc4c(c3)C(=O)N(c3ccc(Oc5ccc(Oc6ccc(N7C(=O)c8ccc(*)cc8C7=O)cc6)cc5)cc3)C4=O)cc2)cc1,238.0,236.34802,1.5858908050302927,-1.6519775
*C1=C(c2ccc(-c3ccc4c(c3)C(CCCCCC)(CCCCCC)c3cc(-c5ccc(*)cc5)ccc3-4)cc2)C(=O)N(CCCCCCCCCCCC)C1=O,100.0,101.72926,1.0077508256385503,1.7292633
*C(=O)NCCNC(=O)c1ccc(N2C(=O)c3ccc(*)cc3C2=O)cc1,235.0,239.77289,2.2054465016193614,4.772888
*CC(*)n1c2ccccc2c2cc3ccccc3cc21,253.0,258.53674,1.602471501710671,5.536743
*CC(*)C(=O)Nc1cccc(Cl)c1,70.0,65.26072,0.7431619471282855,-4.7392807
*C1C2CC(C(=O)OCCc3ccc(N(c4ccccc4)c4cccc(C)c4)cc3)C(C2)C1*,305.0,305.17145,2.288092786820994,0.17144775
*Oc1ccc(C(C)c2ccc(OC(*)=O)cc2)cc1,130.0,124.613235,1.326326925885349,-5.3867645
*c1ccc([Si](c2ccccc2)(c2ccccc2)c2ccc(-c3nnc(*)o3)cc2)cc1,262.0,263.67877,1.7770680285079963,1.678772
*CC(*)(C)C(=O)OC1CC(C)CC(C)(C)C1,125.0,123.65244,1.5012936463463207,-1.3475571
*c1cc(Br)c(OC(=O)c2ccc(C(=O)Oc3c(Br)cc(C4(*)OC(=O)c5ccccc54)cc3Br)cc2)c(Br)c1,319.0,312.54337,4.338844833779196,-6.4566345
*CCCCCCOC(=O)OCCCCCOC(=O)OCCCCCCOc1ccc(Oc2ccc(O*)cc2)cc1,-10.999998,-5.6144996,1.6499181815924095,5.3854985
*C(F)(F)C(=O)NCCCCCCNS(*)(=O)=O,52.000004,51.657665,0.9075263629513817,-0.34233856
*CC(*)c1ccc(C(=O)OCCN(C)C)cc1,91.0,86.176186,0.9759820306764273,-4.8238144
*CC(CCCCCCCCCC)C(CCCCCCCCCC)COC(=O)c1ccc(C(=O)O*)cc1,-37.999996,-18.76277,1.4754003013131602,19.237226
*OS(=O)(=O)c1cccc(S(=O)(=O)Oc2ccc(C(C)(C)c3ccc(*)cc3)cc2)c1,124.0,123.30282,0.7647749213803847,-0.6971817
*c1ccc(Oc2ccc(C(=O)c3ccc(Oc4ccc(-c5cc(*)[nH]n5)cc4)cc3)cc2)cc1,229.0,235.19958,1.6588434618088896,6.199585
*CCC(CC)CC(C)CNC(=O)c1ccc(C(=O)N*)cc1,139.0,152.84886,1.036533880418432,13.848862
*CC(O)CN(*)c1cc(C)c(/N=N/c2ccc([N+](=O)[O-])cc2C)c(C)c1,149.0,147.75294,0.7018859296048783,-1.247055
*CC(*)OC(=O)c1cccc([Si](C)(C)C)c1,80.0,70.78362,0.9327862422217708,-9.216377
*c1ccc(-c2cc(C(C)(C)C)c(Oc3ccc(N4C(=O)c5ccc(S(=O)(=O)c6ccc7c(c6)C(=O)N(*)C7=O)cc5C4=O)cc3)c(C(C)(C)C)c2)cc1,354.5,344.09488,4.823624065647197,-10.405121
*Oc1ccc(NC(=O)c2ccc(-c3ccc(C(=O)Nc4ccc(Oc5ccc(C6(c7ccc(*)cc7)CC7CCC6C7)cc5)cc4)cc3)cc2)cc1,296.0,288.4513,1.476831856442452,-7.548706
*CC(*)c1c(C)cc(C)cc1C,126.0,123.12591,0.9730363991711808,-2.874092
*C(=O)OCC(COc1ccc(/N=N/c2ccc(C#N)cc2)cc1)OC(=O)c1ccc(*)s1,119.0,114.74231,0.5166093941531493,-4.2576904
*CCCCCCOP(=O)(/N=N/c1ccc(Oc2ccc(/N=N/P(=O)(O*)OC)cc2)cc1)OC,24.999994,28.217295,0.6583303150036053,3.2173004
*O[Si](*)(C)CCc1cc(C(=O)Oc2ccc(OCCCC)cc2)ccc1C(=O)Oc1ccc(OCCCC)cc1,92.0,92.65119,0.6472668129414866,0.6511917
*Nc1ccc(C(C)(C)c2ccc(C(C)(C)c3ccc(Nc4ccc(C(O)(c5ccccc5)c5ccc(C(O)(c6ccccc6)c6ccc(*)cc6)cc5)cc4)cc3)cc2)cc1,177.0,177.22421,1.3412396042702364,0.22421265
*CCCCCCCCOC(=O)Nc1ccc(Cc2ccc(NC(=O)O*)cc2)cc1,79.0,76.543846,1.9876461227430227,-2.4561539
*CCCCCCCCCCCNC(=O)CCCCCCCCC(=O)N*,40.000004,44.26563,0.5662476519403932,4.265625
*Oc1ccc(C(=O)Nc2cc(SCCC#N)c(NC(=O)c3ccc(*)cc3)cc2SCCC#N)cc1,158.0,157.4068,1.2099428552650502,-0.5932007
*c1ccc2c(c1)C(=O)N(c1cc(N3C(=O)c4ccc(C(*)(C(F)(F)F)C(F)(F)F)cc4C3=O)cc(C(F)(F)F)c1)C2=O,284.0,282.83643,2.2983497170026586,-1.1635742
*CC(*)c1cc(C)ccc1C,143.0,138.97632,0.9145146977639568,-4.0236816
*c1ccc(/C=C/c2cc(OCC(CC)CCCC)c(/C=C/c3ccc(N(*)c4ccccc4)cc3)cc2OC)cc1,147.0,144.90874,1.9271494617027838,-2.0912628
*Oc1cc(OCCOC)c(OC(=O)c2ccc(C(*)=O)cc2-c2ccccc2)cc1OCCOC,92.0,99.95577,1.266189986269332,7.9557724
*CC(*)C(=O)NCP(=O)(O)O,25.999994,30.586924,0.8344692979457251,4.5869293
*Cc1cc2cc(C(=O)Nc3ccc(NC(=O)c4cc5cc(*)c(OC(=O)COc6ccc7ccc(=O)oc7c6)cc5oc4=O)cc3)c(=O)oc2cc1OC(=O)COc1ccc2ccc(=O)oc2c1,252.0,250.61928,1.630580877328392,-1.380722
*Oc1cccc2ccc(Oc3ccc(NC(=O)c4cc(C(=O)Nc5ccc(*)cc5)cc(C(C)(C)C)c4)cc3)cc12,263.0,257.12457,1.419436234940515,-5.8754272
*N=P(*)(OCCCCCCC)OCCCCCCC,-93.999985,-82.64151,4.258029305473706,11.358475
*c1cccc(-c2cc(C(=O)Nc3ccc(OC(=O)c4cc(OCCCCCCCCCCCC)c(OCCCCCCCCCCCC)c(OCCCCCCCCCCCC)c4)cc3)cc(-c3cccc(N4C(=O)c5ccc(S(=O)(=O)c6ccc7c(c6)C(=O)N(*)C7=O)cc5C4=O)c3)c2)c1,268.0,262.27863,1.7047949153456374,-5.7213745
*CCCCNC(=O)C(OC)C(OC)C(=O)N*,100.0,110.89316,1.2796514217148103,10.893158
*OC(F)(F)COC(=O)c1cccc(C(F)(F)C(F)(F)C(F)(F)c2cccc(C(=O)OCC(*)(F)F)c2)c1,29.999994,33.3887,0.7512852632496584,3.3887043
*CCCP(CCCNC(=O)CCCCC(=O)N*)CC(C)C,71.0,70.38266,0.6497778465106278,-0.6173401
*CC(*)c1ccc(C(O)CCN2CCOCC2)cc1,50.000004,55.1117,3.792989826030797,5.1116943
*CCCCCCNC(=O)CC(C)(C)c1ccc(C(C)(C)CC(=O)N*)cc1,91.0,85.84253,0.7320357163520158,-5.1574707
*CCCCCCOC(=O)C(=O)O*,66.5,34.450024,11.863354115978886,-32.049976
*CC(*)c1ccc(/C(Cc2ccccc2)=N/O)cc1,111.0,109.643486,0.8022442275118885,-1.356514
*CC(C#N)C(CCC(C)(O)C=C)C(*)(C)C,50.000004,54.059856,0.5305117632395846,4.0598526
*CC(*)(C)C(=O)OCCCCCCOc1ccc(C(=O)Oc2ccc(/N=N/c3ccc(Br)cc3)c3ccccc23)cc1,46.000004,44.942997,0.6335053478365044,-1.0570068
*CC(CCl)(CCl)CO*,6.5000024,13.477297,1.3957417460192594,6.9772944
*Cc1ccc(CNC(=O)CCCCCCCCC(=O)N*)cc1,115.0,99.63783,0.8552411942884675,-15.362167
*c1ccc(-c2ccc(-n3c(=O)c4cc5c(=O)n(*)c(=O)c5cc4c3=O)cc2OC(F)(F)F)c(OC(F)(F)F)c1,384.00003,368.66275,9.320715328255462,-15.33728
*C(=O)c1ccc(Oc2ccc(-c3ccc(Oc4ccc(C(=O)c5ccc6c(c5)C(=O)N(c5ccc(Oc7ccc(N8C(=O)c9ccc(*)cc9C8=O)cc7)cc5)C6=O)cc4)cc3)cc2)cc1,233.0,237.05676,1.3144206179943685,4.0567627
*CC(*)C1CCCC(C)C1,141.0,138.14973,0.9252682215391184,-2.8502655
*c1ccc2c(c1)C(=O)N(c1ccc(Oc3ccc(C(c4ccc(Oc5ccc(N6C(=O)c7ccc(C(*)(C(F)(F)F)C(F)(F)F)cc7C6=O)cc5C(F)(F)F)cc4)(C(F)(F)F)C(F)(F)F)cc3)c(C(F)(F)F)c1)C2=O,234.0,228.88896,1.1337558473402805,-5.111038
*c1nnc(-c2sc(-c3nnc(-c4cc(OCCCCCCCC)c(*)cc4OCCCCCCCC)o3)cc2CCCCCCCC)o1,124.3,118.61094,0.8365150499172478,-5.689064
*Nc1ccc(-c2ccc(NC(=O)c3cccc(C(*)=O)c3)cc2)cc1,294.0,283.96295,5.306153860486873,-10.037048
*c1cccc(Oc2cccc(Oc3cccc(N4C(=O)c5ccc(Oc6ccc7c(c6)C(=O)N(*)C7=O)cc5C4=O)c3)c2C#N)c1,219.0,207.59795,1.0576865473866393,-11.402054
*Oc1cc(CCCCCCCCCCC)cc(OC(=O)c2cccc(C(*)=O)c2)c1,34.500004,41.63735,1.2096440822742769,7.1373444
*CC(COC(=O)O*)OCCOc1ccc(/C=C/c2ccc([N+](=O)[O-])cc2)cc1,53.000004,51.779118,0.7003740523992027,-1.2208862
*CC(*)CCCI,29.999994,27.782923,1.2630916695132803,-2.2170715
*CC(*)c1ccc(B(Oc2ccc(-c3c(F)c(F)c(F)c(F)c3F)c3cccnc23)c2ccc(C(C)(C)C)cc2)cc1,245.0,238.19789,0.9887200438224799,-6.802109
*CO*,-71.0,-62.30067,6.0040909180496635,8.699329
*CC(*)(C)C(=O)OCC(F)(F)C(F)(F)C(F)(F)C(F)(F)C(F)(F)C(F)F,12.500002,-5.163114,2.3528776204606654,-17.663116
*c1ccc2c(c1)C(=O)N(c1ccc(C(=O)Nc3ccc(Oc4ccccc4Oc4ccc(NC(=O)c5ccc(N6C(=O)c7ccc(C(*)(C(F)(F)F)C(F)(F)F)cc7C6=O)cc5)cc4)cc3)cc1)C2=O,281.0,275.81863,2.25275840377971,-5.181366
*C(=O)c1ccc(Oc2ccc(C(C)(C)c3ccc(Oc4ccc(*)s4)cc3)cc2)cc1,151.0,153.81104,0.9153588649839437,2.8110352
*C(=O)OC1CC2CC(OC(=O)N3CCN(*)CC3)CC(C1)O2,113.0,118.48004,1.1450741389875907,5.4800415
*C(=O)Nc1ccc(-c2cc(-c3ccccc3)cc(-c3ccc(NC(=O)c4ccc5c(c4)C(=O)N(c4ccc(NC(=O)Nc6ccc(N7C(=O)c8ccc(*)cc8C7=O)cc6)cc4)C5=O)cc3)n2)cc1,215.0,238.21236,2.26502139614548,23.212357
*CC(C[N-][N+]#N)O*,-34.999996,-39.04797,2.5344892910034917,-4.0479736
*c1ccc2c(c1)C(=O)N(c1cccc(Oc3ccc(Oc4cccc(N5C(=O)c6ccc(C(*)(C(F)(F)F)C(F)(F)F)cc6C5=O)c4)cc3)c1)C2=O,230.0,242.4063,2.098612485019592,12.406296
*c1ccc(Oc2ccc(C(=O)c3ccc(Oc4ccc(-c5nc(-c6ccccn6)nnc5*)cc4)cc3)cc2)cc1,223.0,216.30502,1.0097243191580458,-6.694977
*C(=O)Nc1ccc(Oc2ccc(S(=O)(=O)c3ccc(Oc4ccc(NC(=O)c5ccc6c(c5)C(=O)N(c5ccc(Oc7ccc(C8(c9ccc(Oc%10ccc(N%11C(=O)c%12ccc(*)cc%12C%11=O)cc%10)cc9)NC(=O)c9ccccc98)cc7)cc5)C6=O)cc4)cc3)cc2)cc1,302.0,302.57526,3.257587369896507,0.57525635
*c1ccc(-c2ccc(N(c3ccccc3)c3ccc(-c4ccc(N(c5ccccc5)c5ccc(-c6ccc(-n7c(=O)c8cc9c(=O)n(*)c(=O)c9cc8c7=O)cc6)cc5)cc4)cc3)cc2)cc1,220.0,293.08072,14.164415933547632,73.08072
*Oc1ccc(CC(NC(=O)CCc2ccc(OC(=O)CCC(*)=O)cc2)C(=O)OCCOCCOCC)cc1,34.000004,35.212162,0.8331183266988027,1.2121582
*c1nc(C)nc(N(CCCCCCCCCCN(*)c2ccccc2)c2ccccc2)n1,48.000004,63.96683,1.6970937351954551,15.966827
*CC(*)(C)C(=O)OCCCCCCN(C)c1ccc(/N=N/c2ccc(S(C)(=O)=O)cc2)cc1,100.0,106.28787,1.0667001085814656,6.2878723
*O[Si](*)(C)CCCOCCOCCOC,-90.10002,-73.37689,3.523439828815699,16.72313
*c1cc(C(=O)NCCCCCCCCCCCC)cc(N2C(=O)c3ccc(-c4ccc5c(c4)C(=O)N(*)C5=O)cc3C2=O)c1,243.1,241.08914,1.168599501242145,-2.0108643
*CC(*)(C)CCC,26.999994,-11.4811535,4.699707732098628,-38.481148
*C1C(*)C2CC1C(C(=O)OCC13CC4CC(CC(C4)C1)C3)C2C(=O)OCC12CC3CC(CC(C3)C1)C2,328.0,321.60565,2.111335627585662,-6.394348
*c1ccc2c(c1)C(=O)N(c1ccc(NC(=O)C(F)(F)C(F)(F)C(F)(F)C(F)(F)C(F)(F)C(F)(F)C(=O)Nc3ccc(N4C(=O)c5ccc(C(*)(C(F)(F)F)C(F)(F)F)cc5C4=O)cc3)cc1)C2=O,265.0,262.07672,1.4149207100231826,-2.9232788
*/C=C/C1CC(*)C(C#N)([Si](C)(C)O[Si](C)(C)C)C1,88.0,81.12391,1.1762522996461873,-6.876091
*c1cccc(OCCCCCCCCOc2cccc(N3C(=O)c4ccc(-c5cccc6c5C(=O)N(*)C6=O)cc4C3=O)c2)c1,142.0,143.1916,1.8884455309043608,1.1916046
*C(=O)c1ccc(N(*)CCCCC)cc1,83.5,81.011345,1.616142067777451,-2.488655
*C(=O)c1ccc2c(c1)C(=O)N(c1ccc(Oc3ccc(N4C(=O)c5ccc(*)cc5C4=O)cc3)cc1)C2=O,275.5,284.8302,4.085408680810945,9.3302
*O[Si](*)(C)CCCCCCCCCCC(=O)Oc1ccc(C(=O)Oc2ccc(OC(=O)c3ccc(OCC(C)CC)cc3)cc2)cc1,28.499994,23.025347,2.019622058600957,-5.4746475
*O[Si](C)(C)O[Si](C)(C)O[Si](C)(C)O[Si](C)(C)O[Si](C)(C)O[Si](C)(C)OC1=C(*)c2cccc3cccc1c23,-92.999985,-72.341675,5.021152702335693,20.65831
*OC(=O)C(C)NC(=O)CCCCCCCC(=O)NC(C)C(=O)OC1COC2C(*)COC12,46.000004,44.478245,0.6795172261947298,-1.521759
*CCSCc1ccc(Cc2ccc(CSCCOC(=O)CSCc3ccc(Cc4ccc(CSCC(=O)O*)cc4)cc3)cc2)cc1,14.000002,14.566408,0.925932894575374,0.56640625
*/C=C/c1nc(/C=C/c2ccc3c(c2)c2cc(*)ccc2n3CCCCCC)c(C#N)c(/C=C/c2ccc(N(c3ccccc3)c3ccccc3)cc2)c1C#N,134.0,134.58438,0.8605051177962522,0.5843811
*O[Si](*)(C)CCCCOc1ccc(-c2ccc(C#N)cc2)cc1,22.499994,10.941225,5.118137787201766,-11.558769
*OC(*)CCCCCC,-116.000015,-91.33449,4.978704527053533,24.665527
*Oc1ccc(NC(=O)Nc2cc(NC(=O)Nc3ccc(*)cc3)ccc2C)cc1,269.0,257.19672,6.598382546472574,-11.803284
*C(=O)Nc1ccc(NC(=O)c2ccc3c(c2)C(=O)N(c2ccc(-c4sc(-c5ccc(N6C(=O)c7ccc(*)cc7C6=O)cc5)c(-c5ccccc5)c4-c4ccccc4)cc2)C3=O)cc1,333.0,329.42712,8.933148638293828,-3.572876
*CCCNC(=O)CCCCC(=O)NCCCO*,34.000004,35.96213,0.9443424631487993,1.9621277
*/C=C(/*)c1ccccc1C[Si](C)(C)C,170.0,163.96577,1.5231784275726756,-6.0342255
*N=P(*)(NCC)NCC,29.999994,29.689363,1.504049416150806,-0.3106308
*c1ccc(Oc2ccc(-n3nccc3-c3cccc(-c4ccnn4*)c3)cc2)cc1,216.0,221.30287,1.8974826546378916,5.3028717
*c1ccc(C(Cl)(Cl)C(*)Cl)cc1,160.0,149.04118,1.1061634861829335,-10.958817
*CC#CCOC(=O)NCCCCCCNC(=O)O*,-44.999996,-44.365658,7.532384406246709,0.6343384
*c1ccc(Oc2ccc(-c3csc(/N=C/c4ccc(OCCCCCCCCOc5ccc(/C=N/c6nc(*)cs6)cc5)cc4)n3)cc2)cc1,150.0,126.29023,1.449966582868329,-23.70977
*CCCCCCOc1ccc(OC(=O)c2ccc(C(=O)Oc3ccc(O*)cc3)cc2)cc1,53.000004,71.251434,4.057307473539974,18.25143
*CCCCCCCCCCCC(=O)Oc1ccc(OC(=O)c2ccc3c(c2)C(=O)N(*)C3=O)cc1,58.000004,69.38331,2.4115418490464533,11.383305
*CC(*)(C)C(=O)OCCCCCOc1ccc2cc(C(=O)Oc3ccccc3)ccc2c1,48.000004,42.909252,1.4872740405395313,-5.0907516
*Oc1ccc(P(C)(=O)c2ccc(Oc3ccc(P(=O)(c4ccccc4)c4ccc(*)cc4)cc3)cc2)cc1,238.0,226.96394,1.0023243206137045,-11.0360565
*c1cccc(-n2c(=O)c3cc4c(=O)n(*)c(=O)c4cc3c2=O)n1,183.5,167.868,3.5307322774611536,-15.632004
*c1ccc(Oc2ccc(S(=O)(=O)c3ccc(Oc4ccc(N5C(=O)c6ccc([Si](C)(C)c7ccc8c(c7)C(=O)N(*)C8=O)cc6C5=O)cc4)cc3)cc2)cc1,246.0,243.18947,1.771669379640019,-2.8105316
*CC(*)(C)C(=O)OC1COC(CP(=O)(OCC)OCC)OC1,101.5,102.416214,0.5824540184225525,0.916214
*C(=O)c1ccc2c(c1)C(=O)N(c1cccc(C(O[Si](C)(C)O[Si](C)(C)O[Si](C)(C)C)c3cccc(N4C(=O)c5ccc(*)cc5C4=O)c3)c1)C2=O,235.0,238.32452,1.2963565285995484,3.324524
*/C=C/c1cccc(/C=C/[Si](C)(C)c2ccc([Si](*)(C)C)cc2)c1,39.900005,42.207935,1.018477226313603,2.30793
*Oc1cccc(C(=O)Nc2ccc(-c3ccc(NC(=O)c4cccc(Oc5nc(*)nc(Sc6ccccc6)n5)c4)cc3)cc2)c1,279.0,284.02417,2.2147630247007304,5.02417
*CCCCCC(*)CCC,-68.0,-72.019394,4.80049633432358,-4.019394
*Oc1ccc(CC(NC(=O)CCc2ccc(OC(=O)COCCOCC(*)=O)cc2)C(=O)OCCOCCOCC)cc1,17.999994,20.630869,0.9585160108751248,2.6308746
*C[Si](*)(C)CCCn1c2ccccc2c2ccccc21,71.2,67.818695,1.0424855682504028,-3.3813019
*/C=C/C(C*)OC,-10.499998,-9.116026,1.9139138077392919,1.3839722
*C1C=CC(*)CC1,125.5,137.83229,3.3874062764741466,12.332291
*Oc1ccc(S(=O)(=O)c2ccc(Oc3ccc(C(c4ccc(*)cc4)C(C)C)cc3)cc2)cc1,200.0,193.10397,0.9111882956332453,-6.8960266
*CC(*)(C)C(=O)OCCCCCCOc1ccc(/N=N/c2ccc([N+](=O)[O-])cc2)cc1,108.0,80.19086,1.1087150473186462,-27.809143
*OC(C)C(=O)NC(C)C(*)=O,57.650005,51.145473,0.6432110193348778,-6.504532
*c1ccc(Oc2cccc(Oc3ccc(N4C(=O)c5cccc(Oc6ccc(Sc7ccc(Oc8cccc9c8C(=O)N(*)C9=O)cc7)cc6)c5C4=O)cc3)c2)cc1,202.0,201.72818,1.3093760355413242,-0.27182007
*Oc1ccc(Oc2ccc(NC(=O)c3ccc(Oc4ccc(Oc5ccc(C(=O)Nc6ccc(*)cc6)cc5)cc4)cc3)cc2)cc1,236.0,216.49039,6.036680946027435,-19.509613
*CC1CCC(COC(=O)C2CCC(C(=O)O*)CC2)CC1,77.0,73.21613,0.9967573828581797,-3.783867
*C(=O)Oc1ccc(C2(c3ccc(OC(=O)c4ccc5c(c4)C(=O)N(c4ccc(-c6ccc(N7C(=O)c8ccc(*)cc8C7=O)cc6C)c(C)c4)C5=O)cc3)CCC(C(C)(C)C)CC2)cc1,217.0,216.28363,1.4996695067340173,-0.7163696
*CCOCCOP(=O)(/N=N/c1ccc(Oc2ccc(/N=N/P(=O)(O*)OC)cc2)cc1)OC,32.000004,30.37137,0.6237537032070586,-1.6286335
*c1cccc(NC(=O)c2cccc(C(=O)Nc3cccc(-n4c(=O)c5cc6c(=O)n(*)c(=O)c6cc5c4=O)c3)c2)c1,338.0,325.42007,10.838350590056105,-12.579926
*c1ccc(Oc2ccc(C(c3ccc(Oc4ccc(-c5nc(-c6ccccn6)nnc5*)cc4)cc3)(C(F)(F)F)C(F)(F)F)cc2)cc1,224.0,221.67198,0.9382942212693371,-2.3280182
*CCCCCC(=O)Oc1ccc2ccc(OC(=O)c3ccc4c(c3)C(=O)N(*)C4=O)cc2c1,113.0,101.947075,1.4876194149957422,-11.052925
*Oc1cccc(Oc2cccc(NC(=O)c3cccc(Oc4cccc(Oc5cccc(C(=O)Nc6cccc(*)c6)c5)c4)c3)c2)c1,137.5,154.61314,2.437362412015615,17.113144
*N=P(*)(Oc1ccc(Br)cc1)Oc1ccc(Br)cc1,20.649996,19.492167,2.20491178907436,-1.1578293
*c1cc(C)c(Oc2ccc(S(=O)(=O)c3ccc(Oc4cc(C)c(C5(*)OC(=O)c6ccccc65)cc4C)cc3)cc2)cc1C,269.0,254.46696,1.5584268335282865,-14.533035
*CCCCCCCCCCCCCCCCOC(=O)CC/C=C/CCC(=O)O*,-17.999998,-17.379988,1.8932954344265087,0.6200104
*CCCCCCN1C(=O)c2ccc(C(=O)c3ccc4c(c3)C(=O)N(*)C4=O)cc2C1=O,127.0,120.25876,1.9481088111312197,-6.7412415
*C(=O)OCCCCCCCCCCCOC(=O)c1ccc(N2C(=O)c3ccc(*)cc3C2=O)cc1,49.000004,57.218296,1.2775492243727908,8.218292
*Oc1ccc(CC(NC(=O)CCc2ccc(OC(=O)COCCOCC(*)=O)cc2)C(=O)OC)cc1,63.000004,57.396862,0.6125128537702906,-5.603142
*c1ccc2c(c1)C(=O)N(c1cccc(Oc3ccc(N4C(=O)c5ccc(-c6c(-c7ccccc7)c(-c7ccccc7)c(-c7ccc(Sc8ccc(-c9c(-c%10ccccc%10)c(-c%10ccccc%10)c(*)c(-c%10ccccc%10)c9-c9ccccc9)cc8)cc7)c(-c7ccccc7)c6-c6ccccc6)cc5C4=O)cc3)c1)C2=O,300.0,282.12256,2.9326423677990765,-17.877441
*c1cccc(Oc2cccc(Oc3cccc(N4C(=O)c5ccc(Oc6ccc7c(c6)C(=O)N(*)C7=O)cc5C4=O)c3)c2)c1,199.0,197.85643,1.442837815325075,-1.14357
*C1C(=O)N(CCCCCCCCOc2ccc(-c3ccc(C#N)cc3)cc2)C(=O)C1*,43.000004,67.22555,1.7768977498949585,24.225544
*CCCCCCCCOc1ccc(/C=C2\CCC/C(=C\c3ccc(O*)c(OC)c3)C2=O)cc1OC,72.0,63.246304,0.7549766752855012,-8.753696
*C(=O)c1ccc2c(c1)C(=O)N(c1ccc(Oc3cc(C(C)(C)C)c(Oc4ccc(N5C(=O)c6ccc(*)cc6C5=O)cc4)cc3C(C)(C)C)cc1)C2=O,288.0,269.12637,1.7511681906863927,-18.873627
*c1ccc(Oc2ccc(C(=O)c3ccc(Oc4ccc(N5C(=O)c6ccc(-c7ccc8c(c7)C(=O)N(*)C8=O)cc6C5=O)cc4)cc3)cc2)cc1,253.0,242.52779,1.544571013546092,-10.472214
*Oc1ccc(NC(=O)c2ccc(Oc3ccc(C(C)(C)c4ccc(C(C)(C)c5ccc(Oc6ccc(C(=O)Nc7ccc(Oc8ccc(C(C)(C)c9ccc(*)cc9)cc8)cc7)cc6)cc5)cc4)cc3)cc2)cc1,163.0,169.23315,3.443967469938761,6.2331543
*Oc1ccc(NC(=O)/C=C/C(=O)NNC(=O)/C=C/C(=O)Nc2ccc(OC(=O)c3ccccc3C(=O)NNC(=O)c3ccccc3C(*)=O)cc2)cc1,240.0,238.95605,1.4270057790411348,-1.0439453
*CC(*)OC(=O)c1cccc(C)c1,49.000004,53.862522,0.8551237481233247,4.8625183
*c1ccc(-c2cc(-c3ccc(-c4ccccc4)cc3)cc(-c3ccc(N4C(=O)c5ccc(NC(=O)Nc6ccc(Oc7ccc(NC(=O)Nc8ccc9c(c8)C(=O)N(*)C9=O)cc7)cc6)cc5C4=O)cc3)n2)cc1,241.0,241.55289,1.0603049214098788,0.55288696
*C*,108.31166,49.93128,28.767761121426535,-58.380383
*C(=O)Nc1ccc(Oc2ccc(-c3ccc(Oc4ccc(NC(=O)c5ccc6c(c5)C(=O)N(c5ccc(C)c(N7C(=O)c8ccc(*)cc8C7=O)c5)C6=O)cc4)cc3)cc2)cc1,299.0,290.3831,4.386072958024151,-8.616913
*CC(CC)C(CC)COC(=O)c1ccc(C(=O)O*)cc1,32.000004,29.359934,0.8304553932968132,-2.64007
*/C=C/c1ccc(OC(=O)CCCCCCCCC(=O)Oc2ccc(-c3nnc(*)s3)cc2)cc1,29.999994,49.134342,2.7441066619937398,19.134348
*C(=O)c1ccc(Oc2ccc(-c3ccc(Oc4ccc(C(=O)c5ccc6nc(*)ccc6c5)cc4)cc3)cc2)cc1,155.0,159.25484,0.9243144099723597,4.254837
*CC(*)c1ccc(COCCOCCCC)cc1,-37.999996,-19.047636,2.7946297716511337,18.95236
*Oc1ccc(Oc2ccc(OC(=O)c3ccccc3-c3ccccc3C(*)=O)cc2)cc1,147.0,145.2763,0.8803373924566559,-1.7236938
*c1cc(C(=O)O)cc(N2C(=O)CC(C3CC4C(=O)N(*)C(=O)C4c4ccccc43)C2=O)c1,360.0,352.34042,6.06890821563155,-7.6595764
*CCCOC(=O)C1CCC(C(=O)O*)CC1,-5.9999976,3.0123925,1.518338053788404,9.01239
*c1ccc(Oc2ccc(N3C(=O)c4cccc(Oc5ccc(S(=O)(=O)c6ccc(Oc7cccc8c7C(=O)N(*)C8=O)cc6)cc5)c4C3=O)cc2)cc1,267.0,252.99535,1.7287744586240203,-14.004654
*CCCCCNC(=O)C(OC)C(OC)C(=O)N*,113.0,101.558815,1.3344304494742099,-11.441185
*c1cccc(Cc2cccc(N3C(=O)c4ccc([Si](C)(C)c5ccc6c(c5)C(=O)N(*)C6=O)cc4C3=O)c2)c1,238.0,234.20567,1.252094456726717,-3.7943268
*CCCC(=O)NNC(=O)c1ccc(C(=O)NNC(=O)CCCOc2ccc(O*)c(C)c2)cc1,139.0,142.68268,0.8653102001336644,3.6826782
*C(=O)Nc1ccc(-c2ccc(NC(=O)c3ccc4c(c3)C(=O)N(c3ccc(Oc5ccc(N6C(=O)c7ccc(*)cc7C6=O)cc5)cc3)C4=O)cc2)cc1,315.0,284.2717,6.163289063997606,-30.728302
*c1ccc(Sc2ccc(Sc3ccc(N4C(=O)c5ccc(Sc6ccc(Sc7ccc(Sc8ccc9c(c8)C(=O)N(*)C9=O)cc7)cc6)cc5C4=O)cc3)cc2)cc1,190.75,185.07405,2.7695630004757272,-5.675949
*c1cc(OCCCCCCCC)cc(N2C(=O)c3ccc(Oc4ccc5c(c4)C(=O)N(*)C5=O)cc3C2=O)c1,185.0,181.58173,1.4951105220230745,-3.418274
*Oc1ccc(C(CC)(CC)c2ccc(OC(=O)c3ccc(C(*)=O)cc3)cc2)cc1,180.0,171.41002,1.4698220535390574,-8.589981
*c1ccc(Oc2ccccc2Oc2ccc(N3C(=O)c4ccc(Oc5ccc6c(c5)C(=O)N(*)C6=O)cc4C3=O)cc2C(F)(F)F)c(C(F)(F)F)c1,223.0,204.27939,1.2192597972359962,-18.720612
*CC(*)(F)C(=O)OCC(F)(F)C(F)(F)C(F)(F)C(F)(F)F,63.000004,55.364033,1.2554363577717762,-7.635971
*O[Si](*)(C)CCCCOc1ccc(C(=O)Oc2ccc(C#N)cc2)cc1,15.999994,21.966463,3.5050824119946062,5.966469
*Nc1ccccc1-c1ccc(NC(=O)c2cccc(C(*)=O)c2)cc1,248.0,259.94058,1.7471004587268404,11.940582
*Oc1ccc(NC(=O)c2ccc(C(=O)Nc3ccc(*)cc3)cc2)cc1,240.5,256.08286,10.729566642475545,15.582855
*CCCCCCCCCCCCNC(=O)CCCCCCCCCCCCCCCCC(=O)N*,46.500004,41.150288,0.5873927265350178,-5.349716
*CC(*)(C)C(=O)OCCCCCC(=O)Oc1ccc(OC(=O)c2ccc(OC)cc2)cc1,40.000004,35.764805,1.3835703857484518,-4.235199
*C(=O)c1cccc(C(=O)c2ccc3c(c2)C(=O)N(c2ccc(Oc4ccc(N5C(=O)c6ccc(*)cc6C5=O)cc4)cc2)C3=O)c1,244.0,241.10777,1.4086929739599892,-2.8922272
*CC(*)(C)C(=O)OCC1CO1,68.5,63.09405,1.4360454161121272,-5.4059486
*CCCOc1ccc(C(=O)OC(=O)c2ccc(O*)cc2)cc1,95.0,67.860695,1.0294277329123345,-27.139305
*CC(*)(CC(=O)OCCCCC)C(=O)OCCCCC,2.0000024,13.285097,2.0303747445969647,11.285095
*Oc1ccc(CC(NC(=O)CCc2ccc(OC(=O)CCCC(*)=O)cc2)C(=O)OCCCCCC)cc1,43.000004,39.7859,0.5866548525451869,-3.2141037
*CCCNC(=O)O*,25.999994,43.47723,17.49185858596823,17.477236
*Oc1ccc(/C=N/N=C/c2ccc(Oc3ccc(C(C)(C)c4ccc(*)cc4)cc3)cc2)cc1,163.0,161.72559,1.2604125565013804,-1.2744141
*CC(*)NC(=O)OC(C)(C)C,120.0,117.62685,1.1144385450535632,-2.3731537
*Oc1ccc(C(=O)Nc2ccc(C(c3ccc(NC(=O)c4ccc(OC(=O)c5cccc(C(*)=O)c5)cc4)cc3)(C(F)(F)F)C(F)(F)F)cc2)cc1,227.0,223.21524,4.015736871921564,-3.7847595
*Oc1ccc(OC(=O)c2ccc(C(*)=O)cc2Oc2ccc3ccccc3c2)cc1,102.0,98.83475,1.013025902081322,-3.1652527
*CC(*)c1ccncc1,150.0,143.88376,1.1872235412789784,-6.1162415
*CCCCCCNC(=O)CCCCCCCCCCCCCCC(=O)N*,40.000004,43.87804,0.5677554973338905,3.8780365
*c1cccc(-c2nc3ccc(Oc4ccc5nc(*)c(-c6ccccc6)nc5c4)cc3nc2-c2ccccc2)c1,270.0,265.97925,2.662805640668543,-4.020752
*CC(*)c1ccc(CC)cc1,71.4,65.45252,2.301217435046589,-5.9474792
*c1ccc([Si](c2ccccc2)(c2ccccc2)c2ccc(-c3nnc(-c4ccc(-c5nnc(*)o5)o4)o3)cc2)cc1,276.0,272.5943,1.232148820074546,-3.4057007
*CC(*)C(=O)OCCCOc1ccc(C(=O)OCCCC(F)(F)C(F)(F)C(F)(F)C(F)(F)C(F)(F)C(F)(F)C(F)(F)C(F)(F)F)cc1,48.000004,44.50825,0.7090766928055237,-3.4917526
*CCOC(=O)c1cc(C(=O)O*)cc(C(C)(C)C)c1,94.0,93.730225,1.0743909212146177,-0.2697754
*c1ccc(Oc2ccc(Sc3ccc(Oc4ccc(N5C(=O)c6ccc(Oc7ccc(-c8ccc(Oc9ccc%10c(c9)C(=O)N(*)C%10=O)cc8)cc7)cc6C5=O)cc4)cc3)cc2)cc1,206.0,202.95486,1.2824692918990812,-3.0451355
*N=P(*)(OCCOCCOC)OCCOCCOC,-81.0,-65.78755,4.079002602510356,15.212448
*c1ccc(Oc2ccc(Oc3ccc(N4C(=O)c5ccc(-c6cccc7c6C(=O)N(*)C7=O)cc5C4=O)cc3)cc2)cc1,285.0,290.93814,3.510295702224775,5.938141
*c1ccc(Oc2ccc(N3C(=O)c4ccc(Oc5cccc6c5C(=O)N(*)C6=O)cc4C3=O)cc2)cc1,285.0,258.5419,1.8049254420451706,-26.4581
*c1ccc2c(c1)C(=O)N(c1cccc(N3C(=O)c4ccc(C(*)(C(F)(F)F)C(F)(F)F)cc4C3=O)c1)C2=O,298.0,307.19754,4.702185882835978,9.19754
*Oc1ccc(S(=O)(=O)c2ccc(Oc3c(C)cc(C(C)(C)c4cc(C)c(*)c(C)c4)cc3C)cc2)cc1,231.3,225.58138,1.6391217216356089,-5.718628
*O[Si](*)(C)CCCCC(=O)OCCCCCCCCCCC(F)(F)C(F)(F)C(F)(F)C(F)(F)C(F)(F)C(F)(F)C(F)(F)C(F)(F)F,-78.0,-67.392136,3.0528605347173734,10.607864
*O[Si](*)(C)CCCCCCCCCCC(=O)Oc1ccc2cc(C(=O)OC3CCC4(C)C(=CCC5C4CCC4(C)C(C(C)CCCC(C)C)CCC54)C3)ccc2c1,26.999994,35.711193,2.734677038726589,8.711199
*c1ccc(Oc2ccc(N3C(=O)c4ccc(Oc5c(C)cc(Cc6cc(C)c(Oc7ccc8c(c7)C(=O)N(*)C8=O)c(C)c6)cc5C)cc4C3=O)cc2)cc1,266.0,269.52634,2.7930105539913597,3.5263367
*CCOCCOC(=O)c1ccc(N/C=N/c2ccc(C(=O)O*)cc2)cc1,77.0,71.44079,0.8818065429254807,-5.5592117
*NC(CCC(=O)OCc1ccc(C(F)(F)F)cc1)C(*)=O,26.569994,28.515116,0.9852623198093886,1.9451218
*OC(=O)c1ccc(C(=O)OC2COC3C(*)COC23)o1,192.5,199.67082,3.2543244295367066,7.170822
*Cc1ccc(CO*)cc1,217.0,220.37418,46.47807062178414,3.374176
*Oc1cccc2ccc(Oc3ccc(NC(=O)c4ccc(Oc5ccc(C(C)(C)c6cccc(C(C)(C)c7ccc(Oc8ccc(C(=O)Nc9ccc(*)cc9)cc8)cc7)c6)cc5)cc4)cc3)cc12,139.0,134.63654,1.3837993089022653,-4.3634644
*Oc1ccc(C(=O)OCCCCCOC(=O)c2ccc(*)cc2)cc1,25.999994,33.53063,2.4738330330344276,7.530634
*Oc1ccc(C(=O)OCCCCCCCOC(=O)c2ccc(OC(=O)c3ccc(C(*)=O)cc3)cc2)cc1,70.0,49.79021,3.9640341692154246,-20.20979
*c1ccc(Oc2ccc(-c3nc4ccc(-c5ccc6nc(*)c(-c7ccccc7)nc6c5)cc4nc3-c3ccccc3)cc2)cc1,306.0,286.3128,5.174857949260841,-19.687195
*CCCCCCCCCCCC(=O)Oc1ccc(C2(c3ccc(OC(=O)c4ccc5c(c4)C(=O)N(*)C5=O)cc3)OC(=O)c3ccccc32)cc1,114.0,120.03664,2.7959832038743206,6.0366364
*CCCCCCNC(=O)NCc1ccc(CNC(=O)N*)cc1,72.0,60.670544,0.9531629162486428,-11.329456
*c1ccc(Oc2ccc(Oc3ccc(-c4cnc5ccc(-c6ccc7nc(*)cnc7c6)cc5n4)cc3)cc2)cc1,235.0,242.83698,14.745787750748084,7.836975
*CCN(CCCCCCOc1ccc(/N=N/c2ccccc2)cc1)CCOC(=O)Nc1ccc(Cc2ccc(NC(=O)O*)cc2)cc1,44.000004,53.426495,0.8480747790444835,9.426491
*N=P(N=P(N=S(*)(=O)NCC)(NCC)NCC)(NCC)NCC,4.0000024,5.233996,2.5580497352601173,1.2339935
*CC(*)(C)C(=O)OCCCCCC(=O)Oc1ccc(OC(=O)c2ccc(OCCCCCC)cc2)cc1,44.000004,31.484308,1.3865477481391537,-12.515696
*Oc1ccc(OC(=O)c2cccc(Sc3ccc(OC(=O)c4ccc(C(=O)Oc5ccc(Sc6cccc(C(*)=O)c6)cc5)cc4)cc3)c2)cc1C,106.5,105.98506,0.9680253278842941,-0.51493835
*O[Si](*)(C)CCCCCCOc1ccc(C(=O)Oc2ccc(OCCCCCC)cc2)cc1,12.000002,-13.531614,6.356748607335426,-25.531616
*CCCCCCNC(=O)CCCCCCCCCCC(=O)N*,46.000004,45.71023,0.5641962973207785,-0.28977203
*CC(C)(CO*)COCCC#N,-51.999996,-52.234158,3.7851934532242484,-0.23416138
*C(=O)OCCCSCCCCCCSCCCOC(=O)c1ccc(N2C(=O)c3ccc(*)cc3C2=O)cc1,31.000002,33.79965,0.9537476860980917,2.7996464
*Oc1ccc(C(=O)c2cccc(NC(=O)c3cccc(C(=O)Nc4cccc(C(=O)c5ccc(*)cc5)c4)c3)c2)cc1,191.0,196.86626,1.9487396588341352,5.8662567
*CC(*)C(=O)OCC(F)(F)C(F)(F)OC(F)(F)C(F)(F)C(F)(F)F,-68.0,-59.628277,2.4929413094222372,8.371723
*Oc1ccc(C2(c3ccc(OC(*)=O)c(C)c3)CCCCC2)cc1C,137.5,139.60716,0.9608837842089425,2.1071625
*C(=O)Nc1ccc(Oc2ccc(Oc3ccc(NC(=O)c4ccc5c(c4)C(=O)N(c4ccc(Oc6ccc(C7(c8ccc(Oc9ccc(N%10C(=O)c%11ccc(*)cc%11C%10=O)cc9)cc8)CC8CC7C7CCCC87)cc6)cc4)C5=O)cc3)cc2)cc1,257.0,267.22134,2.5829807862125858,10.221344
*C(F)(F)C1(F)C(F)(F)C(*)(F)C(F)(F)C(F)(Cl)C1(F)F,147.0,147.81433,1.6214807107135274,0.81433105
*c1ccc(NC2CC(=O)N(c3ccc(Cc4ccc(N5C(=O)CC(Nc6ccc(-c7nc(-c8ccc(/N=N/c9ccc([N+](=O)[O-])cc9)cc8)[nH]c7*)cc6)C5=O)cc4)cc3)C2=O)cc1,258.0,260.0063,5.498730803486019,2.0062866
*CCCCCCNC(=O)c1cc(NC(=O)c2ccc(NC(=O)C(CC(C)C)N3C(=O)c4ccccc4C3=O)cc2)cc(C(=O)N*)c1,200.0,194.86024,0.9407757231233019,-5.1397552
*O[Si](*)(C)C=C,-129.00002,-114.781235,6.019549200108553,14.2187805
*Oc1ccc(NC(=O)c2ccc3cc(C(=O)Nc4ccc(Oc5ccc(C6(c7ccc(*)cc7)CC7CCC6C7)cc5)cc4)ccc3c2)cc1,276.0,286.4107,1.378730430853757,10.410706
*CCOCCOCCOc1ccc(/C=C/c2ccc(/C=C/c3ccc(O*)c4ccccc34)cc2)c2ccccc12,83.5,74.58873,1.128238233832444,-8.91127
*CCN(*)C(=O)c1ccc2ccccc2c1,130.0,128.63559,0.7451086317148551,-1.3644104
*Oc1ccc(CC(NC(=O)CCc2ccc(OC(=O)CCC(*)=O)cc2)C(=O)OCC(C)C)cc1,75.0,70.00092,0.6285199335362069,-4.999077
*CCCCCCCCCCCCOc1ccc(N(c2ccccc2)c2ccc(-c3ccc(N(c4ccccc4)c4ccc(O*)cc4)cc3)cc2)cc1,42.500004,67.25735,2.064075039398492,24.757343
*c1ccc(Oc2ccc(-c3cc(-c4ccccc4)c4cc(Oc5ccc6nc(*)cc(-c7ccccc7)c6c5)ccc4n3)cc2)cc1,266.0,274.88593,3.7240531683489966,8.885925
*CC(*)(C)C(=O)Oc1ccc(C(=O)Oc2ccc(C)cc2)cc1,98.0,90.622696,2.0463694147591633,-7.377304
*CC(CCCCCCOc1ccc(/N=N/c2ccc(C#N)cc2)cc1)COC(=O)CCCCCCCCCCCCC(=O)O*,21.499994,24.561373,0.7798315406961582,3.0613785
*c1cc(CCCC)c(*)s1,59.000004,56.308514,1.3306477718717848,-2.6914902
*CCCCCCCCCCCCOc1ccc(C(C)(C)c2ccc(OCOc3ccc(C(C)(C)c4ccc(O*)cc4)cc3)cc2)cc1,37.000004,36.61935,1.0420372516806518,-0.38065338
*c1c(C)cc(C)c(N2C(=O)c3ccc(S(=O)(=O)c4ccc5c(c4)C(=O)N(*)C5=O)cc3C2=O)c1C,418.0,382.22995,10.260906281529314,-35.77005
*OC(COCCCC)COC(*)=O,-21.999998,-29.251097,2.7769532598374043,-7.2510986
*Oc1ccc2ccc(Oc3ccc(C(=O)Nc4cccc(NC(=O)c5ccc(*)cc5)c4)cc3)cc2c1,168.0,168.98495,1.6507783713387156,0.98495483
*C(=O)Nc1ccc(/N=N/c2ccc([N+](=O)[O-])cc2)c(NC(=O)c2ccc3c(c2)C(=O)N(c2c(C)cc(-c4cc(C)c(N5C(=O)c6ccc(*)cc6C5=O)c(C)c4)cc2C)C3=O)c1,278.0,279.78287,2.560799954777708,1.7828674
*Cc1ccccc1CSS*,39.000004,38.42136,0.8725153626635181,-0.5786438
*/C(=C(/*)c1ccc(C(C)(C)C)cc1)c1ccccc1,200.0,194.65182,1.1894895244455927,-5.348175
*c1cccc(P(=O)(c2ccccc2)c2cccc(-n3c(=O)c4c(-c5cc(C(F)(F)F)cc(C(F)(F)F)c5)c5c(=O)n(*)c(=O)c5c(-c5cc(C(F)(F)F)cc(C(F)(F)F)c5)c4c3=O)c2)c1,324.0,314.9175,2.356982528870174,-9.082489
*Oc1ccc(-c2ccc(OC(=O)CCCCCCCCCCCCC(*)=O)cc2)cc1,95.0,67.3383,2.647818818828532,-27.661697
*Oc1ccc(CC(*)=O)cc1,117.0,112.14611,0.9825121002917983,-4.8538895
*CC(*)C(=O)N1CC[NH+](CC)CC1,72.5,71.89739,0.835820059747859,-0.6026077
*CCCCCCNC(=O)CCCCCCCC(=O)N*,42.3,47.368877,0.5661404685698862,5.068878
*CC(*)(CC(=O)OCCCCl)C(=O)OCCCCl,47.000004,47.45917,0.5974613134906379,0.45916748
*CCOC(=O)Nc1ccc(CCCc2ccc(NC(=O)O*)cc2)cc1,74.1,70.3405,1.3864127609729755,-3.7594986
*CCOP(=O)(/N=N/c1ccc(CCOC(=O)c2cc(C(=O)OCCc3ccc(/N=N/P(=O)(O*)OC)cc3)cc(C(C)(C)C)c2)cc1)OC,84.0,87.523865,0.9441718703685786,3.5238647
*c1ccc2c(c1)C(=O)N(c1ccc(Oc3ccc(N4C(=O)c5ccc(C(*)(C(F)(F)F)C(F)(F)F)cc5C4=O)cc3Br)c(Br)c1)C2=O,299.0,295.34186,2.6096068738382594,-3.658142
*/C=C/C1CC(*)C2C3CCC(C3)C12,207.4,196.79918,2.0932142550411914,-10.600815
*c1ccc2c(c1)C(=O)N(c1ccc(Cc3ccc(N4C(=O)c5ccc(C(*)(C(F)(F)F)C(F)(F)F)cc5C4=O)cc3)cc1)C2=O,297.0,308.3065,4.763205527513063,11.306488
*CC(*)c1ccc(C(=O)CCCC)cc1,70.0,67.61209,0.7420486957162932,-2.387909
*c1cccc(P(=O)(c2ccccc2)c2cccc(N3C(=O)c4ccc(NC(=O)OCCOc5ccc(C(C)(C)c6ccc(OCCOC(=O)Nc7ccc8c(c7)C(=O)N(*)C8=O)cc6)cc5)cc4C3=O)c2)c1,220.0,214.40265,1.0563263082078265,-5.597351
*CC(*)(CC(=O)Oc1ccc(OCCC)cc1)C(=O)Oc1ccc(OCCC)cc1,94.5,101.44094,0.7073412856493378,6.940941
*CCCC(=O)Nc1ccc(Cc2ccc(NC(=O)CCCN3C(=O)c4ccc(C(=O)c5ccc6c(c5)C(=O)N(*)C6=O)cc4C3=O)cc2)cc1,195.0,196.96916,1.2860523686180805,1.969162
*Oc1ccc(OC(=O)c2ccc(C(*)=O)cc2)cc1-c1cccc(C(F)(F)F)c1,155.8,154.8453,1.4390710555265749,-0.95469666
*CC(F)(F)C(F)(F)C(F)(F)COC(=O)c1ccc(OCCCCC)c(C(=O)O*)c1,9.000002,8.113573,1.3156935186963832,-0.88642883
*c1ccc(Oc2ccc(C(C)(C)c3ccc(Oc4ccc(-c5nnc(*)c6c(-c7ccccc7)c(-c7ccc8ccccc8c7)c(-c7ccc8ccccc8c7)c(-c7ccccc7)c56)cc4)cc3)cc2)cc1,290.0,306.8043,2.6882389402237976,16.80429
*CC(*)(C)C(=O)OCc1ccc2c(c1)c1ccccc1n2CCCCCCCCCC,28.999994,32.402927,1.3768330705148755,3.4029331
*/C=C(\C#N)C(=O)OCCCCCCCCCCOC(=O)/C(C#N)=C/c1ccc2c(c1)c1cc(*)ccc1n2CCCCCCC,59.000004,56.116863,1.0338885927398722,-2.8831406
*Oc1cccc(C(*)=O)c1,162.0,123.96485,4.424506495600641,-38.03515
*Oc1ccc(C(=O)c2ccc(Oc3ccc(C4(c5ccc(*)cc5)c5ccccc5-c5ccccc54)cc3)cc2)c2ccccc12,260.0,259.99884,1.489980695541117,-0.001159668
*Oc1ccc2c(c1)C(C)(c1ccc(OC(=O)c3ccc(C(*)=O)cc3)cc1)CC2(C)C,252.5,245.44594,1.6690801805684656,-7.054062
*C(=O)c1ccc2c(c1)C(=O)N(c1cc(-c3nc4ccccc4oc3=O)cc(N3C(=O)c4ccc(*)cc4C3=O)c1)C2=O,95.0,111.46314,19.365127747499002,16.463142
*CCN(CCOC(=O)/C=C/c1ccc(/C=C/C(=O)O*)cc1)c1ccc(/N=N/c2ccc([N+](=O)[O-])cc2)cc1,120.0,117.10481,0.855208992152238,-2.8951874
*OP(=O)(Oc1ccc(*)cc1)OC1CCCCC1,108.0,103.77664,0.8792834662810016,-4.223358
*CC(*)(C)C(=O)OCCCCCCOc1ccc(OC(=O)c2ccc(OC)cc2)cc1,38.000004,41.586132,1.5446203377937802,3.5861282
*=Nc1cccc(/N=C(/C=C/C(=*)c2ccccc2)c2ccccc2)c1,178.0,179.90665,1.6106444562469144,1.9066467
*CC(OC(C)=O)C(COC(=O)O*)OC(C)=O,58.600002,60.32809,0.678550376689888,1.7280884
*CC(C)(C)COC(=O)NC(=O)c1cc(C(=O)NC(=O)O*)cc(C(C)(C)C)c1,144.0,147.58594,0.8957015290831217,3.5859375
*c1cccc(P(C)(=O)c2cccc(N3C(=O)c4ccc(NC(=O)OCCOc5ccc(P(=O)(c6ccccc6)c6ccc(OCCOC(=O)Nc7ccc8c(c7)C(=O)N(*)C8=O)cc6)cc5)cc4C3=O)c2)c1,201.0,208.12305,0.9048210693409212,7.123047
*CCCCCCOC(=O)C(CCCCCBr)C(=O)OCCCCCCOc1ccc(-n2on2-c2ccc(O*)cc2)cc1,7.0000024,14.841387,0.8072399046068217,7.8413844
*Oc1ccc(CC(NC(=O)CCc2ccc(OC(=O)CCCCCCC(*)=O)cc2)C(=O)OC(C)CC)cc1,46.000004,44.6636,0.48134993998494596,-1.3364029
*c1ccc(Oc2ccc(-c3ccc(Oc4ccc(-n5c(=O)c6cc7c(=O)n(*)c(=O)c7cc6c5=O)cc4)cc3)cc2)cc1,300.0,331.1045,17.35165289344007,31.104492
*c1sc(*)c(CCCCCCN(CC)c2ccc(/N=N/c3ccc([N+](=O)[O-])cc3)cc2)c1CCCCCC,16.999994,26.2138,2.631058837409211,9.213806
*/C=C/C(C(=O)OCc1ccccc1)C(*)C(=O)OCc1ccccc1,20.999994,27.113413,0.8565300651556041,6.1134186
*Oc1ccc(OC(=O)c2ccc(C(*)=O)cc2Sc2ccccc2)cc1-c1ccccc1,130.0,139.82262,0.872805810223949,9.822617
*CC(C)(C)CS(=O)(=O)CC(C)(C)COC(=O)c1ccc(C(=O)O*)cc1,105.0,103.21695,0.7873608190361917,-1.7830505
*c1ccc(Oc2ccc(-c3nc4cc(Oc5ccc(NC(=O)c6ccc7c(c6)C(=O)N(c6ccc(C(c8ccc(N9C(=O)c%10ccc(C(=O)Nc%11ccc(Oc%12ccc%13nc(-c%14ccc([N+](=O)[O-])cc%14)c(*)nc%13c%12)cc%11)cc%10C9=O)cc8)(C(F)(F)F)C(F)(F)F)cc6)C7=O)cc5)ccc4nc3-c3ccc([N+](=O)[O-])cc3)cc2)cc1,303.0,287.99774,2.7493522067213347,-15.002258
*c1ccc2c(c1)C(CCCCCC)(CCCCCC)c1cc(-c3cc(OCCCCCCCC)c(*)cc3OCCCCCCCC)ccc1-2,58.000004,56.057796,0.8613167163516298,-1.9422073
*/C=C/C1CC(*)C(C(=O)OCCCCCCCCCCCOc2ccc(-c3ccc(C#N)cc3)cc2)C1C(=O)OCCCCCCCCCCCOc1ccc(-c2ccc(C#N)cc2)cc1,23.099993,35.158916,0.8206714941699408,12.058924
*c1ccc(Sc2ccc(Sc3ccc(Sc4ccc(Sc5ccc(N6C(=O)c7ccc(Sc8ccc(Sc9ccc(Sc%10ccc%11c(c%10)C(=O)N(*)C%11=O)cc9)cc8)cc7C6=O)cc5)s4)s3)s2)cc1,177.0,176.31354,1.8440612479974487,-0.6864624
*CCOC(=O)Nc1ccc(CCCCc2ccc(NC(=O)O*)cc2)cc1,105.7,101.0575,1.6824173105319782,-4.642494
*/C(=C(/*)c1ccc([Si](C)(C)C)cc1)c1ccccc1,200.0,194.25267,1.5827625376694876,-5.7473297
*CCCCCCCCC(Cl)C(*)Cl,-29.999998,-20.762114,4.657808302162297,9.2378845
*/C=C/c1ccc(/C=C/[Si](C)(CCC(F)(F)F)c2cccc([Si](*)(C)CCC(F)(F)F)c2)cc1,23.400003,29.686388,0.7575503852075963,6.2863846
*Nc1cccc2c(NC(=O)c3ccc(NC(=O)c4ccc([Si](C)(C)c5ccc(C(=O)Nc6ccc(C(*)=O)cc6)cc5)cc4)cc3)cccc12,378.00003,344.00272,7.427939316904395,-33.997314
*/C(C#N)=C/c1ccc(N(CC)Cc2ccccc2CN(CC)c2ccc(/C=C(\C#N)S(*)(=O)=O)cc2)cc1,190.0,188.6735,0.8426040811692673,-1.3265076
*c1ccc(Oc2ccc(C(C)(C)c3ccc(Oc4ccc(-c5nnc(*)n5-c5ccc(S(=O)(=O)c6ccccc6)cc5)cc4)cc3)cc2)cc1,198.0,200.80995,0.8654624141336955,2.8099518
*C(=O)Nc1ccc(-c2ccc(NC(=O)c3ccc4c(c3)C(=O)N(c3c(C)cc(C)c(N5C(=O)c6ccc(*)cc6C5=O)c3C)C4=O)cc2C(F)(F)F)c(C(F)(F)F)c1,267.0,292.12585,4.110527813183472,25.125854
*OC(COC(=O)C12CC3CC(CC(C(*)=O)(C3)C1)C2)COc1ccc(/N=N/c2ccc(C#N)cc2)cc1,105.0,108.73022,0.6171461390199484,3.730217
*CC(*)C(=O)OC1CCCCC1,24.999994,30.646418,0.9912257365495146,5.6464233
*OC1CCC(OC(=O)C(*)=O)CC1,139.6,134.34293,1.7999902944941095,-5.25708
*CC(*)(C)C(=O)OCc1ccc2c(c1)c1ccccc1n2CCCC,87.0,72.554596,1.237471649929092,-14.445404
*O[Si](C)(C)c1ccc([Si](C)(C)O[SiH](*)CCC(F)(F)F)cc1,-36.999996,-35.819637,3.6789240997742336,1.1803589
*CC(O)CCCCC(O)CN(*)c1ccc(N(C)C)cc1,72.0,70.1515,0.7865675992610037,-1.8485031
*c1ccc(Oc2ccc(C(=O)c3ccc(Oc4ccc(C(=O)c5ccc(Oc6ccc(-c7nc(-c8ccccc8)[nH]c7*)cc6)cc5)cc4)cc3)cc2)cc1,230.0,239.15779,1.1227807309789024,9.157791
*CC(*)C(=O)Oc1ccc(C(=O)OC)cc1,67.0,58.564342,2.182180955624922,-8.4356575
*c1cccc(C(=O)c2cccc(-n3c(=O)c4cc5c(=O)n(*)c(=O)c5cc4c3=O)c2)c1,321.0,308.64468,5.312508415369494,-12.355316
*CC(CSCCC)O*,-60.999996,-59.547817,2.9494289487065353,1.452179
*Nc1cc(NC(=O)CCCCCCCCC(*)=O)cc(-c2nnc(-c3ccccn3)o2)c1,85.0,76.249275,4.839474009460552,-8.750725
*c1ccc(Sc2cc3c(cc2Sc2ccc(N4C(=O)C5C6C=CC(C7C(=O)N(*)C(=O)C67)C5C4=O)cc2)C(=O)N(c2ccc(CC)cc2)C3=O)cc1,320.0,318.93378,3.210475906398738,-1.0662231
*Oc1ccc(C(c2ccc(OC(=O)c3ccc(C(c4ccc(C(*)=O)cc4)(C(F)(F)F)C(F)(F)F)cc3)cc2)(C(F)(F)F)C(F)(F)F)cc1,135.0,160.93283,12.525310234438342,25.93283
*C(F)(F)C1(*)OC(F)(F)C(F)(C(F)(F)F)O1,134.3,141.38669,1.208563556610485,7.086685
*CC(*)(C)C(=O)OCCCCCCN1CCN(c2ccc(/N=N/c3ccc(C#N)cc3)cc2)CC1,77.0,75.57412,0.6718453683149355,-1.4258804
*Oc1ccc(NC(=O)c2ccc(S(=O)(=O)c3ccc(C(=O)Nc4ccc(Oc5ccc(C(c6ccc(*)cc6)(C(F)(F)F)C(F)(F)F)cc5)cc4)cc3)cc2)cc1,250.0,237.71642,2.0118181457820232,-12.283585
*N=P(*)(OCCOCCOCCOCCOCCOC)OCCOCCOCCOCCOCCOC,-79.0,-63.25993,3.67517922695613,15.74007
*Oc1ccc(S(=O)(=O)c2ccc(Oc3ccc(C(C)(C)c4ccc(*)c(C(O)(C(F)(F)F)C(F)(F)F)c4)cc3C(O)(C(F)(F)F)C(F)(F)F)cc2)cc1,167.0,168.91666,0.668758413938659,1.9166565
*CC(=O)Nc1ccc(Oc2ccc(-c3ccc(Oc4ccc(NC(=O)CN5C(=O)c6ccc(C(c7ccc8c(c7)C(=O)N(*)C8=O)(C(F)(F)F)C(F)(F)F)cc6C5=O)cc4)cc3)cc2)cc1,245.0,238.37642,0.7771561453292539,-6.623581
*c1ccc2oc(-c3cccc(-c4nc5cc(C(*)(C(F)(F)F)C(F)(F)F)ccc5o4)n3)nc2c1,329.0,327.05417,4.177332741808077,-1.9458313
*Nc1cc(NC(=O)Nc2ccc(Cc3ccc(NC(*)=O)cc3)cc2)cc(C(=O)Nc2cccc3c2C(=O)c2ccccc2C3=O)c1,178.0,181.46803,1.027350983112116,3.4680328
*N=P(N=P(N=S(*)(=O)Nc1ccccc1)(Nc1ccccc1)Nc1ccccc1)(Nc1ccccc1)Nc1ccccc1,82.0,81.49671,0.96480500953895,-0.50328827
*CC(*)(C)C(=O)OCCc1ccccc1,49.000004,49.895428,1.394072156887855,0.8954239
*CC(*)(C)C(=O)OCCCc1ccc(/N=N/c2ccc(OC(F)(F)F)cc2)cc1,211.5,212.65399,1.9057950994032657,1.1539917
*Oc1ccc(CC(NC(=O)CCc2ccc(OC(*)=O)cc2)C(=O)OCCCCCC)cc1,51.500004,52.20576,0.6690751468200448,0.70575714
*O[Si](*)(CCCOCCOCCOCCOCCOCCOCCOC)CCCOCCOCCOCCOCCOCCOCCOC,-68.90001,-63.31854,2.803980015343449,5.5814705
*CCN(*)C(=O)CCCCCC,10.000002,10.233126,1.0451508579062627,0.23312378
*CC(=O)NCCCCCCNC(=O)CCc1ccc(O*)cc1,72.0,67.450645,0.6779187959302129,-4.5493546
*O[Sn](CCCC)(CCCC)OC(=O)CCCCC(*)=O,110.0,107.359344,0.9464812086064092,-2.6406555
*CCCCCOc1ccc(C(=O)OC(=O)c2ccc(O*)cc2)cc1,53.000004,50.841,0.9885083998637162,-2.1590042
*c1ccc2c(c1)C(=O)N(c1cc(N3C(=O)c4ccc(C(*)(C(F)(F)F)C(F)(F)F)cc4C3=O)ccc1OCCCCCCOc1ccc(/N=N/c3ccc(OCC)cc3)cc1)C2=O,198.0,188.9343,1.100310551568733,-9.065704
*CCCCCCOC(=O)OCCCOC(=O)OCCCCCCOc1ccc(C(=O)c2ccc(O*)cc2)cc1,15.999994,15.519243,1.2325601696391297,-0.48075104
*O[Si](C)(C)O[Si](C)(C)O[Si](C)(C)O[Si](C)(C)O[Si](C)(C)OC(C)CCCCC(*)C,-103.999985,-85.1387,3.196640612005815,18.861282
*c1cc(C(=O)Oc2ccc(-c3ccc(O[Si](C)(C)C(C)(C)C)cc3)cc2)cc(N2C(=O)c3ccc(-c4ccc5c(c4)C(=O)N(*)C5=O)cc3C2=O)c1,230.0,233.40509,0.9193262728898121,3.4050903
*c1ccc(-c2ccc(-c3nc4ccccc4c(-c4ccc(Oc5ccc(-c6c(-c7ccccc7)c(*)nc7ccccc67)cc5)cc4)c3-c3ccccc3)cc2)cc1,345.0,335.36902,8.611820119359159,-9.630981
*Oc1ccc(NC(=O)c2ccc(Oc3ccc(C(=O)Nc4ccc(Oc5ccc(C6(c7ccc(*)cc7)C7CC8CC(C7)CC6C8)cc5)cc4)cc3)cc2)cc1,230.0,260.4033,1.474011368198325,30.40329
*CC(CC)(CC)CS*,-36.249996,-43.365215,4.480620524441841,-7.115219
*C(=O)OCCN(CCOC(=O)c1ccc2c(c1)C(=O)N(c1c(C)cc(Cc3cc(C)c(N4C(=O)c5ccc(*)cc5C4=O)c(C)c3)cc1C)C2=O)c1ccc(/N=N/c2ccc([N+](=O)[O-])cc2C#N)cc1,216.0,220.74141,0.8847742708559122,4.7414093
*CC(*)OC(C)CC,-25.999998,-26.32646,2.594182102945527,-0.3264618
*c1ccc(Oc2cccc(Oc3ccc(-n4c(=O)c5cc6c(=O)n(*)c(=O)c6cc5c4=O)cc3)c2C#N)cc1,328.0,319.28683,7.00903465991055,-8.713165
*c1ccc2c(c1)C(=O)N(c1ccc(OC(CCC)COc3ccc(N4C(=O)c5ccc(C(*)(C(F)(F)F)C(F)(F)F)cc5C4=O)cc3)cc1)C2=O,204.0,204.10504,1.0792282580494565,0.105041504
*c1ccc(NC(=O)c2ccc(OCCOCCOCCOc3ccc(C(=O)Nc4ccc5[nH]c(*)nc5c4)cc3)cc2)cc1,155.0,155.79176,4.798554362244752,0.7917633
*c1ccc(C2(c3ccc(-c4nnc(*)o4)cc3)OC(=O)c3ccccc32)cc1,380.00003,365.371,6.381573260335344,-14.629028
*CCCCCCS(=O)(=O)c1ccc(/N=N/c2ccc(N(C)CCCCCC(=O)O*)cc2)cc1,60.500004,66.235855,1.046488372325525,5.7358513
*Oc1ccc(Oc2ccc(C(=O)c3ccc(NC(=O)c4ccc(C(=O)Nc5ccc(C(=O)c6ccc(*)cc6)cc5)cc4)cc3)cc2)cc1,224.0,210.30672,2.983799047941636,-13.693283
*Oc1ccc(CC(NC(=O)CCc2ccc(OC(=O)CCCCCCCCC(*)=O)cc2)C(=O)OCCCCCC)cc1,21.999994,27.938913,0.6903665185994259,5.938919
*c1ccc(Oc2ccc(-c3ccc(Oc4ccc(N5C(=O)c6ccc(Oc7c(C)cc(C(C)(C)c8cc(C)c(Oc9ccc%10c(c9)C(=O)N(*)C%10=O)c(C)c8)cc7C)cc6C5=O)cc4)cc3C)c(C)c2)cc1,257.0,247.29335,2.023536581697733,-9.70665
*CC(OC(C)C)C1C(=O)OC(=O)C1*,142.0,140.23535,0.7776803332736336,-1.7646484
*c1ccc(-c2ccc(-n3c(=O)c4c(C(F)(F)F)c5c(=O)n(*)c(=O)c5c(C(F)(F)F)c4c3=O)cc2C(F)(F)F)c(C(F)(F)F)c1,304.0,301.56635,2.4474626774954937,-2.4336548
*Oc1cccc(OC(=O)c2ccc(C(C)(C)c3ccc(C(*)=O)cc3)cc2)c1,158.0,145.12411,6.273381622616618,-12.875885
*C(=O)Nc1ccc(Oc2ccc(C(c3ccc(Oc4ccc(NC(=O)c5ccc6c(c5)C(=O)N(c5ccc(Oc7cccc8c(Oc9ccc(N%10C(=O)c%11ccc(*)cc%11C%10=O)cc9)cccc78)cc5)C6=O)cc4)cc3)(C(F)(F)F)C(F)(F)F)cc2)cc1,231.0,262.0883,2.4312736425695816,31.088287
*Oc1ccc(C2(c3ccc(OC(*)=O)c(Cl)c3)CC3CCC2C3)cc1Cl,200.0,197.57104,1.242837625410066,-2.428955
*Oc1ccc(C2(c3ccc(Oc4ccc(C(=O)c5cccc(C(=O)c6ccc(*)cc6)c5)cc4)cc3)c3ccccc3-c3ccccc32)cc1,223.0,220.21869,1.0236972187770033,-2.781311
*CC#CCOC(=O)CCCCCCC(=O)O*,-37.999996,-36.488842,3.9639047323361414,1.5111542
*CCCCOC(=O)CCCCC(=O)O*,-66.0,-49.843395,3.724504312423392,16.156605
*CC(*)(F)C(=O)OCC(F)(F)C(F)F,90.5,89.77936,0.9319152660688578,-0.7206421
*/C=C/c1cc(OCCCCCC)c(*)cc1OC,60.000004,52.78967,1.8873777813726667,-7.210335
*CC(*)C(=O)Oc1ccccc1C,51.500004,50.61452,0.8758797266621423,-0.8854828
*=NP(=NP(=NC(=*)Oc1ccccc1)(Oc1ccccc1)Oc1ccccc1)(Oc1ccccc1)Oc1ccccc1,17.999994,31.392878,1.3615778451784215,13.392883
*Nc1ccc(NC(=O)c2cc(C(*)=O)cc(S(=O)(=O)c3ccccc3)c2)cc1,308.0,295.22055,2.7139989736490877,-12.779449
*c1ccc(NC(=O)c2ccc(NC(=O)c3ccc([Si](C)(C)c4ccc(C(=O)Nc5ccc(C(=O)Nc6ccc(S(*)(=O)=O)cc6)cc5)cc4)cc3)cc2)cc1,315.0,290.82742,19.885319904203968,-24.172577
*Oc1ccc(C(C)(C)c2ccc(OC(=O)OCCN(CCOC(*)=O)c3ccccc3)cc2)cc1,70.0,60.501553,0.9977769600885225,-9.498447
*CC(O)COC(=O)C1CCC(C(=O)OCC(O)COc2ccc(C(C)(C)c3ccc(O*)cc3)cc2)CC1,70.0,66.63042,0.7193081230841903,-3.3695831
*CCCCCCCCCCCCOc1ccc(OCc2ccc(COc3ccc(O*)cc3)cc2)cc1,23.999994,22.982264,1.2334520902708912,-1.0177307
*c1ccc(Oc2ccc(C(=O)c3ccc(Oc4ccc(-c5nc(-c6ccccc6)[nH]c5*)cc4)cc3)cc2)cc1,259.0,248.4603,1.2212946580785178,-10.539703
*c1cccc(CCCOc2cccc(N3C(=O)c4cccc(-c5ccc6c(c5)C(=O)N(*)C6=O)c4C3=O)c2)c1,178.0,173.89148,1.9288503628300666,-4.1085205
*C(=O)Nc1ccc(Oc2ccc(NC(=O)c3ccc4c(c3)C(=O)N(c3ccc(Oc5ccc(N6C(=O)c7ccc(*)cc7C6=O)cc5)cc3)C4=O)cc2)cc1,282.0,270.9638,5.6935844113359915,-11.036194
*COc1ccc(C(c2ccc(OCC3(*)COC3)cc2)(C(F)(F)F)C(F)(F)F)cc1,134.0,132.00945,0.9241196263190691,-1.9905548
*CC(*)CCCCCCCCCCCCCCCCCC,-87.999985,-31.712904,7.79418201406084,56.28708
*C(=O)c1ccc2c(c1)C(=O)N(c1ccc(C(=O)c3cccc(C(=O)c4ccc(N5C(=O)c6ccc(*)cc6C5=O)cc4)c3)cc1)C2=O,276.0,257.93552,2.5351086192430405,-18.064484
*CC1CCC(COC(=O)CCC(=O)O*)CC1,-0.99999774,5.614886,2.13114344956701,6.6148834
*CCCCCCN(C)c1ccc(C(=O)c2ccc(N(*)C)cc2)cc1,75.5,53.755947,1.310070554459939,-21.744053
*CCCCCCN1C(=O)C(=O)N(c2ccc(C)c(N3C(=O)C(=O)N(*)C3=O)c2)C1=O,181.5,177.5486,1.4566615902546314,-3.9514008
*CC(*)CC(C)C,35.2,35.483753,1.0093185198803571,0.28375244
*Oc1ccc(/N=C/c2ccc(Oc3ccc(C(c4ccc(Oc5ccc(/C=N/c6ccc(Oc7ccc(-c8ccc(*)cc8)cc7)cc6)cc5)cc4)(C(F)(F)F)C(F)(F)F)cc3)cc2)cc1,128.0,134.6628,2.506030770923367,6.662796
*CC(*)(C)C(=O)OCc1ccccc1Cl,54.100002,53.353107,0.8037347937103358,-0.74689484
*CC(*)c1ccc(C(=O)c2ccccc2)cc1,98.0,105.68129,1.0001091278082979,7.6812897
*CCCC(*)(C)CC,-22.999998,-21.323683,4.635514998876003,1.6763153
*c1ccc(N2C(=O)c3ccc(Oc4ccc5c(c4)C(=O)N(*)C5=O)cc3C2=O)cc1,385.5,308.40512,10.771350039999056,-77.09488
*c1cccc(C(=O)Nc2ccc(NC(=O)c3cccc(N4C(=O)c5ccc(-c6cccc7c6C(=O)N(*)C7=O)cc5C4=O)c3)cc2)c1,328.0,308.76678,2.4483257994688383,-19.233215
*/C(=C(/*)c1cccc([Si](C)(C)C)c1)c1ccccc1,200.0,193.91548,1.0656019895554412,-6.0845184
*C(=O)Oc1ccc(OC(=O)c2ccc3c(c2)C(=O)N(c2ccc(Cc4ccc(N5C(=O)c6ccc(*)cc6C5=O)cc4)cc2)C3=O)c(C(C)(C)C)c1,160.0,158.28268,1.0177053175456434,-1.7173157
*N(C)[Si](*)(C)C,-19.999998,-31.751677,4.931389273776568,-11.751678
*O[Si](*)(C)CCCOc1ccc(C(=O)OC2CCC3(C)C(=CCC4C3CCC3(C)C(C(C)CCCC(C)C)CCC43)C2)cc1S(=O)(=O)O[K],112.6,104.25767,1.8456702028625869,-8.342331
*CCN(CCOC(=O)NCC1(C)CC(NC(=O)O*)CC(C)(C)C1)c1ccc(/N=N/c2ccc(B(c3c(C)cc(C)cc3C)c3c(C)cc(C)cc3C)cc2)cc1,146.0,142.99294,0.990357902068429,-3.0070648
*CC(CCCCCCOc1ccc(/N=N/c2ccc(OC)cc2)cc1)COC(=O)CCCCC(=O)O*,21.999994,28.04957,0.9083134564665066,6.049576
*C(=O)Oc1ccc(C23CC4CC(CC(C4)C2)C3)c(OC(=O)c2ccc3c(c2)C(=O)N(c2ccc(-c4ccc(N5C(=O)c6ccc(*)cc6C5=O)cc4C)c(C)c2)C3=O)c1,225.0,235.99335,1.1348160568595893,10.993347
*C([2H])([2H])C(*)([2H])Cl,85.0,73.48574,0.8495890125040295,-11.514259
*Oc1ccc(C2(c3ccc(OC(=O)c4ccc(C(*)=O)cc4)cc3)CCC(C(C)(C)C)CC2)cc1,210.0,188.03491,3.281690485600096,-21.965088
*CCN(CCOC(=O)Nc1ccc(C)c(NC(=O)O*)c1)c1ccc(/N=N/c2ccc(/C=C/c3nc4ccc([N+](=O)[O-])cc4n3CC)cc2)cc1,171.0,168.06511,0.7976592192859764,-2.9348907
*CC(*)(C)C(=O)Oc1ccc(C(=O)Oc2ccc(-c3ccccc3)cc2)cc1,100.0,98.22318,1.7394703850823487,-1.7768173
*C(=O)Nc1ccc(-c2ccc(NC(=O)N3CC(C)N(*)CC3C)cc2)cc1,250.0,247.77081,1.7417288282365775,-2.229187
*C(=O)OCCCSCCCCSCCCOC(=O)c1ccc(N2C(=O)c3ccc(*)cc3C2=O)cc1,39.000004,40.627834,0.9436367389340007,1.6278305
*c1ccc(-c2ccc(-c3cc(-c4ccccc4)c4cc5nc(*)cc(-c6ccccc6)c5cc4n3)cc2)cc1,383.00003,370.5901,8.671492615156712,-12.409943
*CCCCCCN(CC(F)(F)C(F)(F)C(F)(F)C(F)(F)C(F)(F)C(F)(F)C(F)(F)F)C(=O)C(F)(F)C(F)(F)C(F)(F)C(=O)N(*)CC(F)(F)C(F)(F)C(F)(F)C(F)(F)C(F)(F)C(F)(F)C(F)(F)F,187.5,185.66472,1.2385089252440618,-1.8352814
*OC(C)(CC(*)=O)C(F)(F)F,26.999994,32.247494,2.4036172960293523,5.2474995
*C(CC(C)C)C(=O)Nc1ccc(Oc2ccc(NC(=O)NCC3(C)CC(NC(=O)Nc4ccc(Oc5ccc(NC(=O)C(CC(C)C)n6c(=O)c7cc8c(=O)n(*)c(=O)c8cc7c6=O)cc5)cc4)CC(C)(C)C3)cc2)cc1,147.5,154.17815,1.560547671456481,6.6781464
*Oc1ccc(NC(=O)c2ccc(NC(=O)c3ccc([Si](C)(C)c4ccc(C(=O)Nc5ccc(C(=O)Nc6ccc(*)cc6)cc5)cc4)cc3)cc2)cc1,304.0,287.02383,6.891261342008233,-16.976166
*CC(*)OC(=O)CCCC1CCCCC1,-9.999998,-18.735075,2.757891480192638,-8.735077
*CCCCCCCCCCNC(=O)CCCCCCCCCCCCCCC(=O)N*,45.000004,42.435024,0.5767717289497699,-2.5649796
*c1ccc(-c2cnc3ccc(-c4ccc5nc(*)cnc5c4)cc3n2)cc1,376.00003,322.87708,24.622300849750882,-53.122955
*C[Si](*)(C)c1ccccc1,27.999994,27.293009,1.7431478166785601,-0.7069855
*CC(*)C(=O)OCCOCC1(CC)COC1,-15.999998,-25.737135,2.5217376639461877,-9.737137
*CC/C=C(/*)[Sn](CCCC)(CCCC)CCCC,-80.0,-73.715164,4.3321673150327324,6.284836
*CC(F)(F)C(F)(F)COC(=O)NCC(F)(F)C(F)(F)C(F)(F)C(F)(F)CNC(=O)O*,38.000004,39.929913,0.6735740208766926,1.9299088
*CC(*)c1ccc(CCC(F)(F)C(F)(F)C(F)(F)C(F)(F)F)cc1,22.999994,27.115923,1.9547387859106977,4.1159286
*c1cccc(N2C(=O)C3CCC(C4CCC5C(=O)N(*)C(=O)C5C4)CC3C2=O)c1,263.0,255.57669,1.0360130959518652,-7.4233093
*CCC[Si](*)(C)C[Si](C)(C)C,-50.999996,-50.45564,2.7193603413447147,0.5443573
*Oc1cc(OC(=O)c2ccc(OCCCCCCCCCCCC)cc2)c(OC(=O)CCCC(*)=O)cc1OC(=O)c1ccc(OCCCCCCCCCCCC)cc1,22.999994,31.9657,0.8984863069908121,8.965706
*CCCCCCCCCCC(=O)Nc1ccc(Oc2ccc(NC(=O)CCCCCCCCCCN3C(=O)c4ccc(C(=O)c5ccc6c(c5)C(=O)N(*)C6=O)cc4C3=O)cc2)cc1,132.0,136.16661,1.376590847616993,4.1666107
*c1ccc(C(=O)Oc2c(C)cc(C(c3cccnc3)c3cc(C)c(OC(=O)c4ccc(N5C(=O)CC(Nc6ccc(NC7CC(=O)N(*)C7=O)cc6)C5=O)cc4)c(C)c3)cc2C)cc1,212.0,221.4836,1.3519589885448748,9.483597
*c1ccc(S(=O)(=O)c2ccc(NC(=O)c3cccc(C(=O)Nc4ccc(S(=O)(=O)c5ccc(-n6c(=O)c7cc8c(=O)n(*)c(=O)c8cc7c6=O)cc5)cc4)c3)cc2)cc1,286.0,305.4535,17.474072534530126,19.453491
*c1ccc(-c2ccc(-c3ccc(-c4ccc(*)n4CCCCCCCCCCCC)s3)s2)s1,52.000004,50.74127,0.9612508362007617,-1.2587357
*CC(*)c1cc(Br)ccc1OCCC(C)C,37.000004,43.157032,0.6910114514643669,6.157028
*c1ccc2c(c1)C(=O)N(c1c(C)cc(-c3cc(C)c(N4C(=O)c5ccc(C(*)(C(F)(F)F)C(F)(F)F)cc5C4=O)c4ccccc34)c3ccccc13)C2=O,403.0,356.64777,8.27708043172825,-46.352234
*CC(CC)(CC)COC(=O)Nc1ccc(C)c(NC(=O)O*)c1,-59.999996,-30.488752,17.725238724880782,29.511244
*CCCCCCCCCCCOC(=O)Nc1ccc(NC(=O)OCCCCCCCCCCCOc2ccc(-c3ccc(O*)cc3)cc2)c(C)c1,77.0,76.11449,1.150153384553129,-0.8855133
*C(=O)Nc1ccc(Oc2ccc(C3(c4ccc(Oc5ccc(NC(=O)c6ccc7c(c6)C(=O)N(c6ccc(C)c(N8C(=O)c9ccc(*)cc9C8=O)c6)C7=O)cc5)cc4)NC(=O)c4ccccc43)cc2)cc1,315.0,316.64844,3.2822570337529466,1.6484375
*CC(*)OCCCCCCCCCCCOc1ccc(C(=O)Oc2ccc(C#N)cc2)cc1,37.000004,29.11658,1.084983486669829,-7.8834248
*Oc1ccc(C(C)(C)c2cccc(C(C)(C)c3ccc(Oc4ccc(C(=O)Nc5cccc(NC(=O)c6ccc(*)cc6)c5)cc4)cc3)c2)cc1,155.0,158.22034,1.496647008991397,3.220337
*c1ccc2c(c1)C(=O)N(c1cc(OCCCCCCCCCCCCCCCC)cc(N3C(=O)c4ccc(C(*)(C(F)(F)F)C(F)(F)F)cc4C3=O)c1)C2=O,161.0,144.5224,2.501808363987519,-16.4776
*CCOCCOCCOc1ccc(/C=C(\C)c2ccc(O*)cc2)cc1,15.999994,23.36445,1.11802748622664,7.364456
*Oc1ccc(C(C)(C)c2ccc(OC(*)=O)c(C)c2)cc1C,124.0,128.60417,1.4651176094225118,4.6041718
*CC(*)c1ccc(OCCC)cc1,70.0,65.05056,1.0992684590236284,-4.94944
*CC(*)c1ccc(I)cc1,158.0,153.7818,1.3129886439754996,-4.2182007
*c1ccc(-c2ccc(N3C(=O)c4ccc(-c5cccc6c5C(=O)N(*)C6=O)cc4C3=O)cc2C)c(C)c1,372.00003,366.82745,8.817523386142208,-5.172577
*c1cc(C)c(/N=C/c2ccc(OCc3ccccc3COc3ccc(/C=N/c4cc(C)c(-n5c(=O)c6ccc7c8ccc9c(=O)n(*)c(=O)c%10ccc(c%11ccc(c5=O)c6c7%11)c8c9%10)cc4C)cc3)cc2)cc1C,128.0,129.13823,0.7363175532465965,1.1382294
*CC(O)CN(CC(O)COc1ccc(C(C)(C)c2ccc(O*)cc2)cc1)c1ccc(C#N)cc1,100.0,146.96104,22.72327333035313,46.961044
*CC1CCCC(CN2C(=O)c3ccc(C(c4ccc5c(c4)C(=O)N(*)C5=O)(C(F)(F)F)C(F)(F)F)cc3C2=O)C1,222.0,216.29907,0.8377484702766332,-5.7009277
*Nc1cc(NC(=O)c2ccc(C(*)=O)cc2)cc(C(=O)Oc2ccc(-c3ccccc3)cc2)c1,178.0,250.83342,14.42454300972881,72.83342
*C(=O)c1ccc2c(c1)C(=O)N(c1ccc(Cc3ccccc3N3C(=O)c4ccc(*)cc4C3=O)cc1)C2=O,290.0,280.502,1.704830730404468,-9.497986
*OP(=O)(Oc1ccc(C)cc1)Oc1c(Br)cc(C(c2cc(Br)c(*)c(Br)c2)(C(F)(F)F)C(F)(F)F)cc1Br,146.0,144.5076,0.6892968317034383,-1.4924011
*CCCCCCCCCCCCCCNC(=O)CCc1ccc(CCC(=O)N*)cc1,85.0,70.90557,0.6903355731319273,-14.094429
*CCN(CCN1C(=O)c2ccc(C(c3ccc4c(c3)C(=O)N(*)C4=O)(C(F)(F)F)C(F)(F)F)cc2C1=O)c1ccc(/N=N/c2ccc(C3OCCO3)cc2)cc1,178.0,178.46179,1.0099092589062777,0.461792
*Oc1cccc2cc(OC(=O)c3ccc(Oc4ccc(C(*)=O)cc4)cc3)ccc12,179.0,167.91983,1.217471034019944,-11.08017
*c1cccc(Oc2ccc(C(c3ccc(Oc4cccc(-n5c(=O)c6cc7c(=O)n(*)c(=O)c7cc6c5=O)c4)cc3)(C(F)(F)F)C(F)(F)F)cc2)c1,235.0,229.4908,1.63323056334751,-5.509201
*c1cccc(Oc2ccc(Oc3cccc(N4C(=O)c5ccc(Oc6ccc7c(c6)C(=O)N(*)C7=O)cc5C4=O)c3)cc2)c1,204.0,204.9961,1.3702899106002242,0.99609375
*c1ccc(Oc2ccc(Oc3ccc(-n4c(=O)c5cc6c(=O)n(*)c(=O)c6cc5c4=O)cc3)cc2)c(C(F)(F)F)c1,272.2,270.0241,3.500949856873018,-2.1759033
*c1cccc(Cc2cccc(N3C(=O)c4ccc([Si](C)(C)O[Si](C)(C)O[Si](C)(C)c5ccc6c(c5)C(=O)N(*)C6=O)cc4C3=O)c2)c1,208.0,218.2795,2.0896130613479884,10.279495
*CC(*)c1ccccc1C(=O)OCCC(C)C,68.0,64.67687,0.8398736018229915,-3.3231277
*Oc1ccc(C(c2ccc(OC(*)=O)cc2)C2C3CCC(C3)C2C)cc1,232.0,228.23209,0.8462977970977835,-3.7679138
*c1ccc(-c2nc3cc4nc(-c5ccccc5)c(*)nc4cc3nc2-c2ccccc2)cc1,395.00003,376.2779,11.517903421864878,-18.722137
*c1cccc(N2C(=O)c3ccc(-c4cccc5c4C(=O)N(*)C5=O)cc3C2=O)c1,341.0,337.30978,4.4771956832605415,-3.690216
*c1ccc(-c2ccc(N(*)c3cc(C(F)(F)F)cc(C(F)(F)F)c3)cc2)cc1,209.0,205.5435,2.9399180608614524,-3.4564972
*CC(*)(F)C(=O)OCCC,62.000004,63.61941,1.6655526067184148,1.6194077
*Oc1ccc(C(=O)c2cccc(C(=O)c3ccc(Oc4cccc(Cc5cccc(*)c5)c4)cc3)c2)cc1,114.0,111.65788,1.0315735994927526,-2.3421173
*CCCCCCCCCCC(=O)N(*)C,-11.999998,-20.518797,3.0614176109956976,-8.518799
*CC(*)OC(=O)c1ccc(OC)cc1,86.5,72.8122,1.046943076961325,-13.687798
*c1cccc(Oc2cccc(Oc3cccc(Oc4cccc(Oc5cccc(N6C(=O)c7ccc(Oc8ccc9c(c8)C(=O)N(*)C9=O)cc7C6=O)c5)c4C#N)c3)c2C#N)c1,176.0,192.08382,1.0533179479884287,16.083817
*c1ccc(C(c2ccc(N3C(=O)c4ccc(-c5ccc6c(c5)C(=O)N(*)C6=O)cc4C3=O)cc2)(C(F)(F)F)C(F)(F)F)cc1,343.0,327.00073,5.7750952963392495,-15.999268
*CC(*)(C)C(=O)Oc1ccccc1,110.0,86.985985,2.1736134071071738,-23.014015
*CC(*)c1ccc(C(=O)CC)cc1,102.0,99.80253,0.978419863291993,-2.1974716
*CC(*)n1cc2ccccc2n1,41.500004,43.81161,0.9538517801579685,2.3116074
*CCOC(=O)O*,5.0000024,7.6153893,1.5343915779361665,2.615387
*CCCCOc1ccc(OC(=O)c2ccc(C(=O)Oc3ccc(O*)cc3)c(C(=O)OCC=C)c2)cc1,56.000004,60.12691,1.187710500412205,4.1269073
*CC(*)c1cc(Br)ccc1OCCCC,47.000004,49.837246,0.7252809648397981,2.8372421
*CC(*)c1ccc(C(O)CCN(C)C)cc1,43.000004,48.863773,2.1669059377559563,5.8637695
*Nc1c(-c2ccccc2)cc(-c2ccc(-c3cc(-c4ccccc4)c(NC(=O)c4ccc(C(*)=O)cc4)c(-c4ccccc4)c3)cc2)cc1-c1ccccc1,135.0,152.18892,3.3390871543259752,17.18892
*CCCCCCOC(=O)c1ccc(C(=O)O*)cc1,13.000002,16.232859,3.5814166596056807,3.2328568
*CC(*)C(=O)OCCOc1ccc(C(=O)Oc2ccc(OC(=O)c3ccc(OCCCCC)cc3)cc2)cc1,46.000004,42.45841,1.4977214607563227,-3.5415955
*Oc1ccc(P(=O)(c2ccccc2)c2ccc(Oc3ccc(C(C)(C)c4ccc(*)cc4)cc3)cc2)cc1,199.0,204.9492,1.4937857837359099,5.9492035
*Oc1ccc(S(=O)(=O)c2ccc(Oc3ccc(C(C)(C)c4ccc(*)cc4)cc3[N+](=O)[O-])cc2)cc1,190.0,178.51744,1.039485376377756,-11.482559
*c1ccc(Oc2ccc(S(=O)(=O)c3ccc(Oc4ccc(N5C(=O)c6ccc(Oc7ccc(Oc8ccc9c(c8)C(=O)N(*)C9=O)cc7)cc6C5=O)cc4)cc3)cc2)cc1,201.0,231.48517,2.663246103058726,30.485168
*CC(*)P(=O)(O)O,88.0,74.04254,1.2549366225064522,-13.9574585
*Oc1ccc(/C=N/c2ccc(/N=C/c3ccc(Oc4ccc(C(c5ccccc5)(c5ccccc5)c5ccc(*)cc5)cc4)cc3)cc2)cc1,230.0,193.97693,5.700753706445817,-36.02307
*CCCCOC(=O)CCCCCCCCCCCCCCCCCCCCCCCCCCCCCCCCCCC(=O)O*,-54.999996,-53.39111,2.946783870472764,1.6088867
*c1ccc(OCCCCCCN(CC)c2ccc(C(C#N)=C(C#N)C#N)cc2)c(-c2cc(-c3ccccc3)c3cc(Oc4ccc5nc(*)cc(-c6ccccc6)c5c4)ccc3n2)c1,175.0,172.9965,1.099304169360065,-2.0034943
*NNC(=O)/C=C/C(=O)NCCCCCCNC(=O)/C=C/C(*)=O,102.4,99.34555,1.1744052060565422,-3.054451
*CC(*)c1ccc(C(=O)N2CCCCC2)cc1,114.0,118.108665,1.026909682942779,4.1086655
*C(=O)c1ccc2c(c1)C(=O)N(c1ccc(C(=O)c3ccc(N4C(=O)c5ccc(*)cc5C4=O)cc3)cc1)C2=O,294.0,299.46426,5.219833285360856,5.464264
*C(=O)c1ccc2c(c1)C(=O)N(c1ccc(/C=C/c3ccc(N4C(=O)c5ccc(*)cc5C4=O)cc3S(=O)(=O)O[Na])c(S(=O)(=O)O[Na])c1)C2=O,229.0,230.9356,1.0088484210526036,1.9355927
*C(=O)c1ccc2c(c1)C(=O)N(c1cccc(Oc3cccc(Oc4cccc(N5C(=O)c6ccc(*)cc6C5=O)c4)c3)c1)C2=O,211.0,222.81204,2.757219371866391,11.812042
*c1ccc2nc(*)cc(-c3ccccc3)c2c1,415.0,361.62048,11.163331826101944,-53.379517
*C(=O)Nc1ccc(Oc2ccc(Oc3ccc(NC(=O)c4ccc5c(c4)C(=O)N(c4ccc(Oc6ccc(N7C(=O)c8ccc(*)cc8C7=O)cc6)cc4)C5=O)cc3)cc2)cc1,260.0,263.07166,5.370601278572296,3.0716553
*CC(*)(C)C(=O)OCC(F)(F)C(F)(F)C(F)(F)C(F)(F)C(F)(F)C(F)(F)C(F)(F)C(F)F,-14.999998,-6.669706,2.3651360050410886,8.330292
*c1ccc(C(C)(C)c2ccc(C(C)(C)c3ccc(N4C(=O)c5ccc(Oc6ccc7ccc(Oc8ccc9c(c8)C(=O)N(*)C9=O)cc7c6)cc5C4=O)cc3)cc2)cc1,246.0,232.04959,1.959115972545236,-13.950409
*N=P(N=P(N=S(*)(=O)NCCC)(NCCC)NCCC)(NCCC)NCCC,6.0000024,2.289782,2.503098334439795,-3.7102203
*CCC(c1ccccc1)C(*)c1ccccc1,104.3,91.502594,0.884153476502844,-12.797409
*CCCCCCOC(=O)OCCCCCCCCCCOC(=O)OCCCCCCOc1ccc(C(=O)c2ccc(O*)cc2)cc1,-12.999998,-1.3184029,1.4900530587155383,11.681595
*CC(*)(C)C(=O)OCCOCCOCC1(C)COCCOCCOCCOC1,10.000002,18.070292,2.0542112370848127,8.07029
*c1cc(CCCCCC)c(-c2ccc3c4ccc(-c5sc(-c6sc(*)c7nc(CC)c(CC)nc67)cc5CCCCCC)cc4n(CCCCCCCCCCCC)c3c2)s1,89.0,85.76165,0.8691957674884324,-3.23835
*CCCCCCOc1ccc(C(=O)N(C(=O)c2ccc(O*)cc2)c2ccc(Oc3ccccc3)cc2)cc1,78.0,80.461525,0.9691560155749278,2.461525
*C(=O)c1ccc2c(c1)C(=O)N(c1ccc(Sc3ccc(N4C(=O)c5ccc(*)cc5C4=O)cn3)nc1)C2=O,246.0,252.81216,1.6977955846816668,6.8121643
*c1ccc2c(c1)C(=O)N(c1cccc(C(F)(F)C(F)(F)C(F)(F)C(F)(F)C(F)(F)c3cccc(N4C(=O)c5ccc(C(F)(F)C(F)(F)C(F)(F)C(F)(F)C(F)(F)C(F)(F)C(*)(F)F)cc5C4=O)c3)c1)C2=O,108.5,125.38336,1.599915228067217,16.883362
*CCCCOC(=O)Nc1ccc(C)c(NC(=O)OCCCCn2c3ccccc3c3cc(/C=C(\C#N)C(=O)OCCCCCCOC(=O)/C(C#N)=C/c4ccc5c(c4)c4ccccc4n5*)ccc32)c1,117.0,117.63913,0.7086690608859356,0.63912964
*N=P(*)(OCC(F)(F)C(F)(F)C(F)(F)C(F)(F)C(F)(F)C(F)(F)C(F)(F)F)OCC(F)(F)C(F)(F)C(F)(F)C(F)(F)C(F)(F)C(F)(F)C(F)(F)F,-39.999996,-53.668514,3.9252005920929296,-13.668518
*CCCCCSS*,-72.0,-65.631226,3.378993507655088,6.3687744
*N=P(*)(C)c1ccccc1,37.000004,47.147854,3.4423872090096452,10.14785
*Nc1cc(NC(=O)NC2CCC(CC3CCC(NC(*)=O)CC3)CC2)cc(C(=O)Nc2cccc3c2C(=O)c2ccccc2C3=O)c1,156.0,153.825,1.0660396244409795,-2.175003
*CC(*)(C)C(=O)OCc1cccc(Cl)c1,18.250002,19.746561,1.3520421381259033,1.4965591
*c1ccc(Oc2ccc(S(=O)(=O)c3ccc(C)cc3)cc2)c(N2C(=O)c3ccc(-c4ccc5c(c4)C(=O)N(*)C5=O)cc3C2=O)c1,281.0,270.82034,2.091454709373133,-10.179657
*c1cccc(Oc2cccc(Oc3cccc(-n4c(=O)c5cc6c(=O)n(*)c(=O)c6cc5c4=O)c3)c2)c1,221.0,220.62831,5.0698452645417325,-0.37168884
*OC(F)(C(=O)N([Li])S(=O)(=O)C(F)(F)C(*)(F)F)C(F)(F)F,67.0,68.4105,0.5060848982541957,1.4104996
*CCC1C(=O)N(c2ccc(N(C)C)cc2)C(=O)C1*,195.0,191.48712,1.2118621025843281,-3.5128784
*CCOCCOC(=O)CCCCCCCCCCCCCCCCC(=O)O*,-68.0,-55.208004,2.6465301050449868,12.791996
*CC(*)(C)C(=O)OCCC(C)(C)C,45.000004,43.727962,0.9084714825594182,-1.2720413
*CCCOC(=O)c1cccc(C(=O)O*)c1,36.000004,37.76974,1.6621800220118426,1.7697372
*Oc1ccc(CC(NC(=O)CCc2ccc(OC(=O)CCCCC(*)=O)cc2)C(=O)OCC)cc1,61.000004,56.151165,0.5606007062756674,-4.848839
*CCCCCCCCc1nc2ccc(-c3ccc4nc(*)sc4c3)cc2s1,238.0,228.13795,1.7733420057208564,-9.862045
*c1ccc(Oc2ccc(C(C)(C)c3ccc(Oc4ccc(N5C(=O)c6ccc(Oc7ccc8c(c7)C(=O)N(*)C8=O)cc6C5=O)cc4)cc3)cc2)cc1,227.5,219.92372,2.580487136560889,-7.5762787
*N=P(*)(NCCC)NCCC,-14.499998,-18.48718,3.5102052220761495,-3.9871826
*Oc1ccc(C2(c3ccc(OC(*)=O)cc3)CC3CCC2C3)cc1,235.0,238.50714,1.4885702943354622,3.507141
*CC(O)COC(=O)CCCCC(=O)OCC(O)COc1ccc(/C=C(\C)c2ccc(O*)cc2)cc1,33.000004,30.08497,0.7875482197606882,-2.9150333
*Oc1ccc(-c2ccc(Oc3ccc(C(=O)c4ccc(C(=O)c5ccc(*)c(C(F)(F)F)c5)cc4)cc3C(F)(F)F)cc2)cc1,187.0,179.50764,0.8173597008132262,-7.4923553
*NC1CCC(CCC2CCC(NC(=O)CCCCCCCCC(*)=O)CC2)CC1,116.0,118.49432,1.405678749286514,2.4943237
*CC(*)c1ccc(COC)cc1,77.0,73.62584,5.8038399180004445,-3.3741608
*Oc1ccc(C(=O)c2cccc(C(=O)c3ccc(*)cc3)c2)cc1,139.0,149.76189,1.366335488271242,10.761887
*CC(*)(C)C(=O)Oc1ccc(C(=O)/C=C/c2ccc(Cl)cc2)cc1,127.0,115.5418,1.2810629748668017,-11.458199
*CCCCCCCCCCCCN1C(=O)c2cccc3c(-c4ccc5c6c(cccc46)C(=O)N(CCCCCCCCCCCCn4c(=O)c6ccc7c8ccc9c(=O)n(*)c(=O)c%10ccc(c%11ccc(c4=O)c6c7%11)c8c9%10)C5=O)ccc(c23)C1=O,210.0,212.22061,1.2116183088505321,2.2206116
*c1ccc(Oc2ccc(N3C(=O)c4ccc(Oc5ccccc5Oc5ccc6c(c5)C(=O)N(*)C6=O)cc4C3=O)cc2)cc1,212.0,206.3248,1.690549213889679,-5.6752014
*Oc1c(C)cc(-c2cc(C)c(OC(=O)CCCCC(*)=O)c(C)c2)cc1C,108.0,92.4631,1.3841516997588905,-15.536903
*/C=C/c1cc(OC)c(/C=C/c2ccc(/C=C(\Oc3ccccc3)c3ccc(/C(=C/c4ccc(*)cc4)c4ccc(Oc5ccccc5)cc4)cc3)cc2)cc1OC,175.0,181.32802,0.9671173847262136,6.328018
*CCCCCCOC(=O)OCCCCCCN1C(=O)c2ccc(-c3ccc(-c4ccc5c(c4)C(=O)N(*)C5=O)cc3)cc2C1=O,73.0,74.32019,1.9717578505333742,1.3201904
*c1ccc(Oc2ccc(C(C)(C)c3ccc(Oc4ccc(N5C(=O)c6ccc(Oc7ccc(C(C)(C)c8ccc(Oc9ccc%10c(c9)C(=O)N(*)C%10=O)cc8)cc7)cc6C5=O)cc4)cc3)cc2)cc1,176.0,203.56123,1.8397182008634334,27.561234
*c1ccc(Sc2cc3c(cc2Sc2ccc(N4C(=O)c5ccc(Oc6ccc7c(c6)C(=O)N(*)C7=O)cc5C4=O)cc2)C(=O)N(CCc2ccccc2)C3=O)cc1,218.0,221.62088,0.991091901329673,3.6208801
*C(=O)Oc1ccc(OC(=O)c2ccc3c(c2)C(=O)N(c2ccc(Oc4ccc(N5C(=O)c6ccc(*)cc6C5=O)cc4)cc2)C3=O)c(C(C)(C)C)c1,189.0,175.40674,0.9349093840426385,-13.593262
*CCCCOC(=O)c1ccc(-c2ccc(-c3ccc(C(=O)O*)cc3)cc2)cc1,180.0,79.36776,14.24910535266093,-100.63224
*Oc1cc(OC(=O)c2ccc(OCC)cc2)c(OC(=O)CCCC(*)=O)cc1OC(=O)c1ccc(OCC)cc1,71.0,65.573944,0.8396717494080895,-5.426056
*CCC1CC(*)C2C3CC(CC)C(C3)C12,138.0,136.64404,1.5175888697799946,-1.355957
*/C=C/CCCCCC*,-78.0,-68.87953,5.204598271446491,9.120468
*Oc1ccc(/N=C(\C)c2ccc(Oc3ccc(C(C)(C)c4ccc(Oc5ccc(/C(C)=N/c6ccc(*)cc6)cc5)cc4)cc3)cc2)cc1,141.0,151.23152,1.1361614254584196,10.231522
*CC(*)(C)C(=O)OC1CCC2CCCCC2C1,145.0,153.42848,1.0176868864042568,8.428482
*CCOC(=O)Nc1ccc(C)c(NC(=O)OCCOc2cc([N+](=O)[O-])ccc2/N=N/c2cn(*)c3ccccc23)c1,150.0,152.30809,0.7569304286336821,2.3080902
*CCN(CCOC(=O)NCCCCCCNC(=O)O*)c1ccccc1,31.899996,38.93102,3.1584406053684857,7.031023
*Oc1ccc(C(C)(C)c2cc(Cl)c(OC(*)=O)c(Cl)c2)cc1,186.0,187.3159,1.0306595824358062,1.3159027
*C(=O)Nc1ccc(Oc2ccc(N3C(=O)c4ccc(*)cc4C3=O)cc2)cc1,295.0,284.5818,6.709984364237405,-10.418213
*Oc1ccc(-c2ccc(Oc3ccc(C(=O)c4c(C(=O)c5ccc(*)cc5)c(-c5ccc(F)cc5)c(-c5ccc(F)cc5)c(-c5ccc(F)cc5)c4-c4ccc(F)cc4)cc3)cc2)cc1,275.0,265.70718,1.3508197136179132,-9.292816
*CCCCCCNC(=O)CCP(=S)(CCC(=O)N*)c1ccccc1,43.000004,45.982845,0.511315834207794,2.9828415
*CC(O)COc1ccc(C2(C)CC(C)(C)c3cc(O*)ccc32)cc1,120.0,122.68072,1.0863408983439973,2.6807175
*CC(CO)(CO)CO*,99.0,63.871296,22.74924448412521,-35.128704
*OC(=O)C(Cc1ccccc1)NC(=O)CCCCCCC(=O)NC(Cc1ccccc1)C(=O)OC1COC2C(*)COC12,91.0,85.6428,0.6639876805465582,-5.3572006
*CCCCCCCCCCCc1nc2ccc(-c3ccc4nc(*)oc4c3)cc2o1,62.000004,107.317345,68.23577164161571,45.31734
*/C=C/C(*)(C)c1ccccc1,52.000004,48.14085,1.1117056047310228,-3.8591537
*CCCCCCC(=O)Oc1ccc(OC(=O)c2ccc3c(c2)C(=O)N(*)C3=O)cc1,74.315,76.38601,2.6872365374661107,2.0710068
*Oc1ccc(OC(=O)c2ccc(OCCCCCCOc3ccc(C(*)=O)cc3)cc2)cc1/N=N/c1ccc(C#N)cc1,98.0,89.097336,0.9661305856052687,-8.902664
*N=P(*)(OCC(COC)OC)OCC(COC)OC,-79.0,-74.0016,3.434365683055476,4.998398
*CC1CC(*)OCO1,68.0,62.466366,0.9855818278342218,-5.533634
*CC(O)COc1ccc(C(C)(C)c2ccc(OCC(O)COc3ccc(C(=O)Nc4ccc(O*)cc4)cc3)cc2)cc1,127.0,134.00403,1.1925324430550903,7.0040283
*c1ccc(Oc2ccc(C3(c4ccc(Oc5ccc(N6C(=O)c7ccc(Oc8ccc(C9(c%10ccc(Oc%11ccc%12c(c%11)C(=O)N(*)C%12=O)cc%10)CCC(c%10ccccc%10)CC9)cc8)cc7C6=O)cc5)cc4)CCC(C(C)(C)C)CC3)cc2)cc1,243.0,234.27847,0.7557042341194994,-8.721527
*CC(*)(C)C(=O)OCCCCCCCC,-10.999998,-30.199415,4.680149777749942,-19.199417
*CC(*)c1ccc(-c2cccc3nsnc23)cc1,150.0,143.1113,0.7453089656550406,-6.8887024
*Nc1ccc(-c2c(-c3ccccc3)cc(-c3ccc(-c4cc(-c5ccccc5)c(-c5ccc(NC(=O)c6ccc(C(*)=O)cc6)cc5)c(-c5ccccc5)c4)cc3)cc2-c2ccccc2)cc1,290.0,280.97412,4.954586959659538,-9.025879
*Cc1cc(CNC(=O)c2cccc(C(=O)N*)c2)cc(C(C)(C)C)c1,188.0,186.50151,1.0097454730816828,-1.4984894
*CC(c1ccccc1)C1C(=O)N(c2ccc(C(C)(C)C)cc2)C(=O)C1*,237.0,227.0691,1.1536748845043139,-9.930893
*c1ccc(Sc2ccc(Sc3ccc(N4C(=O)c5ccc(Oc6ccc7c(c6)C(=O)N(*)C7=O)cc5C4=O)cc3)s2)cc1,218.0,193.33644,1.9656052004268525,-24.663559
*CCCc1ccc(-c2c(-c3ccccc3)cc(-c3ccc(-c4cc(-c5ccccc5)c(-c5ccc(*)cc5)c(-c5ccccc5)c4-c4ccccc4)cc3)c(-c3ccccc3)c2-c2ccccc2)cc1,290.0,268.07217,2.979529934817956,-21.927826
*C(=O)c1ccc2c(c1)C(=O)N(c1ccc(/C=C/c3ccc(N4C(=O)c5ccc(*)cc5C4=O)cc3)cc1)C2=O,303.0,304.50543,6.596685205906695,1.5054321
*Oc1c(C)cc(C2(c3cc(C)c(OC(=O)c4cccc(C(*)=O)c4)c(C)c3)c3ccccc3-c3ccccc32)cc1C,315.0,307.29135,6.0497825553262965,-7.7086487
*CC(*)n1cncn1,165.0,165.49281,1.1223771308714927,0.4928131
*CC(*)(C)C(=O)OCC1COC(CP(=O)(OCC)OCC)O1,115.0,118.77294,0.7729817536111657,3.7729416
*c1ccc(C(c2ccc(N3C(=O)c4ccc(OCCN(CCOc5ccc6c(c5)C(=O)N(*)C6=O)c5ccc(/C=C/c6ccc([N+](=O)[O-])cc6)cc5)cc4C3=O)cc2)(C(F)(F)F)C(F)(F)F)cc1,180.7,183.47433,1.3059902558130774,2.7743378
*CCCCCCNC(=O)CCC(C)(C)c1ccc(C(C)(C)CCC(=O)N*)cc1,93.25,93.65907,0.7451753922411846,0.40907288
*Nc1ccc(-c2ccc(Nc3ccc4c(c3)c3cc(*)ccc3n4CC(CC)CCCC)cc2)cc1,231.0,224.09865,1.2825237475440872,-6.901352
*Oc1ccc(C2(c3ccc(Oc4ccc(C(=O)c5c(C(=O)c6ccc(*)cc6)c(-c6ccc(F)cc6)c(-c6ccc(F)cc6)c(-c6ccc(F)cc6)c5-c5ccc(F)cc5)cc4)cc3)c3ccccc3-c3ccccc32)cc1,293.0,287.50403,1.60656457648963,-5.4959717
*C(=O)c1ccc2c(c1)C(=O)N(c1ccc3c(c1)Cc1cc(N4C(=O)c5ccc(*)cc5C4=O)ccc1-3)C2=O,341.5,333.01288,8.166393887689095,-8.487122
*Oc1ccc(-c2ccc(OC(*)(Oc3ccccc3)Oc3ccccc3)cc2)cc1,112.0,99.75282,1.5916371322471543,-12.247177
*CCOC(=O)Nc1ccc(Cc2ccc(NC(=O)OCCOc3ccc(O*)cc3)cc2)cc1,98.0,114.64266,1.1307637190919904,16.642662
*c1cccc(C(=O)Nc2ccc(Oc3ccc(Oc4ccc(Oc5ccc(NC(=O)c6cccc(N7C(=O)c8ccc(-c9cccc%10c9C(=O)N(*)C%10=O)cc8C7=O)c6)cc5)cc4)cc3)cc2)c1,260.0,262.5131,1.1038782340957787,2.513092
*c1ccc(Oc2ccc(N3C(=O)c4ccc(Oc5ccc(C(=O)c6ccc(Oc7ccc8c(c7)C(=O)N(*)C8=O)cc6)cc5)cc4C3=O)cc2)cc1,210.0,225.76926,1.631989602975739,15.769257
*O[Si](*)(C)CCCCCOc1ccc(/C=C/c2ccc(OC)cc2)cc1,52.000004,-8.787626,6.453433348374811,-60.78763
*CCCCCCCCOC(=O)NCCCCCCNC(=O)O*,58.000004,49.99159,21.169496275851593,-8.008415
*c1ccc2c(c1)C(=O)N(c1cccc(N3C(=O)c4ccc(C(*)(C(F)(F)F)C(F)(F)F)cc4C3=O)c1C)C2=O,353.5,333.82034,6.204525391733596,-19.679657
*c1ccc(C(=O)c2ccc(-n3c(=O)c4cc5c(=O)n(*)c(=O)c5cc4c3=O)cc2)cc1,424.0,354.42896,16.763970923652153,-69.571045
*Oc1ccc(S(=O)(=O)N(C)CCCCN(C)S(=O)(=O)c2ccc(Oc3ccc(C(C)(C)c4ccc(*)cc4)cc3)cc2)cc1,120.0,118.74876,0.7385884583657402,-1.2512436
*OC(=O)OCCCCCCCCCCOC(=O)OC1COC2C(*)COC12,6.5000024,19.767069,1.9050773321131294,13.267067
*Oc1ccc(CC(NC(=O)CCc2ccc(OC(=O)CCC(*)=O)cc2)C(=O)OCCCC)cc1,67.0,62.02934,0.6139366070812113,-4.970661
*CC(OC)C1C(=O)OC(=O)C1*,153.5,147.06361,0.8637391024140448,-6.436386
*CC(*)C(=O)OC(CC)CC,-5.9999976,-17.01631,1.7812317909030688,-11.016312
*Oc1ccc(S(=O)c2ccc(Oc3ccc(C(C)(C)c4ccc(*)cc4)cc3)cc2)cc1,165.0,164.11143,0.8765323566230602,-0.88856506
*Oc1ccc(-c2ccc(OC(=O)c3ccc(C(*)=O)cc3)cc2)cc1-c1ccccc1,132.0,163.82213,13.161789488826537,31.822128
*Oc1c(-c2ccccc2)cc(-c2cc(-c3ccccc3)c(OC(=O)CCCCCCCCC(*)=O)c(-c3ccccc3)c2)cc1-c1ccccc1,98.0,95.243225,0.8340762224389368,-2.756775
*Oc1ccc(C(C)(c2ccccc2)c2ccc(OC(=O)OC3C(C)(C)C(OC(*)=O)C3(C)C)cc2)cc1,149.0,150.11122,0.9918730256683261,1.1112213
*CCCCCCCCCOC(=O)C(O)C(O)C(=O)O*,-10.999998,-18.243528,2.4615666895520425,-7.2435303
*CC(*)C(F)(F)C(F)(F)C(F)(F)F,58.000004,49.711292,1.2902186443506147,-8.288712
*CC(*)c1ccc(C(C)(O)CC)cc1,190.0,181.59412,1.6945127470669603,-8.405884
*c1ccc(Oc2ccc(C(=O)c3ccc(Oc4ccc(C(=O)c5ccc(Oc6ccc(-c7cc(*)n(-c8ccccc8)n7)cc6)cc5)cc4)cc3)cc2)cc1,190.0,193.37256,0.9971310323608361,3.3725586
*c1cccc(C(=O)Nc2ccc(Oc3ccc(NC(=O)c4cccc(N5C(=O)c6ccc(-c7ccc8c(c7)C(=O)N(*)C8=O)cc6C5=O)c4)cc3)cc2)c1,253.0,260.10156,1.1579108006290193,7.1015625
*Oc1ccc(C(C)(C)c2ccc(OC(=O)OCCN(CCOC(*)=O)c3ccc(OC)cc3)cc2)cc1,60.000004,62.879047,1.0462188168827455,2.8790436
*Oc1ccc(C(=O)c2cccc(C(=O)c3ccc(Oc4ccc(Cc5ccc(*)cc5)cc4)cc3)c2)cc1,145.0,135.76709,1.0627410784671365,-9.23291
*CCCCOc1cccc(C(=O)OC(=O)c2cccc(O*)c2)c1,19.999994,39.219883,1.007710926406344,19.219889
*c1ccc(Oc2ccc(N3C(=O)c4ccc([Si](C)(C)O[Si](C)(C)c5ccc6c(c5)C(=O)N(c5ccc(Oc7ccc(-c8nnc(*)o8)cc7)cc5)C6=O)cc4C3=O)cc2)cc1,190.5,183.86163,1.7858770668668675,-6.6383667
*c1ccc(Oc2ccc(-n3nc(-c4ccccc4)cc3-c3ccc(-c4cc(-c5ccccc5)nn4*)cc3)cc2)cc1,260.0,253.19148,1.7813746322488153,-6.8085175
*CCCCCCCCCCCOC(=O)c1cc(OCCCCCCCCOc2ccc(/N=N/c3ccc(OC)cc3)cc2)cc(C(=O)OCCCCCCCCCCCOc2ccc(-c3ccc(O*)cc3)cc2)c1,60.000004,50.948383,1.0701148964129175,-9.0516205
*c1ccc(CC(=O)Nc2ccc(Oc3ccc(NC(=O)Cc4ccc(-c5sc(*)c(-c6ccccc6)c5-c5ccccc5)cc4)cc3)cc2)cc1,226.0,235.75679,1.3559196942175118,9.75679
*CCC1CC(*)C2C3CCC(C3)C12,164.0,163.66182,1.507173808783024,-0.33818054
*c1ccc(Cc2ccc(-n3nccc3-c3ccc(-c4ccnn4*)cc3)cc2)cc1,202.0,225.40349,2.4618002204912024,23.403488
*CCN(*)C(=O)c1cc(F)cc(F)c1F,110.0,104.36009,0.4191447854438415,-5.639908
*CCC[Sn](C)(C)CCCOC(=O)C(CCCCCCCCOc1ccc(-c2ccc(OCc3ccc(C#N)cc3)cc2)cc1)C(=O)O*,21.999994,30.447329,0.7016790505150526,8.447334
*c1ccc(Oc2ccc(C(C)(C)c3ccc(Oc4ccc(-c5nc(*)nc(-c6ccccc6)n5)cc4)cc3)cc2)cc1,228.0,218.43887,1.6120928716816794,-9.561127
*Oc1ccc(C(c2ccccc2)(c2ccccc2)c2ccc(OC(=O)OC3C(C)(C)C(OC(*)=O)C3(C)C)cc2)cc1,161.0,156.23184,1.148481386806657,-4.768158
*=Nc1cccc(/N=C(\c2ccccc2)c2ccc(C(=*)c3ccccc3)cc2)c1,179.0,184.63702,1.0211644029498597,5.637024
*O[Si](*)(CCCOCCOCCOCCOCCOCCOCCOCCOC)CCCOCCOCCOCCOCCOCCOCCOCCOC,-66.40001,-63.429287,2.7430856186498778,2.9707222
*CC(*)C(=O)Oc1ccc(Cl)cc1Cl,60.000004,40.575726,5.544601306612018,-19.424278
*Oc1ccc(Nc2ccc(S(=O)(=O)c3ccc(Nc4ccc(Oc5ccc(C(C)(C)c6ccc(*)cc6)cc5)cc4)cc3)cc2)cc1,145.0,142.89418,0.9676331425178567,-2.1058197
*/C(Cl)=C(/*)CCCC,190.0,181.20615,3.141372111775727,-8.793854
*CC(*)(C)C(=O)OCCCCCCOc1ccc(C(=O)Oc2ccc(C(=O)/C=C/c3c(C)c4ccccc4n3C)cc2)cc1,98.0,79.70867,1.1661813564366967,-18.291328
*Oc1ccc(NC(=O)CCCCCCC(=O)Nc2ccc(OC3COC4C(*)COC34)cc2)cc1,72.5,89.319244,7.87596769062659,16.819244
*c1cccc(-n2nc(-c3ccccc3)c3cc(Oc4ccc5c(-c6ccccc6)nn(*)c(=O)c5c4)ccc3c2=O)c1C#N,301.0,264.11267,12.246285373881781,-36.88733
*CCCCOC(=O)CCCCCCCCC(=O)O*,-56.999996,-51.467464,3.4087600104392988,5.5325317
*c1ccc(Nc2nc(Nc3ccc(-c4nc5cc(-c6ccc7[nH]c(*)nc7c6)ccc5[nH]4)cc3)nc(N(c3ccccc3)c3ccccc3)n2)cc1,329.0,325.23022,3.8568876609912364,-3.7697754
*c1ccc(Oc2c(C)cc(-c3cc(C)c(Oc4ccc(N5C(=O)c6ccc(Oc7ccccc7Oc7ccc8c(c7)C(=O)N(*)C8=O)cc6C5=O)cc4C(F)(F)F)c(C)c3)cc2C)c(C(F)(F)F)c1,270.0,247.45569,1.864854717153405,-22.544312
*Oc1ccc(NC(=O)CCCCCCC(=O)Nc2ccc(*)cc2)cc1,180.0,162.16617,3.0687289096721155,-17.833832
*CC(*)(C)C(=O)OCC1CC(NC(=O)OC(C)(C)C)CN1C(=O)OC(C)(C)C,127.0,136.03554,0.8550646846929721,9.035538
*N=P(*)(C)C,-41.999996,-41.391308,6.4764718562185335,0.60868835
*CC(O)CN(C)S(=O)(=O)c1cccc(S(=O)(=O)N(C)CC(O)COc2ccc(Sc3ccc(O*)cc3)cc2)c1,90.0,80.25007,1.623225176356815,-9.749931
*c1ccc(OCC2CCC(COc3ccc(N4C(=O)c5ccc(-c6ccc7c(c6)C(=O)N(*)C7=O)cc5C4=O)cc3)CC2)cc1,254.4,248.33147,1.9308666878088072,-6.068527
*C(=O)Nc1ccc(Oc2cccc(NC(=O)c3ccc4c(c3)C(=O)N(c3ccc(Oc5ccc(C6(c7ccc(Oc8ccc(N9C(=O)c%10ccc(*)cc%10C9=O)cc8)cc7)NC(=O)c7ccccc76)cc5)cc3)C4=O)c2)cc1,302.0,298.4846,2.8497910361495173,-3.5154114
*CC(F)(F)C(F)(F)C(F)(F)COC(=O)c1cccc(C(=O)O*)c1,23.499994,27.52292,1.0560617794399705,4.0229263
*Oc1ccc(OC(=O)c2ccc(C(*)=O)cc2Sc2ccccc2)cc1,181.0,153.7881,1.0676679529490527,-27.211899
*CC(*)CCCCCCC,-46.999996,-24.617094,10.222752981079816,22.382902
*c1ccc(Cc2ccc(N3C(=O)c4ccc(-c5ccc6c(c5)C(=O)N(*)C6=O)cc4C3=O)cc2)cc1,298.0,311.9275,5.852780881725626,13.92749
*c1ccc(Cc2ccc(N3C(=O)c4cc(-c5ccc([Si](C)(C)C)cc5)c(-c5cc6c(cc5-c5ccc([Si](C)(C)C)cc5)C(=O)N(*)C6=O)cc4C3=O)cc2)cc1,348.0,353.60825,7.298978296180388,5.608246
*CC(O)COc1ccc(C(C)(C)c2ccc(OCC(O)COc3ccccc3C(=O)Nc3ccc(O*)cc3)cc2)cc1,121.0,117.825645,1.0132635171938575,-3.1743546
*Oc1cccc(Oc2ccc3c(=O)n4c5cc(-c6ccc7c(c6)nc6c8ccc(*)c9cccc(c(=O)n76)c98)ccc5nc4c4cccc2c34)c1,396.5,389.27695,10.991133023243188,-7.223053
*Oc1ccc(C(=O)CNc2ccc(S(=O)(=O)c3ccc(NCC(=O)c4ccc(*)cc4)cc3)cc2)cc1,247.0,248.31493,1.8525414580383992,1.3149261
*CCOC(=O)NNC(=O)CCCCCCCCC(=O)NNC(=O)O*,63.000004,47.154583,0.8056468151844112,-15.845421
*CC(*)C1=NCCN1,-48.350002,-51.553036,3.1145751172026497,-3.2030334
*Oc1ccc2cc(C(*)=O)ccc2c1,147.0,166.79219,2.7258384686525416,19.79219
*CCCCCCCOC(=O)c1ccc2cc(C(=O)O*)ccc2c1,52.500004,53.426495,1.5722975240904635,0.9264908
*OC1CCCCC1OC(*)=O,117.3,106.90968,1.0397823690878272,-10.39032
*CCCCCCN1C(=O)c2ccc(C(=O)Nc3ccc(S(=O)(=O)c4cccc(NC(=O)c5ccc6c(c5)C(=O)N(*)C6=O)c4)cc3)cc2C1=O,190.0,186.61185,1.8421645159929327,-3.388153
*O[Si](C)(C=C)O[Si](C)(C=C)O[Si](C)(C)c1ccc([Si](*)(C)C)cc1,-85.999985,-74.00795,4.36659040379932,11.992035
*CC(*)OC(=O)c1ccc(C)cc1,73.5,73.899536,1.1957108724427374,0.39953613
*c1ccc(C(C#N)(C(=O)O)C(*)(C#N)C(=O)O)cc1,108.0,101.00533,0.8951413689963198,-6.994667
*Oc1ccc(CC(NC(=O)CCc2ccc(OC(=O)CCC(C)CC(*)=O)cc2)C(=O)OC)cc1,53.000004,56.242107,0.4615136858735611,3.2421036
*C(=O)Nc1ccc(Oc2ccccc2-c2ccccc2Oc2ccc(NC(=O)c3ccc4c(c3)C(=O)N(c3ccc(Oc5ccccc5-c5ccccc5Oc5ccc(N6C(=O)c7ccc(*)cc7C6=O)cc5)cc3)C4=O)cc2)cc1,227.0,235.08315,1.6799906832125964,8.083145
*Oc1cc(C(C)(C)C)c(Oc2ccc(C(=O)Nc3ccc(C(C)(C)c4ccc(NC(=O)c5ccc(*)cc5)c(C)c4)cc3C)cc2)cc1C(C)(C)C,275.0,270.12125,1.6555987431456873,-4.8787537
*CCCCCCCCc1nc2cc(NC(=O)CCCCC(=O)Nc3ccc4oc(*)nc4c3)ccc2o1,92.0,83.84995,2.777288162054191,-8.150047
*Oc1ccc(C(=O)Nc2cc(C(c3ccc(C)c(NC(=O)c4ccc(OC(=O)c5ccc(C(*)=O)cc5)cc4)c3)(C(F)(F)F)C(F)(F)F)ccc2C)cc1,213.0,207.3739,1.8980636544811476,-5.6260986
*c1ccc(-c2nc3ccc(Oc4ccc5nc(*)c(-c6ccccc6)c(-c6ccccc6)c5c4)cc3c(-c3ccccc3)c2-c2ccccc2)cc1,345.0,316.34152,7.100704454934462,-28.658478
*c1ccc(N2C(=O)CC(C3C=C(C)C4C(=O)N(*)C(=O)C4C3)C2=O)cc1,327.0,306.79303,9.419906704523429,-20.20697
*c1ccc(Oc2ccc(Oc3ccc(-c4cnc5ccc(-c6ccc7ncc(*)nc7c6)cc5n4)cc3)cc2)cc1,235.0,237.27878,11.256288449906304,2.278778
*Oc1ccc2ccc(Oc3ccc(C(=O)Nc4ccc(Oc5ccc(C(C)(C)c6ccc(C(C)(C)c7ccc(Oc8ccc(NC(=O)c9ccc(*)cc9)cc8)cc7)cc6)cc5)cc4)cc3)cc2c1,166.0,154.15704,1.745982023556333,-11.842957
*CCOC(=O)/C=C/C(=O)O*,-9.999998,17.284868,1.9680043904789428,27.284866
*c1ccc(Oc2cc3ccccc3cc2Oc2ccc(N3C(=O)c4ccc(Oc5ccc6c(c5)C(=O)N(*)C6=O)cc4C3=O)cc2)cc1,275.5,238.71184,1.8325179079249119,-36.788162
*C(=O)c1ccc2c(c1)C(=O)N(c1cc(C(=O)c3ccccc3)cc(N3C(=O)c4ccc(*)cc4C3=O)c1)C2=O,282.0,281.0068,2.722084170818956,-0.9931946
*CCN(CCOC(=O)Nc1ccc(C)c(NC(=O)O*)c1)c1ccc(/N=N/c2ccc([N+](=O)[O-])cc2C)c(C)c1,135.0,129.63757,0.8546163157620238,-5.3624268
*CC(C)(CC)COC(=O)c1ccc(-c2ccc(C(=O)O*)cc2)cc1,99.0,92.485405,1.1062974261251692,-6.514595
*c1ccc(-c2ccc(-c3ccc([Si](C)(C)[Si](*)(C)C)s3)s2)s1,45.000004,48.325375,0.8576752568978405,3.3253708
*Cc1cc(C)c(CNC(=O)c2ccc(C(=O)N*)cc2)cc1C,225.0,224.74266,0.7102062285498207,-0.25733948
*N=P(*)(Oc1ccc(C)cc1)Oc1ccc(C)cc1,5.0000024,-7.578733,5.0594475874622065,-12.578735
*Nc1ccc(N[Se]*)cc1,55.000004,48.192158,0.9451655811675436,-6.807846
*Oc1c(F)c(F)c(S(=O)(=O)c2c(F)c(F)c(Oc3ccc(C(c4ccc(*)cc4)(C(F)(F)F)C(F)(F)F)cc3)c(F)c2F)c(F)c1F,182.0,185.61302,0.9135889517988551,3.6130219
*c1cccc(C(=O)Nc2ccc(Oc3ccc(-c4ccc(Oc5ccc(NC(=O)c6cccc(N7C(=O)c8ccc(-c9ccc%10c(c9)C(=O)N(*)C%10=O)cc8C7=O)c6)cc5)cc4)cc3)cc2)c1,270.0,253.80994,1.1239887037964869,-16.190063
*Oc1c(C)cc(*)cc1C,212.0,195.34567,3.010175058489859,-16.654327
*CC(*)(C)C(=O)OCc1ccccc1,54.000004,46.422726,1.0875034216424806,-7.577278
*Oc1ccc(C(C)(C)c2ccc(Oc3ccc(C(=O)c4ccc(*)cc4)cc3)cc2)cc1,155.0,160.98076,1.3083225282552469,5.9807587
*c1ccc(OCCN(CCOc2ccc(-c3nc4ccc(Oc5ccc6nc(*)c(-c7ccccc7)nc6c5)cc4nc3-c3ccccc3)cc2)c2ccc(/N=N/c3ccc([N+](=O)[O-])cc3C)cc2)cc1,188.0,190.76524,0.7188482870510725,2.7652435
*CC(*)(CC(=O)OCC1CCCCC1)C(=O)OCC1CCCCC1,83.0,69.878136,1.0941377947625168,-13.121864
*Oc1ccc(Sc2ccc(Oc3ccc4c(=O)n5c6cc(-c7ccc8c(c7)nc7c9ccc(*)c%10cccc(c(=O)n87)c%109)ccc6nc5c5cccc3c45)cc2)cc1,386.00003,378.78018,8.052729038757692,-7.2198486
*C1C(*)C2CC1C(C(=O)OCCc1ccccc1)C2C(=O)OCCc1ccccc1,254.0,244.43982,1.4945951831210083,-9.560181
*C(=O)c1ccc2c(c1)C(=O)N(c1cccc(Nc3nc(Nc4cccc(N5C(=O)c6ccc(*)cc6C5=O)c4)nc(N(c4ccccc4)c4ccccc4)n3)c1)C2=O,290.0,281.04715,1.9963810176467702,-8.95285
*Oc1ccccc1C(=O)OC(=O)c1ccccc1OC(=O)c1ccc(C(*)=O)cc1,120.0,112.92945,1.222540959292395,-7.070549
*Nc1ccc(CCNC(=O)CCCCC(*)=O)cc1,115.0,110.2982,0.9484957533044477,-4.7017975
*CC(=O)Nc1ccc(Oc2ccc(S(=O)(=O)c3ccc(Oc4ccc(NC(=O)CN5C(=O)c6ccc(C(c7ccc8c(c7)C(=O)N(*)C8=O)(C(F)(F)F)C(F)(F)F)cc6C5=O)cc4)cc3)cc2)cc1,241.0,237.01508,0.7408377906716698,-3.9849243
*/C=C/C(C)C(*)C(=O)OCCN(C)c1ccc(N(C)C)cc1,20.499994,22.891504,1.1419687011087305,2.39151
*O[Si](*)(C)CCCOc1ccc2c(c1)c1cc(-c3ccc4c(c3)c3ccccc3n4CC(CC)CCCC)ccc1n2CC(CC)CCCC,129.0,126.872154,1.2826967489393755,-2.1278458
*c1ccc(Sc2ccc(Sc3ccc(Sc4ccc(N5C(=O)c6ccc(-c7ccc8c(c7)C(=O)N(*)C8=O)cc6C5=O)cc4)cc3)cc2)cc1,227.1,228.98375,2.9485934734452703,1.8837433
*O[Si](*)(C)CCCOc1ccc(N(c2ccc(C)cc2)c2ccc(-c3ccc(N(c4ccccc4)c4ccc(C)cc4)cc3)cc2)cc1,102.0,89.897095,1.9722242840773294,-12.102905
*CC(*)(C)C(=O)Oc1ccc2c(c1)CCC2,113.5,108.799644,1.0144944242157812,-4.7003555
*N=P(*)(Cl)Cl,-62.999996,-59.69296,3.627392304015498,3.3070374
*Nc1ccc(Cc2ccc(NC(=O)NCCCCCCCCCCNC(*)=O)cc2)cc1,46.000004,22.482935,8.338762759716099,-23.517069
*c1ccc2c(c1)C(=O)N(c1ccc(Oc3ccc(N4C(=O)c5ccc(C(*)(C(F)(F)F)C(F)(F)F)cc5C4=O)cc3)c(OCCN(CC)c3ccc(/N=N/c4ccc([N+](=O)[O-])cc4)cc3)c1)C2=O,202.0,203.63083,1.1160769269114834,1.6308289
*c1ccc(OCCCCCOc2ccc(N3C(=O)c4ccc(-c5cccc6c5C(=O)N(*)C6=O)cc4C3=O)cc2)cc1,208.0,203.70358,4.259369752120008,-4.296417
*CCCCc1ccc(-c2c(-c3ccccc3)cc(-c3ccc(-c4cc(-c5ccccc5)c(-c5ccc(*)cc5)c(-c5ccccc5)c4-c4ccccc4)cc3)c(-c3ccccc3)c2-c2ccccc2)cc1,205.0,237.09145,9.512536594457755,32.091446
*CC(C)(C)COC(=O)Cc1ccc(C(=O)O*)cc1,33.000004,41.536938,0.8557976890914709,8.536934
*CCOC(=O)NCCCCCCCCCNC(=O)O*,44.000004,63.368298,9.332760916930784,19.368294
*c1ccc(Oc2ccc(NC(=O)c3ccc4c(c3)C(=O)N(c3ccc(Cc5ccc(N6C(=O)c7ccc(C(=O)Nc8ccc(Oc9ccc(C%10(*)NC(=O)c%11ccccc%11%10)cc9)cc8)cc7C6=O)cc5)cc3)C4=O)cc2)cc1,302.0,305.98007,2.0110528345249006,3.980072
*OC(COC(=O)c1ccc2cc(C(*)=O)ccc2c1)COc1ccc(/N=N/c2ccc(C#N)cc2)cc1,138.0,134.81532,0.721716528706974,-3.1846771
*C(=O)c1ccc2c(c1)C(=O)N(c1ccc(C(=O)N(C)c3ccc(N4C(=O)c5ccc(*)cc5C4=O)cc3)cc1)C2=O,313.0,296.74567,4.883725085481988,-16.254333
*CCCCCCC(=O)N*,52.000004,46.304485,1.0164579691078237,-5.6955185
*CC(O)COc1ccc(C(C)(C)c2ccc(OCC(O)COc3cccc(NC(=O)CCCCCCCCCCC(=O)Nc4cccc(O*)c4)c3)cc2)cc1,90.0,94.76495,0.8776862403240185,4.7649536
*CC(C)(CC)COC(=O)c1ccc(C(=O)O*)cc1,63.000004,62.330067,0.938457588204355,-0.66993713
*C(*)C(=O)OCCC,-14.999998,-10.440504,2.675090415292315,4.559494
*CCCNC(=O)c1ccc(C(=O)NCCCO*)cc1,72.0,66.27503,1.9046295391553494,-5.724968
*c1ccc(Oc2ccccc2Oc2ccc(-n3c(=O)c4cc5c(=O)n(*)c(=O)c5cc4c3=O)cc2)cc1,313.0,305.6896,11.200103628726596,-7.3103943
*c1ccc(NC2CC(=O)N(c3ccc(-c4sc(-c5ccc(N6C(=O)CC(Nc7ccc(-c8nc(-c9ccc(-c%10nc(-c%11ccc([N+](=O)[O-])cc%11)c(-c%11ccc([N+](=O)[O-])cc%11)[nH]%10)cc9)[nH]c8*)cc7)C6=O)cc5)c(-c5ccccc5)c4-c4ccccc4)cc3)C2=O)cc1,152.0,228.70032,24.234363861403207,76.70032
*/C=C/CCCC(Cl)CCC*,-62.999996,-54.379208,4.504045248475529,8.620789
*c1cccc(P(=O)(c2ccccc2)c2cccc(-n3c(=O)c4cc5c(=O)n(*)c(=O)c5c(-c5cc(C(F)(F)F)cc(C(F)(F)F)c5)c4c3=O)c2)c1,299.0,297.8118,1.4913653350377882,-1.1882019
*CC(*)P(=O)(c1ccccc1)c1ccccc1,127.5,118.58399,1.4736726959753454,-8.916008
*c1ccc(-c2ccc(NC(=O)c3cccc(C(=O)Nc4ccc(-c5ccc(-n6c(=O)c7cc8c(=O)n(*)c(=O)c8cc7c6=O)cc5)cc4)c3)cc2)cc1,227.0,329.305,19.769352838157545,102.30499
*c1ccc(C(=O)Nc2ccc(Oc3ccc(Oc4ccc(NC(=O)c5ccc(Oc6ccc(-c7nn(*)c(=O)c8ccccc78)c7ccccc67)cc5)cc4)cc3)cc2)cc1,289.5,279.58838,1.9466026936572274,-9.911621
*CCOCCOCCOC(=O)c1cc(/N=N/c2ccc(OCC)cc2)ccc1-c1ccc(/N=N/c2ccc(OCC)cc2)cc1C(=O)O*,65.0,64.852806,0.9585384214674927,-0.14719391
*C1CC2CC1C(*)C2CCCC,235.0,245.56749,3.0045686403917053,10.56749
*CC(F)(F)/C(F)=C(/*)Cl,-16.999998,-12.3401165,3.519080863877759,4.6598816
*O[Si](*)(C)CCCC(=O)OC,-72.0,-64.54256,5.146909636685464,7.457443
*CC(*)(CC(=O)O)C(=O)O,141.0,139.71797,0.9021469830039449,-1.2820282
*CC(*)(C)C(=O)OCCC(F)(F)C(F)(F)C(F)(F)C(F)(F)F,22.999994,29.003252,1.675705547562597,6.0032578
*CC(*)(CC(=O)Oc1ccccc1)C(=O)Oc1ccccc1,132.0,117.459,0.7490321085763388,-14.541
*c1ccc(Cc2cccc(-n3c(=O)c4cc5c(=O)n(*)c(=O)c5cc4c3=O)c2)cc1,339.0,318.7802,7.827139408197613,-20.219788
*Oc1ccc(S(=O)(=O)c2ccc(Oc3ccc(C(=C)c4ccc(*)cc4)cc3)cc2)cc1,167.0,167.67926,0.8816812949419669,0.67926025
*CC(*)C(=O)c1ccccc1,72.75,59.40537,0.8107530791276641,-13.344631
*CCCCCCCCNC(=O)CCCCCCCCCCCCCCC(=O)N*,52.000004,43.12302,0.5721025762800841,-8.876984
*O[Si](C)(C)O[Si](C)(C)O[Si](C)(C)c1ccc([Si](*)(C)C)cc1,-61.999996,-68.27365,4.345036021726799,-6.273655
*/C=C/c1cccc(OC(=O)CCCCCCCCC(=O)Oc2cccc(-c3nnc(*)s3)c2)c1,41.000004,33.22315,0.8757928070749212,-7.7768555
*c1ccc(Oc2ccc(-c3cc(-c4ccccc4)c4cc5c(-c6ccccc6)cc(*)nc5cc4n3)cc2)cc1,380.5,369.9275,6.881408640268344,-10.57251
*O[Si](*)(C)C1CC2CC1CC2OC(=O)OC(C)(C)C,60.000004,50.48759,2.9047271475002807,-9.512413
*CC(*)C(=O)OCCn1c2ccccc2c2ccccc21,106.8,107.13388,1.4528324159091628,0.33387756
*c1ccc2c(c1)C(=O)N(c1ccc(C(C)(C)c3ccc(C(C)(C)c4ccc(N5C(=O)c6ccc(C(*)(C(F)(F)F)C(F)(F)F)cc6C5=O)cc4)cc3)cc1)C2=O,235.4,311.12366,9.453902944811086,75.72366
*CC(*)(C)C(=O)OCCn1c2ccccc2c2ccccc21,148.0,134.19551,1.3362221449173008,-13.804489
*CCCNC(=O)C(Cc1ccccc1)NC(=O)CCCCCCCCC(=O)NC(Cc1ccccc1)C(=O)NCCCOCCOCCO*,44.000004,47.23756,0.5641403755622532,3.2375565
*Oc1ccc(Oc2ccc(C(=O)c3ccc(*)cc3)cc2)cc1-c1cc(C)cc(C)c1,162.0,164.29617,1.0718293067290576,2.296173
*Oc1ccc(C(c2ccc(Oc3ccc(C(=O)c4cc(C(=O)c5ccc(*)cc5)cc(C(C)(C)C)c4)cc3)cc2)(C(F)(F)F)C(F)(F)F)cc1,181.0,180.4053,0.8562682591699985,-0.59469604
*CCCCCC(*)CCCC,-69.0,-68.737976,4.682202336677091,0.26202393
*Cc1cccc(CNC(=O)c2cc(C(=O)N*)cc(C(C)(C)C)c2)c1,192.0,188.19983,0.9391303248649674,-3.800171
*Oc1ccc2cc(Oc3ccc(S(=O)(=O)c4ccc(*)cc4)cc3)ccc2c1,231.0,216.18623,3.784400495255046,-14.8137665
*Oc1ccc(C2(c3ccc(Oc4ccc5c(=O)n6c7cc(Oc8ccc9c(c8)nc8c%10ccc(*)c%11cccc(c(=O)n98)c%11%10)ccc7nc6c6cccc4c56)cc3)c3ccccc3-c3ccccc32)cc1,396.00003,401.33954,8.556873535768972,5.339508
*CC(*)(CC(=O)Oc1ccc(OCCCCCCC)cc1)C(=O)Oc1ccc(OCCCCCCC)cc1,111.0,98.16055,0.870765975067701,-12.839447
*c1c(C)cc(C(c2cc(C)c(N3C(=O)c4ccc(-c5ccc6c(c5)C(=O)N(*)C6=O)cc4C3=O)c(C)c2)c2cccc3ccccc23)cc1C,326.0,316.0174,2.567291486551998,-9.982605
*C(=O)OCCCCCCCOC(=O)c1ccc(NC(=O)c2ccc(N3C(=O)c4ccc(*)cc4C3=O)cc2)cc1,106.0,96.84571,1.8594196248922312,-9.154289
*CC(*)(Cl)C(=O)OCCOc1ccc(C(=O)Oc2ccc(OCCCC)cc2)cc1,153.0,142.23746,2.335242578715056,-10.762543
*Oc1c(C)cc(*)cc1-c1ccccc1,180.0,184.73946,1.2635633391769474,4.739456
*C(=O)c1ccc2c(c1)C(=O)N(c1ccc(C3(C)CC(C)(C)c4ccc(N5C(=O)c6ccc(*)cc6C5=O)cc43)cc1)C2=O,320.0,313.92603,2.8807187008410864,-6.0739746
*c1c(C)cc(C(c2cccnc2)c2cc(C)c(N3C(=O)CC(Nc4ccc(NC5CC(=O)N(*)C5=O)cc4)C3=O)c(C)c2)cc1C,231.0,228.38124,1.2382029264080858,-2.6187592
*c1ccc(Oc2ccc(C(c3ccc(Oc4ccc(N5C(=O)c6ccc(Oc7ccc(C8(c9ccc(Oc%10ccc%11c(c%10)C(=O)N(*)C%11=O)cc9)CCC(C(C)(C)C)CC8)cc7)cc6C5=O)cc4)cc3)(C(F)(F)F)C(F)(F)F)cc2)cc1,227.0,228.25601,0.8092752890613144,1.256012
*CCOCO*,-63.999996,-66.70793,4.305008190420366,-2.7079353
*CC(C)(C)COC(=O)Nc1ccc(C)c(NC(=O)O*)c1,-31.999998,-7.929502,11.169480287312696,24.070496
*c1ccc(Oc2ccc(S(=O)(=O)c3ccc(Oc4ccc(N5C(=O)c6ccc(Oc7ccc(C(C)(C)c8ccc(Oc9ccc%10c(c9)C(=O)N(*)C%10=O)cc8)cc7)cc6C5=O)cc4)cc3)cc2)cc1,200.0,214.8833,1.8006446000133352,14.883301
*CC(*)(C)C(=O)OCCOCCOCC[N+](CC)(CC)CCCCS(=O)(=O)O,26.999994,64.05888,10.37524386712133,37.05889
*c1ccc2c(c1)C(=O)N(c1ccc(OCCOCCOc3ccc(N4C(=O)c5ccc(C(*)(C(F)(F)F)C(F)(F)F)cc5C4=O)cc3)cc1)C2=O,187.5,175.85336,6.790349586247653,-11.646637
*C(=O)Oc1ccc(C2(c3ccc(OC(=O)c4ccc5c(c4)C(=O)N(c4ccc(-c6ccc(N7C(=O)c8ccc(*)cc8C7=O)cc6C)c(C)c4)C5=O)cc3)CCCCCCCCCCC2)cc1,204.0,207.62494,1.9139412450065834,3.624939
*NC(C)CCC(C)(C)CCCNC(=O)c1ccc(C(*)=O)cc1,150.0,144.16603,0.7632607926432329,-5.833969
*c1ccc(Oc2ccc(C(=O)c3cccc(C(=O)c4ccc(Oc5ccc(-c6nc(-c7ccccn7)nnc6*)cc5)cc4)c3)cc2)cc1,202.0,205.92957,0.9261223373865582,3.9295654
*N=P(N=P(N=S(*)(=O)NCC=C)(NCC=C)NCC=C)(NCC=C)NCC=C,-17.999998,-26.606504,3.423634779317471,-8.606506
*CCOC(=O)c1ccc2ccc(C(=O)O*)cc2c1,119.0,118.9679,1.0247588944098314,-0.032096863
*Oc1cc(CCCCCCCCCCCCC)cc(OC(=O)c2cccc(C(*)=O)c2)c1,25.499994,39.703007,1.2082553586042302,14.203012
*CC(COC(=O)c1ccc(N2C(=O)C3C4C=CC(C4)C3C2=O)cc1)O*,62.500004,50.79614,1.177258472410067,-11.703865
*/C=C(\C#N)c1cccc(/C(C#N)=C/c2ccc(/C=C/c3ccc(N(c4ccccc4)c4ccc(N(c5ccccc5)c5ccc(/C=C/c6ccc(*)s6)cc5)cc4)cc3)s2)c1,178.0,175.82773,0.6531460852378389,-2.1722717
*CC(*)OC(=O)CCl,20.449999,26.95997,0.9471381321854909,6.5099716
*CCOCCOC(=O)C(C)C(=O)O*,-28.999998,-32.749416,2.586302790002739,-3.7494183
*CCCCCCCCNC(=O)c1cccc(C(=O)N*)c1,110.0,117.913475,1.2411165128606942,7.913475
*Oc1ccc(CC(NC(=O)CCc2ccc(OC(=O)COCC(*)=O)cc2)C(=O)OC(C)CC)cc1,68.0,63.12768,0.5172034319344886,-4.8723183
*c1cccc(OCCCCCCCCCCCCOc2cccc(N3C(=O)c4ccc(-c5ccc6c(c5)C(=O)N(*)C6=O)cc4C3=O)c2)c1,116.0,125.69637,1.6233489582268095,9.696373
*CCCCCCN(CC(F)(F)C(F)(F)F)C(=O)C(F)(F)C(F)(F)C(F)(F)C(=O)N(*)CC(F)(F)C(F)(F)F,174.0,177.52864,1.1277170304763002,3.5286407
*c1ccc(C(=O)OCCCCCCOC(=O)c2ccc(-c3nnc(*)s3)cc2)cc1,125.0,88.78768,3.7745318757112316,-36.21232
*C(F)(F)C(*)(F)c1c(F)c(F)c(F)c(F)c1F,194.0,192.64125,0.9078340373456655,-1.3587494
*CC(*)(F)C(=O)OC,142.0,136.85289,1.1555936082116207,-5.14711
*CC(*)OC(=O)OC([2H])([2H])[2H],55.000004,51.351986,0.5834789364950016,-3.648018
*Nc1ccc(C(c2ccc(NC(=O)c3cccc(C(*)=O)c3)cc2)(C(F)(F)F)C(F)(F)F)cc1,272.0,274.84695,2.6918958462307376,2.8469543
*C#Cc1cccc(C#C[Si](*)(C)C)c1,50.000004,57.585537,1.1563526361250887,7.585533
*C(=O)Nc1ccc(NC(=O)c2ccc3c(c2)C(=O)N(c2cccc(P(=O)(c4ccccc4)c4cccc(N5C(=O)c6ccc(*)cc6C5=O)c4)c2)C3=O)cc1,204.0,236.14064,2.50487086568474,32.14064
*N=P(*)(OCCOCCOCC)OCCOCCOCC,-78.0,-67.5535,4.008180941732196,10.446503
*C(C)C(*)C(=O)OCC,157.0,154.92818,1.1342295067294383,-2.0718231
*CCC[Si](*)(C)c1cccc(C)c1,-24.999998,-28.976454,3.1190829973852026,-3.9764557
*CC(*)(CC(=O)OC1CCC1)C(=O)OC1CCC1,60.000004,71.3111,1.4284497961353413,11.311092
*CC(*)(C)C#N,88.5,79.94323,1.5794007393695222,-8.55677
*CC(F)(F)C(F)(F)C(F)(F)C(F)(F)COC(=O)NCC(F)(F)C(F)(F)C(F)(F)C(F)(F)CNC(=O)O*,19.999994,22.815767,1.4652293482171683,2.815773
*CC(*)c1cc(Br)ccc1OC(C)C,35.000004,37.09154,0.7974348515563123,2.0915375
*CC1CCC(COC(=O)c2ccc(C(=O)O*)cc2)CC1,84.5,77.058075,1.056057276377018,-7.441925
*CC(*)C(=O)OCCCCOc1ccc(/N=N/c2ccc([N+](=O)[O-])cc2)cc1,36.7,50.740505,0.9973812141606809,14.040504
*Oc1ccc(S(=O)(=O)c2ccc(Oc3c(C)cc(-c4cc(C)c(*)c(C)c4Br)c(Br)c3C)cc2)cc1,298.2,302.32928,4.7249236279634355,4.1292725
*CC(*)c1cccc(C)n1,92.0,88.70655,0.7989972573172098,-3.2934494
*Oc1ccc(Sc2ccc(Oc3ccc(-c4ccc(-c5ccc(*)c(C(F)(F)F)c5)cc4)cc3C(F)(F)F)cc2)cc1,164.5,171.52081,0.855978021054356,7.020813
*CC(*)C(=O)OCCCn1c2ccccc2c2ccccc21,83.0,82.70863,0.9165582505652003,-0.29136658
*CCC(C)(C)CC(C)CNC(=O)c1ccc(C(=O)N*)cc1,148.0,150.51689,0.8921440046283177,2.5168915
*c1ccc(-c2nc3ccc(-c4ccc5nc(*)c(-c6ccccc6)nc5c4)cc3nc2-c2ccccc2)cc1,354.5,340.0077,13.164725904761092,-14.49231
*c1c(C)cc(C)c(N2C(=O)c3ccc(-c4ccc5c(c4)C(=O)N(*)C5=O)cc3C2=O)c1C,385.00003,378.823,10.001456130904518,-6.1770325
*CC(*)c1cc(C(=O)OCC)ccc1-c1ccc(OCCCCCCCC)cc1,95.0,93.569954,0.8288966528197141,-1.4300461
*CCCCCNc1nc(NCCCCCc2nc3cc(-c4ccc5[nH]c(*)nc5c4)ccc3[nH]2)nc(N(CC)CC)n1,190.0,179.21912,2.032795507462269,-10.780884
*CC(CCCCCCOc1ccc(/N=N/c2ccc(C)cc2)cc1)COC(=O)CCCCC(=O)O*,28.999994,28.436205,0.9785766327161738,-0.56378937
*CN1C(=O)c2ccc(C(c3ccc4c(c3)C(=O)N(Cc3nnc(-c5ccc(-c6nnc(*)o6)c(Oc6ccccc6)c5)o3)C4=O)(C(F)(F)F)C(F)(F)F)cc2C1=O,208.0,204.68222,0.7596226843060594,-3.3177795
*CC(C)(CO*)COCC(F)(F)C(F)(F)C(F)(F)C(F)(F)C(F)(F)C(F)(F)C(F)(F)F,-48.999996,-55.09799,3.752503729527159,-6.097992
*CCOCCOc1ccc(N/C=N/c2ccc(O*)cc2)cc1,62.000004,69.023865,0.868187552637865,7.023861
*C1=C(c2ccc(-c3ccc4c(c3)C(CCCCCC)(CCCCCC)c3cc(-c5ccc(*)cc5)ccc3-4)cc2)C(=O)N(CCCC)C1=O,155.0,138.10371,0.9326759695406337,-16.896286
*CCCCCCCCCCNC(=O)c1ccc(Cc2ccc(C(=O)N*)cc2)cc1,140.0,124.40149,1.263021924398715,-15.598511
*CC(C)C(C)COC(=O)c1ccc(C(=O)O*)cc1,37.500004,27.867304,1.0419165067600904,-9.6327
*Oc1ccc(CC(NC(=O)CCc2ccc(OC(=O)CCCCC(*)=O)cc2)C(=O)OCCOCCOCC)cc1,15.000002,15.310984,1.0029190390906062,0.31098175
*c1ccc(Oc2ccc(N3C(=O)c4ccc(Oc5cc6ccccc6cc5Oc5ccc6c(c5)C(=O)N(*)C6=O)cc4C3=O)cc2)cc1,220.5,238.71791,1.8332572480282623,18.21791
*C(F)(F)C(*)(F)OC(F)(F)F,-4.9999976,-7.856977,4.642911751026123,-2.8569794
*CC(*)(Cl)C(=O)OC,125.0,123.71853,2.1138363983601676,-1.2814713
*CC(*)C(=O)OCC(F)(F)C(F)(F)OC(F)(F)C(F)(F)F,-48.999996,-47.225124,2.581853973250539,1.7748718
*C1C2CC(CCCCCCCCC(=O)OCC)C(C2)C1*,134.0,123.78007,0.8433119521931479,-10.219933
*CC(*)(F)C(=O)OCC,94.0,88.40758,1.1312076373211835,-5.5924225
*c1ccc(Oc2cccc(Oc3ccc(N4C(=O)c5ccc(Oc6ccc(-c7ccc(Oc8ccc9c(c8)C(=O)N(*)C9=O)cc7)cc6)cc5C4=O)cc3)c2)cc1,205.0,204.45596,1.771111837613073,-0.54403687
*CC(*)c1ccc(Cl)c([N+](=O)[O-])c1,132.9,129.09198,0.8267220923032734,-3.808014
*c1ccc(Oc2ccc(C3(c4ccc(Oc5ccc(N6C(=O)c7ccc(Oc8c(C)cc(C(C)(C)c9cc(C)c(Oc%10ccc%11c(c%10)C(=O)N(*)C%11=O)c(C)c9)cc8C)cc7C6=O)cc5)cc4)C4CC5CC(C4)CC3C5)cc2)cc1,282.0,276.75034,1.6345814822332352,-5.2496643
*Nc1ccc(NC(=O)c2ccc(NC(=O)CCCCCCCCCCCCC(=O)Nc3ccc(C(*)=O)cc3)cc2)cc1C(=O)OCCCCCCCCCCCCCCCC,250.0,229.10321,9.599260141356815,-20.89679
*Oc1ccc(OC(=O)c2cc(OCCCCCCCCCCCC)c(C(*)=O)cc2OCCCCCCCCCCCC)cc1C,112.0,99.87972,1.5175489705477883,-12.120277
*CCC(C)O[Si](C)(C)O*,-87.999985,-84.49161,4.331292254706444,3.508377
*Nc1ccc(C(c2ccc(NC(=O)c3ccc4cc(C(*)=O)ccc4c3)cc2)(P2(=O)Oc3ccccc3-c3ccccc32)P2(=O)Oc3ccccc3-c3ccccc32)cc1,241.0,246.22803,0.7011726653776942,5.2280273
*ON(C(F)(F)F)C(F)(F)C(*)(F)F,-45.999996,-48.300106,4.4022253401120786,-2.3001099
*C(=O)Nc1ccc(NC(=O)c2ccc3c(c2)C(=O)N(c2ccc(Oc4cccc5c(N6C(=O)c7ccc(*)cc7C6=O)cccc45)cc2)C3=O)cc1,307.0,297.8126,3.4397760608316084,-9.187408
*/C=C/c1c(OC(=O)c2ccc(C(=O)Oc3cccc4ccc(*)nc34)cc2)ccc2ccccc12,175.0,168.24457,1.4276952712848259,-6.755432
*CCO*,-55.999996,-51.456463,6.135643608586379,4.5435333
*CCCCN1C(=O)c2ccc(C(c3ccc4c(c3)C(=O)N(*)C4=O)(C(F)(F)F)C(F)(F)F)cc2C1=O,190.0,176.98749,1.8238265775371691,-13.012512
*c1ccc2c(c1)C(=O)N(c1ccc(Oc3ccc(N4C(=O)c5ccc(C(*)O)cc5C4=O)cc3)cc1)C2=O,250.0,248.35428,0.8150486870170878,-1.6457214
*c1ccc2c(c1)C(CCCCCC)(CCCCCC)c1cc(-c3cc(CCCCCC)c(*)cc3CCCCCC)ccc1-2,78.8,69.55579,0.732075144333448,-9.244209
*Oc1ccc(Oc2ccc(NC(=O)c3cc(C(=O)Nc4ccc(*)cc4)cc(C(C)(C)C)c3)cc2)cc1,195.5,228.85597,1.572955180726305,33.355972
*CCN(CCOC(=O)Nc1ccc(Cc2ccc(NC(=O)O*)cc2)cc1)c1ccc(/N=N/c2ccc([N+](=O)[O-])cc2C)c(C)c1,130.0,126.4312,0.7441871793679175,-3.5688019
*Nc1ccc(*)cc1OCCCCCCCCCC,77.0,85.21154,1.1620764480271883,8.21154
*O[Si](C)(C)O[Si](C)(C)O[Si](C)(C)O[Si](C)(C)O[Si](C)(C)c1ccc(Oc2ccc([Si](*)(C)C)cc2)cc1,-65.0,-58.70944,3.9345363840948395,6.2905617
*Oc1cc(CCCCCC)cc(OC(=O)c2cccc(C(*)=O)c2)c1,67.5,47.82938,1.2382726715226513,-19.67062
*CC(*)(C)C(=O)OCCCCCCCCCCOc1ccc(C#Cc2cc(C)c(/C=C/c3ccncc3)cc2C)cc1,65.4,61.278088,0.5000257128845351,-4.121914
*CC(*)c1ccc(C(=O)C(F)(F)F)cc1,95.0,99.50299,1.056662781260527,4.5029907
*N=P(N=P(/N=S(/*)Oc1ccc(-c2ccccc2)cc1)(Oc1ccc(-c2ccccc2)cc1)Oc1ccc(-c2ccccc2)cc1)(Oc1ccc(-c2ccccc2)cc1)Oc1ccc(-c2ccccc2)cc1,69.0,58.4306,0.5136297278697741,-10.569401
*c1ccc(Oc2ccc(N3C(=O)c4ccc(Oc5ccc6cc(Oc7ccc8c(c7)C(=O)N(*)C8=O)ccc6c5)cc4C3=O)cc2)cc1,249.0,248.85825,2.7917790186350704,-0.14175415
*c1ccc(Sc2ccc(Sc3ccc(Sc4ccc(S(*)=O)cc4)cc3)cc2)cc1,133.0,127.26373,0.6301074203105255,-5.736267
*c1cccc(P(C)(=O)c2cccc(N3C(=O)c4ccc(Oc5ccc(C(C)(C)c6ccc(Oc7ccc8c(c7)C(=O)N(*)C8=O)cc6)cc5)cc4C3=O)c2)c1,228.0,227.01839,0.7764161245303409,-0.98161316
*C(=O)c1cc(C(=O)c2ccc3c(c2)C(=O)N(c2ccc(Oc4ccc(N5C(=O)c6ccc(*)cc6C5=O)cc4)cc2)C3=O)cc(C(C)(C)C)c1,252.5,249.34761,0.9337826758029859,-3.1523895
*c1ccc(C(=O)OCCCCCCCCOc2ccc(/C=C/C(=O)/C=C/c3ccc(OCCCCCCCCOC(=O)c4ccc(-c5nnc(*)o5)cc4)cc3)cc2)cc1,59.000004,60.18227,1.3653701572411168,1.1822662
*C(=O)Nc1cccc(NC(=O)c2ccc3c(c2)C(=O)N(c2ccc(Oc4ccc5ccc(Oc6ccc(N7C(=O)c8ccc(*)cc8C7=O)cc6)cc5c4)cc2)C3=O)c1,286.0,261.9092,3.1612100938066168,-24.09079
*SC(C)C(*)=O,12.000002,-0.5841347,2.5587379708350775,-12.584137
*CC(*)C(=O)OC(C)CC,-19.999998,-6.653333,2.1134711266490505,13.346664
*CC(*)CC[Si](C)(C)C,132.0,115.15405,23.24960640825646,-16.845947
*Cc1ccc(COP(=O)(/N=N/c2ccc(C(=O)c3ccc(/N=N/P(=O)(O*)OC)cc3)cc2)OC)cc1,48.000004,45.208523,0.7117100944923368,-2.791481
*c1ccc(Oc2cccc(N3C(=O)c4ccc(-c5cccc6c5C(=O)N(*)C6=O)cc4C3=O)c2)cc1,286.0,275.4027,2.9709935935736915,-10.59729
*CCCCCCCCCCOc1ccc(-c2cc(-c3ccccc3)c(-c3ccc(NC(=O)c4ccc(C(=O)Nc5ccc(-c6c(-c7ccccc7)cc(-c7ccc(O*)cc7)cc6-c6ccccc6)cc5)cc4)cc3)c(-c3ccccc3)c2)cc1,116.0,115.95091,1.4876975379018471,-0.049087524
*NC(CCC(=O)OCCCCCC)C(*)=O,-24.999998,-28.943144,2.1255424770333566,-3.9431458
*N=P(*)(OCCC)OCCC,-83.999985,-69.98508,4.753404768080717,14.014908
*Oc1ccc(/C(=C/c2cc(OC)c(/C=C(/c3ccc(*)cc3)c3ccc(F)cc3)cc2OC)c2ccc(F)cc2)cc1,187.0,190.83559,1.1772449632212096,3.8355865
*Oc1ccc(-c2ccc(Oc3ccc(C(=O)c4ccccc4-c4ccccc4C(=O)c4ccc(*)cc4)cc3)cc2)cc1,193.0,183.41199,0.9904678605823833,-9.588013
*Sc1ccc2c(c1)Sc1ccc(*)cc1S2,209.9,206.5309,2.783822211120543,-3.3690948
*Oc1ccc(CC(NC(=O)Cc2ccc(OC(=O)CC(C)CCC(*)=O)cc2)C(=O)OCCCCCCCC)cc1,29.999994,33.4904,0.5882200858107289,3.4904041
*CC(*)(C)C(=O)OCC[N+](C)(C)CCCCS(=O)(=O)O,261.0,153.3679,48.7481940929771,-107.632095
*C(=O)Nc1ccc(Oc2ccc(C(C)(C)c3cccc(C(C)(C)c4ccc(Oc5ccc(N6C(=O)c7ccc(*)cc7C6=O)cc5)cc4)c3)cc2)cc1,177.0,190.8866,2.8347290236304405,13.886597
*CCC(=O)Nc1ccc(Oc2ccc(NC(=O)CCN3C(=O)c4ccc(C(=O)c5ccc6c(c5)C(=O)N(*)C6=O)cc4C3=O)cc2)cc1,232.0,231.50871,0.8225586440753836,-0.49128723
*CC(*)(C)C(=O)OCCCCOc1ccc(C(=O)Oc2ccc(OC)cc2)cc1,45.000004,53.132183,1.627027646491752,8.132179
*CC(*)(C)C(=O)OCc1ccc(OCCOCCOCCOCC)c(OCCOCCOCCOCC)c1,-91.999985,-58.48982,5.055694755742141,33.510166
*c1ccc(C(=O)OCCCCCCCCCOC(=O)c2ccc(-c3nnc(*)s3)cc2)cc1,72.0,84.264,3.6148004833318077,12.264
*CCN(CCOC(=O)Nc1ccc(-c2ccc(NC(=O)O*)c(C)c2)cc1C)c1ccc(/N=N/c2ccc([N+](=O)[O-])cc2)cc1,119.5,122.40022,0.8484044975027553,2.9002228
*c1ccc(Oc2ccc3ccccc3c2-c2c(Oc3ccc(N4C(=O)c5ccc(NC(=O)Nc6cccc(NC(=O)Nc7ccc8c(c7)C(=O)N(*)C8=O)n6)cc5C4=O)cc3)ccc3ccccc23)cc1,283.0,274.09732,2.915709384984467,-8.902679
*Nc1cc(NC(=O)c2cccc(C(*)=O)c2)cc(C(=O)OCCOc2ccc(/C=C/C(=O)c3ccccc3)cc2)c1,216.0,218.30728,2.366815961689523,2.3072815
*CC(*)(C)C(=O)OCCCCCCOc1ccc(/N=N/c2ccc(C#N)cc2)cc1,61.000004,61.64352,1.055476800145733,0.64351654
*Oc1ccc(S(=O)(=O)c2ccc(Oc3c(C)cc(C(c4cc(C)c(*)c(C)c4)(C(F)(F)F)C(F)(F)F)cc3C)cc2[Si](C)(C)C)c([Si](C)(C)C)c1,197.0,186.80113,1.2763660707626419,-10.198868
*CC(c1ccccc1)C1C(=O)NC(=O)C1*,246.0,237.38614,1.8271081584831448,-8.613861
*O[Si](C)(C)C#C[Si](C)(C)C#C[Si](C)(C)C#C[Si](C)(C)C#C[Si](*)(C)C,-22.999998,-27.492079,3.3114517522645945,-4.4920807
*CCN(*)C(=O)c1ccc(SC(F)(F)F)cc1,100.0,103.27601,0.5632662577375129,3.2760086
*C(=O)NC1CCCC(*)O1,145.0,149.31085,1.033436715608717,4.310852
*c1ccc2c(c1)C(=O)N(c1ccc(Cc3ccc(N4C(=O)c5ccc(C(*)(C(F)(F)F)C(F)(F)F)cc5C4=O)c(C(C)(C)C)c3)cc1C(C)(C)C)C2=O,274.0,256.59265,2.4246514172472775,-17.407349
*c1ccc(Oc2ccc(C(c3ccc(Oc4ccc(-c5nnc(*)n5-c5ccc(C)cc5)cc4)cc3)(C(F)(F)F)C(F)(F)F)cc2)cc1,213.0,210.60971,0.9069263036323735,-2.3902893
*Oc1ccc(C2(c3ccc(Oc4c(F)c(F)c(C(=O)c5c(F)c(F)c(*)c(F)c5F)c(F)c4F)cc3)c3ccccc3-c3ccccc32)cc1,223.0,227.53125,1.2696622666952229,4.53125
*c1ccc(Oc2ccc(C(=O)c3ccc(C(=O)c4ccc(Oc5ccc(-c6nc(-c7cccc(-c8nc(*)c(-c9ccccc9)[nH]8)c7)[nH]c6-c6ccccc6)cc5)cc4)cc3)cc2)cc1,262.0,261.15918,1.1000791150774576,-0.8408203
*c1ccc(Oc2cccc(NC(=O)c3cc(C(=O)Nc4cccc(Oc5ccc(-c6nnc(*)o6)cc5)c4)cc(N4C(=O)c5ccccc5C4=O)c3)c2)cc1,245.0,252.10837,1.1190574309740127,7.108368
*N=P(*)(Oc1ccc(-c2ccccc2)cc1)Oc1ccc(-c2ccccc2)cc1,85.0,45.011303,5.995190771207802,-39.988697
*Oc1ccc(C(c2ccc(Oc3ccc(C(=O)c4ccc(P(=O)(c5ccccc5)c5ccc(C(=O)c6ccc(*)cc6)cc5)cc4)cc3)cc2)(C(F)(F)F)C(F)(F)F)cc1,207.0,207.76608,0.8269097024725585,0.76608276
*CC(*)N,57.000004,44.498745,2.9313335473158366,-12.501259
*CCCCCCOc1ccc(/C=C2\CC/C(=C\c3ccc(OCCCCCCOP(=O)(O*)OCC)c(OC)c3)C2=O)cc1OC,75.0,69.75114,0.6756733383528702,-5.248863
*c1ccc(Oc2ccc(-n3c(=O)c4cc5c(=O)n(-c6ccc(Oc7ccc(-c8nc9cc%10sc(*)nc%10cc9s8)cc7)cc6)c(=O)c5cc4c3=O)cc2)cc1,400.0,310.68707,113.85973646930975,-89.31293
*c1ccc(OC(=O)c2ccc(C(=O)Oc3ccc(C4(*)NC(=O)c5ccccc54)cc3)cc2)cc1,327.0,328.72528,4.1178395307494675,1.7252808
*C(=O)c1ccc(Oc2ccc(S(=O)(=O)c3ccc(Oc4ccc(C(=O)c5ccc6c(c5)C(=O)N(c5ccc(Oc7ccc(N8C(=O)c9ccc(*)cc9C8=O)cc7)cc5)C6=O)cc4)cc3)cc2)cc1,241.0,237.24161,1.3377923524965694,-3.7583923
*CCCOC(=O)C(C)O*,-32.999996,-34.153133,3.293074019299019,-1.1531372
*Cc1ccc(COC(=O)Cc2ccc(C(=O)O*)cc2)cc1,47.000004,39.305874,1.0807277780126117,-7.69413
*CC(*)OCCCCC,-66.0,-61.621914,3.9446278528936016,4.378086
*c1ccc2c(c1)C(=O)N(c1cc(N3C(=O)c4ccc(C(*)(C(F)(F)F)C(F)(F)F)cc4C3=O)ccc1C)C2=O,335.0,338.19308,5.5664472358301085,3.1930847
*Oc1ccc(C2(C)CCC(C(C)(C)c3ccc(Oc4ccc(C(=O)c5ccc(*)cc5)cc4)cc3)CC2)cc1,200.0,186.9144,0.8829324133859793,-13.085602
*SC1CCCC(*)C1,-51.999996,-49.123333,2.43554715403382,2.8766632
*CC(*)C(=O)OCCCCCCCC,-65.0,-55.961834,3.598733973607159,9.038166
*Oc1c(Br)cc(C2(c3cc(Br)c(OC(*)=O)c(Br)c3)CC3CCC2C3)cc1Br,283.0,284.10428,1.7438270461276155,1.1042786
*CC(*)c1ccc(N(c2ccccc2)c2ccccc2)cc1,123.5,117.50535,1.0374199365961159,-5.994652
*CC(*)(CC(=O)OCCOC)C(=O)OCCOC,34.000004,20.587397,1.794099240928405,-13.412607
*CCCOC(=O)c1cc(/N=N/c2ccc(OCC)cc2)ccc1-c1ccc(/N=N/c2ccc(OCC)cc2)cc1C(=O)O*,101.0,101.13691,0.9518367118479587,0.13690948
*CC(*)(C)c1ccccc1,168.0,167.77068,1.7469738493522016,-0.22932434
*CC(C)(C)C1C(=O)N(C(C)C)C(=O)C1*,145.0,144.7902,0.7617802274334358,-0.20979309
*O[Si](*)(C)CCCCCCCCCCC(=O)Oc1ccc(C(=O)Oc2ccc(-c3ccc(OC(=O)c4ccc(OCC(C)CC)cc4)cc3)cc2)cc1,74.3,49.771084,2.2956296575346102,-24.52892
*C(=O)Nc1ccc(Sc2ccc(NC(=O)c3ccc4c(c3)C(=O)N(c3ccc(Oc5ccc(N6C(=O)c7ccc(*)cc7C6=O)cc5)cc3)C4=O)cc2)cc1,284.0,256.26385,3.809607594438737,-27.736145
*Oc1ccc(OC(=O)c2cc(OCCCCCCCCCCC(F)(F)C(F)(F)C(F)(F)C(F)(F)C(F)(F)C(F)(F)C(F)(F)C(F)(F)C(F)(F)C(F)(F)F)cc(C(*)=O)c2)cc1,137.0,141.03131,1.28596398291734,4.031311
*CNC(=O)OCCOC(=O)NCc1ccc(C(C)(C)c2ccc(*)o2)o1,50.000004,52.787754,1.8348682973412853,2.7877502
*OC(COC(=O)c1ccc(C(*)=O)c(OC)c1)COc1ccc(/N=N/c2ccc(C#N)cc2)cc1,120.0,118.2274,0.6135654709160168,-1.7725983
*Oc1ccc(NC(=O)c2cccc(C(=O)Nc3ccc(Oc4ccc(C(c5ccc(*)cc5)(C(F)(F)F)C(F)(F)F)cc4)cc3)c2)cc1,228.5,220.069,1.6087394511732533,-8.431
*Oc1ccc(N[Se]Nc2ccc(*)cc2)cc1,55.000004,51.488422,1.0297110069887598,-3.5115814
*CC(*)Cc1ccc(C)cc1,65.0,59.974155,0.7467589519257191,-5.0258446
*Oc1ccc(NC(=O)c2ccc(Oc3ccc(C(C)(C)c4ccc(C(C)(C)c5ccc(Oc6ccc(C(=O)Nc7ccc(*)cc7)cc6)cc5)cc4)cc3)cc2)cc1,174.0,186.22148,4.591467503188974,12.221481
*C(=O)c1ccc(Oc2ccc(-c3ccc(Oc4ccc(C(=O)c5ccc6c(c5)C(=O)N(c5ccc(N7C(=O)c8ccc(*)cc8C7=O)cc5)C6=O)cc4)cc3)cc2)cc1,229.0,242.2643,1.3632469106978549,13.2642975
*C(*)F,102.0,106.28599,1.8584101010117358,4.285988
*CCCCCCCNC(=O)CCCCC(=O)N*,55.000004,48.579212,0.5697306140504967,-6.4207916
*CCCC(=O)Nc1ccc(Oc2ccc(NC(=O)CCCN3C(=O)c4ccc(C(=O)c5ccc6c(c5)C(=O)N(*)C6=O)cc4C3=O)cc2)cc1,198.0,200.43459,1.1026472223514607,2.4345856
*CC(*)c1nc(C)nc(C)n1,70.0,58.712658,0.985226609472952,-11.287342
*CCN(CCOC(=O)Nc1ccc(C)c(NC(=O)O*)c1)c1ccc(/N=N/c2ccc([N+](=O)[O-])cc2C)cc1,137.0,138.3892,0.8223982093674044,1.3892059
*c1ccc(Cc2ccc(NC(=O)c3ccc(Oc4ccc5c(c4)C(=O)N(*)C5=O)cc3)cc2)cc1,250.0,252.39563,1.8181703115793557,2.39563
*CC(*)(C)C(=O)NC(C)c1ccccc1,156.5,150.60744,1.3382748085668434,-5.892563
*CCCCCCOc1ccc(C(C)(C)c2ccc(O*)cc2)cc1,36.000004,26.785715,2.782742523235905,-9.214289
*C(F)(F)C(*)(OC(F)(F)F)OC(F)(F)F,-59.999996,-57.75218,5.472350394597238,2.247818
*c1ccc(Oc2ccc(-c3cccc(-c4ccc(Oc5ccc(-c6c7c(c(*)c8ccccc68)C(=O)N(c6ccccc6)C7=O)cc5)c(C(F)(F)F)c4)c3)cc2C(F)(F)F)cc1,271.0,299.18576,3.4118373827165023,28.18576
*CCCCCCCCCCCC(=O)Oc1ccc(-c2ccc(OC(=O)c3ccc4c(c3)C(=O)N(*)C4=O)cc2)cc1,60.000004,88.00201,2.9495632028159537,28.002003
*CCCN(*)C(=O)c1ccccc1,72.0,66.10397,1.095046470977357,-5.8960266
*Nc1ccc(NC(=O)c2cc(NC(=O)c3ccncc3)cc(C(*)=O)c2)cc1,327.0,328.31677,3.223175172258921,1.3167725
*CC(*)c1ccccc1F,160.5,149.98837,0.6273886698724048,-10.511627
*Oc1ccc(C2(c3ccc(Oc4ccc(C(=O)c5ccccc5)c(-c5cc(*)ccc5C(=O)c5ccccc5)c4)cc3)c3ccccc3-c3ccccc32)cc1,215.0,209.88805,1.0028425917428094,-5.1119537
*CC(*)c1ccc(OP2(OCCOCCOCCOC)=NP(OCCOCCOCCOC)(OCCOCCOCCOC)=NP(OCCOCCOCCOC)(OCCOCCOCCOC)=N2)cc1,-45.999996,-41.963924,2.7472068637528877,4.036072
*CC(O)COc1ccc(C(=O)c2ccc(OCC(O)COc3ccc(C(C)(C)c4ccc(O*)cc4)cc3)cc2)cc1,120.0,116.68299,0.9480137161237505,-3.317009
*c1ccc(-c2ccc(N(c3ccc(OC)cc3)c3ccc4ccc(N(*)c5ccc(OC)cc5)cc4c3)cc2)cc1,232.0,230.3134,0.9094194296720992,-1.6865997
*Oc1ccc(C(C)(C)c2ccc(OC(=O)SCCCCCCSC(*)=O)cc2)cc1,58.000004,58.043797,0.8087911050715353,0.043792725
*CCOC(=O)Nc1ccc(Cc2ccc(NC(=O)OCCOc3ccc(C(C)(C)c4ccc(O*)cc4)cc3)cc2)cc1,127.0,122.59247,1.099011679712946,-4.4075317
*ON(C(F)(F)F)C(F)(F)C(*)(F)SC(F)(F)F,-47.999996,-49.67602,3.8792358388121135,-1.6760254
*c1ccc(Oc2ccc(NC(=O)c3cccc(C(=O)Nc4ccc(Oc5ccc(-n6c(=O)c7cc8c(=O)n(*)c(=O)c8cc7c6=O)cc5)cc4)c3)cc2)cc1,282.0,285.484,9.378114091429225,3.4840088
*CC(C)(C)COC(=O)c1ccc(-c2ccc(C(=O)O*)cc2)cc1,101.0,95.02814,1.3031230613811182,-5.971863
*CCCOCCCCOCCCN1C(=O)c2ccc(C(=O)Oc3ccc(OC(=O)c4ccc5c(c4)C(=O)N(*)C5=O)c(-c4ccccc4)c3)cc2C1=O,71.0,71.159615,1.0030730857325367,0.15961456
*c1ccc2c(c1)C(=O)N(c1ccc(Oc3cc(C(C)(C)C)c(Oc4ccc(N5C(=O)c6ccc(C(*)(C(F)(F)F)C(F)(F)F)cc6C5=O)cc4)cc3C(C)(C)C)cc1)C2=O,277.0,275.66782,1.8252880832712142,-1.3321838
*c1cccc(P(=O)(c2ccc(C(F)(F)F)cc2)c2cccc(-n3c(=O)c4cc5c(=O)n(*)c(=O)c5cc4c3=O)c2)c1,311.0,307.06998,2.902001014133366,-3.9300232
*CCCCCCCCOc1ccc(/C=C2\CC/C(=C\c3ccc(OCCCCCCCCOP(=O)(O*)OCC)c(OC)c3)C2=O)cc1OC,62.000004,68.09794,0.6760400761775066,6.0979347
*c1ccc(Oc2cc3ccccc3cc2Oc2ccc(N3C(=O)c4ccc(-c5ccc6c(c5)C(=O)N(*)C6=O)cc4C3=O)cc2)cc1,253.5,258.77463,2.144093001949432,5.2746277
*c1ccc2c(c1)C(=O)N(c1cccc(C(=O)Nc3ccc(Oc4cccc(Oc5ccc(NC(=O)c6cccc(N7C(=O)c8ccc(C(*)(C(F)(F)F)C(F)(F)F)cc8C7=O)c6)cc5)c4)cc3)c1)C2=O,264.0,261.7972,1.989045423374888,-2.2027893
*CC(*)c1ccc(C)cc1C,112.0,118.70145,0.7365067866129923,6.7014465
*C/C=C/c1cc(C(C)(C)c2ccc(O)c(/C=C/CC3CC(=O)N(c4ccc(Cc5ccc(N6C(=O)CC(*)C6=O)cc5)cc4)C3=O)c2)ccc1O,206.0,198.65573,2.6335742693189106,-7.344269
*CCCOCCCCOCCCN1C(=O)c2ccc(C(=O)Oc3ccc4cc(OC(=O)c5ccc6c(c5)C(=O)N(*)C6=O)ccc4c3)cc2C1=O,68.0,65.3937,1.0413671330798955,-2.6063004
*CCOCCOCCOc1ccc(/C=C/c2cc(OC)c(/C=C/c3ccc(O*)c4ccccc34)cc2OC)c2ccccc12,79.5,72.82738,1.195470848715134,-6.6726227
*O[Si](C)(C)c1ccc([Si](*)(C)C)c2ccccc12,60.000004,60.291264,0.5608776970084381,0.29125977
*CC(*)C(=O)OCCOCC,-49.999996,-55.988842,3.6106061419976165,-5.988846
*CCCCCCCCCCC(=O)Nc1ccc(Cc2ccc(NC(=O)CCCCCCCCCCN3C(=O)c4ccc(C(=O)c5ccc6c(c5)C(=O)N(*)C6=O)cc4C3=O)cc2)cc1,136.0,138.31287,1.4517175413000596,2.3128662
*Oc1ccc(C(=O)c2cccc(NC(=O)c3ccc(C(=O)Nc4cccc(C(=O)c5ccc(*)cc5)c4)cc3)c2)cc1,189.0,203.46405,1.914926263846826,14.46405
*c1ccc2cc(OC(=O)c3ccc(C(=O)Oc4ccc5cc(-c6nc7ccccc7nc6*)ccc5c4)cc3)ccc2c1,136.0,150.43059,2.276727265373881,14.430588
*CCCC1(C)CCN(C(=O)CC(C)C(=O)N2CCC(*)(C)CC2)CC1,72.0,73.406944,1.335065590795289,1.4069443
*C(=O)Nc1ccc(Oc2ccc(Oc3ccc(NC(=O)c4ccc5c(c4)C(=O)N(c4ccc(S(=O)(=O)c6ccc(N7C(=O)c8ccc(*)cc8C7=O)cc6)cc4)C5=O)cc3)cc2)cc1,243.0,265.82043,5.505620280358429,22.820435
*Oc1ccc(Cc2ccc(Cc3ccc(OC(*)=O)cc3)cc2)cc1,79.5,105.329506,1.7542236759831995,25.829506
*OP(=O)(Oc1ccc(Cl)cc1)Oc1ccc(C(C)(C)c2ccc(*)cc2)cc1,71.0,72.36245,2.117514248845956,1.3624496
*Oc1ccc(Oc2ccc(C(=O)c3cccc(C(=O)c4ccc(*)cc4)c3)cc2)cc1,148.0,150.9435,1.071240766873416,2.9434967
*CC(=O)Nc1ccc(S(=O)(=O)c2ccc(NC(=O)c3ccc4c(c3)C(=O)N(*)C4=O)cc2)cc1,232.0,260.7307,1.9463679060493364,28.730713
*Oc1ccc(CC(NC(=O)CCc2ccc(OC(=O)CCC(*)=O)cc2)C(=O)OC(C)CC)cc1,75.0,66.89272,0.5368300841737976,-8.107277
*CC(*)C(=O)Oc1cccc2ccccc12,85.0,79.749405,0.9284383778576203,-5.250595
*O[Si](*)(C)CCCOc1ccc(C(=O)Oc2ccc(-c3ccc(OC(=O)c4cc(OCCCCC)c(OCCCCC)c(OCCCCC)c4)cc3)cc2)cc1,49.000004,51.8482,0.9624167106158609,2.848198
*C(=O)c1ccc2c(c1)C(=O)N(c1ccc(Cl)c(N3C(=O)c4ccc(*)cc4C3=O)c1)C2=O,305.0,305.28644,3.2721923738871106,0.286438
*C(=O)c1ccc(C(=O)N(*)c2ccccc2)c(Sc2ccccc2)c1,152.0,151.13997,0.8654376996486544,-0.8600311
*Oc1ccc(-c2ccc(Oc3ccc(C(=O)c4ccc(C(=O)c5ccc(*)cc5)cc4)cc3)cc2)cc1,173.0,169.83131,1.5204078919106023,-3.168686
*Oc1ccc(C(c2ccc(Oc3ccc(C(=O)c4cccc(-c5cccc(C(=O)c6ccc(*)cc6)c5)c4)cc3)cc2)(C(F)(F)F)C(F)(F)F)cc1,159.0,165.21506,0.9425839647046831,6.2150574
*Nc1cc(NC(=O)c2ccc(C(*)=O)cc2)cc(C(=O)OCCOC(=O)/C=C/c2ccc(N(C)C)cc2)c1,198.0,201.15529,1.2037979546157023,3.1552887
*C1OC(C(F)(F)F)(C(F)(F)F)OC1(*)F,256.0,283.9012,5.269435675728072,27.901215
*Oc1ccc(CC(NC(=O)CCc2ccc(OC(=O)COCCOCC(*)=O)cc2)C(=O)OC(C)C)cc1,58.000004,55.412006,0.5614937264925682,-2.5879974
*C1CC2CC1C(*)C2CCCCCC,252.0,243.08644,3.2677368549016794,-8.913559
*CCc1ccc(CCNC(=O)CCCCCCCCC(=O)N*)cc1,105.0,97.64564,0.6274910360127767,-7.3543625
*CC(*)(C)C(=O)OCC1CCC1,114.0,101.137115,1.2616355046213417,-12.8628845
*CCCOC(=O)NNC(=O)CCCCCCCCC(=O)NNC(=O)O*,21.999994,38.005375,0.8797125139302122,16.00538
*N=P(*)(CCC)CCC,10.000002,-12.345396,4.713948302157269,-22.345398
*c1ccc(-c2ccc(-n3c(=O)c4cc5c(=O)n(*)c(=O)c5cc4c3=O)cc2F)c(F)c1,398.00003,370.42502,13.221814689647898,-27.575012
*c1ccc(-c2nc3cc4sc(*)nc4cc3s2)cc1,24.999994,225.92422,180.80385372254977,200.92422
*C(=O)c1ccc(Oc2ccc(C3(c4ccc(Oc5ccc(C(=O)c6ccc7c(c6)C(=O)N(c6ccc(Oc8ccc(N9C(=O)c%10ccc(*)cc%10C9=O)cc8)cc6)C7=O)cc5)cc4)OC(=O)c4ccccc43)cc2)cc1,260.0,262.6734,1.580894080711417,2.6734009
*/C(=C/c1ccc(/C=C(\c2ccccc2)c2ccc(-c3ccc(*)cc3)cc2)cc1)c1ccccc1,220.0,228.36847,1.503315940501533,8.368469
*c1ccc(C(c2ccc(C(=O)OC)cc2)c2ccc(N(*)c3ccc(C)cc3)cc2)cc1,222.0,210.00925,1.3452230347024237,-11.990753
*CN1C(=O)c2ccc(C(c3ccc4c(c3)C(=O)N(Cc3nc5ccc(Cc6ccc7nc(*)oc(=O)c7c6)cc5c(=O)o3)C4=O)(C(F)(F)F)C(F)(F)F)cc2C1=O,218.0,212.84439,0.9574374749368237,-5.155609
*CC(*)(C)C(=O)OCCCCCCOc1ccc(C(=O)Oc2ccc(/N=N/c3ccc(C)cc3)c3ccccc23)cc1,40.000004,43.70367,0.679515602997619,3.7036667
*Oc1ccc(Oc2ccc(C(=O)c3ccc(*)c(S(=O)(=O)O)c3)cc2S(=O)(=O)O)cc1S(=O)(=O)O,248.0,238.19408,1.3301828044413493,-9.805923
*c1ccc(C)c(N2C(=O)c3ccc(-c4ccc5c(c4)C(=O)N(*)C5=O)cc3C2=O)c1,395.00003,352.3077,8.314610424487217,-42.69232
*Oc1cccc(NC(=O)c2ccc(C(=O)c3cccc(C(=O)Nc4ccc(*)cc4)c3)cc2)c1,237.0,185.59291,5.01808643063228,-51.40709
*c1ccc(OCCN(CCOc2ccc(-c3nc4ccc(Oc5ccc6nc(*)c(-c7ccccc7)nc6c5)cc4nc3-c3ccccc3)cc2)c2ccc(/C=C/c3ccc([N+](=O)[O-])cc3)cc2)cc1,201.0,195.19942,1.1725737161036391,-5.800583
*C(=O)c1ccc2c(c1)C(=O)N(c1c(C)cc(-c3cc(C)c(N4C(=O)c5ccc(*)cc5C4=O)c(C)c3)cc1C)C2=O,310.0,326.48956,8.139971170953041,16.489563
*c1ccc2c(c1)C(=O)N(c1cc(C(=O)O)cc(N3C(=O)c4ccc(C(*)(C(F)(F)F)C(F)(F)F)cc4C3=O)c1)C2=O,366.5,341.715,6.308728362900422,-24.785004
*CC(*)c1ccc(COCCC(F)(F)C(F)(F)C(F)(F)C(F)(F)C(F)(F)C(F)(F)F)cc1,17.999994,24.08851,1.390725229167872,6.088516
*CC1CC(CNC(=O)c2cccc(C(=O)N*)c2)CC(C(C)(C)C)C1,209.0,201.90466,1.113056104727171,-7.095337
*CC(*)(C)C(=O)OCCN(C)c1ccc(/N=N/c2ccc([N+](=O)[O-])cc2)cc1,110.0,113.75184,0.7485489718105021,3.7518387
*OC(=O)C(CC(C)C)NC(=O)CCCCC(=O)NC(CC(C)C)C(=O)OC1COC2C(*)COC12,91.0,91.24521,0.696950310803043,0.24520874
*c1ccc2c(c1)C(=O)N(c1ccc(S(=O)(=O)c3ccc(N4C(=O)c5ccc(C(F)(F)C(F)(F)C(*)(F)F)cc5C4=O)cc3)cc1)C2=O,259.0,277.78662,12.342096311263608,18.786621
*Nc1cc(NC(=O)c2cc(OCCN(C)c3ccc(S(=O)(=O)C(F)(F)C(F)(F)C(F)(F)C(F)(F)C(F)(F)C(F)(F)C(F)(F)C(F)(F)F)cc3)cc(C(*)=O)c2)cc(C(=O)OCCN(C)c2ccc(C#N)cc2)c1,157.0,153.58597,1.2141960505848055,-3.414032
*Oc1ccc(C(c2ccc(OC(*)=O)cc2)C2CC3CC2C2C4CCC(C4)C32)cc1,253.0,243.98497,1.1130078277034254,-9.01503
*Nc1ccccc1CCc1ccc(NC(=O)Nc2ccc(CCc3ccc(NC(*)=O)cc3)cc2)cc1,217.0,210.12155,1.2863504085520938,-6.8784485
*CCCCCCOP(=O)(/N=N/c1ccc(CCOC(=O)c2cc(C(=O)OCCc3ccc(/N=N/P(=O)(O*)OC)cc3)cc(C(C)(C)C)c2)cc1)OC,47.000004,49.979923,0.7183480281737773,2.9799194
*c1cccc(N2C(=O)c3cccc(Oc4ccc(Sc5ccc(Oc6cccc7c6C(=O)N(*)C7=O)cc5)cc4)c3C2=O)c1,231.0,235.41333,0.923565435408739,4.41333
*c1ccc(-c2cc(C(C)(C)C)c(Oc3ccc(-n4c(=O)c5ccc6c(=O)n(*)c(=O)c7ccc(c4=O)c5c67)cc3C(F)(F)F)c(C(C)(C)C)c2)cc1,456.0,393.2895,7.373554883126499,-62.71051
*c1ccc2c(c1)C(=O)N(c1cccc(Oc3ccc(P(=O)(c4ccccc4)c4ccc(Oc5cccc(N6C(=O)c7ccc(C(*)(C(F)(F)F)C(F)(F)F)cc7C6=O)c5)cc4)cc3)c1)C2=O,243.0,244.97935,1.0079376503898785,1.9793549
*/C=C(\C#N)C(=O)NC1CCCCC1NC(=O)/C(C#N)=C/c1ccc(/C=C/c2ccc(N(c3ccccc3)c3ccc(N(c4ccccc4)c4ccc(/C=C/c5ccc(*)s5)cc4)cc3)cc2)s1,240.0,240.61957,2.166847502659969,0.6195679
*Oc1ccc(CC(NC(=O)CCc2ccc(OC(=O)COCCOCC(*)=O)cc2)C(=O)OCC(C)C)cc1,50.000004,47.223392,0.5893428669605975,-2.7766113
*Oc1c(Cl)cc(C(C)(C)c2cc(Cl)c(OC(=O)CCCCC(*)=O)c(Cl)c2)cc1Cl,100.0,92.79473,0.8013912112495881,-7.205269
*CCS*,-1.4999977,-6.8937507,1.932876519999105,-5.393753
*CC(*)(C)C(=O)OCc1ccc(Cl)cc1Cl,19.400003,22.011133,1.0398879292612233,2.6111298
*C(=O)Nc1c(CC)cc(Cc2cc(CC)c(NC(=O)c3ccc4c(c3)C(=O)N(c3ccc(/N=N/c5ccc(C)cc5)c(N5C(=O)c6ccc(*)cc6C5=O)c3)C4=O)c(CC)c2)cc1CC,269.0,271.58487,1.7474754696206218,2.5848694
*CC(*)(C)C(=O)OCCCCCCCOc1ccc2cc(C(=O)Oc3ccccc3)ccc2c1,40.000004,40.521152,1.4804757768725059,0.5211487
*CCCCCCCCNC(=O)CCCCC(=O)N*,50.000004,47.949177,0.5676042258354075,-2.050827
*c1cc(-c2ccc(C(=C3C=C(C(C)(C)C)C(=O)C(C(C)(C)C)=C3)c3cc(C(C)(C)C)c(OC(C)=O)c(C(C)(C)C)c3)cc2)c(*)s1,-4.3000007,-7.3666205,3.843148501756228,-3.0666199
*c1ncnc(N(CCCCN(*)c2ccccc2)c2ccccc2)n1,91.0,78.66401,2.0513755640935205,-12.335991
*Oc1ccc(C(C)(C)c2ccc(Oc3ccc(C(=O)c4ccc(-c5ccc(C(=O)c6ccc(*)cc6)cc5)cc4)cc3)cc2)cc1,186.0,172.98079,1.3040487026238257,-13.019211
*CC(*)(C)C(=O)OCCCCCCCCCCCCCCC(=O)NC1OC(CO)C(OC2OC(CO)C(O)C(O)C2O)C(O)C1O,133.0,135.45279,0.9382969440515874,2.4527893
*Oc1c(-c2ccccc2)cc(*)cc1-c1ccccc1,220.0,218.8815,1.2393595852524917,-1.1184998
*CC(*)C(=O)Oc1ccc(/N=N/c2ccc([N+](=O)[O-])cc2)cc1,134.0,121.4313,1.3051323699594446,-12.568703
*Nc1ccccc1CCc1ccc(NC(*)=O)cc1,198.0,211.38922,1.8527854612169836,13.389221
*CC(CCCCCCCCCC)O*,-40.999996,-58.63705,2.9167966128814906,-17.637054
*c1ccc(Cc2ccc(-n3nc(-c4ccccc4)cc3-c3ccc(-c4cc(-c5ccccc5)nn4*)cc3)cc2)cc1,252.0,253.19714,2.1416341201326237,1.1971436
*C(F)(F)C(*)(F)C(F)(F)F,158.5,131.16553,39.18743157930205,-27.334473
*Oc1ccc(CC(NC(=O)CCc2ccc(OC(=O)CCCCCCC(*)=O)cc2)C(=O)OCCCC)cc1,37.000004,34.907978,0.6202887533487647,-2.0920258
*O[Si](C)(C)O[Si](C)(C)O[Si](C)(C)O[Si](C)(C)OC1=C(*)c2cccc3cccc1c23,-42.999996,-72.96289,5.222575755421273,-29.962894
*Oc1ccc(C(C)(C)c2ccc(OC(=O)c3ccc([Si](c4ccccc4)(c4ccccc4)c4ccc(C(*)=O)cc4)cc3)cc2)cc1,295.0,259.1775,12.879513207373543,-35.82251
*CCCCCCCC(=O)OCC1COC(*)O1,-22.999998,-31.628492,3.1710135760212124,-8.628494
*CC(*)(C)C(=O)OC1(C)CCOC(=O)C1,110.0,111.573944,1.2858701516520987,1.5739441
*/C=C(/*)C(CCC)[Si](C)(C)c1ccccc1,110.0,108.27799,0.8573886317047994,-1.7220078
*CCCCCCCC(=O)OCCOC(=O)CCCCCCCC1OCC2(COC(*)OC2)CO1,2.2688555e-06,4.4003015,1.8273783422602898,4.400299
*O[Si](C)(CCC(F)(F)F)O[Si](C)(CCC(F)(F)F)O[Si](C)(CCC(F)(F)F)CCC(F)(F)C(F)(F)C(F)(F)C(F)(F)C(F)(F)C(F)(F)CC[Si](*)(C)CCC(F)(F)F,-42.999996,-42.260525,2.6770281984753743,0.73947144
*C(=O)NNC(=O)c1ccc([Si](c2ccccc2)(c2ccccc2)c2ccc(C(=O)NNC(=O)c3ccc(*)o3)cc2)cc1,252.0,256.75574,1.5865405027641717,4.7557373
*Oc1ccc(C(C)(C)c2ccc(OC(=O)c3ccc(C(*)=O)cc3)c(C(C)C)c2)cc1C(C)C,140.0,135.07758,1.0775025377147383,-4.9224243
*CCCCCCCCNC(=O)Cc1ccc(CC(=O)N*)cc1,110.0,93.91371,0.8745192256773439,-16.086288
*CC(CC)O*,-71.5,-59.34521,3.9019375594359524,12.154789
*CC(*)c1ccc(COCCOCC)cc1,2.2688555e-06,-5.3088813,2.252697245901473,-5.3088837
*CCC1C(=O)N(CCCCCC)C(=O)C1*,41.500004,57.674076,1.0973610453348996,16.174072
*C(=O)OCCCCCOC(=O)c1ccc(NC(=O)c2ccc(N3C(=O)c4ccc(*)cc4C3=O)cc2)cc1,129.0,103.6162,2.022657751365252,-25.383797
*OCCOC(=O)CCCC(=O)OCCOc1nc(-c2ccc(OC)cc2)nc(*)c1-c1ccc(OC)cc1,57.000004,54.659885,1.2439908284154617,-2.3401184
*Oc1ccc(CC(NC(=O)CCc2ccc(OC(=O)CCCCC(*)=O)cc2)C(=O)OC(C)CC)cc1,50.000004,50.164898,0.4841544057027539,0.1648941
*CCN(*)C(=O)c1cccc(F)c1F,110.0,109.03796,0.4526709792649411,-0.96204376
*O[Si](*)(C)CCc1cc(C(=O)Oc2ccc(OCCCCCCCCCCCC)cc2)ccc1-c1ccc(C(=O)Oc2ccc(OCCCCCCCCCCCC)cc2)cc1,76.0,77.93486,1.4149220714143078,1.9348602
*NC(CCC(=O)OCCCCCCCC)C(*)=O,-59.499996,-29.720198,2.1279921432794717,29.779799
*OP(=O)(Oc1c(Cl)cc(Cl)cc1Cl)Oc1c(Cl)c(Cl)c(*)c(Cl)c1Cl,127.0,126.68796,0.9122781415901247,-0.31204224
*OC(=O)C(CCSC)NC(=O)CCCCC(=O)NC(CCSC)C(=O)OC1COC2C(*)COC12,71.0,68.526085,0.634264689917155,-2.473915
*C(=O)c1cc2c(cc1Cl)C(=O)N(c1c(C)cc(C)c(N3C(=O)c4cc(*)c(Cl)cc4C3=O)c1C)C2=O,371.00003,359.10382,5.165652013027791,-11.89621
*CC(*)OC(=O)c1ccc(OC(C)=O)cc1,76.0,74.19903,1.0522085189438262,-1.800972
*Oc1ccc(Oc2ccc(C(=O)c3ccc(Oc4ccc(Oc5ccc(C(=O)c6ccc(*)c(C(C)C)c6)cc5)cc4)cc3)cc2C(C)C)cc1,145.0,145.99901,0.9050661197434481,0.9990082
*CCCN1C(=O)c2ccc(C(c3ccc4c(c3)C(=O)N(*)C4=O)(C(F)(F)F)C(F)(F)F)cc2C1=O,190.0,192.24884,1.3046165074454072,2.2488403
*c1ccc2c(c1)C(=O)N(c1ccc(OCCN(CCOc3ccc(N4C(=O)c5ccc(C(*)(C(F)(F)F)C(F)(F)F)cc5C4=O)cc3)c3ccccc3)cc1)C2=O,170.0,167.44987,1.388475687417154,-2.5501251
*CCC1C(=O)N(CCCCCCCCCCCC)C(=O)C1*,55.400005,54.748432,1.1054315813695743,-0.6515732
*CCCCCCOC(=O)C(CCCCCP(=O)(OCC)OCC)C(=O)OCCCCCCOc1ccc(-n2on2-c2ccc(O*)cc2)cc1,7.0000024,14.242952,1.0386223591268056,7.24295
*CCCCCCOC(=O)CCCCC(=O)O*,-69.0,-51.20602,3.462648897847639,17.79398
*c1cccc(S(=O)(=O)c2cccc(N3C(=O)c4ccc(Oc5ccc6c(c5)C(=O)N(*)C6=O)cc4C3=O)c2)c1,246.0,245.42854,1.0940835485622993,-0.5714569
*Oc1ccc(NC(=O)c2cc(NC(=O)c3ccncc3)cc(C(=O)Nc3ccc(*)cc3)c2)cc1,305.0,301.5883,3.2473046780058588,-3.4117126
*N/C(C#N)=C(\C#N)NC(=O)c1ccc(C(*)=O)cc1,232.0,228.59946,1.2217652805182424,-3.4005432
*Oc1c(C)cc(*)cc1C(C)CCCCCCCC,19.999994,34.777813,3.0922103932434823,14.777819
*CC(*)CCc1ccccc1,10.000002,24.870256,5.69962982571081,14.8702545
*CC(O)COc1ccc(S(=O)(=O)c2ccc(OCC(O)COc3cccc(O*)c3)cc2)cc1,105.0,107.66426,1.0297261917359248,2.6642609
*c1cnc(C2C(c3ccccc3)C(*)C2c2ccccc2)cn1,150.0,149.21997,0.7525251240362897,-0.7800293
*CCCCNC(=O)c1ccc(C(C)(CC)c2ccc(C(=O)N*)cc2)cc1,182.0,176.47038,1.075313001895921,-5.5296173
*CC(CCCCCCCCCCCC)COC(=O)NC(=O)c1ccc(C(=O)NC(=O)O*)cc1,75.0,69.52851,0.9547076762861105,-5.471489
*Oc1ccc(-c2ccc(Oc3ccc(C(=O)c4ccc(*)cc4)cc3)cc2)cc1,167.0,172.63615,1.580579808806296,5.636154
*Oc1ccc(C(C)(C)c2ccc(OC(=O)OCCCCCOC(*)=O)cc2)cc1,49.500004,46.28542,1.0814860728693199,-3.2145844
*NC1CC(C)(C)CC(C)(CNC(=O)CCCCC(*)=O)C1,150.8,151.27794,1.569985672515171,0.4779358
*c1cccc(P(=O)(c2cccc(N3C(=O)c4ccc(Oc5ccc6c(c5)C(=O)N(*)C6=O)cc4C3=O)c2)c2cc(C(F)(F)F)cc(C(F)(F)F)c2)c1,228.0,237.95586,0.75900136634102,9.955856
*Oc1ccc(S(=O)(=O)c2ccc(-c3ccc(-c4ccc(S(=O)(=O)c5ccc(Oc6ccc(-c7ccc(*)cc7)cc6)cc5)cc4)cc3)cc2)cc1,264.0,238.01608,4.846486220979014,-25.983917
*Oc1cc(Oc2cccc(NC(=O)c3cc(Oc4ccc(C(=O)O)c(C(=O)Nc5cccc(*)c5)c4)ccc3C(=O)O)c2)ccc1C#N,195.8,201.66685,1.627986903623011,5.866852
*c1ccc(Oc2ccc(-c3nc4cc(Oc5ccc(NC(=O)c6cc(C(=O)Nc7ccc(Oc8ccc9nc(-c%10ccc([N+](=O)[O-])cc%10)c(*)nc9c8)cc7)cc(N7C(=O)c8ccccc8C7=O)c6)cc5)ccc4nc3-c3ccc([N+](=O)[O-])cc3)cc2)cc1,305.0,293.62396,3.091656621222729,-11.376038
*CCN(*)C(=O)CCCCCCCCCCCCCCCCC,10.000002,4.5946984,1.09948450132295,-5.4053035
*CCCCCC(=O)Oc1ccc(Oc2ccc(OC(=O)CCCCCn3c(=O)c4cc5c(=O)n(*)c(=O)c5cc4c3=O)cc2)cc1,91.0,87.363976,1.1282694411059282,-3.6360245
*/C=C(\C#N)C(=O)Nc1cc(-c2ccc(O)c(NC(=O)/C(C#N)=C/c3ccc(/C=C/c4ccc(N(c5ccccc5)c5ccc(N(c6ccccc6)c6ccc(/C=C/c7ccc(*)s7)cc6)cc5)cc4)s3)c2)ccc1O,221.0,229.33957,0.8466142158119865,8.339569
*CC(*)(C)C(=O)OCCc1ccc(/N=N/c2ccccc2)cc1,80.0,79.6515,1.2597629634898957,-0.3485031
*CC(C)(C)CS(*)(=O)=O,108.5,107.32728,1.2285466838797947,-1.1727219
*/C=C/C1CC(*)C2C(=O)N(CCCCCCC)C(=O)C12,59.000004,66.69275,2.3538199125640573,7.692745
*CC(*)n1ccc2ccccc21,18.999994,8.960772,1.6439897421319607,-10.039223
*Sc1ccc(Cc2ccc(SC(*)=O)cc2)cc1,117.0,111.87158,0.8762464644867788,-5.128418
*Cc1ccccc1CN(CC)c1ccc(/C=C/c2ccc(/C=C(\C#N)C(=O)NC3CCCCC3NC(=O)/C(C#N)=C/c3ccc(/C=C/c4ccc(N(*)CC)cc4)cc3)cc2)cc1,201.0,203.52777,1.3880990009650644,2.527771
*CC1(*)CC(=O)N(c2ccccc2)C1=O,236.0,233.82217,1.13734855851955,-2.177826
*NC1CCC(CC2CCC(NC(=O)CCCCCCCCCCCCC(*)=O)CC2)CC1,131.0,145.48332,2.0221563405416196,14.483322
*Oc1ccc(-c2ccc(Oc3ccc(Oc4ccc(S(=O)(=O)c5ccc(Oc6ccc(*)cc6)cc5)cc4)cc3)c3ccccc23)c2ccccc12,214.0,207.79774,3.052957298209653,-6.2022552
*N=P(*)(OCC)OCC,-83.999985,-69.79141,4.770269681339069,14.208572
*CC(*)C(=O)OCCOc1ccc(C(=O)Oc2ccc(OC(=O)c3ccc(OCCCC)cc3)cc2)cc1,45.000004,48.5722,1.437039441078275,3.572197
*CCC([2H])C(*)([2H])C,-47.499996,-51.464596,3.856363630130448,-3.9645996
*CCCCCCCCCCCCCCCCOC(=O)Nc1ccc(Cc2ccc(NC(=O)O*)cc2)cc1,40.000004,57.83325,1.8356662819854115,17.833244
*Oc1ccc(CC(NC(=O)CCc2ccc(OC(=O)COCC(*)=O)cc2)C(=O)OCCCCCCCCCCCC)cc1,36.000004,39.715725,0.6019144238610019,3.7157211
*c1ccc2c(c1)C(=O)N(c1ccc(Oc3ccc(-c4ccc(Oc5ccc(N6C(=O)c7ccc(C(*)(C(F)(F)F)C(F)(F)F)cc7C6=O)cc5)cc4)cc3)cc1)C2=O,288.0,289.84204,3.5295036743319033,1.842041
*c1ccc(Oc2ccc(C(=O)c3cccc(-c4cccc(C(=O)c5ccc(Oc6ccc(-c7nc(-c8cccc(-c9nc(*)c(-c%10ccccc%10)[nH]9)c8)[nH]c7-c7ccccc7)cc6)cc5)c4)c3)cc2)cc1,250.0,250.31073,0.9928904037283898,0.31072998
*CC(*)C(=O)NC(C)(C)CC(C)=O,72.5,70.57983,0.5725826760964878,-1.9201736
*CC(COC(=O)CCCCCN1C(=O)C2C3C=CC(C3)C2C1=O)O*,1.0000023,-7.6833777,1.8151046682103076,-8.68338
*O[Si](Oc1ccc(C2(c3ccc(*)cc3)c3ccccc3-c3ccccc32)cc1)(c1ccccc1)c1ccccc1,166.0,155.82835,0.983818721604759,-10.171646
*O[Si](C)(C)CCCC(=O)Oc1ccc(/C=N/c2ccc(Oc3ccc(/N=C/c4ccc(OC(=O)CCC[Si](*)(C)C)cc4)cc3)cc2)cc1,52.000004,50.400837,2.0972973811926976,-1.5991669
*CC(*)C=C,-6.9999976,-15.4904,3.1576486946232256,-8.490402
*C(=O)Nc1ccc(S(=O)(=O)c2ccc(NC(=O)c3ccc4[nH]c(-c5cccc(-c6nc7cc(*)ccc7[nH]6)c5)nc4c3)cc2)cc1,312.0,295.0788,2.7573781310160626,-16.921204
*CC(F)(F)C(F)(F)C(F)(F)C(F)(F)COC(=O)O*,-40.999996,-30.416685,3.440049805170158,10.583311
*Oc1ccc(Oc2ccc(Oc3ccc(C(=O)c4ccc(*)cc4)cc3)cc2)cc1,150.5,147.74292,1.4657171451295488,-2.75708
*Oc1ccc(Oc2cccc(C(=O)Oc3ccc(OC(=O)c4cccc(*)c4)cc3)c2)cc1,119.0,102.36329,1.3710402465549703,-16.636711
*Oc1ccc(C(c2ccc(Oc3ccc(C(=O)c4ccc(C(C)(C)c5ccc(C(=O)c6ccc(*)cc6)cc5)cc4)cc3)cc2)(C(F)(F)F)C(F)(F)F)cc1,179.0,171.05624,1.0259655058362909,-7.943756
*c1ccc(-c2sc(-c3ccc(-n4c(=O)c5cc6c(=O)n(*)c(=O)c6cc5c4=O)cc3)c(-c3ccccc3)c2-c2ccccc2)cc1,460.0,394.1602,17.29266653876959,-65.83981
*CC(*)OC(=O)CC1CCCCC1,24.999994,27.19549,1.2581085591056562,2.1954956
*CC(*)C(=O)OC([2H])([2H])[2H],35.000004,36.128834,0.917596363659324,1.12883
*CCCCCCCCCCC(=O)Nc1ccc(NC(=O)CCCCCCCCCCN2C(=O)c3ccc(C(=O)c4ccc5c(c4)C(=O)N(*)C5=O)cc3C2=O)cc1,125.0,138.1746,1.5713712545133907,13.174606
*C1CCCCC1S(*)(=O)=O,77.0,73.98969,0.8427049811961198,-3.0103073
*Oc1cc(OC(=O)c2ccc(C)cc2)c(OC(=O)CCCCCCCCCCCCCCC(*)=O)cc1OC(=O)c1ccc(C)cc1,26.999994,36.126896,1.1168355359353745,9.126902
*CC(*)C1CCC(C(C)(C)C)CC1,131.0,126.81825,1.1333542369583613,-4.1817474
*c1ccc2c(c1)C(CCCCCC)(CCCCCC)c1cc(-c3cc(CCCCCCCC)c(*)cc3CCCCCCCC)ccc1-2,74.5,66.539314,0.7143917208416986,-7.9606857
*CCN(CCN1C(=O)c2ccc(C(c3ccc4c(c3)C(=O)N(*)C4=O)(C(F)(F)F)C(F)(F)F)cc2C1=O)c1ccc(/N=N/c2ccc(C#N)cc2)cc1,213.0,212.06686,0.9483473616718063,-0.933136
*CC(C)(CO*)COCC(F)(F)C(F)(F)C(F)(F)F,-44.999996,-54.20155,4.066610173265303,-9.201553
*CC(*)n1c2ccccc2c2c3ccccc3ccc21,291.5,281.40805,2.5969608069543515,-10.091949
*OC(COC(=O)c1cccc(-c2ccc(C(*)=O)cc2)c1)COc1ccc(/N=N/c2ccc(C#N)cc2)cc1,135.0,127.86143,0.704538600212232,-7.1385727
*CC(*)C(=O)OCCCCCCCCCCCn1c2ccccc2c2ccccc21,15.000002,28.315912,1.1056055252664105,13.31591
*C(=O)Nc1cc(NC(=O)c2cncc(*)c2)cc(-c2nnc(-c3ccccn3)o2)c1,185.0,167.75056,9.685198689188637,-17.249435
*/C=C/c1ccc(*)c(-c2cc(OCCC(C)C)c(OCCC(C)C)cc2-c2ccccc2)c1,164.0,164.14548,1.8567634460846705,0.1454773
*Oc1ccc(C(C)(C)c2ccc(OC(=O)OCCN(CCOC(*)=O)c3ccc4[nH]c5ccccc5c4c3)cc2)cc1,90.0,85.98062,1.2777965786679912,-4.0193787
*/N=N/c1ccc(C(=O)NCCCCNC(=O)c2ccc(*)cc2)cc1,215.0,210.61893,1.0495291964871378,-4.381073
*O[Si](C)(C)O[Si](C)(C)O[Si](C)(C)O[Si](C)(C)O[Si](C)(C)c1ccc([Si](*)(C)C)cc1,-80.0,-67.458435,4.069513078033699,12.541565
*/C=C/c1ccc(*)c(-c2c(OCC(CC)CCCC)ccc3ccccc23)c1,118.0,118.24096,0.8703910165351165,0.24095917
*CC(*)(C)C(=O)OC,108.0,26.280313,19.613633151256753,-81.71969
*C(=O)c1ccc2c(c1)C(=O)N(c1ccc(C(c3ccccc3)c3ccc(N4C(=O)c5ccc(*)cc5C4=O)cc3)cc1)C2=O,282.0,287.47083,1.7656763264623223,5.470825
*c1ccc(Oc2ccccc2-n2c(=O)c3cc4c(=O)n(*)c(=O)c4cc3c2=O)cc1,386.00003,378.2904,13.625057065358869,-7.7096252
*CCCC(CC)CCNC(=O)c1ccc(C(=O)N*)cc1,135.0,131.33592,0.8514395619326847,-3.6640778
*CC(CCCCCCOc1ccc(/N=N/c2ccc(C(F)(F)F)cc2)cc1)COC(=O)CCCCC(=O)O*,44.000004,39.877453,0.9314795161864158,-4.122551
*c1cccc(OCCCCCCCCCCCCOc2cccc(N3C(=O)c4ccc(-c5cccc6c5C(=O)N(*)C6=O)cc4C3=O)c2)c1,116.0,134.43048,1.7840913406002483,18.430481
*CC(*)(C)C(=O)OCCO,91.2,77.65005,1.2940448864690446,-13.54995
*Oc1cccc(NC(=O)CCCCC(=O)Nc2ccc(*)cc2)c1,160.0,149.44092,2.0703382763533336,-10.559082
*Oc1cccc2ccc(Oc3ccc(NC(=O)c4ccc(Oc5ccc(C(=O)Nc6ccc(*)cc6)cc5)cc4)cc3)cc12,236.0,235.26466,1.9336692685235188,-0.7353363
*C(=O)c1ccc2c(c1)C(=O)N(c1ccccc1Cc1ccccc1N1C(=O)c3ccc(*)cc3C1=O)C2=O,285.0,278.68423,2.2204615985058176,-6.3157654
*C1C2C/C(=C\C)C(C2)C1*,61.400005,52.682377,1.3737089920498402,-8.7176285
*c1ccc2c(c1)C(=O)N(c1cccc(Oc3ccc(C(c4ccc(Oc5cccc(N6C(=O)c7ccc(C(*)(C(F)(F)F)C(F)(F)F)cc7C6=O)c5)cc4)(C(F)(F)F)C(F)(F)F)cc3)c1)C2=O,224.0,226.08795,1.455781817420602,2.0879517
*N=P(*)(Oc1cccc(F)c1)Oc1cccc(F)c1,-37.999996,-40.409298,3.199463299420221,-2.4093018
*c1ccc(Oc2ccc(C3(c4ccc(Oc5ccc(-c6nnc(*)c7c(-c8ccccc8)c(-c8ccc9ccccc9c8)c(-c8ccc9ccccc9c8)c(-c8ccccc8)c67)cc5)cc4)c4ccccc4-c4ccccc43)cc2)cc1,334.0,319.3892,3.667917776139371,-14.610809
*Oc1ccc(OC(=O)Oc2ccc(C(*)=O)cc2)cc1,74.0,84.64992,2.543306916598691,10.649918
*c1ccc(Oc2ccc(C(=O)c3cccc(C(=O)c4ccc(Oc5ccc(-c6c7c(c(*)c8ccccc68)C(=O)N(c6ccc(F)cc6)C7=O)cc5)cc4)c3)cc2)cc1,243.0,256.0508,1.2168837508330335,13.050812
*c1ccc(Oc2ccc(C(C)(C)c3ccccc3)cc2)c(-n2c(=O)c3cc4c(=O)n(*)c(=O)c4cc3c2=O)c1,340.0,323.4791,7.9989176459210904,-16.520905
*C(=O)c1cc2c(cc1Cl)C(=O)N(c1cc(N3C(=O)c4cc(*)c(Cl)cc4C3=O)cc(C(C)(C)C)c1)C2=O,290.0,292.85135,1.9587955220188549,2.8513489
*CC(*)C(=O)OCCc1ccccc1,-2.9999976,-1.0386482,2.3202136584725594,1.9613494
*CCCN(*)C(=O)CC,8.000002,8.156328,1.6487824672268523,0.1563263
*CC(COC)O*,-61.999996,-49.189434,3.53478629078706,12.810562
*CC(*)C(=O)Oc1ccc(C(C)(C)C)cc1,71.0,79.24869,2.206167410581325,8.248688
*CC(=O)Nc1cccc2c(NC(=O)COc3ccc4ccccc4c3Sc3c(O*)ccc4ccccc34)cccc12,264.0,262.77158,2.2486528670358363,-1.2284241
*CC(*)c1ccc(C(C)(O)CCCC)cc1,90.0,85.25686,0.8614501326818944,-4.743141
*CCOC(=O)Cc1ccc(C(=O)O*)cc1,23.999994,34.538036,1.0826011569232115,10.538042
*C(=O)c1cc2c(cc1Cl)C(=O)N(c1cc(Cl)c(N3C(=O)c4cc(*)c(Cl)cc4C3=O)cc1Cl)C2=O,367.0,357.66376,3.906467012431719,-9.336243
*CC(*)CCCCCCCCCCCCCC,-23.999998,-29.349424,8.536305219760637,-5.3494263
*CC(*)(C)C(=O)OC1CC2CCC1(C)C2(C)C,180.5,176.73743,1.1239807448945245,-3.7625732
*c1ccc(-c2nc3cc(Oc4ccc(NC(=O)c5cc(C(=O)Nc6ccc(Oc7ccc8nc(-c9ccccc9)c(*)nc8c7)cc6)cc(N6C(=O)c7ccccc7C6=O)c5)cc4)ccc3nc2-c2ccccc2)cc1,302.0,295.8982,2.9040338852503966,-6.1018066
*C[Si](*)(C)C,-89.999985,-59.146465,6.404696383873614,30.85352
*N=P(*)(OCC(F)(F)F)OCC(F)(F)F,-66.0,-65.99643,3.6893695302655343,0.0035705566
*c1ccc(Oc2ccc(C(C)(C)c3ccc(Oc4ccc(N5C(=O)C6CCC(C7CCC8C(=O)N(*)C(=O)C8C7)CC6C5=O)cc4)cc3)cc2)cc1,225.0,230.536,0.8517481788285166,5.5359955
*CC(*)(C)C(=O)OCCCCCCCCCC,-64.5,-31.376493,4.547384401887903,33.123505
*Oc1ccc(CC(NC(=O)Cc2ccc(OC(=O)CCC(*)=O)cc2)C(=O)OCC)cc1,75.5,74.3528,0.6632146721934589,-1.1472015
*CC(*)c1ccc2ccccc2c1,146.5,141.74022,0.8045381191965683,-4.759781
*Oc1cc(OC(=O)c2ccc(OCC)cc2)c(OC(=O)CCCCCCCCCCCCCCC(*)=O)cc1OC(=O)c1ccc(OCC)cc1,31.000002,37.33119,0.8381333250754736,6.3311863
*c1ccc(Oc2ccc(S(=O)(=O)c3ccc(Oc4ccc(-c5c6c(c(*)c7ccccc57)C(=O)N(c5ccc(Cl)cc5)C6=O)cc4)cc3)cc2)cc1,280.0,289.58072,3.6293950150829875,9.580719
*Oc1c(Cl)cc(C2(c3cc(Cl)c(OC(*)=O)c(Cl)c3)CC3CCC2C3)cc1Cl,290.0,285.8487,1.5676044947148904,-4.151306
*c1ccc(Sc2ccc(Sc3ccc(N4C(=O)c5ccc(Sc6ccc(Sc7ccc(Sc8ccc9c(c8)C(=O)N(*)C9=O)cc7)cc6)cc5C4=O)cc3)s2)cc1,185.5,183.65938,2.118173162150528,-1.840622
*CC(*)c1cccc(Cl)c1,90.0,86.710075,1.1134860948779297,-3.2899246
*C(=O)Nc1ccc(Oc2ccc(Oc3ccc(NC(=O)c4ccc5c(c4)C(=O)N(c4ccc(Oc6ccc(C7(c8ccc(Oc9ccc(N%10C(=O)c%11ccc(*)cc%11C%10=O)cc9)cc8)CC8CC7C7CCCC87)cc6)cc4)C5=O)cc3)c(C(C)(C)C)c2)cc1,275.0,272.09842,2.148718799547902,-2.9015808
*Oc1ccc(S(=O)(=O)c2ccc(Oc3c(C)cc(C(c4cc(C)c(*)c(C)c4)(C(F)(F)F)C(F)(F)F)cc3C)cc2C(OC)(C(F)(F)F)C(F)(F)F)c(C(OC)(C(F)(F)F)C(F)(F)F)c1,163.0,154.84119,0.8375375593746293,-8.158813
*Cc1cccc(COC(=O)Nc2ccc(Cc3ccc(NC(=O)O*)cc3)cc2)c1,106.0,107.57877,1.5026366063300836,1.5787735
*c1ccc2c(c1)C(=O)N(c1cccc(P(=O)(c3ccc(C(F)(F)F)cc3)c3cccc(N4C(=O)c5ccc(C(*)(C(F)(F)F)C(F)(F)F)cc5C4=O)c3)c1)C2=O,260.0,261.42172,1.254473540079113,1.4217224
*Nc1ccc(C(c2ccc(NC(=O)c3ccc(C(*)=O)cc3)cc2)(C(F)(F)F)C(F)(F)F)cc1,290.0,297.48288,5.124371282996643,7.4828796
*c1c(C)cc(C)c(N2C(=O)c3ccc(Oc4ccc(Oc5ccc6c(c5)C(=O)N(*)C6=O)cc4)cc3C2=O)c1C,345.0,336.7185,8.689046601769178,-8.281494
*Oc1ccc(C(C)(C)c2ccc(Oc3ccc4c(c3)C(=O)N(N3C(=O)c5ccc(*)cc5C3=O)C4=O)cc2)cc1,216.7,214.62323,1.3198923630935269,-2.076767
*c1ccc(Oc2ccc(C(=O)c3cccc(C(=O)c4ccc(Oc5ccc(-c6c7c(c(*)c8ccccc68)C(=O)N(C)C7=O)cc5)cc4)c3)cc2)cc1,251.0,254.52791,1.35718107545616,3.5279083
*Oc1ccccc1-c1ccccc1Oc1ccc2c(=O)n3c4cc(-c5ccc6c(c5)nc5c7ccc(*)c8cccc(c(=O)n65)c87)ccc4nc3c3cccc1c23,376.00003,393.75427,9.345316713110854,17.754242
*c1cc(C(=O)NCCCCCCCC)cc(N2C(=O)c3ccc(-c4ccc5c(c4)C(=O)N(*)C5=O)cc3C2=O)c1,245.5,245.98166,1.18935170977477,0.48165894
*C(=O)Nc1ccc(Oc2ccc(C3(c4ccc(Oc5ccc(NC(=O)c6ccc7c(c6)C(=O)N(c6ccc(Oc8ccc(Oc9ccc(N%10C(=O)c%11ccc(*)cc%11C%10=O)cc9)c(C)c8)cc6)C7=O)cc5)cc4)NC(=O)c4ccccc43)cc2)cc1,293.0,301.29254,2.4348997601926143,8.2925415
*CCCCCCOC(=O)C(CCCCCCP(=O)(O)O)C(=O)OCCCCCCOc1ccc(-n2on2-c2ccc(O*)cc2)cc1,20.999994,21.16263,0.7057177220102029,0.1626358
*c1ccc(-c2ccc(N3C(=O)c4ccc(Oc5ccc6c(c5)C(=O)N(*)C6=O)cc4C3=O)cc2C)c(C)c1,325.0,318.60187,13.269677012712384,-6.3981323
*CC(*)(F)C(=O)OCC(F)(F)C(F)(F)F,99.0,93.5157,1.1296729306335629,-5.4842987
*c1ccc(C(=O)Nc2ccc(N3C(=O)c4ccc(-c5ccc6c(c5)C(=O)N(*)C6=O)cc4C3=O)cc2)cc1,335.0,330.4726,7.157608090628249,-4.527405
*c1ccc(-c2cc(C(C)(C)C)c(Oc3ccc(N4C(=O)c5ccc(-c6ccc7c(c6)C(=O)N(*)C7=O)cc5C4=O)cc3)c(C(C)(C)C)c2)cc1,381.5,348.4196,5.2976252686997825,-33.080414
*Nc1cc(NC(=O)NC2CCC(CC3CCC(NC(*)=O)CC3)CC2)cc(C(=O)Nc2ccc3c(c2)C(=O)c2ccccc2C3=O)c1,148.0,140.24284,1.1022203738725294,-7.7571564
*c1cc(CCCCCCCCCCCC)c(*)s1,-18.499998,-6.8132453,2.9264126420103924,11.686752
*O[Si](C)(C)c1ccc([Si](*)(C)C)cc1,-17.999998,-5.389692,4.248057639093958,12.610306
*c1ccc(-c2nnc(-c3cccc(-c4nnc(*)o4)c3)o2)cc1,278.0,259.91684,2.1443874813220414,-18.08316
*CC(*)(C(=O)OC)c1ccccc1,121.0,118.3848,0.9068620040823088,-2.6151962
*OC(=O)c1ccc(C(=O)OC2COC3C(*)COC23)cc1,255.5,164.88321,63.43305854365081,-90.61679
*CC(*)C(=O)Oc1c(Cl)c(Cl)c(Cl)c(Cl)c1Cl,145.0,130.8385,0.9310886922111036,-14.161499
*Oc1ccc(C(=O)OCCCCCCOC(=O)c2ccc(*)cc2)cc1,15.000002,31.98839,2.422294535042461,16.988388
*C1C(=O)N(CCCCCCCOc2ccc(-c3ccc(C#N)cc3)cc2)C(=O)C1*,61.000004,69.06844,1.821322874535625,8.0684395
*C1OCCCC1C1C(=O)OC(=O)C1*,210.0,207.01268,1.2212596807988407,-2.98732
*c1ccc(-c2ccc(-c3ccc(-n4c(=O)c5c(C(F)(F)F)c6c(=O)n(*)c(=O)c6c(C(F)(F)F)c5c4=O)cc3)cc2)cc1,364.0,349.2384,9.532177488942681,-14.761597
*C1C2CC(C(=O)OCCc3ccc(N(c4ccccc4)c4ccccc4)cc3)C(C2)C1*,307.0,301.43344,2.2381079502700056,-5.566559
*CCCCCCN1C(=O)C(=O)N(c2ccc(CCc3ccccc3N3C(=O)C(=O)N(*)C3=O)cc2)C1=O,137.0,143.8407,1.3576250984077471,6.8406982
*C(=O)Nc1ccc(Oc2ccc(C3(c4ccc(Oc5ccc(NC(=O)c6ccc7c(c6)C(=O)N(c6ccc(N8C(=O)c9ccc(*)cc9C8=O)cc6)C7=O)cc5)cc4)NC(=O)c4ccccc43)cc2)cc1,322.0,309.33817,3.3697913414282317,-12.661835
*Oc1ccc(C(C)(C)c2ccc(OC(=O)SCCCSC(*)=O)cc2)cc1,90.0,84.68945,0.8573971665799301,-5.310547
*CCN1C(=O)c2ccc(C(c3ccc4c(c3)C(=O)N(*)C4=O)(C(F)(F)F)C(F)(F)F)cc2C1=O,180.0,187.30363,1.1633997202008337,7.3036346
*c1ccc2c(c1)C(=O)N(c1ccc(Cc3ccc(N4C(=O)c5ccc(C(C)(C)CCCCC(*)(C)C)cc5C4=O)cc3)cc1)C2=O,169.9,168.96532,1.5324209119213155,-0.9346771
*N=P(*)(Oc1ccc(Cl)cc1)Oc1ccc(Cl)cc1,4.0000024,-13.501326,6.617341488726194,-17.501328
*C(=O)Nc1ccc(C(c2ccc(NC(=O)c3ccc4c(c3)C(=O)N(c3ccc(Oc5ccc6ccc(Oc7ccc(N8C(=O)c9ccc(*)cc9C8=O)cc7)cc6c5)cc3)C4=O)cc2)(C(F)(F)F)C(F)(F)F)cc1,292.0,280.0212,2.728751636215573,-11.97879
*C(=O)Nc1ccc(Oc2ccc(-c3ccc(Oc4ccc(NC(=O)c5ccc6c(c5)C(=O)N(c5ccc(Oc7cccc8c(Oc9ccc(N%10C(=O)c%11ccc(*)cc%11C%10=O)cc9)cccc78)cc5)C6=O)cc4)cc3)cc2)cc1,310.0,271.6404,4.480961081667917,-38.35959
*CCN(*)C(=O)c1c(F)cccc1F,121.5,120.00929,0.5650228711785327,-1.4907074
*Oc1ccc(NC(=O)CCCCCCCCCCC(=O)Nc2ccc(*)cc2)cc1,150.0,148.99078,2.811569456698974,-1.0092163
*Oc1ccc(-c2ccc(Oc3ccc(C(=O)c4ccc5cc(C(=O)c6ccc(*)cc6)ccc5c4)cc3)cc2)cc1,195.0,189.29607,0.9879561986788767,-5.7039337
*Oc1cccc(NC(=O)c2cc(C(=O)Nc3ccc(*)cc3)cc(C(F)(F)C(F)(F)C(F)(F)C(F)(F)F)c2)c1,230.0,229.9331,2.5577583975593354,-0.06689453
*CC/C=C(/*)C(C)C,-46.999996,-45.657574,3.4854744003414724,1.3424225
*CC(C)(C)COC(=O)c1ccc(-c2ccc(-c3ccc(C(=O)O*)cc3)cc2)cc1,100.0,96.77031,1.2910968463487305,-3.2296906
*C(=O)Nc1ccc(S(=O)(=O)c2ccc(NC(=O)c3ccc4c(c3)C(=O)N(c3ccc(S(=O)(=O)c5ccc(N6C(=O)c7ccc(*)cc7C6=O)cc5)cc3)C4=O)cc2)cc1,307.0,295.10098,11.323195168698113,-11.899017
*c1ccc(-c2ccc(N3C(=O)c4ccc(Oc5ccc6c(c5)C(=O)N(*)C6=O)cc4C3=O)cc2C(F)(F)F)c(C(F)(F)F)c1,275.0,270.97705,1.7929977707857647,-4.022949
*CCCCCCNC(=O)c1cccc(C(=O)N*)c1,120.0,120.96815,1.240117461219623,0.9681473
*Oc1ccc(Oc2ccc(S(=O)(=O)c3ccc(*)cc3)cc2)cc1,210.0,220.3388,5.309727407467996,10.338806
*c1ccc(OCCN(CCOc2ccc(-c3cc(-c4ccccc4)c4cc(Oc5ccc6nc(*)cc(-c7ccccc7)c6c5)ccc4n3)cc2)c2ccc(C(C#N)=C(C#N)C#N)cc2)cc1,175.0,173.51303,1.0470118795743422,-1.486969
*CCCCCOC(=O)NNC(=O)CCCCCCCCC(=O)NNC(=O)O*,19.999994,31.839746,0.8728498459907279,11.839752
*CC(OC)C1C(=O)N(c2ccc(N(C)C)cc2)C(=O)C1*,221.0,223.7122,1.244561041852111,2.712204
*CCOC(=O)NCCCCCCNC(=O)O*,56.000004,67.518265,9.349283597404751,11.518261
*N=P(*)(OCCOc1ccc(-c2ccc(Br)cc2)cc1)OCCOc1ccc(-c2ccc(Br)cc2)cc1,89.7,82.57926,1.241953663680267,-7.120735
*CC(COc1ccccc1)O*,42.000004,33.21471,1.0038471936707756,-8.785294
*CCCCCCCCCCOC(=O)CCCCCNC(=O)CCCCC(=O)NCCCCCC(=O)O*,-11.999998,-8.975508,1.8421328898298717,3.0244904
*CCCCCCSS*,-74.0,-65.83601,3.359059390466284,8.163986
*c1cccc(Oc2cccc(Oc3cccc(N4C(=O)c5ccc(Oc6ccc(Sc7ccc(Oc8ccc9c(c8)C(=O)N(*)C9=O)cc7)cc6)cc5C4=O)c3)c2)c1,190.5,187.75307,1.1151491912208913,-2.746933
*CCCCCCCc1nc2ccc(-c3ccc4nc(*)oc4c3)cc2o1,85.0,122.758644,74.88417923803866,37.758644
*c1ccc(-c2ccc(N3C(=O)c4ccc(-c5cccc6c5C(=O)N(*)C6=O)cc4C3=O)c(C)c2)cc1C,384.00003,363.05746,7.2403580510001815,-20.942566
*CCCC1(CCCNC(=O)CCCCCCCCC(=O)N*)c2ccccc2-c2ccccc21,85.0,95.159996,0.7461016094570603,10.159996
*Oc1ccc(S(=O)(=O)c2ccc(*)cc2)c2ccccc12,238.0,242.92621,2.1570519793473357,4.9262085
*CC(*)c1ccc(B(Oc2ccc(Cl)c3cccnc23)c2ccc(C(C)(C)C)cc2)cc1,238.0,240.51233,1.044553521369505,2.512329
*CCCCSSCCCCOCO*,-76.0,-72.17493,3.710452242674388,3.8250732
*Oc1ccc(S(=O)(=O)c2ccc(OC(=O)OC3C(C)(C)C(OC(*)=O)C3(C)C)cc2)cc1,162.0,151.75456,1.0731421066632787,-10.245438
*CCOCCOCCOc1cccc(NC(=O)c2cccc(C(=O)Nc3cccc(O*)c3)c2)c1,111.0,121.117905,1.673843373948181,10.117905
*C(=O)c1ccc2c(c1)C(=O)N(c1cc(-c3nc4ccccc4[nH]3)cc(N3C(=O)c4ccc(*)cc4C3=O)c1)C2=O,197.0,286.88245,18.587336932099443,89.88245
*c1cccc(N2C(=O)c3cccc(Oc4ccc(Oc5ccc(Oc6cccc7c6C(=O)N(*)C7=O)cc5)cc4)c3C2=O)c1,238.0,247.52025,1.0257493588145747,9.520248
*C(=O)Nc1ccc(C(c2ccc(NC(=O)c3ccc4c(c3)C(=O)N(c3ccc(Oc5cccc6c(Oc7ccc(N8C(=O)c9ccc(*)cc9C8=O)cc7)cccc56)cc3)C4=O)cc2)(C(F)(F)F)C(F)(F)F)cc1,283.0,278.58762,3.114620566721751,-4.412384
*c1ccc(Oc2ccc(-n3c(=O)c4c(Oc5ccc(OC)cc5)c5c(=O)n(*)c(=O)c5c(Oc5ccc(OC)cc5)c4c3=O)cc2)cc1,303.5,301.7404,3.1162628233082583,-1.759613
*Oc1ccc(CC(NC(=O)CCc2ccc(OC(=O)COCCOCC(*)=O)cc2)C(=O)OC(C)CC)cc1,44.000004,48.66766,0.5057753388568155,4.667656
*CCCCCCCCCCOC(=O)c1cccc(C(=O)O*)c1,-22.499998,5.8719506,1.9057668243568204,28.371948
*c1ccc(Oc2ccc(-c3nc4ccc(Oc5ccc(N6C(=O)c7ccc(C(c8ccc9c(c8)C(=O)N(c8ccc(Oc%10ccc%11nc(*)c(-c%12ccccc%12)nc%11c%10)cc8)C9=O)(C(F)(F)F)C(F)(F)F)cc7C6=O)cc5)cc4nc3-c3ccccc3)cc2)cc1,267.0,263.3008,1.5498459852664692,-3.6991882
*CC(C)(/C=C(/*)C)C(=O)OC,23.999994,20.165758,1.4055655443783381,-3.8342361
*CC(O)COC(=O)CCCCCCCCC(=O)OCC(O)COc1ccc(C(C)(C)c2ccc(O*)cc2)cc1,29.999994,28.383448,0.8614641131215257,-1.6165466
*c1ccc(Sc2ccc(Sc3ccc(Sc4ccc(N5C(=O)c6ccc(Sc7ccc(Sc8ccc(Sc9ccc%10c(c9)C(=O)N(*)C%10=O)cc8)cc7)cc6C5=O)cc4)cc3)cc2)cc1,176.45,177.29471,2.320110611636625,0.8447113
*c1ccc(Oc2ccc(-c3nc4cc5sc(*)nc5cc4s3)cc2)cc1,350.0,208.02667,147.16269104926567,-141.97333
*CC(COc1ccc(O*)cc1)OC(C)=O,49.000004,51.18635,0.5391783791422862,2.186348
*C(=O)Nc1ccc(-c2ccc(NC(=O)c3ccc4c(c3)C(=O)N(c3ccc(S(=O)(=O)c5ccc(N6C(=O)c7ccc(*)cc7C6=O)cc5)cc3)C4=O)cc2)cc1,370.00003,308.6011,12.650268346364832,-61.398926
*c1ccc(CCc2ccccc2N2C(=O)C(=O)N(c3ccc(Oc4ccc(N5C(=O)C(=O)N(*)C5=O)cc4)cc3)C2=O)cc1,208.0,211.98592,1.1436166127045269,3.9859161
*CC(O)CN(C)S(=O)(=O)c1ccc(-c2ccc(S(=O)(=O)N(C)CC(O)COc3ccc(C(C)(C)c4ccc(O*)cc4)cc3)cc2)cc1,101.0,98.22939,0.8898102660726287,-2.770607
*N=P(*)(OCCOc1ccc2cc(I)ccc2c1)OCCOc1ccc2cc(I)ccc2c1,64.8,61.092068,0.8358954075105163,-3.7079353
*Oc1ccc(CC(NC(=O)CCc2ccc(OC(=O)CCCC(*)=O)cc2)C(=O)OCC(C)C)cc1,62.000004,59.006145,0.5712703474130408,-2.9938583
*CC(*)(C#N)C(=O)OC(C)C,66.0,63.1179,0.9073740965901534,-2.8820992
*c1ccc(Sc2ccc(-n3c(=O)c4cc5c(=O)n(*)c(=O)c5cc4c3=O)cc2)cc1,400.0,335.7028,21.35532909666154,-64.29721
*c1ccc(-c2ccc([Si](C)(C)[Si](*)(C)C)s2)s1,45.000004,43.139004,0.9634447703601372,-1.8610001
*CC(COCC)O*,-60.999996,-55.091183,3.151072547154388,5.9088135
*c1ccc(-c2ccc(Oc3ccc(C4(C)CC(C)(C)c5ccc(Oc6ccc(-c7ccc(N8C(=O)c9ccc(Oc%10ccc%11c(c%10)C(=O)N(*)C%11=O)cc9C8=O)cc7)cc6C(F)(F)F)cc54)cc3)c(C(F)(F)F)c2)cc1,249.0,243.50446,0.7947044245712337,-5.4955444
*CCC[Si](*)(C)O[Si](C)(C)CCCOc1ccc(C(=O)Oc2ccc(C#N)cc2)cc1,-19.100004,-5.3890815,2.011684938896547,13.710922
*O[SiH](*)C,-3.389997,-3.055097,2.0817306067333727,0.3348999
*c1ccc(Oc2ccc(N3C(=O)c4ccc(C(=O)c5ccc6c(c5)C(=O)N(c5ncc(*)s5)C6=O)cc4C3=O)cc2)cc1,320.2,299.09082,3.4740072981719443,-21.109192
*C(=O)c1ccc(Oc2c(C)cc(-c3cc(C)c(Oc4ccc(C(=O)c5ccc6nc(*)ccc6c5)cc4)c(C)c3)cc2C)cc1,180.0,179.92409,0.9833187768946464,-0.075912476
*C/C=C/C[Si](*)(C)CCCOc1ccc2ccccc2c1,-0.99999774,-12.274275,2.2445464925128085,-11.274277
*OCCOC(=O)CCCCC(=O)OCCOc1nc(-c2ccc(OCCCC)cc2)nc(*)c1-c1ccc(OC)cc1,34.000004,40.43861,1.2315010073437633,6.4386063
*/C(C#N)=C(\C#N)N1C(=O)c2ccc(C(=O)c3ccc(-c4ccc5c(c4)C(=O)N(*)C5=O)cc3)cc2C1=O,249.0,251.36153,0.920847365666181,2.3615265
*CCC[Si](*)(C)CCC[Si](C)(C)C,-45.999996,-41.63444,3.616786019926641,4.365555
*OC(=O)c1ccc(C(C)(C)c2ccc(C(*)=O)cc2)cc1,100.0,141.83899,28.95775938018986,41.83899
*c1c(C)cc(Cc2cc(C)c(N3C(=O)c4ccc(Oc5c(C)cc(Cc6cc(C)c(Oc7ccc8c(c7)C(=O)N(*)C8=O)c(C)c6)cc5C)cc4C3=O)c(C)c2)cc1C,264.0,307.7715,8.193553012301463,43.771515
*c1ccc(Oc2ccc(N3C(=O)C(Cl)=C(Oc4ccc(C(C)(C)c5ccc(OC6=C(Cl)C(=O)N(*)C6=O)cc5)cc4)C3=O)cc2)cc1,175.0,175.57053,0.789458251509273,0.5705261
*C(=O)c1ccc2c(c1)C(=O)N(c1ccc(C(=O)c3ccc(C(=O)c4ccc(N5C(=O)c6ccc(*)cc6C5=O)cc4)cc3)cc1)C2=O,286.0,290.50156,5.129842818651013,4.5015564
*CC(*)OC(=O)CCCC(=O)c1ccccc1,45.000004,47.677036,0.5891911242113403,2.6770325
*CC(*)c1ccc(CCCCCCCC)cc1,-44.999996,-30.046202,5.076992358503979,14.9537945
*CCCCCCOC(=O)OCCCCOC(=O)OCCCCCCOc1ccc(C(=O)c2ccc(O*)cc2)cc1,2.0999932,2.888064,1.4639331991436317,0.7880707
*c1ccc(Oc2ccc(N3C(=O)c4ccc(C(c5ccc6c(c5)C(=O)N(c5ncc(*)s5)C6=O)(C(F)(F)F)C(F)(F)F)cc4C3=O)cc2)cc1,268.2,288.08176,2.6599641032231736,19.881744
*C(=O)c1ccc2c(c1)C(=O)N(c1ccc(-c3cc(C(C)(C)C)c(Oc4ccc(N5C(=O)c6ccc(*)cc6C5=O)cc4C(F)(F)F)c(C(C)(C)C)c3)cc1)C2=O,362.0,355.40656,5.787277024127087,-6.593445
*Oc1ccc(Sc2ccc(OC3(F)C(*)(F)C(F)(F)C3(F)F)cc2)cc1,78.0,83.402504,3.4270654849528475,5.402504
*Oc1ccc(C(=O)c2ccc(Oc3ccc(C(=O)c4ccc(Oc5cccc(Cc6cccc(*)c6)c5)cc4)cc3)cc2)cc1,123.0,108.67856,1.1077058376053335,-14.321442
*CC(CSC)O*,-36.999996,-36.66299,2.8435298936425606,0.33700562
*CC(*)P(=O)(OCC)N(C)C,32.000004,32.255795,0.8948195570788133,0.2557907
*CC1CCC(COC(=O)c2cccc(C(=O)O*)c2)CC1,70.0,65.63503,0.9210766029871773,-4.3649673
*CC(*)C(F)(F)F,29.499994,27.112284,1.151742232718573,-2.3877106
*CC(*)(CCC(C)C(=O)OC)C(=O)OC,34.000004,30.949106,0.6292696411565873,-3.0508976
*c1cc(CCCCCC)c(*)s1,20.300005,-2.0106025,2.8709556414706685,-22.310608
*Cc1ccc(C(C)c2ccc(CN3C(=O)c4ccc(Oc5ccc6c(c5)C(=O)N(*)C6=O)cc4C3=O)o2)o1,129.0,127.13428,0.8234062671343805,-1.8657227
*c1ccc(Oc2cc(C(C)(C)C)c(Oc3ccc(N4C(=O)c5ccc(-c6ccc7c(c6)C(=O)N(*)C7=O)cc5C4=O)cc3)cc2C(C)(C)C)cc1,293.0,271.19827,2.0935698922920385,-21.801727
*CC(C)(CCC)COC(=O)c1ccc(-c2ccc(C(=O)O*)cc2)cc1,95.0,96.29662,0.7939241380117346,1.2966232
*Oc1ccc(CC(NC(=O)Cc2ccc(OC(=O)CCCCCCC(*)=O)cc2)C(=O)OCCCCCC)cc1,26.999994,31.634089,0.599910979736753,4.634094
*CC(OC(=O)C(=O)OCC)C(COC(=O)O*)OC(=O)C(=O)OCC,53.8,53.48805,0.7352001129388345,-0.31195068
*CCN(CCOC(=O)Nc1ccc(Cc2ccc(NC(=O)O*)cc2)cc1)c1ccccc1,31.899996,49.11295,1.3873585089153773,17.212954
*C1CCCC(S(*)(=O)=O)C1,108.0,108.97271,0.5947240795499334,0.97270966
*CC(c1ccccc1)C1C(=O)N(c2ccc(NC(=O)OCC3CCCN3c3ccc([N+](=O)[O-])cc3)cc2)C(=O)C1*,208.0,204.90108,1.060853562033314,-3.0989227
*Nc1cccc(/C=C/c2ccc(NC(=O)c3cccc(C(*)=O)c3)cc2)c1,272.0,269.99292,4.292311647342433,-2.00708
*Nc1ccc(Cc2ccc(NC(=O)c3cc(C(*)=O)cc(S(=O)(=O)c4ccccc4)c3)cc2)cc1,270.0,271.4694,1.8742581598219952,1.4693909
*Oc1ccc(OC(=O)c2ccc(C(*)=O)cc2Sc2ccc(C)cc2)cc1,134.0,144.64034,0.84879254633462,10.640335
*c1ccc(S(=O)(=O)c2ccc(N3C(=O)c4ccc(Oc5ccc6c(c5)C(=O)N(*)C6=O)cc4C3=O)cc2)cc1,262.0,278.85645,6.773488442995494,16.856445
*c1ccc(-c2ccc(-c3ccc(-c4ccc(-c5ccc6c(c5)C(=O)N(c5ccc(Oc7ccc(N8C(=O)c9ccc(*)cc9C8=O)cc7)cc5)C6=O)cc4)cc3)cc2)cc1,244.0,243.64345,2.9241091682266394,-0.35655212
*c1ccc(-c2cc(CCCCCCCC)c(-c3ccc(-c4sc(*)cc4CCCCCCCC)cc3)s2)cn1,16.200006,18.484812,1.5780660524549046,2.2848053
*C(=O)Nc1ccc(-c2ccc(NC(=O)c3ccc4c(c3)C(=O)N(c3ccc(Oc5ccc(N6C(=O)c7ccc(*)cc7C6=O)cc5-c5ccccc5)c(-c5ccccc5)c3)C4=O)cc2)cc1,358.0,335.39764,10.536989699476399,-22.602356
*c1ccc(-c2nc3cc(-c4ccc5nc(*)c(-c6ccc7ccccc7c6)nc5c4)ccc3nc2-c2ccc3ccccc3c2)cc1,333.0,321.95215,8.933069887053357,-11.047852
*CC(*)(C)C(=O)OCC(O)CO,84.4,73.57281,1.1851533889895973,-10.827194
*c1ccc(Oc2ccc(N3C(=O)c4cc(-c5ccc([Si](C)(C)C)cc5)c(-c5cc6c(cc5-c5ccc([Si](C)(C)C)cc5)C(=O)N(*)C6=O)cc4C3=O)cc2)cc1,348.0,344.8713,7.072986531626419,-3.1286926
*CC(O*)C(C)(C)C,41.000004,30.526957,2.265075432900909,-10.473047
*c1ccc(Cc2ccc(N3C(=O)c4ccc(Oc5ccc(C6(c7ccc(Oc8ccc9c(c8)C(=O)N(*)C9=O)cc7)CCCCCCCCCCC6)cc5)cc4C3=O)cc2)cc1,240.0,231.72592,1.107046819578367,-8.274078
*CC(*)C(=O)OC(C)(C)C,40.000004,27.406397,2.408608993673304,-12.593607
*CC(*)c1ccc(COCC(F)(F)C(F)(F)C(F)(F)C(F)(F)F)cc1,22.999994,19.945536,1.6287819560400985,-3.0544586
*O[Si](*)(C)CCCCC,-111.999985,-86.22279,5.535224882321142,25.777191
*O[Si](C)(CCC(F)(F)F)CCC(F)(F)C(F)(F)C(F)(F)C(F)(F)C(F)(F)C(F)(F)C(F)(F)C(F)(F)CC[Si](*)(C)CCC(F)(F)F,-27.999998,-17.319105,2.1933736851215357,10.680893
*O[Si](C)(C)CCC/N=C1\C=C/C(=N/CCC[Si](*)(C)C)c2c(O)ccc(O)c21,32.900005,31.169397,2.8378288065000117,-1.730608
*Oc1cccc(Oc2ccc(C(=O)c3ccc(P(=O)(c4ccccc4)c4ccc(C(=O)c5ccc(*)cc5)cc4)cc3)cc2)c1,201.0,191.48518,1.4399470583544114,-9.514816
*CCOc1ccc(S(=O)(=O)c2ccc(OCCOP(=O)(O*)Oc3ccc([N+](=O)[O-])cc3)cc2)cc1,56.000004,53.84598,0.5780150455754113,-2.1540222
*CC(C)(C)C1C(=O)OC(=O)C1*,141.0,142.6248,0.9198064250674128,1.6248016
*Oc1ccc(OC(=O)c2ccc(OC(=O)c3ccc(C(=O)Oc4ccc(C(*)=O)cc4)cc3)cc2)cc1,283.0,187.89377,31.67963012676935,-95.10623
*CC(CCC)C(CCC)COC(=O)c1ccc(C(=O)O*)cc1,29.999994,23.718836,0.9810360381449534,-6.2811584
*O[Si](c1ccccc1)(c1ccccc1)c1cccc(*)c1,62.000004,62.03702,4.2477891308751206,0.037017822
*CC(O)COc1ccc(S(=O)(=O)c2ccc(O*)cc2)cc1,167.5,152.39706,1.6662660803903875,-15.102936
*O[Si](C)(C)O[Si](C)(C)Oc1c(C)cc(-c2cc(C)c(*)c(C)c2)cc1C,55.000004,47.584743,2.8014836429095014,-7.4152603
*CC(*)C(=O)OCCOC,-33.999996,-50.834164,3.846704036485541,-16.834167
*CC(*)CCI,70.0,50.596737,3.3636900052948886,-19.403263
*CCCCCN1C(=O)c2ccc(C(c3ccc4c(c3)C(=O)N(*)C4=O)(C(F)(F)F)C(F)(F)F)cc2C1=O,180.0,160.13564,2.0431829217471593,-19.864365
*Oc1ccc(Sc2ccc(OC(*)=O)cc2)cc1,110.0,108.36999,1.3788810216566774,-1.6300125
*C(=O)c1ccccc1-c1ccccc1C(=O)N1CCN(*)CC1,193.0,185.49855,1.300297651184462,-7.5014496
*CC(O*)c1ccco1,12.500002,20.639086,1.2258431705500363,8.139084
*OS(=O)(=O)c1ccc(*)cc1,119.0,123.392075,1.4548179525039964,4.3920746
*c1cc(C(c2ccc(O)c(N3C(=O)c4ccc(Oc5ccc6c(c5)C(=O)N(*)C6=O)cc4C3=O)c2)(C(F)(F)F)C(F)(F)F)ccc1O,266.0,263.44287,1.7874872784007365,-2.557129
*CCCCCCOC(=O)C(CCCCCCCCCCBr)C(=O)OCCCCCCOc1ccc(-n2on2-c2ccc(O*)cc2)cc1,15.999994,13.038622,0.8202078357694331,-2.9613724
*Cc1ccc(C(C)(C)c2ccc(CN3C(=O)c4ccc(C(c5ccc6c(c5)C(=O)N(*)C6=O)(C(F)(F)F)C(F)(F)F)cc4C3=O)o2)o1,134.0,134.5212,1.1633892479614094,0.52119446
*c1ccc(Oc2cccc(-n3c(=O)c4cc5c(=O)n(*)c(=O)c5cc4c3=O)c2)cc1,397.00003,327.71683,15.780924215537748,-69.2832
*c1cccc(C(=O)Nc2ccc(Oc3ccc(S(=O)(=O)c4ccc(Oc5ccc(NC(=O)c6cccc(N7C(=O)c8ccc(-c9ccc%10c(c9)C(=O)N(*)C%10=O)cc8C7=O)c6)cc5)cc4)cc3)cc2)c1,258.0,252.78067,1.1402134490588358,-5.21933
*[Si](*)(CCCC)CCCC,-40.499996,-42.60313,3.278513836493151,-2.1031342
*c1ccc(Oc2cccc(N3C(=O)c4ccc(Oc5ccc6ccc(Oc7ccc8c(c7)C(=O)N(*)C8=O)cc6c5)cc4C3=O)c2)cc1,221.0,221.62825,1.2755477699740327,0.6282501
*c1ccc(Oc2ccc(N3C(=O)c4ccc(Oc5ccc(C6(c7ccc(Oc8ccc9c(c8)C(=O)N(*)C9=O)cc7)CCCCCCCCCCC6)cc5)cc4C3=O)cc2)cc1,230.0,233.58002,1.320878324435318,3.580017
*CC(O)COc1ccc(C(C)(C)c2ccc(OCC(O)COc3ccc(NC(=O)CCCC(=O)Nc4ccc(O*)cc4)cc3)cc2)cc1,105.0,118.28438,0.878360757265333,13.284378
*CCCCCCN1C(=O)c2ccc(C(=O)Nc3ccc(S(=O)(=O)c4ccc(NC(=O)c5ccc6c(c5)C(=O)N(*)C6=O)cc4)cc3)cc2C1=O,198.0,197.83508,2.361543398584213,-0.16491699
*Oc1cc(Br)cc(Br)c1*,170.0,167.02364,1.1599052386273634,-2.9763641
*Oc1cccc(Oc2ccc(NC(=O)c3ccc(Oc4cccc(Oc5ccc(C(=O)Nc6ccc(*)cc6)cc5)c4)cc3)cc2)c1,176.5,171.18463,4.780419794678607,-5.3153687
*CCCCCCOC(=O)OCCCCCCN1C(=O)c2ccc(-c3ccc4c(c3)C(=O)N(*)C4=O)cc2C1=O,71.0,69.14504,1.9975036417130474,-1.8549576
*OC(C)CCOC(=O)C(CCCCCCOc1ccc(/N=C/c2ccc([N+](=O)[O-])cc2)cc1)C(*)=O,3.0000024,1.402407,1.4112719723629936,-1.5975953
*CC(*)(C)C(=O)OCCN(CCCC)c1ccc(/N=N/c2ccc(S(=O)(=O)Nc3cc(C)on3)cc2)cc1,105.0,105.48158,0.6616101156688788,0.48158264
*Oc1ccc(Oc2ccc(P(C)(=O)c3ccc(*)cc3)cc2)cc1,213.0,208.31711,1.2749226820028006,-4.682892
*Cc1ccccc1[Si](*)(C)C,48.000004,52.306393,0.7726604129444333,4.306389
*OC(=O)c1cccc(C(*)=O)c1,130.0,123.44721,3.6955732849004463,-6.552788
*c1ccc(Cc2ccc(N3C(=O)c4ccc(Oc5ccc(C(C)(C)c6ccc(Oc7ccc8c(c7)C(=O)N(*)C8=O)cc6)cc5)cc4C3=O)cc2)cc1,217.0,220.20847,1.7786024210284341,3.2084656
*CCCCOc1ccc(-c2ccc(O*)c3ccccc23)c2ccccc12,130.0,144.92154,3.217036345508439,14.921539
*c1cc(C)c(/N=C/c2ccc(OCc3ccc(COc4ccc(/C=N/c5cc(C)c(-n6c(=O)c7ccc8c9ccc%10c(=O)n(*)c(=O)c%11ccc(c%12ccc(c6=O)c7c8%12)c9c%10%11)cc5C)cc4OC)cc3)c(OC)c2)cc1C,145.0,139.77702,0.7236559350871438,-5.2229767
*c1ccc(C(c2ccc(-c3nc4ccc(-c5ccc6nc(*)[nH]c6c5)cc4[nH]3)cc2)(C(F)(F)F)C(F)(F)F)cc1,269.0,322.92032,8.991967437133518,53.92032
*C(=O)NCCNC(=O)c1ncn(C)c1*,189.0,166.24431,7.5293164589849875,-22.755692
*c1cccc(-c2cc(C(=O)Nc3ccc(OC(=O)c4cc(OCCCCCCCCCCCC)c(OCCCCCCCCCCCC)c(OCCCCCCCCCCCC)c4)cc3)cc(-c3cccc(N4C(=O)CC(C5C=C(C)C6C(=O)N(*)C(=O)C6C5)C4=O)c3)c2)c1,270.0,276.39215,2.020770234931429,6.392151
*c1cc(C(=O)NCCCCCCCCCCCCCC)cc(N2C(=O)c3ccc(-c4ccc5c(c4)C(=O)N(*)C5=O)cc3C2=O)c1,247.6,238.21867,1.159635787906978,-9.381332
*OC(=O)CCC(=O)OC1COC2C(*)COC12,77.0,79.362686,1.5860201371871818,2.3626862
*CC(O)COc1ccc(C(=O)c2ccc(O*)cc2)cc1,130.0,119.65736,1.4178532512291488,-10.342644
*O[Si](*)(C)CCCOc1ccc(C(=O)Oc2ccc(-c3ccc(OC(=O)c4cc(OCC)c(OCC)c(OCC)c4)cc3)cc2)cc1,61.3,63.49825,1.09136841104678,2.1982498
*c1ccccc1CCc1ccc(N2C(=O)C(=O)N(c3ccc(C)c(N4C(=O)C(=O)N(*)C4=O)c3)C2=O)cc1,255.0,249.96939,1.0822846858478115,-5.030609
*CC(*)(C)C(=O)OCCCCCCOc1ccc(/N=N/c2ccc(C3OCC4(CO3)CC3C=CC4C3)cc2)cc1,118.5,112.02452,0.588744011949123,-6.475479
*c1ccc2c(c1)C(=O)N(c1ccc(C(C)(C)c3ccc(N4C(=O)c5ccc(C(*)(C(F)(F)F)C(F)(F)F)cc5C4=O)cc3)cc1)C2=O,310.0,323.0051,8.997049405481306,13.005096
*O[Si](C)(C)O[Si](C)(C)O[Si](C)(C)O[Si](C)(C)Oc1c(*)c2ccccc2c2ccccc12,-34.999996,-43.85075,4.102923291803175,-8.850754
*C(=O)c1ccc2c(c1)C(=O)N(c1ccc(C(C)(C)c3ccc(C(C)(C)c4ccc(N5C(=O)c6ccc(*)cc6C5=O)cc4)cc3)cc1)C2=O,322.0,302.5567,8.905608324166419,-19.443298
*CCCC(C)O[Si](C)(C)O*,-81.0,-91.58336,4.084056924146065,-10.583359
*C(=O)Nc1ccc(Oc2ccc(NC(=O)c3ccc4c(c3)C(=O)N(c3ccc(Oc5ccc(C6(c7ccc(Oc8ccc(N9C(=O)c%10ccc(*)cc%10C9=O)cc8)cc7)CC7CC6C6CCCC76)cc5)cc3)C4=O)cc2)cc1,250.0,272.04294,2.764185505531387,22.042938
*N=P(*)(OCCCCCC)OCCCCCC,-103.999985,-82.90466,4.3106238240892125,21.095322
*c1cccc(P(=O)(c2ccccc2)c2cccc(-n3c(=O)c4cc5c(=O)n(*)c(=O)c5cc4c3=O)c2)c1,331.0,328.48206,5.47953812084845,-2.5179443
*CCN(CCCCCOc1ccc(/N=N/c2ccccc2)cc1)CCOC(=O)Nc1ccc(Cc2ccc(NC(=O)O*)cc2)cc1,59.600002,54.057323,0.8484449203469328,-5.542679
*Sc1ccc(Nc2ccc(*)cc2)cc1,145.0,126.8975,1.4991218086121303,-18.1025
*Oc1ccc(-c2ccc(Oc3ccc(/C(=N/c4ccc(/N=C(\c5ccccc5)c5ccc(*)cc5)cc4)c4ccccc4)cc3)cc2)cc1,195.0,183.37495,0.8075498828937788,-11.625046
*CCCCCCCCCCCCCNC(=O)CCCCCCCCCCCC(=O)N*,56.500004,42.432613,0.5767956056556571,-14.06739
*CC(=O)Nc1ccc(Oc2ccc(Oc3ccc(NC(=O)c4ccc5c(c4)C(=O)N(*)C5=O)cc3)cc2)cc1,242.0,245.30154,1.2204825359111688,3.3015442
*CC1CC(*)C(OC(=O)CCCCCCCCCCOc2ccc(-c3ccc(C#N)cc3)cc2)C1OC(=O)CCCCCCCCCCOc1ccc(-c2ccc(C#N)cc2)cc1,14.500002,16.146425,1.1954845673487797,1.6464233
*C(=O)c1cc2c(cc1Cl)C(=O)N(c1cc(C(=O)O)cc(N3C(=O)c4cc(*)c(Cl)cc4C3=O)c1)C2=O,368.0,342.781,3.789102530756524,-25.218994
*Oc1c(Br)cc(C(C)(C)c2cc(Br)c(OC(=O)c3ccc(OCCCCCCCCCCOc4ccc(C(*)=O)cc4)cc3)c(Br)c2)cc1Br,128.0,113.39022,1.010231908602938,-14.609779
*Oc1ccc(OC(=O)c2ccc(C(*)=O)cc2)cc1,267.0,210.97647,32.978931763262175,-56.02353
*CCN(*)C(=O)CCCCCCCCCCC,10.000002,7.4781976,1.0726248827581162,-2.5218043
*c1ccc(Oc2ccc(N3C(=O)c4cccc(Oc5c(C)cc(-c6cc(C)c(Oc7cccc8c7C(=O)N(*)C8=O)c(C)c6)cc5C)c4C3=O)cc2)cc1,298.0,295.02722,2.7313324148992795,-2.9727783
*c1cccc(Oc2cccc(N3C(=O)c4ccc(Oc5ccc6c(c5)C(=O)N(*)C6=O)cc4C3=O)c2)c1,207.0,209.8964,1.7717537858897783,2.8963928
*OC(=O)c1ccc(Cc2ccc(C(*)=O)cc2)cc1,122.0,123.1658,4.293476579255984,1.165802
*CCOCCOC(=O)CCC(=O)O*,-38.199993,-40.111385,3.253468847575747,-1.9113922
*CCCCCOc1ccc(NC(=O)c2cccc(C(=O)Nc3ccc(O*)cc3)c2)cc1,155.0,139.87552,2.351212115502636,-15.124481
*OC(=O)C(NC(=O)CCCCC(=O)NC(C(=O)OC1COC2C(*)COC12)C(C)CC)C(C)CC,102.0,99.0725,0.76004482027725,-2.9274979
*O[Si](C)(C)O[Si](C)(C)O[Si](C)(C)O[Si](C)(C)O[Si](C)(C)O[Si](C)(C)Oc1c(*)c2ccccc2c2ccccc12,-68.0,-45.6582,4.030559279602614,22.3418
*c1ccc(Oc2ccc(C(=O)c3ccc(C(=O)c4ccc(Oc5ccc(-c6nc7ccccc7n6-c6ccc(-n7c(*)nc8ccccc87)cc6)cc5)cc4)cc3)cc2)cc1,238.0,243.86845,0.8657893574485199,5.868454
*O[Si](*)(C)CC[Si](C)(C)O[Si](C)(C)CCCOc1cc(OC(=O)c2ccc(OCCCC)cc2)ccc1/N=N/c1ccc(OCCCC)cc1,-3.9999976,4.5247674,1.705095678061901,8.524765
*c1nnc(-c2ccc(Oc3ccc(/C=C/c4ccc(Oc5ccc(*)c6ccccc56)cc4)c4ccccc34)c3ccccc23)o1,241.0,236.62308,1.0857660771220015,-4.3769226
*Oc1ccccc1C(=O)OC(=O)c1ccccc1OC(=O)CCCCCCCCC(*)=O,27.999994,33.4074,0.7648025680924647,5.407404
*CCC[Si](*)(c1ccc(C)cc1)c1ccc(C)cc1,38.000004,39.67792,0.7050258735126413,1.6779175
*CC(*)c1ccc(C(=O)OCCN(CC)CC)cc1,74.0,68.99486,1.2358429025314421,-5.005142
*c1ccc(Oc2ccc(N3C(=O)c4cccc(Oc5ccc(Oc6cccc7c6C(=O)N(*)C7=O)cc5)c4C3=O)cc2)cc1,263.0,254.29134,1.7532077640366552,-8.708664
*CCCCCCCCCCCCCCNC(=O)CCCCCCCCCCCCCCCCC(=O)N*,48.000004,40.54156,0.5929647956878605,-7.4584427
*CC(*)(C)C(=O)OCCCCCCCCCCOc1ccc(/N=N/c2ccc([N+](=O)[O-])cc2)cc1,55.000004,74.30397,1.1069596905463575,19.303967
*CC(O)COc1ccc(C(C)(C)c2ccc(OCC(O)COc3ccc(Oc4ccc(O*)cc4)cc3)cc2)cc1,85.0,98.30497,1.0438937702857787,13.30497
*CC(*)c1ccc(C(C)(O)CCCCC)cc1,100.0,94.97102,0.8496133080994938,-5.0289764
*C(F)(F)C1(F)C(F)(F)C(*)(F)C(F)(F)C(F)(F)C(F)(F)C1(F)F,198.0,150.0415,15.750367058677007,-47.958496
*C(=O)Nc1ccc(Oc2ccc(C3(c4ccc(Oc5ccc(NC(=O)c6ccc7c(c6)C(=O)N(c6ccc(Oc8cccc(Oc9ccc(N%10C(=O)c%11ccc(*)cc%11C%10=O)cc9)c8)cc6)C7=O)cc5)cc4)NC(=O)c4ccccc43)cc2)cc1,267.0,291.19153,2.7586727092536854,24.191528
*c1ccc2c(c1)Cc1cc(-n3c(=O)c4cc5c(=O)n(*)c(=O)c5cc4c3=O)ccc1-2,322.0,336.63025,12.441082431638863,14.630249
*CCCCC(=O)O*,-66.0,-40.110867,5.13676999558535,25.889133
*CC(Cc1ccc(-c2ccccc2)cc1)C[Si](*)(C)C,27.999994,26.081064,1.152190968177901,-1.91893
*C([2H])([2H])C(*)([2H])C([2H])=C([2H])[2H],1.0000023,10.3504505,1.863765813698074,9.350449
*Oc1ccc(Oc2ccc(C(=O)c3c(C(=O)c4ccc(*)cc4)c(-c4ccc(F)cc4)c(-c4ccc(F)cc4)c(-c4ccc(F)cc4)c3-c3ccc(F)cc3)cc2)cc1,266.0,266.17328,1.366909576436478,0.17327881
*C(=O)Oc1ccc(OCCCCCCCCCCCCOc2ccc(OC(=O)c3ccc4c(c3)C(=O)N(c3ccc(S(=O)(=O)c5ccc(N6C(=O)c7ccc(*)cc7C6=O)cc5)cc3)C4=O)cc2)cc1,140.0,127.90677,1.4456200798953036,-12.093231
*CCC(C)C(*)C,-25.999998,-20.894987,4.204205764839374,5.105011
*c1ccc(Oc2ccc(C(=O)c3ccc(Oc4ccc(-c5nc6ccccc6n5-c5ccc(-n6c(*)nc7ccccc76)cc5)cc4)cc3)cc2)cc1,242.0,245.82605,0.8903539847435346,3.8260498
*CCCCCCOc1ccc(-c2cc(-c3ccc(-c4ccccc4)cc3)c(-c3ccc(NC(=O)c4ccc(C(=O)Nc5ccc(-c6c(-c7ccc(-c8ccccc8)cc7)cc(-c7ccc(O*)cc7)cc6-c6ccc(-c7ccccc7)cc6)cc5)cc4)cc3)c(-c3ccc(-c4ccccc4)cc3)c2)cc1,121.5,113.674194,1.3859289435115763,-7.8258057
*CC(*)(C)C(=O)OCCCCCc1ccc(/N=N/c2ccc(OC(F)(F)F)cc2)cc1,202.5,203.37294,2.3214280193561927,0.87294006
*C[Ge](C)(C)Cc1cocc1*,-27.999998,-34.894344,4.670108994589993,-6.894346
*CC(*)c1ccccc1C(=O)OCCCC,66.0,68.300865,1.0605157275894883,2.3008652
*c1ccc2c(c1)C(=O)N(c1ccc(Oc3ccc(C(=O)c4cccc(C(=O)c5ccc(Oc6ccc(N7C(=O)c8ccc(C(*)(C(F)(F)F)C(F)(F)F)cc8C7=O)cc6C(F)(F)F)cc5)n4)cc3)c(C(F)(F)F)c1)C2=O,206.4,215.18994,0.9426226072681585,8.7899475
*CC(*)(C)C(=O)OCCCCCCCCOc1ccc(C(=O)Oc2ccc(C(=O)/C=C/c3c(C)c4ccccc4n3C)cc2)cc1,75.0,77.90606,1.1681147412791975,2.9060593
*C(=O)Nc1ccc(Oc2ccc(-c3ccc(Oc4ccc(NC(=O)c5ccc6c(c5)C(=O)N(c5ccc(Oc7ccccc7-c7ccccc7Oc7ccc(N8C(=O)c9ccc(*)cc9C8=O)cc7)cc5)C6=O)cc4)cc3)cc2)cc1,254.0,241.53561,1.6381801625889765,-12.464386
*C(=O)NCCN(CCNC(=O)c1cccc(N2C(=O)c3ccc(*)cc3C2=O)c1)c1ccc(/C=C/c2ccc([N+](=O)[O-])cc2)cc1,178.0,193.46426,3.389037432486864,15.464264
*CCCCCNC(=S)N*,55.000004,52.82043,0.8954466347755361,-2.179573
*CC(*)(CC(=O)OCC(C)C)C(=O)OCC(C)C,125.0,110.171265,3.6360528460193335,-14.828735
*c1ccc2c(c1)C(=O)N(c1ccc(Oc3cccc(Oc4ccc(N5C(=O)c6ccc(C(*)(C(F)(F)F)C(F)(F)F)cc6C5=O)cc4)c3)cc1)C2=O,254.0,239.66225,2.8574839432305543,-14.337753
*Oc1ccc(Oc2ccc(C(=O)c3ccc(C(=O)c4ccc(*)cc4)cc3)cc2)cc1-c1ccc(S(=O)(=O)O)cc1,174.0,172.18874,1.2679572813945645,-1.811264
*O[Si](C)(C)COC(=O)CCCCCCCCC(=O)Oc1ccc(S(=O)(=O)c2ccc(Oc3ccc(/C=C4\CC/C(=C\c5ccc(Oc6ccc(S(=O)(=O)c7ccc(OC(=O)CCCCCCCCC(=O)OC[Si](*)(C)C)cc7)cc6)cc5)C4=O)cc3)cc2)cc1,73.0,70.22847,0.7514529761640374,-2.7715302
*C(=O)Nc1ccc(Oc2ccc(-c3ccc(Oc4ccc(NC(=O)c5ccc6c(c5)C(=O)N(c5ccc(Oc7ccc(C(C)(C)c8ccc(Oc9ccc(N%10C(=O)c%11ccc(*)cc%11C%10=O)cc9)cc8)cc7)cc5)C6=O)cc4)cc3)cc2)cc1,283.0,244.54134,4.273990673914536,-38.458664
*Oc1ccc(C(CCC)(CCC)c2ccc(OC(*)=O)c(C)c2)cc1C,101.0,98.502075,1.3806863310110198,-2.4979248
*C(=O)OCCCCCCOC(=O)c1ccc(N2C(=O)c3ccc(*)cc3C2=O)cc1,80.5,63.11372,1.3655720620172158,-17.38628
*CC(*)S(=O)(=O)c1ccccc1,128.0,127.41287,1.0786982580121964,-0.5871277
*c1cccc(N2C(=O)c3ccc(Oc4cccc(Oc5ccc6c(c5)C(=O)N(*)C6=O)c4)cc3C2=O)c1,224.0,226.43675,1.5470874926797338,2.4367523
*Oc1ccc(/N=N/c2ccc(Cc3ccc(/N=N/c4ccc(OC(=O)c5ccc(/N=N/c6ccc(C(*)=O)cc6)cc5)cc4)cc3[N+](=O)[O-])c([N+](=O)[O-])c2)cc1,160.0,177.73537,1.929041585921953,17.735367
*CC(*)(C)C(=O)OCC(C)(C)C,38.000004,42.12868,1.0935286245952096,4.1286774
*c1ccc(-c2cc(CCCCCCBr)c(*)s2)s1,51.000004,46.17542,1.122465411849839,-4.824585
*C/C=C/C[Si](*)(C)c1ccccc1,-0.99999774,0.5789207,2.266389070614284,1.5789185
*O[Si](C)(C)CCCNC(=O)C(=O)NCCC[Si](*)(C)C,-46.479992,-64.80211,8.620437515736567,-18.322117
*CCC[Si](*)(C)O[Si](C)(C)CCCOc1ccc(C(=O)Oc2ccc(-c3ccc(C#N)cc3)cc2)cc1,10.099993,16.191309,2.1297923212364966,6.091316
*CCCCCCCC(c1ccc(O)cc1)C(*)c1ccc(O)cc1C,4.0000024,6.635775,2.558737342500712,2.6357727
*c1ccc(Oc2cccc(Oc3ccc(N4C(=O)c5cccc(Oc6cccc(Oc7cccc8c7C(=O)N(*)C8=O)c6)c5C4=O)cc3)c2)cc1,193.0,214.87697,1.5416975357704785,21.876968
*CCCCCCOc1ccc(C(=O)N(C(=O)c2ccc(O*)cc2)c2cccc3ccccc23)cc1,56.000004,57.45058,0.7618398144757595,1.4505768
*O[Si](*)(C)CCc1cc(C(=O)Oc2ccc(OC)cc2)ccc1C(=O)Oc1ccc(OC)cc1,111.0,109.58636,0.681777187823675,-1.4136429
*c1cc(C(=O)OCCCC)cc(N2C(=O)CC(C3Cc4ccccc4C4C(=O)N(*)C(=O)C43)C2=O)c1,219.0,223.85588,2.553156476666753,4.8558807
*c1ccc(Oc2ccc(C(=O)c3ccc(Oc4ccc(-c5nc(-c6ccc(-c7nc(*)c(-c8ccccc8)[nH]7)cc6)[nH]c5-c5ccccc5)cc4)cc3)cc2)cc1,276.0,273.9728,1.2656564256706677,-2.0271912
*CC(*)OC(=O)C(C)(C(C)C)C(C)C,120.0,118.36089,0.8268048229947248,-1.6391068
*NNC(=O)/C=C/C(=O)Nc1cccc(/C=C2\CCC/C(=C\c3cccc(NC(=O)/C=C/C(*)=O)c3)C2=O)c1,238.4,194.41019,11.553839958673054,-43.989807
*CCOCCOCCOC(=O)/C=C/C(=O)NCCCCCCNC(=O)/C=C/C(=O)O*,65.0,58.53239,0.8678899839546256,-6.4676094
*O[Si](C)(C)O[Si](*)(C)CCCCCCCCOc1ccc(C(=O)Oc2ccc(C#N)cc2C)cc1,-14.999998,-13.692305,3.107078459888423,1.3076935
*C(=O)NCCCCCCNC(=O)c1ccc(*)nc1,80.0,80.70605,1.1897204373248969,0.70604706
*/C(=C/c1cc(OC)c(/C=C(\c2ccc(F)cc2)c2ccc(-c3ccc(*)cc3)cc2)cc1OC)c1ccc(F)cc1,201.0,198.07866,1.3444560478869934,-2.921341
*ON(C(F)(F)F)C(F)(F)/C(F)=C(\F)C(*)(F)F,-6.9999976,2.6339135,1.6586678423537453,9.633911
*C([2H])([2H])C(*)(C(=O)OC([2H])([2H])C([2H])([2H])[2H])C([2H])([2H])[2H],94.0,100.35642,0.7641584206454806,6.3564224
*C1C(=O)N(C(C)(C)C)C(=O)C1*,195.0,188.94897,1.591615768878729,-6.0510254
*CC#CC#CCOc1ccc(C(=O)OCCN(CCOC(=O)c2ccc(O*)cc2)c2ccc(/N=N/c3ccc(/N=N/c4cc(C)c([N+](=O)[O-])c(C)c4)cc3)cc2)cc1,115.0,117.09186,1.0024897819966072,2.091858
*c1ccc2oc(-c3cccc(-c4nc5cc(C(*)(C(F)(F)F)C(F)(F)F)ccc5o4)c3)nc2c1,301.0,299.60953,2.503524973473938,-1.3904724
*/C(=C/c1cc(OC)c(/C=C(/c2ccc(*)cc2)c2ccc(F)cc2)cc1OC)c1ccc(F)cc1,193.0,191.29445,1.3593897754731237,-1.7055511
*CCCCCCCCOc1ccc(/C=C/c2cc(OCCCCCCCC)c(/C=C/c3ccc(O*)cc3)cc2OCCCCCCCC)cc1,130.0,98.61748,4.857768592845099,-31.382523
*CC(*)[Si](C)(C)C,137.0,84.742485,46.80639962332911,-52.257515
*c1ccc(-c2ccc(-n3c(-c4ccc(Oc5ccc(C(=O)c6ccc(Oc7ccc(C(=O)c8ccc(Oc9ccc(-c%10nc%11ccccc%11n%10*)cc9)cc8)cc7)cc6)cc5)cc4)nc4ccccc43)cc2)cc1,243.0,246.19725,0.9688417436698068,3.1972504
*Oc1c(-c2ccccc2)cc(Cc2cc(-c3ccccc3)c(OC(=O)CCCCCCCCC(*)=O)c(-c3ccccc3)c2)cc1-c1ccccc1,92.0,98.488,0.7660297051081957,6.487999
*C(=O)Nc1ccc(Oc2ccc(S(=O)(=O)c3ccc(Oc4ccc(NC(=O)c5ccc6c(c5)C(=O)N(c5ccc(Oc7ccc8ccc(Oc9ccc(N%10C(=O)c%11ccc(*)cc%11C%10=O)cc9)cc8c7)cc5)C6=O)cc4)cc3)cc2)cc1,274.0,261.61627,3.875730989721613,-12.383728
*CC(*)c1ccc(Cl)c(F)c1,122.0,121.88551,0.827580344685286,-0.114486694
*CCCCCCCCCCOC(=O)Nc1ccc(Cc2ccc(NC(=O)O*)cc2)cc1,60.000004,71.72232,1.949196876807397,11.722317
*c1ccc(Oc2ccc(N3C(=O)c4ccc(Oc5ccc(C(C)(C)c6ccc(Oc7ccc8c(c7)C(=O)N(*)C8=O)cc6)cc5)cc4C3=O)cc2)cc1,215.0,219.92513,2.5808306260140035,4.925125
*CC1(*)OCC(c2ccccc2)O1,75.0,71.70488,0.7862874668564056,-3.2951202
*c1ccc(Oc2ccc(C(C)(C)c3ccc(Oc4ccc(-c5cccc(*)n5)cc4C(F)(F)F)cc3)cc2)c(C(F)(F)F)c1,125.0,128.53476,1.357225163584136,3.5347595
*Oc1ccc(NC(=O)c2cccc(C(=O)Nc3ccc(Oc4ccc(C5(c6ccc(*)cc6)C6CC7CC(C6)CC5C7)cc4)cc3)c2)cc1,273.0,257.98666,1.4408233753494308,-15.013336
*CCCCCCCCCCCCCCCCCCNC(=O)NCc1ccc(CNC(=O)N*)cc1,52.000004,51.299976,0.8923937675385855,-0.70002747
*O[Si](*)(C)CCCCCCOc1ccc(C(=O)Oc2ccc(C(=O)Oc3ccc(C=C(C(=O)OCCCCCCCCC)C(=O)OCCCCCCCCC)cc3)cc2)cc1,-4.4999976,-1.9051186,1.796944338935179,2.5948792
*CC(*)(C)C(=O)OCCCCC,10.000002,-18.705427,5.465195760622606,-28.70543
*c1ccc2c(c1)C(=O)N(c1cccc(P(=O)(c3ccccc3)c3cccc(N4C(=O)c5ccc(C(*)(C(F)(F)F)C(F)(F)F)cc5C4=O)c3)c1)C2=O,271.0,269.29993,1.685550604567707,-1.7000732
*C(=O)c1ccc2c(c1)C(=O)N(c1ccc(-c3cc(-c4ccc(OC)cc4)cc(-c4ccc(N5C(=O)c6ccc(*)cc6C5=O)cc4)n3)cc1)C2=O,331.0,313.75406,5.21693456948823,-17.245941
*CCCCCCOc1ccc(-c2cc(-c3ccccc3)c(-c3ccc(NC(=O)c4ccc(C(=O)Nc5ccc(-c6c(-c7ccccc7)cc(-c7ccc(O*)cc7)cc6-c6ccccc6)cc5)cc4)cc3)c(-c3ccccc3)c2)cc1,127.0,120.318634,1.5178291029523865,-6.681366
*CC(C)(CO*)COCC(F)(F)F,-40.999996,-48.81271,3.7409494983256213,-7.8127136
*CC(O)COc1ccc(S(=O)(=O)c2ccc(OCC(O)COc3ccc(S(=O)(=O)c4ccc(O*)c(C)c4)cc3C)cc2)cc1,142.5,143.35805,0.674026369258622,0.8580475
*O[Si](*)(C)CCCCCCn1c2ccccc2c2ccccc21,-4.9999976,-6.7101264,5.025077278782317,-1.7101288
*c1cccc(-c2cccc(C(F)(F)C(F)(F)C(*)(F)F)c2)c1,45.000004,36.078068,3.962404269871438,-8.921936
*CC(CCCCCCCCCCCCCCCC)C1C(=O)N(CCCCCCCCCCCC)C(=O)C1*,29.999994,0.89119184,4.853455286871049,-29.108803
*CCC(C)C(*)(C)C(=O)OC,45.000004,50.828312,1.148438136457835,5.828308
*CC(*)OC(=O)c1ccc(OC(=O)CCC)cc1,61.000004,57.79504,0.8896931864358658,-3.2049637
*CCOCCOCCOC(=O)c1ccc(-c2ccc(C(=O)O*)cc2)cc1,19.999994,26.261354,2.5168632553837873,6.26136
*c1ccc(C(=O)NNC(=O)c2ccc(C(=O)NNC(=O)c3ccc(C4(*)OC(=O)c5ccccc54)cc3)cc2)cc1,237.0,243.61516,1.5187768406202788,6.615158
*CCOC(=O)c1ccc(-c2ccc(C(=O)O*)cc2C)c(C)c1,73.0,69.719345,1.1278880421460977,-3.280655
*/C=C/c1sc(-c2ccc3c(c2)C(CCCCCC)(CCCCCC)c2cc(-c4sc(/C=C/C5=CC(=C(C#N)C#N)C=C(*)O5)c(CCCCCC)c4CCCCCC)ccc2-3)c(CCCCCC)c1CCCCCC,115.0,115.37301,0.8672529052692527,0.37300873
*c1ccc2c(c1)C(=O)N(c1cccc(C(O)c3cccc(N4C(=O)c5ccc(C(*)(C(F)(F)F)C(F)(F)F)cc5C4=O)c3)c1)C2=O,262.0,280.07382,1.3987618351468123,18.073822
*c1ccc(Oc2ccc(C(c3ccc(Oc4ccc(-c5cccc(*)n5)cc4C(F)(F)F)cc3)(C(F)(F)F)C(F)(F)F)cc2)c(C(F)(F)F)c1,153.0,145.23549,1.1286837228975506,-7.764511
*CCN(CCOC(=O)CCC#CC#CCCC(=O)O*)c1ccc([N+](=O)[O-])cc1,29.999994,37.708797,1.1867978447463836,7.708803
*c1ccc(-c2cc(C(C)(C)C)c(Oc3ccc(N4C(=O)c5ccc(-c6ccc7c(c6)C(=O)N(*)C7=O)cc5C4=O)cc3C(F)(F)F)c(C(C)(C)C)c2)cc1,389.00003,366.68,6.519129057399602,-22.320038
*Oc1cc(Oc2ccc(C(C)(C)c3ccc(*)cc3)cc2)cc(C(=O)Oc2ccc(/N=N/c3ccc(C#N)cc3)cc2)c1,163.0,168.47548,1.1558757303417093,5.475479
*c1ccc(CC(=O)Nc2ccc(S(=O)(=O)c3ccc(NC(=O)Cc4ccc(-c5sc(*)c(-c6ccccc6)c5-c5ccccc5)cc4)cc3)cc2)cc1,252.0,251.84668,1.5324904475910923,-0.15332031
*c1ccc(-c2cc(-c3ccc(OCC(CC)CCCC)cc3)cc(-c3ccc(-c4ccc5c(c4)C(CCCCCC)(CCCCCC)c4cc(*)ccc4-5)cc3)c2-c2ccc(OCC(CC)CCCC)cc2)cc1,110.0,107.83104,0.8536953870270574,-2.1689606
*CC(=O)Nc1ccc(Oc2ccc(Oc3ccc(NC(=O)CN4C(=O)c5ccc(C(=O)c6ccc7c(c6)C(=O)N(*)C7=O)cc5C4=O)cc3)cc2)cc1,230.0,229.76274,0.8495472282687269,-0.23725891
*CCN(CCOC(=O)Nc1ccc(Cc2ccc(NC(=O)O*)cc2)cc1)c1ccc(/N=N/c2ccc([N+](=O)[O-])cc2)c(C)c1,115.0,126.117744,0.7059537139256278,11.117744
*c1cccc(OCCCCCOc2cccc(N3C(=O)c4ccc(-c5cccc6c5C(=O)N(*)C6=O)cc4C3=O)c2)c1,168.0,149.4803,1.9605027064897922,-18.5197
*Oc1ccc(C(=O)c2ccc(Oc3ccc(C(c4ccc(*)cc4)(C(F)(F)F)C(F)(F)F)cc3)cc2)c2ccccc12,190.0,192.40912,1.0303215385471922,2.4091187
*CC(*)O[N+](=O)[O-],37.500004,39.967686,1.2828533089187675,2.467682
*CCN(CCOC(=O)c1ccc(C(=O)O*)c(OCCC)c1)c1ccc(C=C(C#N)C#N)cc1,94.0,98.473785,0.7944706318260878,4.4737854
*Oc1ccc(S(=O)(=O)c2ccc(Oc3ccc(C45CC6CC(CC(c7ccc(*)cc7)(C6)C4)C5)cc3)cc2)cc1,242.0,244.05437,1.0210364321840957,2.054367
*CC(*)(F)C(=O)OCCC(F)(F)C(F)(F)C(F)(F)C(F)(F)F,6.0000024,42.229473,1.4683893464634288,36.22947
*O[Si](*)(C)CCCOc1ccc(-c2ccc(C#N)cc2)cc1,38.000004,39.43984,2.0931049248616027,1.4398346
*c1ccc(Oc2ccc(N3C(=O)c4ccc(Oc5c(C)cc(-c6cc(C)c(Oc7ccc8c(c7)C(=O)N(*)C8=O)c(C)c6)cc5C)cc4C3=O)cc2)cc1,299.0,308.4951,4.58550586672955,9.495087
*O[Si](C)(CCC(F)(F)F)CCC(F)(F)C(F)(F)C(F)(F)C(F)(F)C(F)(F)C(F)(F)C(F)(F)C(F)(F)C(F)(F)C(F)(F)CC[Si](*)(C)CCC(F)(F)F,-10.999998,-17.615614,2.1781642234713656,-6.615616
*N=P(*)(OCCOCCOCCOCCOCCOCCOC)OCCOCCOCCOCCOCCOCCOC,-76.0,-62.55084,3.575767514770676,13.449162
*CCCCCCCCCCCCC(c1ccc(O)cc1)C(*)c1ccc(O)cc1C,-0.99999774,3.1411004,2.5436715599754427,4.141098
*C(CC(C)C)C(=O)Nc1ccc(Oc2ccc(NC(=O)Nc3ccc(Cc4ccc(NC(=O)Nc5ccc(Oc6ccc(NC(=O)C(CC(C)C)n7c(=O)c8cc9c(=O)n(*)c(=O)c9cc8c7=O)cc6)cc5)cc4)cc3)cc2)cc1,181.4,173.70825,1.0721201208178683,-7.691742
*c1ccc(Cc2ccc(N3C(=O)CC(Nc4ccc(N(c5ccc(NC6CC(=O)N(*)C6=O)cc5)c5ccc([N+](=O)[O-])cc5)cc4)C3=O)cc2)cc1,276.0,288.54288,5.602222919040729,12.542877
*c1ccc(Cc2ccc(S(*)(=O)=O)cc2)cc1,227.5,155.91666,19.0900613934448,-71.58334
*N=P(Cl)(N=P(/N=S(/*)Oc1cccc(-c2ccccc2)c1)(Oc1cccc(-c2ccccc2)c1)Oc1cccc(-c2ccccc2)c1)Oc1cccc(-c2ccccc2)c1,32.000004,41.657764,0.6786840548261382,9.657761
*CC1CCCC(Cn2c(=O)c3cc4c(=O)n(*)c(=O)c4cc3c2=O)C1,263.0,258.03104,2.290855363581105,-4.9689636
*Oc1ccc(C(C)(C)c2ccc(OC(=O)c3ccc(C(c4ccc(C(*)=O)cc4)(C(F)(F)F)C(F)(F)F)cc3)cc2)cc1,124.0,156.24408,13.87268447656329,32.24408
*COc1ccc(C(=O)OC(=O)c2ccc(O*)cc2)cc1,84.0,80.833664,0.925621659619686,-3.166336
*c1ccc(Oc2ccc(C(=O)c3ccc(-c4ccc(C(=O)c5ccc(Oc6ccc(-c7nc(-c8ccccc8)[nH]c7*)cc6)cc5)cc4)cc3)cc2)cc1,258.0,243.08263,1.139299327279495,-14.917374
*CCCCCCNC(=O)CCCCCCC(=O)N*,57.000004,47.949512,0.5676055348653355,-9.050491
*C(=O)Nc1ccc(Oc2c(C)cc(C(C)(C)c3cc(C)c(Oc4ccc(NC(=O)c5ccc6c(c5)C(=O)N(c5ccc(Oc7ccc(C8(c9ccc(Oc%10ccc(N%11C(=O)c%12ccc(*)cc%12C%11=O)cc%10)cc9)CC9CC8C8CCCC98)cc7)cc5)C6=O)cc4)c(C)c3)cc2C)cc1,276.0,269.25327,2.6233795442394254,-6.7467346
*Oc1cc(C(C)(C)c2ccccc2)c(OC(=O)c2ccc(C(*)=O)cc2)cc1C(C)(C)c1ccccc1,170.0,166.08687,2.484499008888003,-3.9131317
*CCC1CC(=O)N(*)C1=O,131.0,128.14919,1.030605440957983,-2.8508148
*OP(=O)(Oc1ccc(OC)cc1)Oc1c(Br)cc(C(c2cc(Br)c(*)c(Br)c2)(C(F)(F)F)C(F)(F)F)cc1Br,151.0,142.4877,0.6614170599350933,-8.512299
*c1cccc(S(=O)(=O)c2cccc(N3C(=O)c4ccc(Oc5ccc(Sc6ccc(Oc7ccc8c(c7)C(=O)N(*)C8=O)cc6)cc5)cc4C3=O)c2)c1,231.0,225.32957,0.8375476127244765,-5.6704254
*c1ccc(Oc2ccc(-n3c(=O)c4cc5c(=O)n(*)c(=O)c5cc4c3=O)cc2-c2ccccc2)cc1,329.0,338.63336,8.853939970405591,9.633362
*CCCC1(CCCNC(=O)CCCCC(=O)N*)c2ccccc2-c2ccccc21,120.0,106.2079,0.7893268772656961,-13.792099
*/C=C/c1ccc(*)cc1,240.0,185.96136,30.954307744222632,-54.038635
*C(=O)c1ccc2c(c1)C(=O)N(c1cc(OCCCC)cc(N3C(=O)c4ccc(*)cc4C3=O)c1)C2=O,244.0,242.71553,2.368999004719897,-1.2844696
*CC(*)(C)C(=O)OCCCCCC(=O)Oc1ccc(OC(=O)c2ccc(OCCCCC)cc2)cc1,50.000004,32.250317,1.3925819572177875,-17.749687
*CC(*)c1ccccc1COCC,74.0,64.58124,0.8146193252006945,-9.418762
*c1ccc2c(c1)C(=O)N(c1ccc(C(c3ccc(C)c(N4C(=O)c5ccc(C(*)(C(F)(F)F)C(F)(F)F)cc5C4=O)c3)(C(F)(F)F)C(F)(F)F)cc1C)C2=O,266.0,282.59558,2.756449871713499,16.595581
*c1ccc(Oc2ccc(-c3c(-c4ccccc4)nc4ccc(-c5ccc6nc(-c7ccccc7)c(*)c(-c7ccccc7)c6c5)cc4c3-c3ccccc3)cc2)cc1,307.5,327.35797,7.583459612366548,19.857971
*C(=O)Nc1ccc(Oc2ccc(-c3ccc(Oc4ccc(NC(=O)c5ccc6c(c5)C(=O)N(c5cccc(N7C(=O)c8ccc(*)cc8C7=O)c5)C6=O)cc4)cc3)cc2)cc1,292.0,263.0305,4.320190005358455,-28.969513
*Oc1ccc(S(=O)(=O)c2ccc(Oc3ccc(/C=C4\CCCC/C(=C\c5ccc(Oc6ccc(S(=O)(=O)c7ccc(Oc8ccc(C(C)(C)c9ccc(*)cc9)cc8)cc7)cc6)cc5)C4=O)cc3)cc2)cc1,188.0,184.9743,1.0035926135303725,-3.0256958
*CC(*)(C)C(=O)OCCCCOc1ccc2cc(C(=O)Oc3ccccc3)ccc2c1,88.0,52.63496,1.5156781049746502,-35.36504
*CC(*)c1ccc([Si](C)(C)O[Si](C)(C)C)cc1,35.500004,24.902346,1.6993862131278126,-10.597658
*CC(*)C(=O)Nc1ccc2c(c1)C(=O)c1ccccc1C2=O,128.0,121.59935,0.8141875024080365,-6.40065
*CCOCCOCCOc1ccc(C(=O)Nc2cc(NC(=O)c3ccc(O*)cc3)cc(-c3nc4ccccc4[nH]3)c2)cc1,165.0,161.1739,8.953566991833608,-3.8260956
*CC(*)C(=O)OC(C)C,-4.9999976,-6.8218513,3.081718884898715,-1.8218536
*c1ccc(-c2ccc([Si](*)(CCCC)CCCC)s2)s1,-9.999998,13.910677,1.4549796438807063,23.910675
*CCCCCCCCCCCC(=O)N(*)C,-28.999998,-21.089033,3.039773377108917,7.910965
*Oc1ccc(C2(c3ccc(OC(=O)c4ccc(C(*)=O)cc4)cc3)CCC3CCCCC3C2)cc1,275.0,264.11993,3.6212245738842057,-10.880066
*Nc1ccc(CC(C)(C)NC(=O)CCCCC(*)=O)cc1,130.0,114.60392,1.2467592696296503,-15.39608
*c1ccccc1C(=O)Oc1ccc2c(*)c3ccc(=O)cc-3oc2c1,250.0,256.20987,1.6191009990267662,6.2098694
*Oc1ccc(C(C)(C)c2ccc(OC(*)=S)cc2)cc1,140.5,133.73482,2.2967935422242185,-6.7651825
*CC(*)c1ccccc1COCCc1ccccc1,63.000004,62.737873,0.6117945105069857,-0.26213074
*CCc1ccc(*)c(C)c1,57.500004,54.60539,1.0107947914719904,-2.8946152
*CC(F)(F)C1(F)CC(C(O)(C(F)(F)F)C(F)(F)F)CC1*,118.0,121.25315,0.8777155625944064,3.253151
*C(=O)Nc1cccc(Oc2ccc(C(=O)c3ccc(Oc4cccc(NC(=O)c5ccc(*)nc5)c4)cc3)cc2)c1,154.0,152.62341,1.0791149484188864,-1.3765869
*c1ccc(Oc2ccc(C(c3ccc(Oc4ccc(N5C(=O)c6ccc(-c7ccc8c(c7)C(=O)N(*)C8=O)cc6C5=O)cc4C(F)(F)F)cc3)(C(F)(F)F)C(F)(F)F)cc2)c(C(F)(F)F)c1,223.0,231.80989,0.9492604362272047,8.809891
*c1ccc(Sc2cc3c(cc2Sc2ccc(N4C(=O)c5ccc(Oc6ccc7c(c6)C(=O)N(*)C7=O)cc5C4=O)cc2)C(=O)N(CCCCCCCCCCCCCCCC)C3=O)cc1,156.0,160.54303,1.1095062250071466,4.54303
*CC(F)(F)C(F)(F)C(F)(F)COC(=O)c1cccc(-c2cccc(C(=O)O*)c2)c1,45.000004,42.08267,0.9184745656574397,-2.9173355
*c1ccc2c(c1)C(=O)N(c1ccc(Oc3ccc(N4C(=O)c5ccc(C(F)(F)C(F)(F)C(F)(F)C(F)(F)C(F)(F)C(F)(F)C(F)(F)C(*)(F)F)cc5C4=O)cc3)cc1)C2=O,186.0,174.97531,1.7177922211398338,-11.024689
*C(=O)c1cc(C(=O)c2ccc3c(c2)C(=O)N(c2ccc(Oc4ccc(S(=O)(=O)c5ccc(Oc6ccc(N7C(=O)c8ccc(*)cc8C7=O)cc6)cc5)cc4)cc2)C3=O)cc(-c2ccccc2)c1,256.5,249.34889,1.1336438991008355,-7.151108
*CC(=O)NCCCCCCNC(=O)CS*,-6.9999976,-18.449903,2.8118783877619893,-11.449905
*CCOCCOCCN1C(=O)c2ccc(C(=O)Oc3ccc(C(C)(C)c4ccc(OC(=O)c5ccc6c(c5)C(=O)N(*)C6=O)cc4)cc3)cc2C1=O,118.0,109.40949,1.351105710476589,-8.5905075
*CC(O)COc1ccc(C(C)(C)c2ccc(OCC(O)COc3ccc(C4(c5ccc(O*)cc5)c5ccccc5-c5ccccc54)cc3)cc2)cc1,161.0,163.05482,1.1860099134521047,2.0548248
*/C=C(\F)C(F)(F)C*,-34.999996,-37.85069,3.0889681879177417,-2.8506927
*C(=O)Nc1ccc(NC(=O)c2ccc(N3C(=O)c4ccc(*)cc4C3=O)cc2)cc1,297.5,312.21475,9.789948730142985,14.714752
*CCCCOC(=O)CCC(=O)O*,-31.999998,-41.013424,4.715070926223546,-9.013426
*=CNc1ccc(CCc2ccc(N=*)cc2)cc1,125.0,122.42696,1.1850240568327082,-2.5730362
*CC(COCCOCCOC)O*,-56.999996,-63.336575,3.0951658686537877,-6.3365784
*Oc1ccc(Sc2ccc(Sc3ccc(Sc4ccc(*)cc4)cc3)cc2)cc1,84.0,84.13761,2.4973840522755713,0.13761139
*Oc1ccc(C(C)(C)c2ccc(Oc3ccc(C(=O)c4ccc5cc(C(=O)c6ccc(*)cc6)ccc5c4)cc3)cc2)cc1,185.0,176.18619,0.9175071401794296,-8.813812
*Oc1ccc(P(=O)(c2ccccc2)c2ccc(Oc3ccc(C(c4ccc(*)cc4)(C(F)(F)F)C(F)(F)F)cc3)cc2)cc1,210.5,213.22833,0.9331831400959489,2.7283325
*Nc1ccc(*)cc1OCCCCCCCCCCCC,87.0,82.15555,1.151931151917786,-4.844452
*Oc1cccc(C(=O)c2ccc(Oc3ccc(C(=O)c4ccc(*)cc4)cc3)cc2)c1,146.0,138.06177,1.2676145249982096,-7.9382324
*CC(*)(CC(=O)Oc1ccc(OC)cc1)C(=O)Oc1ccc(OC)cc1,119.5,119.015236,0.7179620737897974,-0.4847641
*CC(*)c1ccc(CCl)cc1,113.5,112.658875,0.5509546741808149,-0.8411255
*CC(*)(C)C(=O)OCCCCCCOc1ccc(/C=N/c2ccc(C#N)cc2)cc1,35.000004,31.888674,1.00224546465084,-3.11133
*CC(*)c1ccc(C(=O)OCCC)cc1,92.0,87.20409,0.9773907563237744,-4.7959137
*CCCCCCCCCCCCCCCCOC(=O)C/C=C/CC(=O)O*,-21.999998,-26.753233,3.057894121319022,-4.753235
*C(=O)Nc1ccc(Oc2ccc(Oc3ccc(NC(=O)c4ccc5c(c4)C(=O)N(c4ccc(-c6sc(-c7ccc(N8C(=O)c9ccc(*)cc9C8=O)cc7)c(-c7ccccc7)c6-c6ccccc6)cc4)C5=O)cc3)cc2)cc1,303.0,303.31476,5.368566731896957,0.3147583
*C(=O)c1ccc2c(c1)C(=O)N(c1cccc(P(=O)(c3ccccc3)c3cccc(N4C(=O)c5ccc(*)cc5C4=O)c3)c1)C2=O,273.0,261.71542,1.9879977805428883,-11.284576
*CC(C)(C)COC(=O)O*,24.999994,22.045359,1.483449264534621,-2.9546356
*c1ccc(C(c2ccccc2)c2ccc(N(*)c3ccc(C)cc3)cc2)cc1,199.0,207.98267,1.4003761308540568,8.982666
*C(=O)c1ccc2c(c1)C(=O)N(c1cccc(C#Cc3cccc(N4C(=O)c5ccc(*)cc5C4=O)c3)c1)C2=O,294.0,290.92615,2.1059151964596823,-3.0738525
*CCCCCCCCCCCCNC(=O)c1ccc(C(=O)N*)c(Sc2ccccc2)c1,92.0,91.983986,0.7626488996936753,-0.0160141
*CCCCCCCCOC(=O)NNC(=O)CCCCCCCCC(=O)NNC(=O)O*,38.000004,29.85634,0.8645278191262804,-8.143663
*N=P(*)(OCC(COCCOCCCC)OCCOCCCC)OCC(COCCOCCCC)OCCOCCCC,-85.999985,-81.017624,2.825853381828831,4.982361
*=Nc1ccc(Cc2ccc(NC(=*)C)cc2)cc1,142.0,136.16164,1.1221261112924938,-5.8383636
*c1ccc(-c2ccc(-n3c(=O)c4c(C(F)(F)F)c5c(=O)n(*)c(=O)c5c(C(F)(F)F)c4c3=O)cc2C)c(C)c1,385.00003,358.8841,9.028475339324679,-26.115936
*c1cc(C(=O)OC)cc(N2C(=O)CC(C3Cc4ccccc4C4C(=O)N(*)C(=O)C43)C2=O)c1,258.0,237.44867,2.6874319494537664,-20.55133
*Oc1ccc(C(c2ccc(OC(*)=S)cc2)C(CC)CC)cc1,148.0,148.02156,1.0624137162627352,0.021560669
*CCCC(C)(C)CCCNC(=O)c1ccc(C(=O)N*)cc1,152.0,153.93584,0.9247323570477807,1.9358368
*c1ccc(Oc2ccc(N3C(=O)c4ccc(-c5ccc6c(c5)C(=O)N(*)C6=O)cc4C3=O)cc2)cc1,279.0,287.01733,4.585656248087682,8.017334
*Nc1ccc(C(c2ccc(NC(=O)c3cc(NC(=O)CCCCCN4C(=O)c5ccccc5C4=O)cc(C(*)=O)c3)cc2)(C(F)(F)F)C(F)(F)F)cc1,225.0,218.59883,1.4344630607351265,-6.401169
*CC(*)C(=O)OCCOCC(F)(F)F,-37.999996,-49.269802,3.2999722928525457,-11.269806
*Nc1ccc(NC(=O)c2ccc(NC(=O)CCCCCCC(=O)Nc3ccc(C(*)=O)cc3)cc2)cc1C(=O)OCCCCCCCCCCCCCCCCCC,305.0,235.90974,9.197511525877317,-69.090256
*C(=O)c1ccc2c(c1)C(=O)N(c1ccc(N(c3ccc(C#N)cc3)c3ccc(N4C(=O)c5ccc(*)cc5C4=O)cc3)cc1)C2=O,315.0,314.58932,5.014008540600487,-0.41067505
*C(=O)Nc1ccc(NC(=O)c2ccc3c(c2)C(=O)N(c2ccc(S(=O)(=O)c4ccc(N5C(=O)c6ccc(*)cc6C5=O)cc4)cc2)C3=O)cc1,368.0,302.51178,11.727780504392847,-65.48822
*C(=O)c1ccc2c(c1)C(=O)N(c1ccc(C(=O)Nc3ccc(Oc4ccc(NC(=O)c5ccc(NC(=O)Nc6ccc(Cc7ccc(NC(=O)Nc8ccc(C(=O)Nc9ccc(Oc%10ccc(NC(=O)c%11ccc(N%12C(=O)c%13ccc(*)cc%13C%12=O)cc%11)cc%10)cc9)cc8)cc7)cc6)cc5)cc4)cc3)cc1)C2=O,229.0,215.85974,1.368504079611211,-13.140259
*CCCCCCCCCCCCOC(=O)c1ccc2cc(C(=O)O*)ccc2c1,45.000004,43.877056,1.525154434429633,-1.1229477
*c1ccc(NC(=O)c2cc(NC(=O)c3ccc(NC(=O)C(C)N4C(=O)c5ccccc5C4=O)cc3)cc(C(=O)Nc3ccc(S(*)(=O)=O)cc3)c2)cc1,208.0,202.48412,1.0832192284940294,-5.5158844
*c1ccc(Oc2ccccc2N2C(=O)c3ccc(Oc4ccc5c(c4)C(=O)N(*)C5=O)cc3C2=O)cc1,264.0,260.46765,1.4990739504779615,-3.5323486
*C(=O)c1ccc2nc(-c3ccccc3)c(-c3ccc(-c4nc5ccc(*)cc5nc4-c4ccccc4)cc3)nc2c1,320.0,311.66272,5.967411690021521,-8.33728
*c1ccc(-c2nnc(*)o2)c(OCCCCCCCCCC)c1,165.0,167.68057,1.24175699502388,2.6805725
*CC(*)(C)C(=O)OCC(=O)N1CCOCC1,128.0,129.06323,0.6978155795854698,1.0632324
*c1ccc(OCCCCCCCCCCCOC(=O)c2cccc(C(=O)OCCCCCCCCCCCOc3cccc(-c4nnc(*)s4)c3)c2)cc1,39.000004,40.686474,1.048176811487893,1.68647
*CC(*)(C)C(=O)OCCOc1ccc(/N=N/c2ccc([N+](=O)[O-])cc2)cc1,112.0,113.103584,0.9761043464329023,1.1035843
*CC(*)C(=O)Oc1ccc(C#N)cc1,92.0,85.13376,1.9095537955774093,-6.8662415
*/C=C/CCC*,-99.03334,-79.16203,5.048170242271045,19.871307
*c1cccc(N2C(=O)c3ccc(Oc4ccc(Sc5ccc(Oc6ccc7c(c6)C(=O)N(*)C7=O)cc5)cc4)cc3C2=O)c1,209.0,215.83586,1.0268699931553613,6.835861
*c1ccc(Oc2cc(C(C)(C)C)c(Oc3ccc(-n4c(=O)c5cc6c(=O)n(*)c(=O)c6cc5c4=O)cc3)cc2C(C)(C)C)cc1,298.0,309.507,6.793820505282419,11.506989
*CC(*)N1CCCCCC1=O,174.6,168.37512,1.2695785935022235,-6.224884
*Oc1ccc(C(=O)NNC(=O)c2ccc(*)cc2)cc1,263.0,241.32924,4.199710241899342,-21.670761
*CC(O)COc1cccc(O*)c1,65.0,63.92403,1.276950526444908,-1.0759697
*c1ccc(Cc2ccc(N3C(=O)c4ccc(OCCN(CCOc5ccc6c(c5)C(=O)N(*)C6=O)c5ccc(/C=C/c6ccc([N+](=O)[O-])cc6)cc5)cc4C3=O)cc2)cc1,160.7,174.4452,1.6388099630679496,13.745209
*Oc1ccc(C2(c3ccc(OC(*)=O)cc3)CCCC2)cc1,166.0,155.69424,1.6820034476299328,-10.305756
*C(=O)c1ccc2c(c1)C(=O)N(c1ccc(-c3ccc(N4C(=O)c5ccc(*)cc5C4=O)c(C)c3)cc1C)C2=O,365.0,348.41177,7.792703333854139,-16.588226
*CC(*)C(=O)OCCCCOc1ccc(-c2ccc(C#N)cc2)cc1,29.999994,44.46171,1.0742883979906546,14.461718
*OC1CCC(OC(=O)CCCCC(*)=O)CC1,77.8,72.803696,1.7213416819702811,-4.9963074
*Oc1ccc(Oc2ccc(/C(=N\c3ccccc3)c3ccc(Oc4ccc(Oc5cccc(*)n5)cc4)cc3)cc2)cc1,135.0,138.86432,0.6440344515208047,3.8643188
*Cc1ccc2oc(=O)c(C(=O)Nc3ccc(C(c4ccc(NC(=O)c5cc6cc(*)ccc6oc5=O)cc4)(C(F)(F)F)C(F)(F)F)cc3)cc2c1,329.0,311.39832,2.6496439207153863,-17.601685
*OC(=O)C(C)NC(=O)CCCCCC(=O)NC(C)C(=O)OC1COC2C(*)COC12,45.000004,45.40041,0.6770146227783251,0.40040588
*c1ccc2c(c1)C(=O)N(c1ccc(OCCCCOc3ccc(N4C(=O)c5ccc(C(*)(C(F)(F)F)C(F)(F)F)cc5C4=O)cc3)cc1)C2=O,169.0,193.96428,4.993920272047357,24.96428
*c1ccc(N(c2ccc(C#N)cc2)c2ccc(N3C(=O)c4ccc(Oc5ccc(C(C)(C)c6ccc(Oc7ccc8c(c7)C(=O)N(*)C8=O)cc6)cc5)cc4C3=O)cc2)cc1,230.0,236.40646,1.4267602050266366,6.4064636
*c1ccc2c(c1)C(=O)N(c1ccc(C(=O)Nc3ccc(Oc4ccc(NC(=O)c5ccc(N6C(=O)c7ccc(C(*)(C(F)(F)F)C(F)(F)F)cc7C6=O)cc5)cc4)cc3)cc1)C2=O,322.0,305.71008,3.495212535782061,-16.289917
*CC(O)CN(C)S(=O)(=O)c1cccc(S(=O)(=O)N(C)CC(O)COc2ccc(C3(c4ccc(O*)cc4)c4ccccc4-c4ccccc43)cc2)c1,127.0,114.65239,2.113820480556243,-12.34761
*OC(COC(=O)c1ccc(C(*)=O)c2ccccc12)COc1ccc(/N=N/c2ccc(C#N)cc2)cc1,117.0,113.05308,0.6425201133388644,-3.9469223
*CCOC(=O)Nc1ccc(Cc2ccc(NC(=O)OCCOc3ccc(C4(c5ccc(O*)cc5)c5ccccc5-c5ccccc54)cc3)cc2)cc1,152.0,146.00633,1.2515583827905907,-5.9936676
*CCCCCOC(=O)c1ccc(/C=C/c2ccc(C(=O)O*)cc2)cc1,60.000004,56.94341,3.0929233433034837,-3.0565948
*CC(*)OC(=O)c1cccc(Cl)c1,61.750004,58.92944,0.7782568300539373,-2.8205643
*N=P(*)(OCc1ccc(Br)cc1)OCc1ccc(Br)cc1,-0.8000008,11.68004,2.2016664420767924,12.4800415
*c1ccc(Oc2ccc(C3(c4ccc(Oc5ccc(N6C(=O)CC(=O)N(*)C6=S)cc5)cc4)c4ccccc4-c4ccccc43)cc2)cc1,175.0,168.23647,0.8074913430753974,-6.7635345
*CCN(CCOC(=O)Nc1ccc(C)c(NC(=O)O*)c1)c1ccc(/N=N/c2ccc(-c3nc4ccccc4o3)cc2)cc1,152.0,146.68689,1.6938849363134778,-5.3131104
*CCCCCN1C(=O)c2ccc(C(=O)Oc3ccc(-c4ccc(OC(=O)c5ccc6c(c5)C(=O)N(*)C6=O)cc4)cc3)cc2C1=O,147.0,118.75376,2.265664182201339,-28.246239
*C(=O)Nc1ccc(Oc2ccc(C(C)(C)c3ccc(Oc4ccc(NC(=O)c5ccc6c(c5)C(=O)N(c5ccc(Oc7ccc8ccc(Oc9ccc(N%10C(=O)c%11ccc(*)cc%11C%10=O)cc9)cc8c7)cc5)C6=O)cc4)cc3)cc2)cc1,250.0,245.53447,3.045651654542524,-4.4655304
*CCC(C)CCOC(=O)CCCCC(=O)O*,-78.600006,-60.40037,2.8241991868893805,18.199635
*c1ccc(Oc2ccc(N3C(=O)c4cccc(Oc5cccc6c5C(=O)N(*)C6=O)c4C3=O)cc2)cc1,292.5,279.78574,2.449814742470175,-12.714264
*c1ccc(OC(=O)Nc2ccc(-c3ccc(NC(=O)Oc4ccc(-c5nc(-c6ccc([N+](=O)[O-])cc6)[nH]c5*)cc4)cc3OC)c(OC)c2)cc1,202.0,190.5218,1.7462792257111925,-11.478195
*CC(*)C(=O)Oc1cccc(C(=O)OCC)c1,23.999994,31.899782,0.933901116830874,7.899788
*O[Si](*)(C)CCCOc1ccc(C(=O)Oc2ccc(OC(=O)CCCCC(=O)OC3CC(C)CCC3C(C)C)cc2)cc1,45.3,40.41218,1.0662296955865294,-4.8878174
*OP(=O)(Oc1c(Cl)cccc1Cl)Oc1c(Cl)c(Cl)c(*)c(Cl)c1Cl,144.0,132.8078,0.9278364335355157,-11.1922
*O[Si](C)(C)O[Si](C)(C)OC(C)CCC(*)C,-82.999985,-85.72049,3.5361527085871334,-2.7205048
*CCCCCOC(=O)c1ccc(C(=O)O*)cc1,15.999994,18.555773,3.694372747372853,2.5557785
*c1ccc(-c2cc(C(C)(C)C)c(Oc3ccc(-n4c(=O)c5cc6c(=O)n(*)c(=O)c6cc5c4=O)cc3C(F)(F)F)c(C(C)(C)C)c2)cc1,420.0,397.99625,9.786177048391956,-22.003754
*/C=C/c1cc(CCCCCCCCCC)c(/C=C/c2ccc(-c3ccc(*)nc3)cn2)cc1CCCCCCCCCC,68.0,58.190144,1.2967565681455537,-9.809856
*CC(OC(=O)OCC)C(COC(=O)O*)OC(=O)OCC,49.8,52.483356,0.5287527411834972,2.6833572
*CCOCCOP(=O)(/N=N/c1ccc(-c2ccc(/N=N/P(=O)(O*)OC)cc2)cc1)OC,21.999994,34.983067,0.6410447318875823,12.983072
*c1cc(OCCCC)c(*)cc1OCCCC,37.000004,38.81203,3.4223328705122507,1.812027
*COc1ccc(C(c2ccc(O*)cc2)(C(F)(F)F)C(F)(F)F)cc1,123.0,117.17771,1.241662325979485,-5.8222885
*CC(*)c1ccccc1C(=O)N(C)C,190.0,186.87221,0.8786397377235944,-3.1277924
*Oc1ccc2ccc(Oc3ccc(C(=O)Nc4ccc(Oc5ccc(C(C)(c6ccccc6)c6ccc(Oc7ccc(NC(=O)c8ccc(*)cc8)cc7)cc6)cc5)cc4)cc3)cc2c1,177.0,175.1811,1.2781335753326628,-1.8188934
*c1ccc2c(c1)C(=O)N(c1cccc(C(=O)Nc3ccc(Oc4ccc(NC(=O)c5cccc(N6C(=O)c7ccc(C(*)(C(F)(F)F)C(F)(F)F)cc7C6=O)c5)cc4)cc3)c1)C2=O,298.0,289.23642,2.3079228099499214,-8.76358
*N=P(*)(N(C)C)N(C)C,-3.9999976,-4.6697974,4.185325573826224,-0.6697998
*C(=O)Oc1c(C)cc(C(C)(C)c2cc(C)c(OC(=O)c3ccc4c(c3)C(=O)N(c3ccc(-c5ccc(N6C(=O)c7ccc(*)cc7C6=O)cc5C)c(C)c3)C4=O)c(C)c2)cc1C,182.0,185.53668,2.164471351534612,3.5366821
*Oc1ccc(CC(NC(=O)Cc2ccc(OC(=O)CCCC(*)=O)cc2)C(=O)OCC)cc1,65.0,61.774426,0.57201607558244,-3.2255745
*O[Si](*)(C)CCCOc1ccc(/N=N/c2ccc(S(=O)(=O)O)cc2)cc1,9.199999,9.4398365,2.1679491822473977,0.23983765
*CC(*)(C)C(=O)OC1CCCC(C)C1,89.0,89.70761,0.9333103778049533,0.7076111
*C1C(*)C2CC1C(C(=O)OCCCc1ccccc1)C2C(=O)OCCCc1ccccc1,200.0,198.77232,1.7516910696008445,-1.2276764
*OC(CC(*)=O)C(Cl)(Cl)Cl,163.5,163.37036,1.3438855202831614,-0.12963867
*c1cccc(OCCCCCCCCCOc2cccc(N3C(=O)c4ccc(-c5ccc6c(c5)C(=O)N(*)C6=O)cc4C3=O)c2)c1,132.0,131.65762,1.6137210954673582,-0.3423767
*CCCC(=O)Oc1ccc(OC(=O)c2ccc3c(c2)C(=O)N(*)C3=O)cc1,132.0,120.9446,1.4470228363661788,-11.055397
*c1ccc(-c2ccc(-c3cc(-c4ccccc4)c4cc(-c5ccc6nc(*)cc(-c7ccccc7)c6c5)ccc4n3)cc2)cc1,360.0,372.17328,9.435924204167573,12.173279
*C(=O)Nc1ccc(Oc2ccccc2-c2ccccc2Oc2ccc(NC(=O)c3ccc4c(c3)C(=O)N(c3cccc(N5C(=O)c6ccc(*)cc6C5=O)c3)C4=O)cc2)cc1,237.0,242.37802,1.554279093659533,5.3780212
*CC(CC)(CO*)COC(=O)C(=C)C,40.000004,45.301075,1.6457411194532683,5.301071
*CCCCCCCCCCNC(=O)CCCCCCCCCCC(=O)N*,49.000004,43.86619,0.5678023606053139,-5.133812
*C(=O)c1ccc2c(c1)C(=O)N(c1cccc(C(c3cccc(N4C(=O)c5ccc(*)cc5C4=O)c3)(C(F)(F)F)C(F)(F)F)c1)C2=O,239.0,253.41917,1.9670528828048577,14.419174
*Oc1ccc(C(=O)Nc2ccc(S(=O)(=O)c3ccc(NC(=O)c4ccc(Oc5nc(*)nc(Sc6ccccc6)n5)cc4)cc3)cc2)cc1,310.0,292.0555,2.2618445375937464,-17.944489
*c1cccc(-n2nc(-c3ccccc3)c3cc(Oc4ccc(C(C)(C)c5ccc(Oc6ccc7c(-c8ccccc8)nn(*)c(=O)c7c6)cc5)cc4)ccc3c2=O)c1C#N,200.0,247.32263,11.518013170934044,47.32263
*Oc1ccc(C(C)(C)c2ccc(OC(=O)c3ccc(Cc4ccc(C(*)=O)cc4)cc3)cc2)cc1,205.0,173.16815,10.958514929663762,-31.831848
*Nc1ccc(C(C)(C)c2cccc(C(C)(C)c3ccc(Nc4ccc(C(=O)c5ccc(C(=O)c6ccc(*)cc6)cc5)cc4)cc3)c2)cc1,177.0,159.50975,1.1030989947602219,-17.49025
*CC(CCCCCCCC)COC(=O)NC(=O)c1cccc(C(=O)NC(=O)O*)c1,65.0,65.930336,0.8732741287710004,0.930336
*c1ccc(Oc2ccc(Oc3ccc(N4C(=O)c5ccc(Oc6cccc7c6C(=O)N(*)C7=O)cc5C4=O)cc3)cc2)cc1,249.0,250.40652,1.6836525111720657,1.4065247
*c1cc(C(c2ccc(OCCN(C)c3ccc(/C=C/C4=C/C(=C(/C#N)C(=O)OC)CC(C)(C)C4)cc3)c(N3C(=O)c4ccc(Oc5ccc6c(c5)C(=O)N(*)C6=O)cc4C3=O)c2)(C(F)(F)F)C(F)(F)F)ccc1OCCN(c1ccccc1)c1ccc(/C=C/C2=C/C(=C(/C#N)C(=O)OC)CC(C)(C)C2)cc1,207.0,201.71437,1.329802347983067,-5.2856293
*c1ccc(Oc2ccc(C(c3ccc(Oc4ccc(N5C(=O)c6ccc(Oc7ccc8c(c7)C(=O)N(*)C8=O)cc6C5=O)cc4)cc3)(C(F)(F)F)C(F)(F)F)cc2)cc1,264.0,246.27571,2.039314057614273,-17.724289
*Oc1ccc(Oc2ccc(S(=O)(=O)c3ccc(-c4ccc(S(=O)(=O)c5ccc(*)cc5)cc4)cc3)cc2)cc1,251.0,244.43553,5.1233806091471115,-6.5644684
*C1C(=O)N(CCOc2ccc(-c3ccc(C#N)cc3)cc2)C(=O)C1*,150.0,149.68782,1.3073920697824044,-0.31217957
*C(=O)Nc1cc(NC(=O)c2ccc3[nH]c(-c4cc(-c5nc6cc(*)ccc6[nH]5)cc(N5C(=O)c6ccccc6C5=O)c4)nc3c2)cc(-c2nc3ccccc3[nH]2)c1,334.0,310.58875,9.27206046611135,-23.411255
*C(=O)Nc1c(C)cc(Cc2cc(C)c(NC(=O)c3ccc4c(c3)C(=O)N(c3ccc(/N=N/c5ccc(F)cc5)c(N5C(=O)c6ccc(*)cc6C5=O)c3)C4=O)c(C)c2)cc1C,279.0,276.82632,1.769553568386748,-2.1736755
*Nc1cc([N+](=O)[O-])c(NC(=O)CCCCC(*)=O)cc1/C=C/c1ccc(N(C)C)cc1,206.0,169.59229,5.205846562385859,-36.407715
*c1cccc(P(=O)(c2ccc(C(F)(F)F)cc2)c2cccc(-n3c(=O)c4cc5c(=O)n(*)c(=O)c5c(-c5ccccc5)c4c3=O)c2)c1,311.0,310.85138,1.7445757065240535,-0.1486206
*CCOC(=O)NCCCCCCNC(=O)OCCOc1ccc(C2(c3ccc(O*)cc3)c3ccccc3-c3ccccc32)cc1,61.000004,78.14616,2.2796391762681814,17.146152
*Oc1ccc(NC(=O)c2cc(C(c3ccc(C(=O)O)c(C(=O)Nc4ccc(Oc5ccc(C(c6ccc(*)cc6)(C(F)(F)F)C(F)(F)F)cc5)cc4)c3)(C(F)(F)F)C(F)(F)F)ccc2C(=O)O)cc1,260.0,246.52815,1.5330429629431146,-13.471848
*CCOCCOC(=O)/C=C/C(=O)NCCCCCCNC(=O)/C=C/C(=O)O*,76.0,60.138897,0.8677914401816436,-15.861103
*CC(*)OC(=O)c1ccccc1OC,65.0,62.724575,0.9439247255181669,-2.275425
*CC(Cc1cccc2ccccc12)C[Si](*)(C)C,16.999994,25.082209,1.619473077693509,8.082214
*Oc1ccc(S(=O)(=O)c2ccc(Oc3ccc(C4(c5ccc(*)c(C)c5)CCCCC4)cc3C)cc2)cc1,197.0,193.13493,0.7831973708083019,-3.8650665
*CCOC(=O)c1cccc2c(C(=O)O*)cccc12,78.0,76.27883,0.9198200389786643,-1.7211685
*N=P(*)(Oc1ccc2cc(I)ccc2c1)Oc1ccc2cc(I)ccc2c1,90.3,81.14082,0.9094818442190675,-9.15918
*Nc1ccc(NC(=O)c2cc(-c3ccc(C(=O)OCC)c(C(*)=O)c3)ccc2C(=O)OCC)cc1,231.7,229.11708,1.2852602484280318,-2.5829163
*O[Si](C)(C)O[Si](C)(C)C#Cc1ccc(C#C[Si](*)(C)C)cc1,104.0,100.79551,0.7794861138787501,-3.2044907
*Oc1ccc(OC(=O)c2ccc(-c3ccc(C(*)=O)cc3)cc2-c2ccccc2)cc1C,133.0,131.71072,0.7759915799440827,-1.2892761
*CCCCOC(=O)CCCCC(=O)OCCCCOC(=O)c1ccc(C(=O)O*)cc1,-19.999998,-10.413496,2.048968624584256,9.586502
*OC(COC(=O)c1cc(C(*)=O)cc(C(C)(C)C)c1)COc1ccc(/N=N/c2ccc(C#N)cc2)cc1,137.0,135.98155,0.6431205915474496,-1.0184479
*Oc1ccc(C2(c3ccc(Oc4ccc(C(=O)Oc5c(C)cc(C(C)(C)c6cc(C)c(OC(=O)c7ccc(*)cc7)c(C)c6)cc5C)cc4)cc3)CCC(C(C)(C)C)CC2)cc1,176.0,168.699,0.9538723057472399,-7.300995
*CC(*)(C)C(=O)OC(COc1cc2ccccc2c2ccccc12)COc1cc2ccccc2c2ccccc12,112.0,110.806,0.7947566810459605,-1.1940002
*CC(c1ccccc1)C1C(=O)N(CCCN(CC)c2ccc(/N=N/c3ccc([N+](=O)[O-])cc3Cl)c(C)c2)C(=O)C1*,149.0,145.56049,0.45825729066340065,-3.4395142
*CC(*)OCCCC,-50.999996,-58.426556,3.983357126511431,-7.4265594
*C(=O)c1ccc2c(c1)C(=O)N(c1cccc(P(=O)(c3ccc(Oc4ccc(C56CC7CC(CC(C7)C5)C6)cc4)cc3)c3cccc(N4C(=O)c5ccc(*)cc5C4=O)c3)c1)C2=O,305.0,299.47488,1.4935985400950047,-5.525116
*CCCC1CC(=O)N(*)C(=O)C1,90.0,87.81474,1.1848651929606426,-2.185257
*CCCCCCOc1ccc(/C=C/c2ccc(O*)cc2)cc1,76.0,61.021236,3.0999246636929447,-14.978764
*Oc1ccc(-c2ccc(OC(=O)OC3C(C)(C)C(OC(*)=O)C3(C)C)cc2)cc1,165.0,150.15813,1.1196718372610321,-14.841873
*Oc1ccc(C(C)(C)c2ccc(Oc3ccc(C(=O)c4cccc(C(=O)c5ccc(*)cc5)c4)cc3)cc2)cc1,153.0,160.6451,1.03240666613895,7.645096
*Oc1ccc(Oc2ccc(C(=O)c3ccc(NC(=O)c4cccc(C(=O)Nc5ccc(C(=O)c6ccc(*)cc6)cc5)c4)cc3)cc2)cc1,198.0,194.41103,2.1608573817093113,-3.588974
*c1ccc(Oc2ccc(-c3ccc(Oc4ccc(N5C(=O)c6ccc(Oc7ccccc7Oc7ccc8c(c7)C(=O)N(*)C8=O)cc6C5=O)cc4)cc3)cc2)cc1,204.0,206.80435,1.3979363085130003,2.8043518
*c1ccc(OC(=O)c2ccc(C(=O)Oc3ccc(C4(*)OCc5ccccc54)cc3)cc2)cc1,312.0,302.2587,3.4745309101431556,-9.7413025
*CC(*)(C)C(=O)OCc1ccc2c(c1)c1ccccc1n2CC,136.0,118.87885,1.2701448274878913,-17.121147
*COc1ccc(C(=C(Cl)Cl)c2ccc(O*)cc2)cc1,108.0,97.88256,0.915279904298685,-10.117439
*c1ccc2c(c1)C(=O)N(c1ccc(Sc3ccc(Sc4ccc(Sc5ccc(Sc6ccc(N7C(=O)c8ccc(C(*)(C(F)(F)F)C(F)(F)F)cc8C7=O)cc6)cc5)cc4)cc3)cc1)C2=O,216.0,229.24805,2.64125021137208,13.248047
*Nc1ccc(NC(=O)c2cccc(C(=O)c3ccc(C(*)=O)cc3)c2)cc1,257.5,247.83919,2.8663568622499134,-9.660812
*c1cc(-n2c(=O)c3cc4c(=O)n(*)c(=O)c4cc3c2=O)c(O)cc1O,362.0,368.18686,11.115137742492498,6.186859
*CC(*)OC(=O)c1ccccc1,70.4,66.9072,0.9781153305695366,-3.4927979
*CC(O)COC(=O)CCCCCCCCCCC(=O)OCC(O)COc1ccc(O*)cc1,10.000002,16.347857,1.0287343659400563,6.3478546
*/C(=C/c1cc(OC)c(/C=C(/c2ccc(*)cc2)c2ccc(OC)cc2)cc1OC)c1ccc(OC)cc1,170.0,186.22206,1.325984169488994,16.222061
*N=P(*)(OCc1ccc(-c2ccccc2)cc1)OCc1ccc(-c2ccccc2)cc1,60.000004,29.352,5.213778655415346,-30.648005
*C(=O)OCC(C)(C)CS(=O)(=O)CC(C)(C)COC(=O)N1CC(C)N(*)CC1C,85.0,75.490715,0.7048823514713323,-9.509285
*CC(*)(C#N)C(=O)OCCCCCCC,102.0,98.84927,1.5444090080021993,-3.1507263
*CCCS(=O)(=O)CCCCS(=O)(=O)CCCOC(=O)c1ccccc1C(=O)O*,49.000004,52.803364,0.837876336320003,3.80336
*CCOC(=O)CCC(=O)OCCOC(=O)c1ccc(C(=O)O*)cc1,23.999994,25.03567,1.439274321693799,1.035675
*N=P(*)(OC/C=C/c1ccccc1)OC/C=C/c1ccccc1,1.0000023,0.57202375,2.044145739439823,-0.42797852
*CC(*)C(=O)OCC(F)(F)C(F)(F)F,-25.999998,-33.81149,3.2229014279203714,-7.811491
*CC(*)(C)C(=O)Oc1ccc(/N=N/c2ccc(C#N)cc2)cc1,185.0,175.10388,1.6300049041600597,-9.896118
*N=P(Cl)(N=P(Cl)(/N=S(/*)Oc1ccccc1-c1ccccc1)Oc1ccccc1-c1ccccc1)Oc1ccccc1-c1ccccc1,79.0,74.23283,0.6755045258533516,-4.767174
*CCCCCCOc1ccc(C(=O)N(C(=O)c2ccc(O*)cc2)c2ccccc2)cc1,100.0,83.08149,0.9816775675320816,-16.91851
*C(=O)Nc1ccc(S(=O)(=O)c2ccc(NC(=O)c3ccc4c(c3)C(=O)N(c3cccc(N5C(=O)c6ccc(*)cc6C5=O)c3)C4=O)cc2)cc1,342.0,282.4815,9.887698288487027,-59.518494
*CCCCCCNC(=O)c1cc(C(=O)N*)cc(C(C)(C)C)c1,163.0,158.20511,1.0828794043247132,-4.7948914
*Oc1ccc(C(C)(C)c2ccc(Oc3ccc(C(=O)c4ccccc4-c4ccccc4C(=O)c4ccc(*)cc4)cc3)cc2)cc1,172.0,174.16264,0.934007514783424,2.1626434
*CC(C)(C)C1C(=O)N(CCCC)C(=O)C1*,80.0,74.965454,0.7696466595217322,-5.034546
*CC(*)(C)C(=O)OCCC(F)(F)C(F)(F)C(F)(F)C(F)(F)C(F)(F)C(F)(F)C(F)(F)C(F)(F)F,47.000004,36.088734,1.372614852474797,-10.91127
*Oc1ccc(CC(NC(=O)CCc2ccc(OC(=O)CCCCC(*)=O)cc2)C(=O)OCc2ccccc2)cc1,54.500004,54.5665,0.509736358696635,0.0664978
*c1ccc(Oc2cccc(Oc3ccc(N4C(=O)c5ccc(Oc6ccc7c(c6)C(=O)N(*)C7=O)cc5C4=O)cc3)c2)cc1,216.5,202.6878,2.401016829535528,-13.812195
*CC(O)COc1c(C)cc(C(C)(C)c2cc(C)c(OCC(O)COc3c(C)cc(S(=O)(=O)c4cc(C)c(O*)c(C)c4)cc3C)c(C)c2)cc1C,145.0,145.41536,0.6732632048105816,0.4153595
*Oc1ccc(OC(C)COCCCCCCCOc2ccc(-c3ccc(C(*)=O)cc3)cc2)c([N+](=O)[O-])c1,50.000004,49.116077,0.8899676638311749,-0.8839264
*c1ccc(Oc2ccc(Oc3ccc(-n4c(=O)c5cc6c(=O)n(*)c(=O)c6cc5c4=O)cc3)cc2C(C)(C)C)cc1,314.0,300.21988,5.895001181077916,-13.780121
*CCOc1ccc(S(=O)(=O)c2ccc(OCCOP(=O)(O*)Oc3ccc(C)cc3)cc2)cc1,46.000004,51.415676,0.5891574036003944,5.4156723
*CCC(C)C(C)CCNC(=O)c1cccc(C(=O)N*)c1,125.0,129.01636,0.8663166870647269,4.0163574
*c1ccc2c(c1)C(=O)N(c1cccc(NC(=O)C(F)(F)C(F)(F)C(F)(F)C(F)(F)C(=O)Nc3cccc(N4C(=O)c5ccc(C(*)(C(F)(F)F)C(F)(F)F)cc5C4=O)c3)c1)C2=O,232.0,231.08643,1.0189454401382603,-0.9135742
*C/C=C/C[Si](*)(c1ccccc1)c1ccccc1,34.900005,39.73734,0.7876789133087027,4.8373337
*CC(*)(CCCCC)C(=O)OC,53.000004,51.465412,0.8683581454180856,-1.5345917
*CCC(C(=O)OC)C(*)C(=O)OC,31.199999,33.94405,0.9221444572412657,2.744051
*CC(c1ccccc1)C1C(=O)N(CCCOc2ccc(-c3ccc(C#N)cc3)cc2)C(=O)C1*,130.0,122.98956,0.8002719382999267,-7.010437
*CC(*)CCC,-36.999996,-37.15965,7.63273359330542,-0.15965271
*/C=C/C1CC(*)C([Si](C)(C)C)C1,113.0,109.85477,0.9366827530667371,-3.1452332
*/C=C/C1CC(*)C2C(=O)N(CCCCCCCCCC)C(=O)C12,46.000004,63.2768,2.3196355908563424,17.276794
*C(=O)Nc1cccc(NC(=O)c2ccc(N3C(=O)c4ccc(*)cc4C3=O)cc2)c1,240.0,282.7106,7.741076031271855,42.7106
*/C=C/C1CC(*)C(C(=O)OCCCCCCCCOc2ccc(/C=C/c3ccc([N+](=O)[O-])cc3)cc2)C1,51.000004,49.774456,0.8117770023373679,-1.2255478
*c1ccc(Oc2ccc(N3C(=O)C4CCC5C(=O)N(*)C(=O)C5C4C3=O)cc2)cc1,342.0,317.5871,5.5059143408414615,-24.412903
*OC(=O)C(CCSC)NC(=O)CCCCCCCCC(=O)NC(CCSC)C(=O)OC1COC2C(*)COC12,61.000004,61.199574,0.6218675481643611,0.1995697
*C1C(=O)N(CCCCOc2ccc(-c3ccc(C#N)cc3)cc2)C(=O)C1*,115.0,90.47962,2.1202805956122597,-24.520378
*/C(OC)=C(\OC)c1ccc(*)s1,91.0,87.43541,0.6722010579269793,-3.5645905
*CCCNC(=O)C(NC(=O)C(Cc1ccccc1)NC(=O)CCCCCCCCC(=O)NC(Cc1ccccc1)C(=O)NC(C(=O)NCCCOCCOCCO*)C(C)C)C(C)C,66.0,60.53166,0.5121109913472757,-5.468342
*OC(C)COC(=O)c1ccccc1C(*)=O,95.0,98.97381,1.0899839809948972,3.9738083
*CC(O)CN(C)S(=O)(=O)c1cccc(S(=O)(=O)N(C)CC(O)COc2ccc(-c3ccc(O*)cc3)cc2)c1,58.000004,82.68493,1.6748755178658328,24.684925
*Oc1ccc(C2(c3ccc(OC(*)=O)c(C)c3)CC3CC2C2CCCC32)cc1C,217.0,207.85583,1.936917757192914,-9.144165
*Oc1ccc(C(C)(C)c2ccc(OC(=O)OCCCOC(*)=O)cc2)cc1,68.1,65.05753,0.9991195011827083,-3.0424652
*Oc1cccc(OC2(F)C(*)(F)C(F)(F)C2(F)F)c1,32.000004,40.03713,3.7599603828867854,8.037125
*CC(=O)NCCCCCCNC(=O)COC(=O)CCCCCCCCCCC(=O)O*,0.89999616,9.114855,1.4656235233090962,8.214859
*CC(O)CN(*)c1ccc(/N=N/c2ccc([N+](=O)[O-])cc2C)cc1,156.0,154.55293,0.7927064783726826,-1.4470673
*Oc1ccc(C(C)(C)c2ccc(OC(=O)c3ccc(S(=O)(=O)c4ccc(C(*)=O)cc4)cc3)cc2)cc1,220.0,219.6149,13.314573597571929,-0.38510132
*OC(=O)CNC(=O)CCCCCCCCC(=O)NCC(=O)OC1COC2C(*)COC12,66.0,59.671238,0.9703304772263548,-6.328762
*Oc1ccc(CC(NC(=O)CCc2ccc(OC(=O)CCC(*)=O)cc2)C(=O)OCC)cc1,78.0,78.484825,0.6614876951900096,0.48482513
*CCCCCCCCCCSSS*,-70.0,-57.183376,3.4053766393261196,12.816624
*CCN(CCOC(=O)c1ccc(C(=O)O*)c(OCCC)c1)c1ccc(/N=N/c2nc(C#N)c(C#N)[nH]2)cc1,152.0,147.43214,0.8711858071462183,-4.567856
*c1ccc([Si](c2ccccc2)(c2ccccc2)c2ccc(-c3nnc(-c4ccc(-c5nnc(*)o5)cc4)o3)cc2)cc1,274.0,265.51645,1.8458251920060655,-8.483551
*CCCCCCCNC(=O)CCCCCCCCCCCCCCCCCCC(=O)N*,46.000004,42.123974,0.5795321065396019,-3.87603
*OS(=O)(=O)c1cc(S(=O)(=O)Oc2ccc(C3(c4ccc(*)cc4)CCCCC3)cc2)ccc1C,142.0,144.91068,0.9073343020803414,2.910675
*C(=O)Nc1ccc(Oc2ccc(Oc3ccc(N4C(=O)c5ccc(*)cc5C4=O)cc3)cc2)cc1,250.0,275.15912,6.516797936903769,25.159119
*c1ccc(Oc2cccc(N3C(=O)c4ccc([Si](C)(C)O[Si](C)(C)c5ccc6c(c5)C(=O)N(c5cccc(Oc7ccc(-c8nnc(*)o8)cc7)c5)C6=O)cc4C3=O)c2)cc1,165.0,162.4755,1.5679573044610926,-2.5245056
*CC(*)(C)C(=O)OCCCCCCOc1ccc(OC(=O)c2ccc(-c3ccc(OC)cc3)cc2)cc1,57.000004,61.666348,1.9940530388227646,4.6663437
*CC(*)c1ccc(Cl)cc1C,145.0,142.78339,0.760011099666304,-2.2166138
*Oc1ccc(OC(=O)c2ccc(C(*)=O)cc2Oc2ccc(Cl)cc2)cc1,107.0,96.83729,1.277189188781386,-10.162712
*OP(=O)(Oc1ccc([N+](=O)[O-])cc1)Oc1c(C)cc(S(=O)(=O)c2cc(C)c(*)c(C)c2)cc1C,173.0,159.51114,0.7711752399492895,-13.488861
*CCCCP(C)(=O)CCCNC(=O)CCCCC(=O)N*,59.000004,52.60467,0.5384913478748599,-6.3953323
*OC(C)CCCC(C)C(*)=O,-32.999996,-40.379208,3.15762460847255,-7.3792114
*c1ccc(C(C)(C)c2ccc(N3C(=O)c4ccc(Oc5ccc6ccc(Oc7ccc8c(c7)C(=O)N(*)C8=O)cc6c5)cc4C3=O)cc2)cc1,247.0,242.73795,2.2145671938234974,-4.2620544
*Oc1ccc(N(c2ccc(OC)cc2)c2ccc3ccc(N(c4ccc(*)cc4)c4ccc(OC)cc4)cc3c2)cc1,197.0,193.34563,0.9507271780809619,-3.6543732
*c1ccc(-c2cc(C(C)(C)C)c(Oc3ccc(N4C(=O)c5ccc(Oc6ccc7c(c6)C(=O)N(*)C7=O)cc5C4=O)cc3C(F)(F)F)c(C(C)(C)C)c2)cc1,353.0,347.70224,5.467182134996593,-5.29776
*c1ccc(Sc2cccc(Sc3ccc(S(*)=O)cc3)c2)cc1,121.0,120.428215,0.5719446549095668,-0.571785
*Nc1cc(NC(=O)c2ccc(C(*)=O)cc2)cc(C(=O)OCCOc2ccc(/C=C/C(=O)c3ccccc3)cc2)c1,233.0,231.04741,2.9227528037764134,-1.952591
*C(=O)Nc1cccc(S(=O)(=O)c2cccc(NC(=O)c3ccc4c(c3)C(=O)N(c3cc(-c5nnc(-c6ccccn6)o5)cc(N5C(=O)c6ccc(*)cc6C5=O)c3)C4=O)c2)c1,173.0,179.22867,16.205790508991015,6.228668
*CC(*)(C)C(=O)Oc1cccc(C)c1C,120.0,115.43715,0.9415592560770225,-4.562851
*c1ccc(Oc2cc(C(C)(C)C)c(Oc3ccc(N4C(=O)c5ccc(S(=O)(=O)c6ccc7c(c6)C(=O)N(*)C7=O)cc5C4=O)cc3)cc2C(C)(C)C)cc1,263.0,268.11203,1.8122231268103373,5.11203
*CC(*)OC,-25.800001,-50.077343,3.7310733387694213,-24.277342
*c1ccc2c(c1)C(=O)N(c1ccc(Oc3ccc(N4C(=O)c5ccc(C(F)(F)C(F)(F)C(F)(F)C(F)(F)C(F)(F)C(F)(F)C(*)(F)F)cc5C4=O)cc3)cc1)C2=O,178.0,178.26088,1.754384320135967,0.26087952
*c1ccc(/C=C(\c2ccc(OC)cc2)c2ccc(/C(=C/c3ccc(N(*)c4ccccc4)cc3)c3ccc(OC)cc3)cc2)cc1,197.0,208.55527,1.0470154401357463,11.555267
*/C(Cl)=C(/*)CCCCCC,150.0,122.333435,7.573304891241664,-27.666565
*OC(=O)c1ccc(C2(C)CC(C)(C)c3ccc(C(=O)Oc4ccc5c(c4)Oc4cc(*)ccc4C5(C)C)cc32)cc1,297.0,299.99216,2.087644070891445,2.992157
*Oc1ccc(NC(=O)c2cc(C(=O)Nc3ccc(*)cc3)cc(C(F)(F)C(F)(F)C(F)(F)C(F)(F)C(F)(F)C(F)(F)C(F)(F)C(F)(F)F)c2)cc1,230.0,232.1299,1.8774270594717664,2.129898
*CCCCCCCN1C(=O)c2ccc(C(=O)Oc3ccc(-c4ccc(OC(=O)c5ccc6c(c5)C(=O)N(*)C6=O)cc4)cc3)cc2C1=O,117.0,114.65165,2.1942043431526654,-2.3483505
*C(=O)OCC(C)(C)COC(=O)N1CCN(*)CC1,70.0,65.03944,0.840881816673559,-4.9605637
*c1ccc(Oc2cccc(Oc3ccc(N4C(=O)c5cccc(Oc6ccc(C(=O)c7ccc(Oc8cccc9c8C(=O)N(*)C9=O)cc7)cc6)c5C4=O)cc3)c2)cc1,216.0,214.78828,1.2868841785955467,-1.2117157
*CC(*)C(=O)Oc1ccc(OC)cc1,50.500004,48.845898,3.0073831594593603,-1.6541061
*CC(OCC)C(C)(C(=O)OC)C(*)(C)C(=O)OC,131.0,123.74484,0.6097069743001604,-7.2551575
*CCCC(C)(C)CNC(=O)CCCCC(=O)N*,77.0,68.57717,0.5459334971828838,-8.422829
*C(=O)c1ccc2c(c1)C(=O)N(c1ccc(CP(=O)(OCC)OCC)c(N3C(=O)c4ccc(*)cc4C3=O)c1)C2=O,218.0,215.98969,1.3409225048604707,-2.010315
*CCN(CCOC(=O)Nc1ccc(Cc2ccc(NC(=O)O*)cc2)cc1)c1ccc(/N=N/c2ccc([N+](=O)[O-])cc2)cc1,136.4,131.1816,0.927149664074075,-5.218399
*Oc1c(C)cc(C(C)(C)c2cc(C)c(OC(=O)c3ccc(C(*)=O)cc3)c(C)c2)cc1C,239.0,221.11336,3.805534731081867,-17.886642
*CC(*)C(=O)OCCCCCCCCCCCCOC(=O)c1ccc(OC(=O)c2ccc(C#N)cc2)cc1,15.000002,21.8024,0.9975553675023058,6.8023987
*CCCCCOC(=O)CCCCCCCCCCN1C(=O)c2ccc(-c3ccc(-c4ccc5c(c4)C(=O)N(CCCCCCCCCCC(=O)OCCCCCN4C(=O)c6ccc(-c7ccc8c(c7)C(=O)N(*)C8=O)cc6C4=O)C5=O)cc3)cc2C1=O,41.000004,45.400814,1.5456768820292903,4.4008102
*CC(*)(C)C(=O)OCCOCCOCCOCCOCCOCCOCCOCCOC,-57.999996,-40.780315,3.4885149103359026,17.21968
*c1ccc2c(c1)C(=O)N(c1cccc(C(F)(F)C(F)(F)C(F)(F)c3cccc(N4C(=O)c5ccc(C(F)(F)C(F)(F)C(F)(F)C(*)(F)F)cc5C4=O)c3)c1)C2=O,159.0,153.09615,1.2304226808502507,-5.9038544
*CC(*)(C)C(=O)OCCCCCCOc1ccc(C(=O)Oc2ccc(/N=N/c3ccc(C#N)cc3)c3ccccc23)cc1,41.000004,42.633778,0.6345768673743912,1.6337738
*/C=C/c1cccc(/C=C/[Si](C)(C)c2cccc([Si](*)(C)C)c2)c1,28.700006,30.179697,0.8861126230543285,1.4796906
*C(=O)Nc1ccc(S(=O)(=O)c2ccc(NC(=O)c3ccc4c(c3)C(=O)N(c3ccc(NC(=O)Nc5ccc(N6C(=O)c7ccc(*)cc7C6=O)cc5)cc3)C4=O)cc2)cc1,205.0,223.14093,3.2082247938121062,18.14093
*c1ccc2c(c1)C(=O)N(c1ccc(Oc3ccc(C(=O)c4cccc(C(=O)c5ccc(Oc6ccc(N7C(=O)c8ccc(C(*)(C(F)(F)F)C(F)(F)F)cc8C7=O)cc6)cc5)c4)cc3)cc1)C2=O,236.0,230.09854,1.1270913141707026,-5.9014587
*NNC(=O)c1ccc(C(=O)NNC(=O)c2ccc([Si](c3ccccc3)(c3ccccc3)c3ccc(C(*)=O)cc3)cc2)c2ccccc12,270.0,258.45813,1.2971684413221087,-11.54187
*Oc1ccc(C(C)(C)c2ccc(OC(=O)c3cccc(C(F)(F)C(F)(F)C(F)(F)c4cccc(C(*)=O)c4)c3)cc2)cc1,122.0,123.75285,1.1230344733401514,1.7528534
*c1ccc(C)c(N2C(=O)c3ccc(S(=O)(=O)c4ccc5c(c4)C(=O)N(*)C5=O)cc3C2=O)c1,348.0,342.83295,7.760721952431704,-5.167053
*c1ccc(C(c2ccc(N3C(=O)c4ccc(Oc5ccc6c(c5)C(=O)N(*)C6=O)cc4C3=O)cc2)(C(F)(F)F)C(F)(F)F)cc1,305.0,281.54636,3.742985301669691,-23.453644
*Oc1ccc(C(c2ccc(Oc3ccc(C(=O)c4c(C(=O)c5ccc(*)cc5)c(-c5ccc(F)cc5)c(-c5ccc(F)cc5)c(-c5ccc(F)cc5)c4-c4ccc(F)cc4)cc3)cc2)(C(F)(F)F)C(F)(F)F)cc1,253.0,254.71861,1.1110950731725904,1.7186127
*CC/C(=C(/*)c1ccccc1)c1ccccc1,120.5,115.84676,1.0379182057479206,-4.6532364
*Oc1ccc(C(C)(C)c2ccc(OC(=O)c3ccc(C(*)=O)cc3)c(CCCC)c2)cc1CCCC,160.0,157.56075,0.8039398925194593,-2.4392548
*CCCCCCOC(=O)CCCCCCCCC(=O)O*,-37.999996,-51.68806,3.3554550551012534,-13.688065
*CC(*)(C)C(=O)OCC(CC)CCCC,-9.999998,-14.584272,2.834393074189711,-4.5842743
*CC(*)c1cc(C(F)(F)F)cc(C(F)(F)F)c1,116.0,113.32788,1.3827940786399338,-2.6721191
*CCCCOC(=O)c1cccc(C(=O)O*)c1,18.999994,24.372042,2.0920068058355783,5.3720474
*c1ccc(Oc2ccc(-c3ccc(Oc4ccc(N5C(=O)c6cccc(Oc7c(C)cc(-c8cc(C)c(Oc9cccc%10c9C(=O)N(*)C%10=O)c(C)c8)cc7C)c6C5=O)cc4)cc3)cc2)cc1,290.0,288.72653,2.5039302491396556,-1.273468
*NC(=O)Nc1ccc(Cc2ccc(NC(=O)Nc3cccc(*)n3)cc2)cc1,206.5,215.11156,1.3101267903856468,8.611557
*N=P(*)(OCCOCCOCCOP1(OCCOCCOC)=NP(OCCOCCOC)(OCCOCCOC)=NP(OCCOCCOC)(OCCOCCOC)=N1)OCCOCCOCCOP1(OCCOCCOC)=NP(OCCOCCOC)(OCCOCCOC)=NP(OCCOCCOC)(OCCOCCOC)=N1,-37.999996,-44.10191,2.486646027414758,-6.1019135
*CCCCCCCCCCOC(=O)c1ccc2cc(C(=O)O*)ccc2c1,50.500004,47.579174,1.5415431749613653,-2.9208298
*Oc1ccc(CC(NC(=O)CCc2ccc(OC(=O)CCCCC(*)=O)cc2)C(=O)OCCCCCCCCCCCC)cc1,21.999994,26.688425,0.7031816597888378,4.688431
*O[Si](*)(C)CCCOCCOCCOCCOC,-64.205,-73.22098,3.459207301083261,-9.015976
*CC(*)(C)C(=O)OCCCCCCOc1ccc(C(=O)Oc2ccc(OC)cc2)cc1,46.000004,41.582592,1.544613740282943,-4.417412
*CC(*)C(=O)OCCCCCC(=O)Oc1ccc(-c2ccc(C#N)cc2)cc1,38.000004,32.329136,0.9711441702296173,-5.670868
*Oc1ccc(NC(=O)NC2CC(C)(C)CC(C)(CNC(=O)Nc3ccc(*)cc3)C2)cc1,274.0,251.5401,7.2337136245302975,-22.4599
*Oc1ccc2ccc(Oc3ccc(C(=O)Nc4ccc(C(C)(C)c5ccc(C(C)(C)c6ccc(NC(=O)c7ccc(*)cc7)cc6)cc5)cc4)cc3)cc2c1,155.0,158.07982,1.8104748911608568,3.0798187
*C(=O)Nc1ccc(Oc2ccc(Oc3ccc(NC(=O)c4ccc5c(c4)C(=O)N(c4ccc(Oc6cccc7c(Oc8ccc(N9C(=O)c%10ccc(*)cc%10C9=O)cc8)cccc67)cc4)C5=O)cc3)cc2)cc1,285.0,263.95364,4.088365622334769,-21.046356
*c1ccc(Oc2ccc(S(=O)(=O)c3ccc(C)cc3)cc2)c(-n2c(=O)c3cc4c(=O)n(*)c(=O)c4cc3c2=O)c1,320.0,323.44873,8.359556438316844,3.4487305
*CC(O)COc1ccc(O*)cc1,60.000004,90.73475,2.000828787175028,30.734745
*CC(*)(CC(=O)OCCCC1CCCCC1)C(=O)OCCCC1CCCCC1,7.0000024,7.445971,1.778365120083081,0.44596863
*SC(*)(F)F,-118.000015,-68.85649,13.402107276912849,49.143524
*O[Si](*)(C)CCCOC(=O)c1cc(OC(=O)c2ccc(OCCOCCOCCOCCOC)cc2)ccc1OC(=O)c1ccc(OCCOCCOCCOCCOC)cc1,-36.999996,-37.628963,2.872464062837334,-0.6289673
*Oc1ccc(CC(NC(=O)Cc2ccc(OC(=O)COCC(*)=O)cc2)C(=O)OCCCCCC)cc1,46.000004,45.436604,0.5532360515393827,-0.56340027
*Oc1ccc(Oc2ccc(/C=N/CCCCCC/N=C/c3ccc(*)cc3)cc2)cc1,111.0,117.726814,0.8658054846972333,6.7268143
*/C=C/c1sc(/C=C/c2ccc3c4ccc(*)cc4n(CC(CC)CCCC)c3c2)c(CC(CC)CCCC)c1CC(CC)CCCC,60.000004,58.511906,1.050308645267483,-1.4880981
*CC(*)OC=O,37.000004,29.79751,1.3522813240743525,-7.2024937
*c1ccc(C(c2ccc(-c3cc(-c4ccccc4)c4cc(Oc5ccc6nc(*)cc(-c7ccccc7)c6c5)ccc4n3)cc2)(C(F)(F)F)C(F)(F)F)cc1,260.0,256.3001,1.9345474705216346,-3.6998901
*c1c(C)cc(-c2cc(C)c(N3C(=O)c4cccc(Oc5ccc(C(C)(C)c6ccc(Oc7cccc8c7C(=O)N(*)C8=O)cc6)cc5)c4C3=O)c(C)c2)cc1C,265.0,253.94807,1.6328730410935668,-11.051926
*CC(*)(C)C(=O)Oc1c(C)cccc1C,167.0,157.50455,2.1050313394522777,-9.495453
*c1ccc(-c2nnc(*)o2)c(OCCCCC)c1,205.0,191.42654,1.2055137263229676,-13.573456
*C/C=C/CS(*)(=O)=O,86.0,84.46504,4.6040702150016655,-1.5349579
*CCOCCOCCOC(=O)CCCCCC(=O)O*,-44.499996,-53.46432,2.7651893744025933,-8.964325
*Nc1ccc(Oc2ccc(Nc3ccc4c(c3)c3cc(*)ccc3n4CC(CC)CCCC)cc2)cc1,220.0,214.943,1.2588760695330579,-5.057007
*C(=O)Nc1cc(NC(=O)c2ccc3c(c2)C(=O)N(c2cc(-c4nc5ccccc5o4)cc(N4C(=O)c5ccc(*)cc5C4=O)c2)C3=O)cc(-c2nc3ccccc3[nH]2)c1,371.00003,372.66623,18.503445078740693,1.6661987
*Oc1ccc(-c2ccc(Oc3ccc(*)cc3)c3ccccc23)c2ccccc12,226.0,191.14626,7.898316287337044,-34.853745
*Oc1ccc(CC(NC(=O)Cc2ccc(OC(=O)COCCOCC(*)=O)cc2)C(=O)OCCCCCC)cc1,31.000002,31.18934,0.6458132137482068,0.18933868
*CCCCCC(*)CCCCCCCC,-72.0,-61.142254,5.06893627415971,10.857746
*CCCCCCCCCCOc1ccc(/C=C/c2ccc(OCCCCCCCCCCOP(=O)(O*)OCCCCCCCCCCOc3ccc(/N=N/c4ccc(-c5ccccc5)cc4)cc3)cc2)cc1,50.000004,62.05467,0.732842811844441,12.054665
*c1ccc(Cc2ccc(N3C(=O)c4ccc([Si](C)(C)c5ccc([Si](C)(C)c6ccc7c(c6)C(=O)N(*)C7=O)cc5)cc4C3=O)cc2)cc1,295.0,299.11917,3.7860366779426875,4.119171
*c1ccc(Oc2ccc(N3C(=O)C(C)C(SCCOCCSC4C(=O)N(c5ccc(Oc6ccc(N7C(=O)CC(C)(SCCOCCSC8(C)CC(=O)N(*)C8=O)C7=O)cc6)cc5)C(=O)C4C)C3=O)cc2)cc1,145.0,137.05939,1.5989717840174886,-7.940613
*c1ccc2c(c1)Sc1cc(-c3sc4cc(*)sc4c3CCCCC)ccc1N2CCCCCC,126.0,129.6616,0.6609236603746208,3.6616058
*CC(=O)Nc1ccc(Cc2ccc(NC(=O)c3ccc4c(c3)C(=O)N(*)C4=O)cc2)cc1,266.0,258.81653,1.615826958093176,-7.1834717
*NC(CCC(=O)OCCC)C(*)=O,-9.999998,-2.832868,1.5479980538976703,7.16713
*Oc1ccc(C(C)(C)c2ccc(OC(=O)c3ccc(OCCCCCCCCCCOc4ccc(C(*)=O)cc4)cc3)cc2)cc1,77.0,78.5097,3.0628946156440904,1.509697
*CC(*)(C)C(=O)OCCCCCOc1ccc(OC(=O)c2ccc(OC)cc2)cc1,38.000004,42.752277,1.5530996053331823,4.7522736
*c1ccc2c(c1)C(=O)N(c1ccc(C3(c4ccc(N5C(=O)c6ccc(C(*)(C(F)(F)F)C(F)(F)F)cc6C5=O)cc4)c4ccccc4-c4ccccc43)cc1)C2=O,370.00003,351.1021,6.934482368559903,-18.897919
*Oc1ccc(Oc2ccc(C(=O)c3ccc(P(=O)(c4ccccc4)c4ccc(C(=O)c5ccc(*)cc5)cc4)cc3)cc2)cc1,207.0,206.4724,1.0656588538155147,-0.52760315
*CC(CSCC)O*,-56.999996,-61.71072,3.1629455533239996,-4.710724
*Oc1cccc(NC(=O)CCCCCCCCCCC(=O)Nc2ccc(*)cc2)c1,110.0,122.43075,1.8605114605746012,12.430748
*c1ccc2c(c1)C(=O)N(c1c(C)cc(-c3cc(C)c(N4C(=O)c5ccc(C(*)(C(F)(F)F)C(F)(F)F)cc5C4=O)c(C)c3)cc1C)C2=O,370.5,345.49216,7.291466768286178,-25.007843
*COC(=O)c1ccc(/C(C#N)=C(\c2ccc(OC)cc2)N2CCCC(*)C2)cc1,176.0,175.03828,0.7494447148096534,-0.9617157
*c1cccc(C(F)(F)C(F)(F)C(F)(F)c2cccc(N3C(=O)c4ccc(Oc5ccc6c(c5)C(=O)N(*)C6=O)cc4C3=O)c2)c1,183.0,183.26523,1.109556491756383,0.26522827
*/C=C/c1ccc(/C=C/[Si](C)(C)c2cccc([Si](*)(C)C)c2)cc1,36.100002,40.40962,0.8528275525459716,4.309616
*c1cc(Br)c(-c2c(Br)cc(N3C(=O)c4ccc(-c5ccc6c(c5)C(=O)N(*)C6=O)cc4C3=O)cc2C(=O)OCCCCCCCC)c(C(=O)OCCCCCCCC)c1,135.5,122.705956,2.2465066862882352,-12.7940445
*/C=N/c1ccc(C(=O)OCCCCOCCCCOCCCCOC(=O)c2ccc(/N=C/c3ccc4c(c3)c3cc(*)ccc3n4CC(CC)CCCC)cc2)cc1,5.1999993,1.7545646,1.906897826214637,-3.4454346
*CCCS(=O)(=O)CCCS(=O)(=O)CCCOC(=O)c1ccccc1C(=O)O*,52.000004,52.526127,0.7174268376328251,0.52612305
*c1ccc(Oc2cccc(-c3cc(-c4ccccc4)cc(-c4cccc(Oc5ccc(-n6c(=O)c7cc8c(=O)n(*)c(=O)c8cc7c6=O)cc5)c4)n3)c2)cc1,264.0,262.79523,2.7692706155510027,-1.204773
*CC(*)(C)C(=O)Oc1ccc(C#N)cc1,155.0,149.75443,2.105190726936314,-5.245575
*CCCNC(=O)CNC(=O)C(NC(=O)C(Cc1ccccc1)NC(=O)CCCCCCCCC(=O)NC(Cc1ccccc1)C(=O)NC(C(=O)NCC(=O)NCCCOCCOCCO*)C(C)C)C(C)C,58.000004,54.958996,0.4030082426180432,-3.041008
*CCCCCC(=O)Oc1ccc(-c2ccc(OC(=O)c3ccc4c(c3)C(=O)N(*)C4=O)cc2)cc1,118.0,97.53691,3.4614990459588593,-20.463089
*Oc1ccc(C(c2ccc(Oc3ccc(C(=O)c4cccc(C(=O)c5ccc(*)cc5)c4)cc3)cc2)(C(F)(F)F)C(F)(F)F)cc1,168.1,171.25595,0.9014834619140258,3.1559448
*Oc1c(C)cc(C(=O)c2ccc(*)cc2)cc1C,200.0,198.8403,1.6657767126420933,-1.1596985
*C(=O)c1ccc2c(c1)C(=O)N(c1cc(OCCCCCCCCCCCC)cc(N3C(=O)c4ccc(*)cc4C3=O)c1)C2=O,182.0,185.51077,2.6242583745719066,3.5107727
*CCCS(=O)(=O)CCCCS(=O)(=O)CCCOC(=O)c1cccc(C(=O)O*)c1,65.0,56.13303,0.7332972546742553,-8.86697
*Oc1cccc(NC(=O)CCCCCCCC(=O)Nc2ccc(*)cc2)c1,120.0,130.58095,1.9070260064251894,10.580948
*CCCCCCCCCCCCC(=O)N*,41.000004,40.881687,1.0024590983350943,-0.11831665
*c1ccc2c(c1)C(=O)N(c1cc(OCCCC)cc(N3C(=O)c4ccc(C(*)(C(F)(F)F)C(F)(F)F)cc4C3=O)c1)C2=O,246.0,238.43805,2.4039586910345823,-7.5619507
*c1ccc(Oc2cccc(N3C(=O)c4ccc(Oc5cccc6c(Oc7ccc8c(c7)C(=O)N(*)C8=O)cccc56)cc4C3=O)c2)cc1,235.0,227.51755,1.8835847362532117,-7.4824524
*CCN(CCOC(=O)NCC1(C)CC(NC(=O)O*)CC(C)(C)C1)c1ccc(C=C(C#N)C#N)cc1,145.0,132.70528,1.0656803219063344,-12.2947235
*CC(=O)NCCCCCCNC(=O)CC1COC(*)CO1,73.0,66.35362,0.6659535816924712,-6.6463776
*c1cccc(-c2nc3cc(-c4ccc5c(c4)nc(*)n5C)ccc3[nH]2)c1,346.66,357.18552,7.6385611851002135,10.525513
*c1ccc(-c2nc3cc(S(=O)(=O)c4ccc5nc(*)c(-c6ccccc6)nc5c4)ccc3nc2-c2ccccc2)cc1,277.5,309.4144,10.675022192879247,31.914398
*c1cc(-c2sc(-c3cc(CCCCCCCCCCCCCC)c(*)s3)cc2CCCCCCCCCCCCCC)c2cccccc1-2,-9.999998,9.146166,2.9790115589664565,19.146164
*N=P(*)(C)CCCC,-50.999996,-48.306637,4.3768289028395975,2.6933594
*Oc1ccc(C2(c3ccc(OC(*)=O)cc3)c3cc(N(C)C)ccc3-c3ccc([N+](=O)[O-])cc32)cc1,278.0,277.8866,4.336611733444374,-0.11340332
*CC(*)C(=O)N(C)C,114.0,120.59353,1.4319987333538176,6.5935287
*c1c(C)cc(-c2cc(C)c(N3C(=O)c4ccc(S(=O)(=O)c5ccc6c(c5)C(=O)N(*)C6=O)cc4C3=O)c(C)c2)cc1C,290.0,332.94806,9.292374097256888,42.94806
*Cc1ccc(C(C)(C)c2ccc(CN3C(=O)c4ccc(Oc5ccc6c(c5)C(=O)N(*)C6=O)cc4C3=O)o2)o1,116.0,114.3146,1.0944200216149997,-1.6854019
*OCCOC(=O)c1ccc(C(=O)OCCOc2nc(-c3ccc(OCCCC)cc3)nc(*)c2-c2ccc(OC)cc2)cc1,94.0,84.769745,1.3439021711438461,-9.230255
*CCCCCOC(=O)O*,-42.949993,-34.210842,2.9362521487286073,8.739151
*CC(*)(C)C(=O)Oc1cc(C)ccc1C,111.0,107.759384,0.9318940074228266,-3.2406158
*CC(C)S*,-42.999996,-24.182173,2.890130311856428,18.817823
*Oc1ccc(/N=C/c2ccc(Oc3ccc(C(C)(C)c4ccc(Oc5ccc(/C=N/c6ccc(Oc7ccc(-c8ccc(*)cc8)cc7)cc6)cc5)cc4)cc3)cc2)cc1,120.0,128.20148,3.291523918419445,8.201477
*c1ccc(Oc2ccc(Oc3ccc(N4C(=O)C5CCC6C(=O)N(*)C(=O)C6C5C4=O)cc3)cc2)cc1,274.0,311.2628,5.193942558387552,37.262787
*c1ccc(-c2ccc(-c3ccc(-c4ccc(-c5cc(-c6ccccc6)c6cc(-c7ccc8nc(*)cc(-c9ccccc9)c8c7)ccc6n5)cc4)cc3)cc2)cc1,355.0,365.6285,9.449653728942312,10.6285095
*CC(*)c1c(F)c(F)c(OCC(F)(F)C(F)(F)F)c(F)c1F,61.000004,54.05862,0.8901692544400912,-6.9413834
*NNC(=O)c1ccc(C(*)=O)cc1OCC,240.0,237.23355,2.067097118251535,-2.766449
*/C=C/c1cccc(/C=C/[Si](C)(CCC(F)(F)F)c2cccc([Si](*)(C)CCC(F)(F)F)c2)c1,9.500002,18.452616,0.8140718365235959,8.952614
*c1ccc(Nc2ccc(C(c3ccc(Nc4ccc(S(*)(=O)=O)cc4)cc3)(C(F)(F)F)C(F)(F)F)cc2)cc1,145.0,152.74681,1.2615098377482508,7.746811
*Nc1ccc(C2(c3ccc(NC(=O)c4cc(C(*)=O)cc(C(C)(C)C)c4)cc3)c3ccccc3-c3ccccc32)cc1,284.0,294.2054,1.9170412373209431,10.205414
*CC(O)COc1ccc(C(C)(C)c2ccc(OCC(O)COc3cccc(NC(=O)C(=O)Nc4cccc(O*)c4)c3)cc2)cc1,119.0,118.22722,0.9733486813508112,-0.7727814
*C(=O)c1ccc2c(c1)C(=O)N(c1cccc(Cc3ccc(Cc4cccc(N5C(=O)c6ccc(*)cc6C5=O)c4)cc3)c1)C2=O,240.0,249.46829,1.933709900812485,9.468292
*C(*)C(=O)OC(C)C,70.0,59.040134,1.1149769228823627,-10.959866
*Oc1ccc(S(=O)(=O)c2ccc(Oc3c(C)cc(-c4cc(C)c(*)c(C)c4)cc3C)cc2)cc1,280.2,271.14645,3.1234132683871203,-9.053558
*CCCOCCCOC(=O)c1ccc(-c2ccc(C(=O)O*)cc2)cc1,18.499994,35.39011,2.8604612008988624,16.890116
*c1ccc(Oc2c(C)cc(Cc3cc(C)c(Oc4ccc(N5C(=O)c6ccc(-c7ccc8c(c7)C(=O)N(*)C8=O)cc6C5=O)cc4)c(C)c3)cc2C)cc1,310.0,293.45654,3.588465314517339,-16.543457
*O[Si](*)(C)CCCOCCOCCOc1ccc(COc2ccc3cc(C#N)ccc3c2)cc1,29.999994,28.89078,1.1425383909334084,-1.1092148
*c1cc(-c2ccc(C(=C3C=C(C(C)(C)C)C(=O)C(C(C)(C)C)=C3)c3cc(C(C)(C)C)c(O)c(C(C)(C)C)c3)cc2)c(*)s1,-12.600004,-6.8032355,4.681948908483024,5.7967687
*Oc1ccc(C(C)(C)c2ccc(OC(=O)CCCCCCCCC(*)=O)cc2)cc1,14.250002,48.782337,1.8427796553367117,34.532333
*Oc1ccc(CC(NC(=O)Cc2ccc(OC(=O)CCC(*)=O)cc2)C(=O)OCCCCCC)cc1,59.000004,50.531483,0.5514303756566604,-8.468521
*Oc1ccc(/C(C)=N/c2ccc(/N=C(\C)c3ccc(Oc4ccc(C(C)(C)c5ccc(*)cc5)cc4)cc3)cc2)cc1,161.0,153.1148,1.1415326370591057,-7.885193
*CCCC1(CCCNC(=O)c2ccccc2-c2ccccc2C(=O)N*)c2ccccc2-c2ccccc21,165.0,158.5913,0.8479708944293951,-6.4087067
*c1ccc(Oc2ccc(C(=O)c3cccc(C(=O)c4ccc(Oc5ccc(-n6c(=O)c7cc8c(=O)n(*)c(=O)c8cc7c6=O)cc5)cc4)n3)cc2)cc1,324.6,300.08807,18.492321047134702,-24.511932
*CCCCCCCCCCCC(=O)Oc1ccc(C(C)(C)c2ccc(OC(=O)c3ccc4c(c3)C(=O)N(*)C4=O)cc2)cc1,93.0,79.183304,2.0483679369308825,-13.816696
*CCCCCCNC(=O)c1ccc(C(=O)N*)c(Oc2ccccc2)c1,108.0,95.88404,0.98459115398469,-12.115959
*Oc1cc(OC(=O)c2ccc(OCCCC)cc2)c(OC(=O)CCCCCC(*)=O)cc1OC(=O)c1ccc(OCCCC)cc1,45.000004,36.038944,0.9366228518572305,-8.96106
*Oc1c(Br)cc(C(C)(C)c2cc(Br)c(OC(=O)c3cccc(C(*)=O)c3)c(Br)c2)cc1Br,115.0,123.71286,1.100275888456239,8.71286
*Oc1ccc(CC(NC(=O)CCc2ccc(OC(=O)CCCCCCC(*)=O)cc2)C(=O)OCCCCCCCC)cc1,21.999994,27.925135,0.6904758487790148,5.9251404
*CC(*)(C)C(=O)OCCCCC(F)(F)C(F)(F)C(F)(F)C(F)(F)F,22.999994,23.886957,1.640257017111589,0.8869629
*c1ccc(Oc2ccc(-c3cc(-c4ccccc4)c4cc(C5(c6ccc7nc(*)cc(-c8ccccc8)c7c6)c6ccccc6C(=O)c6ccccc65)ccc4n3)cc2)cc1,320.0,332.25916,5.726005626814244,12.259155
*CCNC(=O)c1ccc(C(=O)N*)c(Sc2ccccc2)c1,172.0,160.88062,0.8894267726649135,-11.119385
*c1ccc(Oc2ccc(N3C(=O)c4ccc(Oc5c(Oc6ccc7c(c6)C(=O)N(*)C7=O)cc(C(C)(C)C)cc5C(C)(C)C)cc4C3=O)cc2)cc1,228.0,229.45956,0.9382450017440432,1.4595642
*c1ccc(-c2ccc3c(c2)C(CCCCCCC#N)(CCCCCCC#N)c2cc(*)ccc2-3)cc1,90.0,91.36501,0.9171637554487092,1.3650131
*C(=O)OCCCCCCCCOC(=O)c1ccc(NC(=O)c2ccc(N3C(=O)c4ccc(*)cc4C3=O)cc2)cc1,105.0,93.68981,1.800626378316737,-11.310188
*OS(=O)(=O)c1cc(S(=O)(=O)Oc2ccc(C3(c4ccc(*)c(C)c4)CCCCC3)cc2C)ccc1C,141.0,139.06758,0.821643736878086,-1.9324188
*CC(*)(C)C(=O)OCCCCCCCCOc1ccc(C(=O)Oc2ccc(C(=O)/C=C/c3c(C)c4ccccc4n3CCCC)cc2)cc1,69.0,72.71456,0.9130872268080404,3.7145615
*Oc1c(C)cc(C2(c3cc(C)c(Oc4ccc(C(=O)c5cccc(C(=O)c6ccc(*)cc6)c5)cc4)c(C)c3)CCC3CCCCC3C2)cc1C,224.0,231.12437,0.8212030126819174,7.1243744
*c1ccc2c(c1)C(=O)N(c1ccc(NC(=S)/N=C/c3ccc(Cl)c(N4C(=O)c5ccc(C(*)(C(F)(F)F)C(F)(F)F)cc5C4=O)c3)cc1)C2=O,272.0,279.17395,1.1145139451774178,7.17395
*c1ccc(Oc2ccc(-c3ccc(Oc4ccc(-c5nc(*)nc(-c6ccccc6)n5)cc4)cc3)cc2)cc1,241.0,235.55293,1.8003568228739575,-5.4470673
*CC(*)C(=O)OCCCOC,-66.5,-59.34393,3.38889291558281,7.1560707
*c1ccc(Oc2cccc(Oc3ccc(N4C(=O)c5ccc(Oc6ccc(Oc7ccc(Oc8ccc9c(c8)C(=O)N(*)C9=O)cc7)cc6)cc5C4=O)cc3)c2)cc1,184.0,195.87065,1.888349186301658,11.870651
*c1ccc(Oc2ccc(S(=O)(=O)c3ccc(Oc4ccc(-c5ncc(*)o5)cc4C(F)(F)F)cc3)cc2)c(C(F)(F)F)c1,210.0,206.02072,0.8448623672399047,-3.9792786
*Oc1ccc(Oc2ccc(NC(=O)c3ccc(Oc4ccc(C(C)(C)c5ccc(C(C)(C)c6ccc(Oc7ccc(C(=O)Nc8ccc(*)cc8)cc7)cc6)cc5)cc4)cc3)cc2)cc1,165.0,177.87553,3.9453684496656827,12.875534
*Oc1ccc(C2(c3ccc(OC(*)=O)cc3)CCCCC2)cc1,175.0,166.64873,1.2612675101279742,-8.351273
*/C=C/c1ccc(/C=C/c2ccc3c(c2)Sc2cc(*)ccc2N3c2ccc(OCCCCCCCCCCCC)cc2)cc1,167.0,161.77315,1.045643367326384,-5.2268524
*Oc1cc(Oc2ccc(C(C)(C)c3ccc(*)cc3)cc2)cc([N+](=O)[O-])c1,150.0,155.61671,1.2665397590661012,5.6167145
*CC(*)c1cccs1,71.0,71.70278,0.6846191965198188,0.7027817
*Oc1ccc(C(C)(CC)c2ccc(OC(*)=O)c(C)c2)cc1C,119.0,115.71618,1.0946471644881113,-3.283821
*c1ccc(Oc2ccc(Oc3ccc(-c4cnc5cc(-c6ccc7nc(*)cnc7c6)ccc5n4)cc3)cc2)cc1,195.0,247.41977,36.1880146523727,52.41977
*O[Si](C)(C)O[Si](C)(C)c1ccc([Si](*)(C)C)cc1,-62.499996,-63.12179,4.591541646644098,-0.62179565
*Oc1c(OC)cc(-c2cc(OC)c(OC(=O)CCCCCCCCC(*)=O)c(OC)c2)cc1OC,94.0,92.544,1.1345887045416894,-1.4560013
*c1cc(-c2sc(-c3cc(CCCCCCCCCC)c(*)s3)cc2CCCCCCCCCC)c2cccccc1-2,22.499994,14.699892,2.929950792822262,-7.800102
*c1ccc(OC(=O)c2ccc([Si](C)(C)c3ccc(C(=O)Oc4ccc(C5(*)c6ccccc6C(=O)N5c5ccccc5)cc4)cc3)cc2)cc1,255.0,253.69333,1.5523895875002198,-1.3066711
*CC(*)(C)C(=O)OCSC,60.000004,55.080853,0.5725528825753259,-4.9191513
*Oc1ccc(S(=O)(=O)c2ccc(Oc3ccc(C(C)(C)c4ccc(*)c(Cl)c4)cc3Cl)cc2)cc1,205.0,201.13426,0.9561441533679317,-3.865738
*c1ccc2c(c1)Sc1cc(-c3sc4cc(*)sc4c3CCCCC)ccc1N2CCCCCCCCCC,131.0,128.02686,0.6587243853731389,-2.9731445
*c1ccc(Sc2ccc(Sc3ccc(Sc4ccc(N5C(=O)c6ccc(Oc7ccc8c(c7)C(=O)N(*)C8=O)cc6C5=O)cc4)cc3)cc2)cc1,202.65,197.98529,1.5965939573338237,-4.6647034
*CCOCCOC(=O)CCCCCCCC(=O)O*,-71.0,-53.5646,2.7708094064119986,17.435398
*O[Si](*)(C)CCCCCCCC,-91.999985,-85.59558,4.94371007290396,6.4044037
*Nc1ccc(C(C)(C)c2ccc(NC(=O)c3cc(C(*)=O)cc(S(=O)(=O)c4ccccc4)c3)cc2)cc1,287.0,282.899,2.4759224542443494,-4.101013
*CC(*)(C)C(=O)OC1CCCC1,75.0,88.45558,1.5025419372856885,13.455582
*C(=O)c1cc2c(cc1Cl)C(=O)N(c1cc(C(=O)OC)cc(N3C(=O)c4cc(*)c(Cl)cc4C3=O)c1)C2=O,321.0,315.79172,2.818790903561133,-5.2082825
*c1ccc(S(=O)(=O)c2ccc(-n3nc(-c4ccccc4)c4ccc(Oc5ccc6c(-c7ccccc7)nn(*)c(=O)c6c5)cc4c3=O)cc2)cc1,294.5,264.4764,9.640646431561361,-30.02359
*Oc1ccc(C(C)(C)c2ccc(Oc3ccc(C(=O)c4ccc(Oc5ccc(C(=O)c6ccc(*)cc6)cc5)cc4)cc3)cc2)cc1,162.0,160.02155,1.2817752965924376,-1.9784546
*C(=O)NCC(C)(C)CNC(=O)c1ncn(C)c1*,152.0,143.22797,2.0927999732495692,-8.772034
*Nc1cc(NC(=O)c2cc(NC(=O)C(C(C)CC)N3C(=O)c4ccccc4C3=O)cc(C(*)=O)c2)ccc1C,166.0,166.3359,1.2892469252544407,0.33590698
*O[Si](C)(C)C#C[Si](C)(C)C#C[Si](C)(C)C#C[Si](C)(C)C#C[Si](C)(C)C#C[Si](C)(C)C#C[Si](*)(C)C,-12.600004,-26.563963,3.2468254683298063,-13.963959
*c1ccc(Oc2ccc(-c3nnc(*)o3)cc2)cc1,240.0,238.08632,1.943878445293409,-1.913681
*N=P1(*)Oc2ccc3ccccc3c2-c2c(ccc3ccccc23)O1,291.0,285.6185,2.03067802065069,-5.3815002
*N=P1(*)Oc2ccccc2-c2ccccc2O1,160.0,167.86246,3.549743162022318,7.8624573
*CC(O)COc1ccc(C(C)(C)c2ccc(OCC(O)COc3ccc(S(=O)(=O)c4ccc(O*)cc4)cc3)cc2)cc1,140.0,135.87514,0.9246595749837823,-4.1248627
*OC(COC(=O)c1ccc(C)cc1C(*)=O)COc1ccc(/N=N/c2ccc(C#N)cc2)cc1,124.0,124.37324,0.6854370784188509,0.3732376
*Oc1ccc(C(C)(C)c2ccc(Oc3ccc(C(=O)c4ccc(C(C)(C)c5ccc(C(=O)c6ccc(*)cc6)cc5)cc4)cc3)cc2)cc1,171.0,158.29547,1.290368292651987,-12.704529
*C(=O)Nc1ccccc1NC(=O)c1ccc(N2C(=O)c3ccc(*)cc3C2=O)cc1,215.0,211.80998,1.4083759792726178,-3.1900177
*CC(CC(Cl)(Cl)Cl)O*,-35.999996,-45.2431,3.477323018618443,-9.243103
*CCC1C[N+](C)(C)CC1*,-6.6999946,-30.132444,5.088388668335,-23.43245
*CCOCCOC(=O)CC(=O)O*,-41.499996,-31.044401,2.5299853902719205,10.455595
*c1ccc2c(c1)C(=O)N(c1cccc(C(=O)Nc3ccc(Oc4ccccc4Oc4ccc(NC(=O)c5cccc(N6C(=O)c7ccc(C(*)(C(F)(F)F)C(F)(F)F)cc7C6=O)c5)cc4)cc3)c1)C2=O,265.0,262.76544,1.4995951538341055,-2.234558
*c1cccc(S(=O)(=O)c2cccc(-n3c(=O)c4cc5c(=O)n(*)c(=O)c5cc4c3=O)c2)c1,360.0,331.00052,7.661335373620869,-28.999481
*CC(COC(=O)O*)OCCCCOc1ccc(/C=C/c2ccc([N+](=O)[O-])cc2)cc1,42.000004,45.52593,0.6918135726430655,3.5259247
*CC(C)(C)COC(=O)c1ccc(C(=O)O*)cc1,68.0,65.904465,1.118180590367022,-2.0955353
*CCCCCNC(=O)Cc1ccc(C(=O)N*)cc1,103.0,91.92585,0.893632005128106,-11.07415
*CC(*)CNc1ccc([N+](=O)[O-])c(C(F)(F)F)c1,153.0,148.80307,0.8620697750886259,-4.19693
*OC(*)C,-19.499998,-33.203274,5.343543106347979,-13.703276
*CCCCCCCCOc1ccc(C(c2ccc(O*)cc2)(C(F)(F)F)C(F)(F)F)cc1,27.800005,32.537807,2.6271738460276115,4.7378025
*CC(*)(C)C(=O)OC1CCC1,119.0,99.54384,1.334046746621706,-19.456161
*c1cc(N2C(=O)c3ccc(P(=O)(c4ccccc4)c4ccc5c(c4)C(=O)N(*)C5=O)cc3C2=O)cc(C(F)(F)F)c1,317.0,309.97485,1.9051680217065432,-7.0251465
*Nc1cccc(NC(=O)c2cc(C(*)=O)cc(S(=O)(=O)c3ccccc3)c2)c1,277.0,275.79156,1.5680500885023914,-1.208435
*CCCCCCCNC(=O)c1ccc(C(=O)N*)cc1,160.0,141.87103,1.6309604960075204,-18.128967
*CC(*)C(=O)OCCCCCCCCOC(=O)c1ccc(OC(=O)c2ccc(C#N)cc2)cc1,15.000002,24.91189,0.9968524707921517,9.911888
*CCCCCOC(=O)NCCCCCCNC(=O)O*,33.000004,53.77496,22.418289882711793,20.774956
*c1cccc(-c2nc3cc(-c4ccc5nc(*)c(-c6ccc7ccccc7c6)nc5c4)ccc3nc2-c2ccc3ccccc3c2)c1,317.0,307.8335,5.23202380982981,-9.166504
*Cc1ccc2oc(=O)c(C(=O)Nc3ccc(Oc4ccc(C(c5ccc(Oc6ccc(NC(=O)c7cc8cc(*)ccc8oc7=O)cc6)cc5)(C(F)(F)F)C(F)(F)F)cc4)cc3)cc2c1,283.0,293.87402,1.9010237376767996,10.874023
*C(=O)c1ccc(Oc2ccc(S(=O)(=O)c3ccc(Oc4ccc(C(=O)c5ccc6c(c5)C(=O)N(c5ccc(Cc7ccc(N8C(=O)c9ccc(*)cc9C8=O)cc7)cc5)C6=O)cc4)cc3)cc2)cc1,245.0,236.73216,1.1765406003975363,-8.267838
*c1cccc(N2C(=O)c3ccc(-c4ccc5c(c4)C(=O)N(*)C5=O)cc3C2=O)c1,333.25,317.2795,4.723567682402787,-15.9704895
*CC(*)(C)C(=O)OCCCCCC,-4.9999976,-28.83766,4.821966100701553,-23.837662
*CC(*)(C)C(=O)OCCCCCCCCCCn1c2ccccc2c2cc(/C=C(\C#N)C(=O)OC)ccc21,58.000004,57.55795,0.8653646557786704,-0.44205475
*O[Si](C)(CCC(F)(F)C(F)(F)C(F)(F)C(F)(F)C(F)(F)C(F)(F)F)O[Si](C)(C)c1ccc([Si](*)(C)C)cc1,-54.999996,-53.0805,3.016444997677932,1.9194946
*c1ccc(Oc2cccc(N3C(=O)c4ccc(Oc5ccc6cc(Oc7ccc8c(c7)C(=O)N(*)C8=O)ccc6c5)cc4C3=O)c2)cc1,225.0,224.15309,1.5968352377301578,-0.84690857
*CC(*)(C)C(=O)OCCn1c2ccccc2c2cc(/N=N/c3ccc([N+](=O)[O-])cc3[N+](=O)[O-])ccc21,182.0,172.98677,1.0305990528919342,-9.013229
*Oc1ccc(C(=O)O)c(C(=O)Nc2ccc(NC(=O)c3cc(*)ccc3C(=O)O)cc2)c1,166.3,154.82382,3.1091081893336265,-11.476181
*Oc1ccc(Oc2ccc(S(=O)(=O)c3ccc(Oc4ccc(Oc5cccc(*)n5)cc4)cc3)cc2)cc1,158.0,148.92735,1.0214857959777892,-9.072647
*CCOC(=O)CCCCCC(=O)O*,-45.999996,-33.417873,3.203146176580933,12.582123
*/C=C/CCCCCCCCCC*,-52.999996,-68.548996,4.933433454912177,-15.549
*N=P(*)(C)CCCCCC,-69.0,-66.636215,3.579558046552669,2.3637848
*CC1CCCC(COC(=O)c2ccc(C(=O)O*)cc2)C1,75.0,73.09824,0.9687248734778324,-1.9017563
*CCCOC(=O)Nc1ccc(Cc2ccc(NC(=O)O*)cc2)cc1,119.0,109.362465,1.7164804684295552,-9.637535
*Nc1ccc(C(C)(C)c2ccc(NC(=O)c3cc(C(*)=O)cc(N4C(=O)C5CC=CCC5C4=O)c3)cc2)cc1,308.0,310.54666,2.3733673946733194,2.5466614
*CC(=O)NCCCCCCNC(=O)COc1ccc(O*)cc1,67.0,62.79646,0.6578984922109473,-4.203541
*CC(*)OC(C)=O,32.000004,40.77364,0.7656366819626044,8.773636
*Oc1cccc(C(F)(F)C(F)(F)C(F)(F)c2cccc(OC(*)=O)c2)c1,46.000004,51.038105,1.1243746058192696,5.038101
*c1ccc(Cc2ccc(N3C(=O)CC(Nc4ccc(Cc5ccc(NC6CC(=O)N(*)C6=O)cc5)cc4)C3=O)cc2)cc1,239.0,254.64389,4.1191305484256855,15.64389
*c1ccc(OC(=O)c2cc(Cl)cc(C(=O)Oc3ccc(C4(*)OC(=O)c5ccccc54)cc3)c2)cc1,313.0,315.51086,3.8667864405845926,2.5108643
*c1ccc2c(c1)C(=O)N(c1cccc(C(=O)Nc3ccc(C(c4ccc(NC(=O)c5cccc(N6C(=O)c7ccc(C(*)(C(F)(F)F)C(F)(F)F)cc7C6=O)c5)cc4)(C(F)(F)F)C(F)(F)F)cc3)c1)C2=O,273.5,299.70306,2.9791996403865157,26.203064
*CCC(C)Oc1ccc(-c2ccc(C(=O)OCC(C)COC(=O)c3ccc(-c4ccc(O*)cc4)cc3)cc2)cc1,84.0,81.76933,1.1608879535749328,-2.230667
*Oc1ccc(Oc2ccc(C(=O)c3ccc(C(=O)c4ccc(*)cc4)c4ccccc34)cc2)cc1,200.025,188.71526,1.1875700676815262,-11.309738
*OS(=O)(=O)c1cc(C)c(*)c(C)c1,153.0,148.65971,1.1639175724403616,-4.3402863
*C(=O)c1ccc2c(c1)C(=O)N(c1ccc(Oc3ccc(C(=O)c4ccc(Oc5ccc(C(=O)c6ccc(Oc7ccc(N8C(=O)c9ccc(*)cc9C8=O)cc7)cc6)cc5)cc4)cc3)cc1)C2=O,215.0,230.33963,1.564928628097212,15.33963
*CC(*)c1ccc(C(=O)OCCCCCC)cc1,66.0,41.112553,1.731982524449238,-24.887447
*CC(=C)COCC(=C)COC(=O)O*,70.5,69.022255,0.6841805667715352,-1.477745
*Nc1ccc(NC(=O)Cc2cc(CC(*)=O)c(C)cc2C)cc1,208.0,205.16533,1.2722408462086503,-2.834671
*Oc1ccc(CCNC(=O)c2cccc(C(*)=O)c2)cc1,152.0,149.8425,0.8990348428918531,-2.1575012
*c1ccc(N(c2ccc(C#N)cc2)c2ccc(N3C(=O)c4ccc(-c5ccc6c(c5)C(=O)N(*)C6=O)cc4C3=O)cc2)cc1,358.0,329.98206,5.810069224899552,-28.017944
*C(=O)OCCN(CCOC(=O)c1ccc2c(c1)C(=O)N(c1cccc(N3C(=O)c4ccc(*)cc4C3=O)c1)C2=O)c1ccc(/N=N/c2ccc(F)cc2)cc1,168.0,169.9724,1.1865121620548909,1.9723969
*CC(*)c1ccc(COCCC)cc1,21.999994,17.748667,1.4748888371396809,-4.2513275
*CCCC(C)CN1C(=O)c2ccc(C(=O)Oc3ccc4cc(OC(=O)c5ccc6c(c5)C(=O)N(*)C6=O)ccc4c3)cc2C1=O,130.0,135.39449,1.4673731203497018,5.3944855
*CC(O)COc1ccc(C(C)(C)c2ccc(OCC(O)COc3cccc(C(=O)Nc4cccc(O*)c4)c3)cc2)cc1,117.0,122.53673,1.0683319976509429,5.536728
*CC(*)C(=O)Oc1ccc(-c2ccccc2)cc1,110.0,100.21055,6.34248667390836,-9.789452
*Cc1cccc(CNC(=O)/C=C(\C)C(=O)N*)c1,135.0,114.39544,0.9017031694971461,-20.60456
*C(=O)Nc1ccc(Oc2ccc(C(=O)c3ccc(Oc4ccc(NC(=O)c5ccc(*)nc5)cc4)cc3)cc2)cc1,170.0,167.30815,1.0674898201564464,-2.6918488
*Oc1ccc(Oc2ccc(Nc3ccc(S(=O)(=O)c4ccc(Nc5ccc(*)cc5)cc4)cc3)cc2)cc1,144.6,141.5204,1.0470219329241894,-3.079605
*CCCCCCCCOC(=O)Nc1ccc(C)c(NC(=O)O*)c1,64.0,23.199495,11.039038073044527,-40.800507
*c1ccc(Oc2cccc(NC(=O)c3cc(C(=O)Nc4cccc(Oc5ccc(-c6nnc(*)o6)cc5)c4)cc(N4C(=O)c5c(Cl)c(Cl)c(Cl)c(Cl)c5C4=O)c3)c2)cc1,275.0,270.2803,0.8764742880554528,-4.719696
*c1ccc(NC(=O)c2cccc(C(=O)Nc3ccc(S(*)(=O)=O)cc3)c2)cc1,78.0,173.99356,45.620509826463206,95.99356
*Nc1ccc(Cc2ccc(NC(=O)NCCCCCCCCCCCCNC(*)=O)cc2)cc1,51.000004,20.333422,8.142285116976218,-30.666582
*c1ccc(S(=O)(=O)c2ccc(-n3nccc3-c3cccc(-c4ccnn4*)c3)cc2)cc1,218.0,237.1445,2.501022317696336,19.1445
*c1ccc(-c2ccc(-n3c(=O)c4cc5c(=O)n(*)c(=O)c5c(C(F)(F)F)c4c3=O)cc2C)c(C)c1,373.00003,377.23224,9.029334062957465,4.2322083
*CCCCCCCCCCCCCCNC(=O)NCc1ccc(CNC(=O)N*)cc1,54.000004,53.726208,0.9012346415053062,-0.27379608
*CCCCOC(=O)NCCCCCCNC(=O)O*,33.500004,55.06345,22.824835621626743,21.563446
*c1ccc(S(=O)(=O)c2ccc(N3C(=O)c4ccc(Oc5ccc(C(C)(C)c6ccc(Oc7ccc8c(c7)C(=O)N(*)C8=O)cc6)cc5)cc4C3=O)cc2)cc1,267.0,227.63866,2.230689206417095,-39.361343
*c1ccc(Oc2ccc(N3C(=O)c4ccc(Oc5ccc(C(c6ccc(Oc7ccc8c(c7)C(=O)N(*)C8=O)cc6)(C(F)(F)F)C(F)(F)F)cc5)cc4C3=O)cc2)cc1,257.0,246.2888,2.0401233522769773,-10.711197
*CCC[Si](*)(C)c1ccccc1,-1.4999977,-3.63722,2.565502409168763,-2.1372223
*CC(COc1ccc(C(C)(C)c2ccc(O*)cc2)cc1)OC(=O)/C=C/c1ccccc1,100.6,102.96167,0.5869853040602183,2.3616714
*CC(F)(F)C1(F)CC(CC(O)(C(F)(F)F)C(F)(F)F)CC1*,98.0,96.5649,1.1106564957855036,-1.4350967
*Oc1cccc(Oc2ccc(Oc3cccc(OC(=O)c4ccc(C(*)=O)cc4)c3)cc2)c1,103.0,127.45643,3.2949368212478007,24.456429
*c1c(C)cc(C)c(N2C(=O)c3cccc(Oc4c(C)cc(-c5cc(C)c(Oc6cccc7c6C(=O)N(*)C7=O)c(C)c5)cc4C)c3C2=O)c1C,325.0,326.8032,5.005054775892773,1.8031921
*c1ccc(C(c2ccccc2)(c2ccc(-n3c(=O)c4cc5c(=O)n(*)c(=O)c5cc4c3=O)cc2)C(F)(F)F)cc1,436.0,375.19705,13.005403767498366,-60.802948
*CC(*)(C)C(=O)OCCCCCCCCCCOc1ccc2cc(C(=O)Oc3ccccc3)ccc2c1,23.999994,37.310772,1.4686380621497541,13.310778
*CC(*)C(=O)OCCCCCCOc1ccc(/C=N/c2ccc(OCCCCC)cc2)c(O)c1,41.000004,39.301075,0.9739238167399897,-1.6989288
*CCCCCCCCCCCCN1C(=O)c2ccc(Oc3ccc4c(c3)C(=O)N(*)C4=O)cc2C1=O,70.0,83.61494,3.245836470038582,13.614937
*O[Si](C)(C)c1ccc2ccc([Si](*)(C)C)cc2c1,25.999994,34.67406,3.757194036120482,8.674067
*C(=O)c1ccc2c(c1)C(=O)N(c1ccc(-c3ccc(NC(=O)c4cccc(C(=O)Nc5ccc(-c6ccc(N7C(=O)c8ccc(*)cc8C7=O)cc6)cc5)c4)cc3)cc1)C2=O,238.0,279.0236,7.011834098953434,41.02359
*CC(*)C(=O)OCc1ccc(C#N)cc1,44.000004,43.698734,0.9332328832332141,-0.30126953
*CCCCCCCC(=O)OCCCCC1COC(*)O1,-43.999996,-44.856792,3.001098768580882,-0.85679626
*CCCCCCOC(=O)CCCCCNC(=O)CCCCC(=O)NCCCCCC(=O)O*,-6.9999976,-6.8896613,1.8165376894531187,0.1103363
*CCCCCCCCCCOc1ccc(/C=N/c2ccc(-c3ccc(/N=C/c4ccc(O*)cc4O)c(OC)c3)cc2OC)c(O)c1,72.0,63.835896,0.821047238120482,-8.164104
*C(=O)Nc1cccc(NC(=O)c2ccc3c(c2)C(=O)N(c2cccc(N4C(=O)c5ccc(*)cc5C4=O)c2)C3=O)n1,339.0,292.2047,24.46962900341212,-46.795288
*CCCCCCNC(=O)c1ccc(C(=O)N*)cc1,132.5,143.91539,1.6366685995504837,11.41539
*c1ccc(Oc2cccc(Oc3ccc(N4C(=O)c5ccc(-c6cccc7c6C(=O)N(*)C7=O)cc5C4=O)cc3)c2)cc1,259.0,247.61809,2.492613947217836,-11.381912
*c1ccc(C(c2ccc(N3C(=O)c4cc(-c5ccc([Si](C)(C)C)cc5)c(-c5cc6c(cc5-c5ccc([Si](C)(C)C)cc5)C(=O)N(*)C6=O)cc4C3=O)cc2)(C(F)(F)F)C(F)(F)F)cc1,365.0,365.521,7.292862508356639,0.5209961
*Nc1ccc(NC(=O)c2cc(NC(=O)c3ccccc3)cc(C(*)=O)c2)cc1,321.0,311.4508,3.671044786831445,-9.549194
*CC(*)(C)C(=O)OCCCCCCCCCCOc1ccc(/N=N/c2ccc(C3OCC4(CO3)CC3C=CC4C3)cc2)cc1,103.2,110.20938,0.5860177214986169,7.009384
*CC(*)OC(=O)OCCC(F)(F)C(F)(F)C(F)(F)C(F)(F)C(F)(F)C(F)(F)F,37.000004,40.513836,0.7703097617220742,3.513832
*CCN(*)C(=O)CCCCCCC,10.000002,9.657137,1.050671298918744,-0.342865
*Oc1c(C)cc(C(C)(C)c2cc(C)c(OC(=O)CCCCC(*)=O)c(C)c2)cc1C,93.0,84.79654,1.1097025794963509,-8.203461
*CC(O)COC(=O)CCCCCCC(=O)OCC(O)COc1ccc(C(C)(C)c2ccc(O*)cc2)cc1,35.000004,29.777575,0.8623629454313072,-5.2224293
*Oc1ccc(NC(=O)c2cccc(C(=O)Nc3ccc(Oc4ccc(C5(c6ccc(*)cc6)CC6CCC5C6)cc4)cc3)c2)cc1,256.0,269.12933,1.3344901412389278,13.1293335
*CC(*)(CC(=O)OCCCC)C(=O)OCCCC,23.999994,24.639215,1.584627015176577,0.6392212
*Oc1cc(OC(=O)c2ccc(OCCCC)cc2)c(OC(=O)CCCCCCCC(*)=O)cc1OC(=O)c1ccc(OCCCC)cc1,38.000004,34.688602,0.9330954874519681,-3.3114014
*CC(*)(C)C(=O)OCC1(CC)COC1,105.0,107.505936,1.2155597456026284,2.5059357
*C(=O)c1ccc2c(c1)C(=O)N(c1ccc(-c3c(-c4ccc(-c5ccccc5)cc4)cc(-c4ccc(OCCCCCCCCCCOc5ccc(-c6cc(-c7ccc(-c8ccccc8)cc7)c(-c7ccc(N8C(=O)c9ccc(*)cc9C8=O)cc7)c(-c7ccc(-c8ccccc8)cc7)c6)cc5)cc4)cc3-c3ccc(-c4ccccc4)cc3)cc1)C2=O,103.5,110.86209,1.3796774354648897,7.362091
*c1c(C)cc(-c2cc(C)c(N3C(=O)c4ccc(Oc5c(C)cc(Cc6cc(C)c(Oc7ccc8c(c7)C(=O)N(*)C8=O)c(C)c6)cc5C)cc4C3=O)c(C)c2)cc1C,420.0,344.13058,10.634368959434399,-75.869415
*CCCCCCOC(=O)OCCCCCCOC(=O)OCCCCCCOc1ccc(-c2ccc(O*)cc2)cc1,16.599993,9.833025,1.7737988048045412,-6.766968
*CCCOC(=O)CCC(=O)O*,-34.699993,-36.45918,4.668370183955995,-1.7591858
*Oc1ccc(C2(c3ccc(OC(=O)OC4C(C)(C)C(OC(*)=O)C4(C)C)cc3)CCC(C(C)(C)C)CC2)cc1,172.0,164.65158,0.9387108069536328,-7.348419
*/N=N/c1ccc(NC(=O)CCC(=O)Nc2ccc(*)cc2)cc1,220.0,222.26872,1.0333380671133408,2.2687225
*/C(=C/c1cc(OC)c(/C=C(\c2ccccc2)c2ccc(-c3ccc(*)cc3)cc2)cc1OC)c1ccccc1,223.0,197.4187,1.3619830161217448,-25.581299
*CC1CCC(COC(C)OC(=O)c2ccc(C(=O)OC(C)O*)cc2)CC1,61.000004,48.888203,1.023545371305352,-12.111801
*C(=O)Nc1ccc(-c2ccc(NC(=O)c3ccc4c(c3)C(=O)N(c3cccc(P(=O)(c5ccccc5)c5cccc(N6C(=O)c7ccc(*)cc7C6=O)c5)c3)C4=O)cc2)cc1,253.0,243.58943,2.717222119499076,-9.410568
*CCOCCOCCOCCOCCOCCOc1ccc(C(=O)Nc2cc(NC(=O)c3ccc(O*)cc3)cc(-c3nc4ccccc4[nH]3)c2)cc1,125.0,142.15398,7.078758829997052,17.153976
*c1cccc(NC(=O)c2ccc(OCCOc3ccc(C(=O)Nc4ccc5[nH]c(*)nc5c4)cc3)cc2)c1,250.0,231.13864,3.066048644713879,-18.861359
*c1cc(/N=N/c2ccc(C#N)cc2)cc(*)c1O,176.0,161.24615,1.3569779140113298,-14.753845
*c1ccc2c(c1)C(=O)N(c1c(C)cc(C(c3ccccc3)(c3cc(C)c(N4C(=O)c5ccc(C(*)(C(F)(F)F)C(F)(F)F)cc5C4=O)c(C(C)C)c3)C(F)(F)F)cc1C(C)C)C2=O,289.0,277.43756,1.6642380265034917,-11.562439
*NNC(=O)c1ccc(C(*)=O)cc1OCCCCC,234.0,219.26117,2.73792196683458,-14.738831
*CCCCCCN(C)C(=O)CCC(=O)N(*)C,7.5000024,14.632418,1.0801260431352955,7.1324153
*CCc1ccc(CCNC(=O)CCCCCCCCCC(=O)N*)cc1,96.0,96.85857,0.626028430693592,0.8585663
*CC(*)(Cl)Cl,-16.499998,-7.4740577,6.149383605600541,9.02594
*CC(*)C(=O)Oc1ccc(Cl)cc1,330.0,162.81345,105.24142188594926,-167.18655
*C(=O)Oc1ccc(-c2ccc(OC(=O)c3ccc4c(c3)C(=O)N(c3ccc(Oc5ccc(N6C(=O)c7ccc(*)cc7C6=O)cc5)cc3)C4=O)cc2)cc1,232.0,243.25374,3.1835861277843622,11.253738
*CC(*)C(=O)OCCCCCn1c2ccccc2c2ccccc21,53.000004,34.846546,1.105649299227204,-18.153458
*Oc1ccc2ccc(Oc3ccc(C(=O)Nc4ccc(Oc5ccc(C(C)(C)c6ccc(Oc7ccc(NC(=O)c8ccc(*)cc8)cc7)cc6)cc5)cc4)cc3)cc2c1,143.0,156.8462,1.7648615862351176,13.846207
*CCCC(O)CN(CCCC)c1ccc(C#Cc2ccc(S(*)(=O)=O)cc2)cc1,48.000004,45.273228,0.55089765283715,-2.7267761
*CC(*)(C)C(=O)OCCC(C)CC(C)(C)C,1.0000023,-1.3019997,1.6753261383282572,-2.302002
*CC(*)(C)C(=O)Oc1ccc(C(=O)Oc2ccc(C(=O)c3ccccc3)cc2)cc1,72.0,85.15386,1.4714965646229912,13.153862
*CC(*)C(=O)Oc1ccc([N+](=O)[O-])cc1,73.3,81.48289,1.8923305222859605,8.182884
*CCNC(=O)c1ccccc1O*,84.0,75.629,1.9183213638681604,-8.371002
*CC/C(C)=C(/*)C,8.000002,155.12305,96.75035590272213,147.12305
*C(=O)c1ccc2c(c1)C(=O)N(c1cc(N3C(=O)c4ccc(*)cc4C3=O)cc(C(F)(F)F)c1)C2=O,295.5,281.60666,2.5090105419291366,-13.893341
*Oc1ccc2c(c1)C1(CC2(C)C)CC(C)(C)c2ccc(OC(*)=O)cc21,228.0,227.42412,1.53787454004627,-0.57588196
*c1ccc(Oc2cc(C(C)(C)C)ccc2Oc2ccc(-n3c(=O)c4cc5c(=O)n(*)c(=O)c5cc4c3=O)cc2)cc1,321.0,323.24866,9.92589347789422,2.2486572
*/C=C/C1=C(*)CC(C(=O)OCC)(C(=O)OCC)C1,27.649996,23.31531,0.9006052599159102,-4.3346863
*Oc1ccc(S(=O)(=O)c2ccc(Oc3cc(C)c(C(c4cc(C(C)C)c(*)cc4C)c4ccccc4C(=O)O)cc3C(C)C)cc2)cc1,240.0,242.87271,1.1223177532739572,2.8727112
*CCCCCCCCNC(=O)c1ccc(C(=O)N*)c(Oc2ccccc2)c1,96.0,93.46762,0.9871339184392864,-2.5323792
*c1c(C)cc(C)c(-n2c(=O)c3cc4c(=O)n(*)c(=O)c4cc3c2=O)c1C,399.75,386.802,11.496697555920395,-12.947998
*c1ccc(Cc2ccc(N3C(=O)c4ccc(S(=O)(=O)c5ccc6c(c5)C(=O)N(*)C6=O)cc4C3=O)c(C(C)(C)C)c2)cc1C(C)(C)C,336.0,328.95074,6.309018653377262,-7.0492554
*c1ccc(-c2ccc(-c3ccc(-c4ccc(-c5ccc6c(c5)C(=O)N(c5ccc(Oc7ccc(C(C)(C)c8ccc(Oc9ccc(N%10C(=O)c%11ccc(*)cc%11C%10=O)cc9)cc8)cc7)cc5)C6=O)cc4)cc3)cc2)cc1,236.0,210.70248,1.650744336560587,-25.297516
*CCCCCCN1C(=O)c2ccc(-c3ccc(-c4ccc5c(c4)C(=O)N(*)C5=O)cc3)cc2C1=O,141.0,114.35624,3.184720271314006,-26.64376
*c1ccc(-c2c(-c3ccc(-c4ccccc4)cc3)cc(-c3ccc(OCCCCCCCCCCOc4ccc(-c5cc(-c6ccc(-c7ccccc7)cc6)c(-c6ccc(-n7c(=O)c8cc9c(=O)n(*)c(=O)c9cc8c7=O)cc6)c(-c6ccc(-c7ccccc7)cc6)c5)cc4)cc3)cc2-c2ccc(-c3ccccc3)cc2)cc1,121.0,108.87232,1.5880657844363102,-12.127678
*CC(*)c1ccc(B(Oc2ccc(-c3ccc(N(C)C)cc3)c3cccnc23)c2ccc(C(C)(C)C)cc2)cc1,230.0,232.55379,0.8295000108941409,2.5537872
*c1ccc(Oc2ccc(-c3ccc(Oc4ccc(N5C(=O)C(c6ccccc6)=C(c6ccc(C7=C(c8ccccc8)C(=O)N(*)C7=O)cc6)C5=O)cc4)cc3)cc2)cc1,282.0,267.56177,1.8000426556912306,-14.438232
*c1ccc(Oc2ccc(-c3ccc(-c4ccc(Oc5ccc(-c6c7c(c(*)c8ccccc68)C(=O)N(c6ccccc6)C7=O)cc5)c(C(F)(F)F)c4)s3)cc2C(F)(F)F)cc1,287.0,299.86972,3.200990989707427,12.86972
*CCCCC(c1ccc(O)cc1)C(*)c1ccc(O)cc1C,24.999994,14.461245,2.5443277504977644,-10.53875
*Oc1ccc(-c2ccc(Oc3ccc(Oc4ccc(Oc5ccc(*)cc5)cc4)cc3)c3ccccc23)c2ccccc12,147.0,171.0242,5.364000835507994,24.0242
*Oc1ccc(Oc2cccc(*)n2)c(-c2ccccc2)c1,115.0,115.56439,1.0109720864854426,0.5643921
*Nc1cc(NC(=O)c2cc(OCCN(C)c3ccc([N+](=O)[O-])cc3)cc(C(*)=O)c2)cc(C(=O)OC2CC(C)CCC2C(C)C)c1,193.0,196.08244,1.099629227671793,3.0824432
*Nc1cccc(NC(=O)CCCCCCCCC(*)=O)c1,110.0,106.78937,1.5714611063276505,-3.2106323
*C(=O)c1ccc2c(c1)C(=O)N(c1ccc(N(c3ccccc3)c3ccc(N4C(=O)c5ccc(*)cc5C4=O)cc3)cc1)C2=O,270.0,280.3871,3.532378513498642,10.387085
*OCCCCOC1COC2C(OC(=O)CCCCC(=O)OC3COC4C(*)COC34)COC12,114.0,113.00964,1.0764672521252592,-0.99035645
*CC(*)c1ccc(C[Si](C)(C)C)cc1,82.0,85.13258,0.6115550103913537,3.1325836
*CC#CC#CCOc1ccc(C(=O)OCCN(CCOC(=O)c2ccc(O*)cc2)c2ccc(/N=N/c3ccc(C#N)cc3)cc2)cc1,121.0,108.335915,1.2530160137960489,-12.664085
*Oc1ccc(NC(=O)c2cc(NC(=O)c3ccc(OC(C)=O)cc3)cc(C(=O)Nc3ccc(*)cc3)c2)cc1,273.0,269.13428,3.8015343356218123,-3.8657227
*C(=O)c1ccc2c(c1)C(=O)N(c1ccc(Cc3ccc(N4C(=O)c5ccc(*)cc5C4=O)c(C(C)(C)C)c3)cc1C(C)(C)C)C2=O,213.0,235.24728,2.2979207740758425,22.247284
*CCCCOC(=O)OCC1CCC(COC(=O)O*)CC1,13.000002,11.283098,1.2183224270851336,-1.7169037
*Oc1c(C)cc(C2(c3cc(C)c(Oc4ccc(C(=O)c5ccc(*)cc5)cc4)c(C)c3)CCC3CCCCC3C2)cc1C,251.0,243.36398,1.0001830618186327,-7.636017
*CCC1C(=O)N(CCCC)C(=O)C1*,67.9,71.30366,1.0628966959449806,3.403656
*c1ccc2c(c1)C(=O)N(c1ccc(Oc3ccccc3Oc3ccc(N4C(=O)c5ccc(C(*)(C(F)(F)F)C(F)(F)F)cc5C4=O)cc3C(F)(F)F)c(C(F)(F)F)c1)C2=O,247.0,237.54234,1.7884796278085764,-9.457657
*c1cccc(NC(=O)CCCCCCCC(=O)Nc2cccc(S(*)(=O)=O)c2)c1,125.0,117.36498,1.1359437076007899,-7.6350174
*CCC[Si](*)(c1ccccc1)c1ccc(N(C)C)cc1,52.000004,51.34123,0.5815712086390902,-0.6587753
*Oc1ccc(OC(=O)c2cc(OCCCCCCOCC3CCCN3c3ccc([N+](=O)[O-])cc3)c(C(*)=O)cc2OCCCCCCOCC2CCCN2c2ccc([N+](=O)[O-])cc2)cc1,56.000004,49.53034,0.7562943448110545,-6.4696655
*CC(*)(C)C(=O)OCCCCCCCCCCOc1ccc(/N=N/c2ccc(F)cc2)cc1,49.000004,48.661648,1.0401701561137062,-0.33835602
*Nc1cc(NC(=O)Nc2ccc(CCc3ccccc3NC(*)=O)cc2)ccc1C,227.0,226.57315,1.2260904201228424,-0.42684937
*CC(*)C(N)=O,193.0,192.75249,1.3128014003345945,-0.24751282
*C(=O)OCCOCCOC(=O)c1ccc(N2C(=O)c3ccc(*)cc3C2=O)cc1,101.0,72.69441,1.6481835598541807,-28.305588
*C(=O)Nc1cc(NC(=O)c2ccc3c(c2)C(=O)N(c2cccc(N4C(=O)c5ccc(*)cc5C4=O)c2)C3=O)cc(-c2nc3ccccc3[nH]2)c1,361.0,311.2873,19.667854218099627,-49.712708
*CC(COc1ccc(C(C)(C)c2ccc(O*)cc2)cc1)OC(=O)/C=C/c1ccco1,107.2,109.76075,0.5597189437161474,2.5607529
*CC(*)C(=O)OCC(F)(F)C(F)(F)C(F)(F)C(F)(F)C(F)(F)F,-38.999996,-33.463024,3.385219253992791,5.536972
*CCC[Si](C)(C)O[Si](C)(C)CCCN1C(=O)c2ccc(-c3ccc4c(c3)C(=O)N(*)C4=O)cc2C1=O,75.0,67.51103,1.1709746051435597,-7.488968
*Oc1ccc(S(=O)(=O)c2ccc(Oc3ccc(C(c4ccc(*)c(Br)c4)(C(F)(F)F)C(F)(F)F)cc3Br)cc2)cc1,197.5,200.45743,0.9192951703387221,2.957428
*OP(=O)(Oc1ccccc1)Oc1c(Br)cc(C(c2cc(Br)c(*)c(Br)c2)(C(F)(F)F)C(F)(F)F)cc1Br,140.0,141.07481,0.6742060728871417,1.0748138
*N=P(*)(OCCOCCOc1ccc(CCCCCCCC)cc1)OCCOCCOc1ccc(CCCCCCCC)cc1,-13.300001,-28.312971,3.0796694676433938,-15.01297
*CCCCCCCCCOC(=O)c1ccc2cc(C(=O)O*)ccc2c1,50.000004,49.445103,1.5482925332702795,-0.5549011
*CCCCCCCCCCCOC(=O)c1ccc2cc(C(=O)O*)ccc2c1,43.000004,45.708134,1.5356109654947236,2.70813
*CC(*)OC(=O)C(C)(C)C(C)C(C)C,55.000004,52.74953,0.5540872351597839,-2.250473
*CC(*)(C)C(=O)OCCCCCCCCCCCOc1ccc(/C=N/c2ccc(C#N)cc2)cc1,22.999994,28.178843,0.975451088137619,5.1788483
*CCCCCC(=O)Nc1ccc(NC(=O)CCCCCN2C(=O)c3ccc(C(=O)c4ccc5c(c4)C(=O)N(*)C5=O)cc3C2=O)cc1,200.0,169.51929,1.7363843208464234,-30.480713
*Oc1ccc(P(C)(=O)c2ccc(Oc3ccc(C(c4ccc(*)cc4)(C(F)(F)F)C(F)(F)F)cc3)cc2)cc1,208.0,206.15222,0.853704340791765,-1.8477783
*c1cc(C)c(Cc2cc(C)c(N3C(=O)c4ccc(Oc5ccc(Oc6ccc7c(c6)C(=O)N(*)C7=O)cc5)cc4C3=O)cc2C)cc1C,278.0,265.05875,2.541713251203112,-12.941254
*CC(*)OC(=O)C(F)(F)C(F)(F)C(F)(F)C(F)(F)C(F)(F)C(F)(F)C(F)(F)F,-9.999998,-3.2256598,1.7937580553679635,6.7743382
*CCCCCCOC(=O)C(Cc1ccccc1)NC(=O)/C=C/C(=O)NC(Cc1ccccc1)C(=O)O*,92.0,94.362404,0.8734394330703119,2.3624039
*Oc1cccc(NC(=O)c2cccc(C(=O)Nc3ccc(Oc4ccc(C(=O)c5ccc(*)cc5)cc4)cc3)c2)c1,114.0,170.75514,4.188407344443985,56.755142
*c1ccc(-c2ccc(-c3ccc(-c4cc(-c5ccccc5)c5cc(-c6ccc7nc(*)cc(-c8ccccc8)c7c6)ccc5n4)cc3)cc2)cc1,360.0,368.9891,9.446292558976712,8.989105
*CCCC(CCNC(=O)c1ccc(C(=O)N*)cc1)C(C)C,150.0,145.03343,0.6667950261302078,-4.966568
*c1ccc(C(=O)c2ccc(-n3nc(-c4ccc(Oc5ccc(-c6nn(*)c(=O)c7ccccc67)cc5)cc4)c4ccccc4c3=O)cc2)cc1,301.0,278.20752,2.956477184728617,-22.79248
*C(=O)Nc1ccc(Cc2ccc(NC(=O)c3ccc4c(c3)C(=O)N(c3ccc(Oc5ccc(N6C(=O)c7ccc(*)cc7C6=O)cc5)cc3)C4=O)cc2)cc1,270.0,259.35794,3.150789377800357,-10.642059
*C1CCC(CC2CCC(N3C(=O)c4ccc(Oc5ccc6c(c5)C(=O)N(*)C6=O)cc4C3=O)C(C)C2)CC1C,250.0,248.00012,1.0243040850516372,-1.9998779
*c1ccc(Oc2ccc(P(=O)(c3ccccc3)c3ccc(Oc4ccc(-c5cc(*)n(-c6ccccc6)n5)cc4)cc3)cc2)cc1,239.0,235.59167,1.0493946282105364,-3.4083252
*Cc1ccc(C(C)c2ccc(Cn3c(=O)c4cc5c(=O)n(*)c(=O)c5cc4c3=O)o2)o1,116.0,117.73842,0.8438143055183281,1.7384186
*OC(=O)Nc1ccc(Cc2ccc(NC(=O)OC3CC4CC(*)CC(C3)O4)cc2)cc1,200.0,203.60266,1.001746148275093,3.6026611
*CC(*)(C)C(=O)OCc1cc(Cl)ccc1Cl,27.800005,31.330812,1.5826470288686383,3.5308075
*c1nc(C(F)(F)C(F)(F)C(F)(F)F)nc(C(F)(F)C(F)(F)C(F)(F)C(F)(F)C(F)(F)C(*)(F)F)n1,-4.9999976,-8.020033,4.696202883008128,-3.0200353
*O[Si](*)(CCCOCCOC)CCCOCCOC,-54.999996,-62.566128,3.263328670438445,-7.5661316
*c1ccc(Oc2ccc(P(=O)(c3ccccc3)c3ccc(Oc4ccc(-c5ccc(*)nc5)cc4)cc3)cc2)cc1,257.0,253.2041,1.441360705954288,-3.7958984
*C(=O)Nc1cccc(NC(=O)c2ccc3c(c2)C(=O)N(c2cc(-c4nc5ccccc5s4)cc(N4C(=O)c5ccc(*)cc5C4=O)c2)C3=O)n1,358.0,332.8429,35.07244133545513,-25.157104
*CCCCCCOC(=O)OCCCOC(=O)OCCCCCCN1C(=O)c2ccc(C(=O)c3ccc4c(c3)C(=O)N(*)C4=O)cc2C1=O,61.000004,61.232693,1.221737843250951,0.2326889
*c1ccc(NC(=O)CCCCCC(=O)Nc2ccc(S(*)(=O)=O)cc2)cc1,163.0,139.00658,18.45826532452712,-23.993423
*CCOCCOC(=O)C(=O)O*,-27.999998,-13.11392,5.03799499555689,14.886078
*C(=O)c1ccc2c(c1)/C(=N\c1cccc(Oc3cccc(Oc4cccc(/N=C5/OC(=O)c6ccc(*)cc65)c4)c3)c1)OC2=O,190.0,187.83672,1.602813839217449,-2.1632843
*CC(*)OC(=O)c1ccccc1Cl,55.750004,51.323826,0.759925907998588,-4.426178
*CCN(*)C(=O)c1ccccc1F,109.0,106.78368,0.5047032957069574,-2.2163162
*c1ccc(Oc2ccc(Oc3ccc(N4C(=O)C5CCC(C6CCC7C(=O)N(*)C(=O)C7C6)CC5C4=O)cc3)cc2)cc1,238.0,241.11191,0.9499210250900849,3.111908
*c1ccc(C(=O)OCCCCCCCCOc2ccc(/C=C3\CC/C(=C\c4ccc(OCCCCCCCCOC(=O)c5ccc(-c6nnc(*)o6)cc5)cc4)C3=O)cc2)cc1,99.0,92.13682,1.232777678051971,-6.863182
*c1cc(Br)c(Oc2c(Br)cc(N3C(=O)c4ccc(-c5ccc6c(c5)C(=O)N(*)C6=O)cc4C3=O)cc2Br)c(Br)c1,287.0,296.31607,2.906213786608944,9.316071
*CC(*)(CC(=O)Oc1ccc(OCC)cc1)C(=O)Oc1ccc(OCC)cc1,110.5,115.653824,0.6509593769236661,5.153824
*CCCCCCCCCCCCOC(=O)NCc1ccc(CNC(=O)O*)cc1,45.000004,49.280605,1.1655986810351329,4.2806015
*Oc1ccc(S(=O)(=O)c2ccc(Oc3ccc(C(C)(C)c4ccc(OCCCCOc5ccc(C(C)(C)c6ccc(*)cc6)cc5)cc4)cc3)cc2)cc1,140.0,132.89178,1.3077706412375902,-7.1082153
*N=P(*)(OCC(COCCOCCOC)OCCOCCOC)OCC(COCCOCCOC)OCCOCCOC,-81.0,-83.402374,2.8447941023858534,-2.4023743
*OC(=O)C(CC(C)C)NC(=O)CCCCCCCCC(=O)NC(CC(C)C)C(=O)OC1COC2C(*)COC12,89.0,82.80368,0.6738843133308324,-6.1963196
*CC(*)(C)c1nc(N(CCOCCOCCOC)CCOCCOCCOC)nc(N(CCOCCOCCOC)c2ccccc2)n1,-75.0,-63.395092,7.796337619823923,11.604908
*CC(O)CN(*)c1cc(C)c(/N=N/c2ccc(Cl)cc2)c(C)c1,150.0,146.35365,0.817841162020755,-3.646347
*Nc1ccc(Cc2ccc(NC(=O)c3cc(C(*)=O)cc(N4C(=O)C5C6CCC(C6)C5C4=O)c3)cc2)cc1,293.0,304.80212,1.662368627043873,11.802124
*c1cc(CCCCCCCCCC)c(*)s1,-32.999996,-5.412046,2.907042978526554,27.58795
*C(=S)Nc1ccc(Oc2ccc(NC(=S)N3C(=O)c4ccc(C(c5ccc6c(c5)C(=O)N(*)C6=O)(C(F)(F)F)C(F)(F)F)cc4C3=O)cc2)cc1,260.0,261.39856,0.795837101987358,1.3985596
*Oc1ccc(C2(c3ccc(OC(*)=O)c(Cl)c3)CCCCC2)cc1Cl,179.0,184.30331,0.8321983928265815,5.303314
*CCOCCOC(=O)O*,-26.999998,-30.377302,2.287107767980751,-3.377304
*C(=O)Nc1ccc(Oc2ccc(NC(=O)c3ccc4c(c3)C(=O)N(c3cccc(P(=O)(c5ccccc5)c5cccc(N6C(=O)c7ccc(*)cc7C6=O)c5)c3)C4=O)cc2)cc1,235.0,229.76009,1.381612391143304,-5.239914
*c1ccc(N2C(=O)c3ccc(C(=O)c4ccc5c(c4)C(=O)N(c4ccc6[nH]c(*)nc6c4)C5=O)cc3C2=O)cc1,412.0,373.26065,9.141112233234201,-38.73935
*Nc1cccc(NC(=O)c2cc(NC(=O)C(CCSC)N3C(=O)c4ccccc4C3=O)cc(C(*)=O)c2)c1,196.0,202.77646,1.4040356549208528,6.7764587
*CC(*)(C)C(=O)OCCCCCCCCOc1ccc(/N=N/c2ccc(C3OCC4(CO3)CC3C=CC4C3)cc2)cc1,106.2,111.11133,0.5871994613564437,4.911331
*CC(*)C(=O)OCCCCCCOc1ccc(-c2ccc(C#N)cc2)cc1,45.000004,34.301434,1.0534043439636787,-10.69857
*CC(*)c1ccc(CCCCCC)cc1,-26.999998,-28.438078,5.164288946344334,-1.4380798
*CC(*)(C)C(=O)OCC(=O)Nc1cc(C)on1,128.0,121.076706,0.6415790255430063,-6.923294
*CC(O)C(O)CN(*)c1ccc(N(C)C)cc1,72.0,60.846523,0.7666991430133894,-11.153477
*c1ccc(Oc2ccc(N3C(=O)c4cccc(Oc5ccc(-c6ccc(Oc7cccc8c7C(=O)N(*)C8=O)cc6)cc5)c4C3=O)cc2)cc1,277.0,260.39056,1.767725953162432,-16.609436
*CCCCCC(*)CCCCCCCCCC,-65.0,-60.92068,4.951487176789967,4.079319
*CC(*)(C)C(=O)OCCCCCCCCCCCOc1ccc(/N=N/c2ccc(OC(=O)c3ccc4c(c3)OCCOCCOCCOCCO4)cc2)cc1,59.000004,34.538387,2.1039635899205833,-24.461617
*CC(*)SCCCC,-19.999998,-13.11038,2.4909754606375216,6.889618
*CC(=O)NCCCCCCNC(=O)COC(=O)CCCCC(=O)O*,18.999994,13.5218525,1.3823570720887608,-5.478142
*c1ccc(NC(=O)c2cc(C(=O)Nc3ccc(-c4nnc(*)o4)cc3)cc(N3C(=O)c4ccccc4C3=O)c2)cc1,327.0,311.55176,2.60620695658679,-15.448242
*CC(*)C(=O)OCCC,-38.499996,-29.14343,3.329548410324024,9.356565
*Oc1ccc(NC(=O)c2ccc(Oc3ccc(C(C)(C)c4cccc(C(C)(C)c5ccc(Oc6ccc(C(=O)Nc7ccc(Oc8ccc(C(c9ccc(*)cc9)(C(F)(F)F)C(F)(F)F)cc8)cc7)cc6)cc5)c4)cc3)cc2)cc1,154.0,157.5597,1.2722997001942145,3.5596924
*CCCCCCCCCCNC(=O)CCCCC(=O)N*,45.000004,46.790012,0.5650226093725471,1.7900085
*CC(*)C1CCCCC1C,186.0,199.45541,4.986005353490527,13.455414
*CCCCCCCCCCCOc1ccc(CCc2ccc(O*)cc2C)cc1,3.8999963,6.8764825,1.5444943567535068,2.9764862
*CCCCCCCCCCN1C(=O)c2ccc(Oc3ccc4c(c3)C(=O)N(*)C4=O)cc2C1=O,91.5,86.91246,3.3287420478883587,-4.5875397
*CCCCCCNC(=O)CCCCC(=O)NCC(=O)N*,53.400005,48.929707,0.6025301391779493,-4.470299
*CCCCCCOC(=O)NCCCCNC(=O)O*,15.999994,55.03021,22.816682354900617,39.030212
*c1cccc(C(=O)Nc2ccc(Oc3ccc(C(C)(C)c4ccc(Oc5ccc(NC(=O)c6cccc(N7C(=O)c8ccc(-c9cccc%10c9C(=O)N(*)C%10=O)cc8C7=O)c6)cc5)cc4)cc3)cc2)c1,261.0,255.06471,1.0210027115731497,-5.9352875
*c1ccc2c(c1)C(=O)N(c1ccc(OCCCCCCOc3ccc(N4C(=O)c5ccc(C(*)(C(F)(F)F)C(F)(F)F)cc5C4=O)cc3)cc1)C2=O,167.0,156.50427,4.181514516454959,-10.495728
*C(=O)Nc1cccc(NC(=O)c2ccc3c(c2)C(=O)N(c2ccc(Oc4cccc5c(Oc6ccc(N7C(=O)c8ccc(*)cc8C7=O)cc6)cccc45)cc2)C3=O)c1,263.0,267.21036,4.241977037994675,4.2103577
*OP(=O)(Oc1ccc(C(C)(C)c2ccc(*)cc2)cc1)OC1CCCCC1,86.0,102.70636,0.8651608136382778,16.70636
*CCCCCCNC(=O)/C=C(\C)C(=O)N*,94.0,84.95155,0.7288330960912988,-9.048447
*C(=O)Nc1ccc(Oc2ccccc2-c2ccccc2Oc2ccc(NC(=O)c3ccc4c(c3)C(=O)N(c3ccc(Oc5cccc(Oc6ccc(N7C(=O)c8ccc(*)cc8C7=O)cc6)c5)cc3)C4=O)cc2)cc1,229.0,217.53598,1.696207050683406,-11.46402
*C(=O)Nc1cccc(C(=O)c2cccc(NC(=O)c3ccc4c(c3)C(=O)N(c3ccc(-c5sc(-c6ccc(N7C(=O)c8ccc(*)cc8C7=O)cc6)c(-c6ccccc6)c5-c5ccccc5)cc3)C4=O)c2)c1,308.0,299.70297,4.494071906537472,-8.297028
*c1ccc(Oc2ccc(C(=O)c3ccc(Oc4ccc(-c5cc(*)n(-c6ccccc6)n5)cc4)cc3)cc2)cc1,205.0,197.99495,1.0038674050928642,-7.0050507
*C(=O)c1ccc2c(c1)C(=O)N(c1cccc(NC(=O)c3cccc(C(=O)Nc4cccc(N5C(=O)c6ccc(*)cc6C5=O)c4)c3)c1)C2=O,204.0,249.6709,7.041167679359848,45.6709
*/C=C(\C#N)C(=O)OCCCCCCOC(=O)/C(C#N)=C/c1ccc2c(c1)c1cc(*)ccc1n2CCCCCCCCCCCn1c2ccccc2c2ccccc21,63.000004,63.369144,0.9850908892500141,0.36914062
*c1cccc(S(=O)(=O)NCCCCNS(*)(=O)=O)c1,82.0,76.39079,1.011533398518581,-5.609207
*Oc1ccc(C(=O)c2ccc(NC(=O)c3ccc(C(=O)Nc4ccc(C(=O)c5ccc(*)cc5)cc4)cc3)cc2)cc1,187.0,222.16783,6.143269912224677,35.16783
*Oc1ccc(S(=O)(=O)c2ccc(Oc3ccc(/C=N/c4ccc(Oc5ccc(/N=C/c6ccc(*)cc6)cc5)cc4)cc3)cc2)cc1,162.0,131.94356,3.7696832288578146,-30.056442
*CC(*)OC(=O)c1ccccc1OC(C)=O,59.500004,56.361034,0.8412780338521746,-3.1389694
*CCC(=O)Nc1ccc(Cc2ccc(NC(=O)CCN3C(=O)c4ccc(C(=O)c5ccc6c(c5)C(=O)N(*)C6=O)cc4C3=O)cc2)cc1,221.0,229.26244,0.9533015686986196,8.262436
*c1ccc2c(c1)C(=O)N(c1cc(C(c3ccc(OC(=O)C45CC6CC(CC(C6)C4)C5)c(N4C(=O)c5ccc(C(*)(C(F)(F)F)C(F)(F)F)cc5C4=O)c3)(C(F)(F)F)C(F)(F)F)ccc1OC(=O)C13CC4CC(CC(C4)C1)C3)C2=O,305.0,306.48996,2.11768368967984,1.4899597
*CC(*)(C)C(=O)OCCN(CC)c1ccc(/N=N/c2nc3ccc([N+](=O)[O-])cc3s2)cc1,140.0,139.19888,0.6128301102636475,-0.80111694
*Nc1ccc(NC(=O)c2ccc(NC(=O)CCCCCCCCC(=O)Nc3ccc(C(*)=O)cc3)cc2)cc1C(=O)OCCCCCCCCCCCCCCCC,220.0,235.9137,9.196555619862673,15.913696
*C(=O)Nc1ccc(C)cc1N1C(=O)CC(N2C(=O)c3ccc(*)cc3C2=O)C1=O,237.0,219.92914,6.377816239719508,-17.070862
*CCC(=O)N*,145.5,147.99767,1.7954436670256873,2.4976654
*Oc1ccc(CC(NC(=O)CCc2ccc(OC(=O)COCC(*)=O)cc2)C(=O)OCCCC)cc1,64.0,54.915882,0.5760729687741883,-9.084118
*/C=C/C1CC(*)C2C(=O)N(CCCCCCCC)C(=O)C12,56.500004,65.51911,2.344461291080203,9.019108
*c1cccc(P(=O)(c2ccccc2)c2cccc(-n3c(=O)c4cc5c(=O)n(*)c(=O)c5c(-c5ccccc5)c4c3=O)c2)c1,325.0,314.94193,2.1409238928548726,-10.058075
*Sc1ccc(Sc2ccc(Sc3ccc4c(c3)C(=O)N(N3C(=O)c5cccc(*)c5C3=O)C4=O)cc2)cc1,242.0,242.13301,1.0956357438897582,0.13301086
*CCCC(C)(C)CNC(=O)c1cccc(C(=O)N*)c1,153.0,150.63402,0.8117770023373679,-2.365982
*CCCCCCc1ccc(-c2c(-c3ccccc3)cc(-c3cccc(-c4cc(-c5ccccc5)c(-c5ccc(*)cc5)c(-c5ccccc5)c4-c4ccccc4)c3)c(-c3ccccc3)c2-c2ccccc2)cc1,215.0,180.98033,4.804249584933223,-34.01967
*C(=O)Nc1ccc(C(=O)Nc2ccc(NC(=O)c3ccc4[nH]c(-c5ccc(-c6nc7cc(*)ccc7[nH]6)cc5)nc4c3)cc2)cc1,300.0,303.3238,3.1714117305641216,3.3237915
*c1ccc2c(c1)C(=O)N(c1ccc(OCCN(CCOc3ccc(N4C(=O)c5ccc(C(*)(C(F)(F)F)C(F)(F)F)cc5C4=O)cc3)c3ccc(C(C#N)=C(C#N)C#N)cc3)cc1)C2=O,218.0,209.4948,1.2679869178321352,-8.505203
*Oc1ccc(Oc2ccc(C(=O)c3ccc(-c4ccc(C(=O)c5ccc(*)cc5)cc4)cc3)cc2)cc1-c1ccc(S(=O)(=O)O)c(C)c1,182.0,184.22105,1.1011040331499067,2.221054
*Nc1ccc(Br)cc1-c1ccc(NC(=O)c2cccc(C(*)=O)c2)cc1,253.0,255.7044,1.9303022341038414,2.7044067
*Oc1ccc(CC(NC(=O)CCc2ccc(OC(=O)CCCC(*)=O)cc2)C(=O)OC(C)C)cc1,68.0,64.34408,0.5670772103863833,-3.655922
*=NP(=NP(=NC(=*)Oc1ccc(C(F)(F)F)cc1)(Oc1ccc(C(F)(F)F)cc1)Oc1ccc(C(F)(F)F)cc1)(Oc1ccc(C(F)(F)F)cc1)Oc1ccc(C(F)(F)F)cc1,31.000002,37.91621,1.2872701853407238,6.9162083
*CC(*)(C)C(=O)OC(COc1cccc2ccccc12)COc1cccc2ccccc12,80.0,79.74407,0.6153463275913037,-0.25592804
*c1cc(CCOc2ccc(/N=N/c3ccc(C#N)cc3)cc2)c(*)s1,73.0,70.006775,0.763793829629926,-2.993225
*Oc1ccc(C(C)(C)c2ccc(OC(=O)CN(CC(*)=O)c3ccc(/N=N/c4ccc([N+](=O)[O-])cc4)cc3)cc2)cc1,152.0,146.06053,0.8075814566956429,-5.9394684
*c1ccc(Oc2ccc(N3C(=O)c4ccc(Oc5cccc(Oc6ccc7c(c6)C(=O)N(*)C7=O)c5)cc4C3=O)cc2)cc1,209.0,202.68822,2.4013877562559345,-6.311783
*Oc1ccc(S(=O)(=O)c2ccc(Oc3ccc4c(=O)n5c6cc(Oc7ccc8c(c7)nc7c9ccc(*)c%10cccc(c(=O)n87)c%109)ccc6nc5c5cccc3c45)cc2)cc1,374.00003,383.3696,8.264140932695675,9.369568
*CCCCCOc1ccc(-c2ccc(O*)c3ccccc23)c2ccccc12,151.0,129.36072,3.5673721298690615,-21.639282
*Nc1cccc(CCc2ccc(NC(=O)c3cccc(C(*)=O)c3)cc2)c1,203.0,199.69768,1.5610501295040553,-3.3023224
*c1ccc(Oc2cccc(Oc3ccc(N4C(=O)CC(=O)N(*)C4=S)cc3)c2)cc1,145.0,147.54831,0.7037428147383851,2.5483093
*CCCCCCCCCCCCCCNC(=O)NCCCCCCCCCCNC(=O)N*,40.000004,47.22556,4.366497829202809,7.2255554
*Oc1ccc(C(C)(C)c2ccc(Oc3ccc(C(=O)c4ccc(*)c(S(=O)(=O)O)c4)cc3S(=O)(=O)O)cc2)cc1,175.0,196.4624,1.1026009350532058,21.462402
*CC(CCCCCCOc1ccc(/N=N/c2ccc(Br)cc2)cc1)COC(=O)CCCCC(=O)O*,23.999994,27.346369,0.773128836213879,3.3463745
*C(=O)c1ccc2c(c1)C(=O)N(c1cccc(Cc3ccc(C(=O)c4cccc(N5C(=O)c6ccc(*)cc6C5=O)c4)cc3)c1)C2=O,265.5,251.75397,1.4116192318223009,-13.746033
*CC(*)c1ccc(Cl)cc1Cl,135.0,133.83092,0.7400963037592374,-1.1690826
*Oc1ccc(NC(=O)/C=C/c2ccc(/C=C/C(=O)Nc3ccc(*)cc3)cc2)cc1,205.0,199.46237,1.7057324949412884,-5.537628
*CCCCCC(=O)Oc1ccc(OC(=O)c2ccc3c(c2)C(=O)N(*)C3=O)cc1,89.0,78.26252,2.745351182926915,-10.73748
*Oc1ccc(C2(c3ccc(OC(=O)CCCCCCCCCCC(*)=O)cc3)c3ccccc3-c3ccccc32)cc1,117.0,123.100266,2.5871143885581165,6.1002655
*CC(*)C(=O)OC1CC(C)CC(C)(C)C1,15.000002,16.431017,1.9585454449414041,1.431015
*CCOCCOCCN1C(=O)c2ccc(C(=O)Oc3ccc(-c4ccc(OC(=O)c5ccc6c(c5)C(=O)N(*)C6=O)cc4)cc3)cc2C1=O,109.0,110.12734,1.4178039269814608,1.1273422
*C(=O)OCCOCCOCCOC(=O)c1ccc(N2C(=O)c3ccc(*)cc3C2=O)cc1,63.000004,66.5836,1.5673878240812031,3.583599
*c1ccc(Oc2cccc(NC(=O)c3ccc(C(=O)Nc4cccc(Oc5ccc(-c6nnc(*)o6)cc5)c4)c(Oc4ccccc4)c3)c2)cc1,234.0,231.54192,1.3271670089319603,-2.458084
*c1cccc(C(=O)c2ccc(Oc3ccc(N4C(=O)c5ccc(Oc6ccc7c(c6)C(=O)N(*)C7=O)cc5C4=O)cc3)cc2)c1,232.0,228.10017,0.9635329466160892,-3.899826
*CC(*)(C)C(=O)OCCCCl,50.000004,49.977787,0.7266410469350196,-0.022216797
*CCC(C)(C)CC(C)COC(=O)c1ccc(C(=O)O*)cc1,-8.999998,-23.690947,3.2808457947681378,-14.6909485
*O[Si](C)(C)C#C[Si](C)(C)C#C[Si](C)(C)C#C[Si](C)(C)C#C[Si](C)(C)C#C[Si](*)(C)C,-16.100004,-27.045149,3.2797742752302512,-10.945145
*CC(*)(C)C(=O)OCCCCCCOc1ccc(C(=O)Oc2ccc(C(=O)/C=C/c3c(C)c4ccccc4n3CCCC)cc2)cc1,85.0,74.32356,0.9177854923033255,-10.676437
*c1ccc(Oc2ccc(C(c3ccc(Oc4ccc(-c5ccc(*)s5)cc4C(F)(F)F)cc3)(C(F)(F)F)C(F)(F)F)cc2)c(C(F)(F)F)c1,155.0,149.20473,0.7032044369095856,-5.795273
*CC(OCC(C)C)C1(C)C(=O)OC(=O)C1(*)C,219.0,219.59784,0.9709358773874693,0.59783936
*c1ccc(Oc2ccc(N3C(=O)c4ccc(-c5cccc6c5C(=O)N(*)C6=O)cc4C3=O)cc2)cc1,320.0,303.26007,3.8642106885758096,-16.73993
*c1ccc(-c2nc3ccc(-c4ccc5nc(*)c(-c6ccccc6)c(-c6ccccc6)c5c4)cc3c(-c3ccccc3)c2-c2ccccc2)cc1,400.0,373.70236,11.494470738929227,-26.297638
*c1ccc(C(C)(C)c2ccc(C(C)(C)c3ccc(N4C(=O)c5ccc(Oc6cccc7c(Oc8ccc9c(c8)C(=O)N(*)C9=O)cccc67)cc5C4=O)cc3)cc2)cc1,253.0,237.659,3.2345884471178086,-15.341003
*Oc1c(Cl)cc(C(=C(Cl)Cl)c2cc(Cl)c(OC(*)=O)c(Cl)c2)cc1Cl,250.0,254.02919,1.768784068233856,4.02919
*Oc1ccc(C(C)(c2ccccc2)c2ccc(Oc3ccc(C(=O)C(=O)c4ccc(*)cc4)cc3)cc2)cc1,177.0,177.67548,0.9672690227530764,0.6754761
*CCCCCCCCCn1c(=O)c2cc3c(=O)n(*)c(=O)c3cc2c1=O,110.0,103.18245,1.8312957975841047,-6.8175507
*Oc1ccc(C(C)(C)c2ccc(OP3(Oc4ccc(C(=O)OC)cc4)=NP(Oc4ccc(C(=O)OC)cc4)(Oc4ccc(C(=O)OC)cc4)=NP(*)(Oc4ccc(C(=O)OC)cc4)=N3)cc2)cc1,73.0,67.78228,1.0673604879995573,-5.21772
*CCCOC(=O)O*,-17.699995,-20.69264,2.628634304537714,-2.9926453
*CC(*)CCCCCCCCCC,-5.9999976,-26.771162,9.415665028667041,-20.771164
*N=P(*)(CC1COCCOCCOCCO1)OCC1COCCOCCOCCO1,-39.999996,-48.598034,3.2496066856760923,-8.598038
*/C(=C/c1cc(OC)c(/C=C(\c2ccc(F)cc2)c2ccc3cc(*)ccc3c2)cc1OC)c1ccc(F)cc1,208.0,202.15439,1.0007707638951204,-5.8456116
*c1ccc(Oc2ccc(Oc3ccc(P(=O)(c4ccccc4)c4ccc(Oc5ccc(Oc6ccc(-c7nc8ccccc8nc7*)cc6)cc5)cc4)cc3)cc2)cc1,209.0,215.4287,1.5871617160068168,6.4286957
*Oc1ccc(S(=O)(=O)c2ccc(Oc3c(C)cc(C(c4cc(C)c(*)c(C)c4)(C(F)(F)F)C(F)(F)F)cc3C)cc2C(O)(C(F)(F)F)C(F)(F)F)c(C(O)(C(F)(F)F)C(F)(F)F)c1,196.0,195.02962,1.5367793532472844,-0.9703827
*/C(Cl)=C(/*)c1ccccc1,215.0,216.0331,1.8289849932327549,1.0330963
*C(=O)c1ccc2c(c1)C(=O)N(c1cccc(N3C(=O)c4ccc(*)cc4C3=O)c1)C2=O,290.0,293.607,5.279427867697092,3.6069946
*CC#CC#CCOc1ccc(C(=O)OCCN(CCOC(=O)c2ccc(O*)cc2)c2ccc([N+](=O)[O-])cc2)cc1,100.0,103.70824,1.3855213639531851,3.7082367
*c1ccc(Oc2ccc(Sc3ccc(Oc4ccc(-c5ccc(*)s5)cc4C(F)(F)F)cc3)cc2)c(C(F)(F)F)c1,142.0,133.91621,0.6774353973583906,-8.083786
*C1C=C(CCCCCC)C(*)S1,58.05,62.910023,1.0196857227431588,4.8600235
*c1ccc(-c2cnc3cc4nc(*)cnc4cc3n2)cc1,392.00003,389.5132,16.654617286246914,-2.4868164
*Oc1ccc(CC(NC(=O)CCc2ccc(OC(=O)CCCCC(*)=O)cc2)C(=O)OCC(C)C)cc1,56.000004,48.495625,0.5795249330555963,-7.5043793
*CCCC(=O)Nc1ccc(NC(=O)CCCN2C(=O)c3ccc(C(=O)c4ccc5c(c4)C(=O)N(*)C5=O)cc3C2=O)cc1,209.0,201.89589,1.2530949744813076,-7.1041107
*OC(=O)OCC1OC(C)(C)OC1COC(=O)OC1COC2C(*)COC12,95.5,95.95439,1.1126066362110831,0.45439148
*O[Si](C)(C)O[Si](C)(C)O[Si](C)(C)O[Si](C)(C)c1cccc([Si](*)(C)C)c1,-75.0,-60.404797,3.5509813996118385,14.595203
*CCCCCCCCCCNC(=O)CCP(C)(=O)CCC(=O)N*,45.500004,45.701824,0.497841465546627,0.20182037
*Oc1ccc(/N=C/CCC/C=N/c2ccc(OC(=O)Nc3cc(NC(*)=O)ccc3C)cc2)cc1,69.0,60.427937,0.973541789445794,-8.572063
*/C=C/c1ccc(N(CC)Cc2ccccc2CN(CC)c2ccc(/C=C/c3ccc(/C=C(\C#N)S(=O)(=O)/C(C#N)=C/c4ccc(*)s4)s3)cc2)cc1,178.0,177.30388,0.8731296118669462,-0.6961212
*Oc1ccc(C(CC)(c2ccccc2)c2ccc(OC(*)=O)cc2)cc1,147.0,150.84709,2.253419202087379,3.8470917
*Nc1cccc2c(NC(=O)c3cccc(C(*)=O)c3)cccc12,325.0,306.55194,8.075040773185373,-18.44806
*C(=O)c1cc2c(cc1Cl)C(=O)N(c1cccc(N3C(=O)c4cc(*)c(Cl)cc4C3=O)c1)C2=O,313.0,312.41666,2.906152000396341,-0.5833435
*c1cc(C(c2ccc(OCCN(c3ccccc3)c3ccc(/C=C/C4=C/C(=C(/C#N)S(C)(=O)=O)CC(C)(C)C4)cc3)c(N3C(=O)c4ccc(Oc5ccc6c(c5)C(=O)N(*)C6=O)cc4C3=O)c2)(C(F)(F)F)C(F)(F)F)ccc1OCCN(c1ccccc1)c1ccc(/C=C/C2=C/C(=C(/C#N)S(C)(=O)=O)CC(C)(C)C2)cc1,234.0,235.78078,1.2493778530976782,1.780777
*c1ccc(-c2ccc(N3C(=O)c4ccc(-c5cccc6c5C(=O)N(*)C6=O)cc4C3=O)cc2C(F)(F)F)c(C(F)(F)F)c1,346.0,329.06238,2.999271153356566,-16.937622
*CC(*)(C)C(=O)Oc1ccc(CC#N)cc1,131.0,123.0978,0.6655555318719564,-7.902199
*CCCP(CCCNC(=O)CCCCC(=O)N*)c1ccccc1,49.000004,47.043583,0.5815451327629239,-1.9564209
*Oc1ccc(C(=O)OC(C)COC(C)COC(C)COC(=O)c2ccc(OC(=O)c3ccc(C(*)=O)cc3)cc2)cc1,36.000004,32.67235,0.944756011883662,-3.327652
*/C=C/C1CC(*)C(C(=O)OC)C1,65.0,64.241806,0.8828028717843016,-0.75819397
*c1ccc(Cc2ccc(NC(=O)c3ccc(Oc4cccc5c4C(=O)N(*)C5=O)cc3)cc2)cc1,258.0,251.66994,1.2516043559216632,-6.330063
*c1ccc(Cc2ccc(N3C(=O)C(Cl)=C(Oc4ccc(C(C)(C)c5ccc(OC6=C(Cl)C(=O)N(*)C6=O)cc5)cc4)C3=O)cc2)cc1,172.0,173.03151,0.838273129471787,1.0315094
*C(=O)Nc1ccc(/N=N/c2ccc([N+](=O)[O-])cc2)c(NC(=O)c2ccc3c(c2)C(=O)N(c2c(C)cc(Cc4cc(C)c(N5C(=O)c6ccc(*)cc6C5=O)c(C)c4)cc2C)C3=O)c1,264.0,254.78098,1.6143682798637753,-9.219025
*CCN(*)C(=O)c1cc(F)ccc1F,112.0,113.62888,0.5670547474328184,1.6288834
*OC(COC(=O)c1c(F)c(F)c(-c2c(F)c(F)c(C(*)=O)c(F)c2F)c(F)c1F)COc1ccc(/N=N/c2ccc(C#N)cc2)cc1,112.0,114.78208,0.7763176331185561,2.7820816
*c1cccc(S(=O)(=O)NCCNS(*)(=O)=O)c1,107.0,96.87852,1.0069649887921563,-10.121483
*CC(*)C(=O)OCCN(CC)c1ccc(/N=N/c2ccc([N+](=O)[O-])cc2Cl)cc1,87.0,85.51186,0.6452120548440591,-1.4881363
*Oc1ccc(CC(NC(=O)CCc2ccc(OC(=O)COCC(*)=O)cc2)C(=O)OCc2ccccc2)cc1,76.0,67.1048,0.5483230004135067,-8.895203
*CC(*)C(=O)OCCOC(F)(F)C(F)F,-21.999998,-26.225813,2.7871029542873647,-4.225815
*c1ccc(Oc2ccc(NC(=O)c3ccc(Oc4cccc5c4C(=O)N(*)C5=O)cc3)cc2)cc1,253.0,256.99023,1.3662175708553252,3.9902344
*CCCCCCOC(=O)OCCCCCCOC(=O)OCCCCCCOc1ccc(C(=O)c2ccc(O*)cc2)cc1,-0.3000008,1.420977,1.4706303009778192,1.7209778
*CCCCCCCCCCCCCCC(=O)O*,-22.100004,-46.708874,4.233463526232356,-24.60887
*Oc1ccc(C2(c3ccc(OC(=O)c4ccc(Oc5ccc(C6(c7ccc(Oc8ccc(C(*)=O)cc8)cc7)CCC(C(C)(C)C)CC6)cc5)cc4)cc3)CCCCCCCCCCC2)cc1,181.0,172.03044,1.0865470967382602,-8.969559
*CCCCCCCCOc1c(OC)cc(/C=C/c2cc(CCCCCC)c(/C=C/c3cc(OC)c(O*)c(OC)c3)cc2CCCCCC)cc1OC,20.999994,19.207056,1.418573427134353,-1.7929382
*Oc1ccc(/N=C/c2ccc(N(c3ccccc3)c3ccc(/C=N/c4ccc(*)cc4)cc3)cc2)cc1,162.0,167.25229,3.367575415566065,5.252289
*CC(CCCCCCOc1ccc(/N=N/c2ccc(Cl)cc2)cc1)COC(=O)CCCCC(=O)O*,9.000002,22.391596,1.537276261007964,13.391594
*c1ccc2c(c1)C(=O)N(c1ccc(Oc3ccc(N4C(=O)c5ccc(C(*)(C(F)(F)F)C(F)(F)F)cc5C4=O)cc3)cc1)C2=O,303.0,293.9218,3.8433663243362517,-9.078186
*CC/C=C(/*)C(C)(C)C,22.499994,15.592203,1.7719734934728986,-6.907791
*O[Si](*)(CCCOCCOCCOCCOC)CCCOCCOCCOCCOC,-69.2,-62.898952,3.0278276935977013,6.3010445
*CCCCCCOP(=O)(/N=N/c1ccc(C(=O)c2ccc(/N=N/P(=O)(O*)OC)cc2)cc1)OC,31.000002,30.528345,0.6410612780258725,-0.4716568
*C(=O)OCCCCOC(=O)c1ccc(NC(=O)c2ccc(N3C(=O)c4ccc(*)cc4C3=O)cc2)cc1,130.0,127.972466,2.7997863023436227,-2.0275345
*c1cccc(N2C(=O)c3cccc(Oc4ccc(Oc5cccc6c5C(=O)N(*)C6=O)cc4)c3C2=O)c1,259.0,255.56943,1.1550311442321455,-3.4305725
*Oc1ccc(OC(=O)c2cc(OCCCCCCCOCC3CCCN3c3ccc([N+](=O)[O-])cc3)c(C(*)=O)cc2OCCCCCCCOCC2CCCN2c2ccc([N+](=O)[O-])cc2)cc1,50.000004,48.544308,0.7470817063447737,-1.4556961
*Oc1ccc(/C(=C/c2ccc(-c3ccc(/C=C(\c4ccccc4)c4ccc(OC(=O)c5cccc(C(*)=O)c5)cc4)cc3)cc2)c2ccccc2)cc1,224.0,228.35396,1.1931575310263223,4.353958
*c1cc(N2C(=O)c3ccc(-c4ccc5c(c4)C(=O)N(*)C5=O)cc3C2=O)c(O)cc1O,343.0,357.13095,9.096734233670944,14.130951
*[Si](*)(C)CCCOCC1COC(C)(C)O1,-47.999996,-54.334316,3.9298356052620926,-6.33432
*CCN(CCOC(=O)Nc1cccc(NC(=O)O*)c1C)c1ccc(/C=C/c2ccc([N+](=O)[O-])cc2)cc1,123.0,131.413,1.032127057346323,8.412994
*c1ccc(Oc2ccc(/C=C/c3ccc(Oc4ccc(-c5nnc(*)o5)cc4)cc3)cc2)cc1,215.0,217.50676,1.5038156757668573,2.5067596
*c1cccc(C(F)(F)C(F)(F)C(F)(F)C(F)(F)C(F)(F)c2cccc(N3C(=O)c4ccc(Oc5ccc6c(c5)C(=O)N(*)C6=O)cc4C3=O)c2)c1,157.0,157.79385,1.3842804035814145,0.79385376
*CC(*)C(=O)c1ccc(OC)cc1,46.000004,57.664104,0.8303179451543702,11.664101
*c1ccc(Oc2cccc(Oc3ccc(N4C(=O)c5cccc(Oc6ccc(-c7ccc(Oc8cccc9c8C(=O)N(*)C9=O)cc7)cc6)c5C4=O)cc3)c2)cc1,224.0,221.92741,1.454459906638082,-2.072586
*c1ccc2c(c1)C(CCCCCC)(CCCCCC)c1cc(-c3ccc4c(c3)c3cc(*)ccc3n4-c3ccccc3)ccc1-2,170.0,162.10678,1.2680436773698145,-7.893219
*Oc1ccc(NC(=O)c2ccc(S(=O)(=O)c3ccc(C(=O)Nc4ccc(Oc5ccc(C6(c7ccc(*)cc7)CC7CCC6C7)cc5)cc4)cc3)cc2)cc1,287.0,282.69733,1.3780278483107855,-4.3026733
*CC(CCCC)COC(=O)NC(=O)c1cccc(C(=O)NC(=O)O*)c1,64.0,71.33398,0.9061491587447016,7.3339767
*c1ccc(-c2ccc(N(*)c3ccc(C)cc3)cc2)cc1,85.0,134.67415,33.55400683234163,49.67415
*CC(*)F,41.000004,36.584743,1.6527804540718394,-4.4152603
*CC(*)(C)C(=O)Oc1ccc(C(=O)Oc2ccc(Oc3ccccc3)cc2)cc1,74.0,77.889755,1.5502650842882268,3.8897552
*CC(*)c1ccc(COc2ccc(-c3ccc(-c4ccc(C)s4)c4nsnc34)cc2)cc1,130.0,124.5698,0.47061736068863286,-5.4301987
*CC(*)c1cc(C(=O)OCCCCCC)ccc1-c1ccc(OCCCCCCCC)cc1,64.0,63.78458,1.0108544832367083,-0.21541977
*c1ccc(-n2ccc(-c3ccc(-c4ccn(*)n4)cc3)n2)cc1,75.0,76.60759,0.823425954944498,1.6075897
*Oc1ccc(C2(c3ccc(OC(*)=S)cc3)CCCCC2)cc1,155.0,142.40443,2.0171388811886843,-12.595566
*NC1CC(C)(C)CC(C)(CNC(=O)c2cc(NC(=O)C(C(C)CC)N3C(=O)c4ccccc4C3=O)cc(C(*)=O)c2)C1,128.0,142.65393,1.2784780072873256,14.653931
*c1cccc(P(=O)(c2ccc(C(F)(F)F)cc2)c2cccc(-n3c(=O)c4cc5c(=O)n(*)c(=O)c5c(-c5ccc(C(F)(F)F)cc5)c4c3=O)c2)c1,303.0,307.84174,1.7320313250849548,4.841736
*CCCCNC(=O)CCCCC(=O)N*,58.000004,55.82072,0.6073818229807993,-2.1792831
*c1ccc2c(c1)C(CCCCCCCC)(CCCCCCCC)c1cc(-c3ccc(*)c4nsnc34)ccc1-2,114.5,110.8091,0.6298214234518499,-3.6909027
*CC(F)(F)C(F)(F)C(F)(F)COC(=O)c1cc(C(=O)O*)cc(C(F)(F)C(F)(F)C(F)(F)C(F)(F)C(F)(F)C(F)(F)C(F)(F)F)c1,26.999994,26.937693,1.0552438975409384,-0.062301636
*c1ccc(Oc2ccc(-c3cc(-c4ccccc4)c4cc(Oc5ccc6nc(*)c(-c7ccccc7)c(-c7ccccc7)c6c5)ccc4n3)cc2)cc1,305.0,280.63217,3.4347835254085024,-24.367828
*CCOCCOCCOCCOC(=O)c1ccc(-c2ccc(C(=O)O*)cc2)cc1,4.0000024,23.396646,2.3642469119139715,19.396645
*O[Si](*)(C)OCCCCCCCCCCCOc1ccc(C2COC(c3ccc(OCC(C)CC)cc3)OC2)cc1,29.999994,36.61751,0.8809021603288044,6.6175175
*Oc1ccc(C(C)(C)c2ccc(OC(=O)c3ccc(Oc4ccc(C(*)=O)cc4)cc3)cc2)cc1,220.0,171.0273,15.493705037076516,-48.972702
*c1ccc(Oc2ccc(Oc3ccc(N4C(=O)c5ccc(Oc6ccc7ccc(Oc8ccc9c(c8)C(=O)N(*)C9=O)cc7c6)cc5C4=O)cc3)cc2)cc1,228.0,237.99167,1.8108556617863218,9.991669
*CC(*)(C)c1ccc(C)cc1,176.0,182.02238,2.450106917950111,6.0223846
*CC(COc1ccc(C(C)(C)c2ccc(O*)cc2)cc1)OC(=O)c1ccccc1,65.0,64.026115,0.6064530924274618,-0.9738846
*c1ccc([Si](C)(C)[Si](*)(C)C)s1,15.000002,7.232287,1.8379609590880481,-7.767715
*c1ccc(Oc2ccc(C(=O)c3cccc(C(=O)c4ccc(Oc5ccc(N6C(=O)c7ccc(Oc8ccc9c(c8)C(=O)N(*)C9=O)cc7C6=O)cc5)cc4)c3)cc2)cc1,208.0,210.58035,1.1670903468187197,2.5803528
*c1ccc2c(c1)C(=O)N(c1c(C)cc(C3(c4cc(C)c(N5C(=O)c6ccc(C(*)(C(F)(F)F)C(F)(F)F)cc6C5=O)c(C)c4)c4ccccc4-c4ccccc43)cc1C)C2=O,361.0,347.86807,6.224898924088641,-13.1319275
*C1C2CC(C)C(C2)C1*,350.0,328.87527,5.7764889419618255,-21.124725
*CCN(CCN1C(=O)c2ccc(C(c3ccc4c(c3)C(=O)N(*)C4=O)(C(F)(F)F)C(F)(F)F)cc2C1=O)c1ccc(/N=N/c2ccc([N+](=O)[O-])cc2C)cc1,205.0,202.84926,0.9133162546842483,-2.1507416
*CCOC(=O)CCCCC(=O)OCCOC(=O)c1ccc(C(=O)O*)cc1,8.000002,7.553942,1.387008631396214,-0.4460597
*c1ccc(Nc2ccc(C3(c4ccc(Nc5ccc(S(*)(=O)=O)cc5)c(C)c4)c4ccccc4-c4ccccc43)cc2C)cc1,269.0,256.56787,1.7490001229583951,-12.432129
*Oc1ccc(C(c2ccc(Oc3ccc(C(=O)Nc4ccc(NC(=O)c5ccc(*)cc5)cc4)cc3)cc2)(C(F)(F)F)C(F)(F)F)cc1,218.0,235.13417,2.405682840533387,17.13417
*Nc1ccc(*)cc1OCCCCCCCCCCOc1ccc(C2CCC(CCCCC)CC2)cc1,64.5,59.153385,0.8989538924811039,-5.346615
*Oc1ccc(S(=O)(=O)c2ccc(Oc3ccc(NC(=O)c4ccc(Oc5ccc(C(C)(C)c6ccc(C(C)(C)c7ccc(Oc8ccc(C(=O)Nc9ccc(*)cc9)cc8)cc7)cc6)cc5)cc4)cc3)cc2)cc1,177.0,196.16205,2.6861229195257383,19.162048
*CC(*)c1cc(C(=O)OCCCCCCCC)ccc1-c1ccc(OCCCCCCCC)cc1,57.000004,60.932034,1.010356737696875,3.9320297
*c1ccc(Oc2ccc(-c3ccc(Oc4ccc(-c5nnc(*)c6c(-c7ccc(F)cc7)c(-c7ccc(F)cc7)c(-c7ccc(F)cc7)c(-c7ccc(F)cc7)c56)cc4)cc3)cc2)cc1,320.0,305.05264,2.8561089381941533,-14.947357
*CC(*)OC(=O)C(C)(C)CCC,10.000002,18.221384,1.1044343100092051,8.221382
*c1cccc(NC(=O)CCCCC(=O)Nc2cccc(S(*)(=O)=O)c2)c1,140.0,128.77293,1.1048667087750315,-11.227066
*Oc1ccc(C(*)=O)cc1CCCCC,50.000004,44.29102,2.235714834116781,-5.7089844
*C(=O)c1ccc2c(c1)C(=O)N(C1CCC(CC3CCC(N4C(=O)c5ccc(*)cc5C4=O)C(C)C3)CC1C)C2=O,240.0,244.33614,1.038688648402361,4.336136
*Oc1c(-c2ccccc2)cc(*)cc1-c1ccc(C(C)(C)C)cc1,240.0,236.01567,1.0160761512584164,-3.9843292
*CC(*)(C)C(=O)OC(C)CC,60.000004,49.951847,0.8732699398752307,-10.048157
*=Nc1ccc(Cc2ccc(NC(=*)CC)cc2)cc1,130.0,128.27802,0.768310873021975,-1.7219849
*CCCCOCO*,-83.999985,-75.06424,4.96427210556864,8.935745
*c1ccc(Oc2ccc(Oc3ccc(NC(=O)c4ccc(Oc5cccc6c5C(=O)N(*)C6=O)cc4)cc3)cc2)cc1,244.0,251.25793,1.3276455902736475,7.2579346
*c1ccc2c(c1)C(=O)N(c1ccc(-c3ccc(N4C(=O)c5ccc(C(*)(C(F)(F)F)C(F)(F)F)cc5C4=O)c(C)c3)cc1C)C2=O,352.0,358.18622,7.033267421938211,6.1862183
*CC(OC)C(C)(C(=O)OC)C(*)(C)C(=O)OC,134.0,121.110695,0.761816199575858,-12.889305
*OC(C)C(*)=O,58.400005,56.837475,0.6522130610663374,-1.5625305
*Oc1cccc2ccc(Oc3ccc(NC(=O)c4ccc(S(=O)(=O)c5ccc(C(=O)Nc6ccc(*)cc6)cc5)cc4)cc3)cc12,259.0,246.6776,1.5922504913102313,-12.322403
*CC(*)(C)C(=O)Oc1ccc([N+](=O)[O-])c(C)c1,101.0,99.17992,0.945558709035529,-1.8200836
*CC(*)(C)C(=O)OCCCCCCCCCCCCCC,-72.0,-33.091854,4.286256598507345,38.908146
*Nc1ccc(Cc2ccc(NC(=O)NCCCCCCCCCNC(*)=O)cc2)cc1,-49.999996,23.610788,8.44126252586297,73.61079
*N=P(*)(OCCOc1ccc(-c2ccccc2)cc1I)OCCOc1ccc(-c2ccccc2)cc1I,69.5,67.13169,0.7700625645104654,-2.368309
*c1cccc(S(=O)(=O)NCCCNS(*)(=O)=O)c1,92.0,89.409424,0.890155326361657,-2.5905762
*CC(*)C(=O)OCCOc1ccc(C(C)(C)c2ccc(OCCO)cc2)cc1,21.999994,29.928057,1.3073228482798103,7.9280624
*Oc1ccc(S(=O)(=O)c2ccc(Oc3ccc(C(=O)c4cccc(C(=O)c5ccc(*)cc5)c4)cc3)cc2)cc1,178.0,180.2482,1.0502074834346449,2.2481995
*Oc1ccc(Oc2ccc(Oc3cccc(C(=O)Oc4ccc(-c5ccc(OC(=O)c6cccc(*)c6)cc5)cc4)c3)cc2)cc1,119.0,117.3796,1.3615142786851164,-1.6203995
*Oc1ccc(C(=O)c2ccc(Oc3ccc(C(=O)c4ccc(C(=O)c5ccc(*)cc5)cc4)cc3)cc2)cc1,169.0,148.4528,1.444410745686594,-20.547195
*CCCCCCCN1C(=O)c2ccc(-c3ccc(-c4ccc5c(c4)C(=O)N(*)C5=O)cc3)cc2C1=O,135.0,112.012344,3.11395453229437,-22.987656
*O[Si](*)(C)c1c(F)c(F)c(F)c(F)c1F,-24.999998,-33.90391,3.1088761245079857,-8.9039135
*CC(*)C(=O)OCCCCSC,-70.0,-58.983074,3.201509993893292,11.016926
*CCCCCOc1cccc(NC(=O)c2ccc(C(=O)Nc3cccc(O*)c3)cc2)c1,135.0,130.74104,2.636725785051237,-4.258957
*c1ccc(Oc2ccc(C(C)(C)c3ccc(Oc4ccc(N5C(=O)C6CCC7C(=O)N(*)C(=O)C7C6C5=O)cc4)cc3)cc2)cc1,263.5,283.42166,3.5216356714076933,19.921661
*c1cc(CCOCCOC)c(*)[nH]1,-42.999996,-50.417583,4.802136705906991,-7.4175873
*c1ccc(Oc2cccc(Oc3ccc(N4C(=O)c5ccc(Oc6ccc(C(C)(C)c7ccc(Oc8ccc9c(c8)C(=O)N(*)C9=O)cc7)cc6)cc5C4=O)cc3)c2)cc1,246.0,197.99803,1.7491319684527462,-48.00197
*c1ccc(Oc2ccc(Oc3ccc(N4C(=O)c5cccc(Oc6cccc7c6C(=O)N(*)C7=O)c5C4=O)cc3)cc2)cc1,258.0,271.98608,2.1936273227603906,13.986084
*CC(*)c1cc(OC)c(OC(C)=O)c(OC)c1,147.0,150.17781,0.9786369528152573,3.1778107
*O[Si](C)(CCC(F)(F)F)CCC(F)(F)CC[Si](*)(C)CCC(F)(F)F,-37.999996,-38.36839,2.812573744459758,-0.36839294
*N=P(*)(Oc1ccc(Cc2ccccc2)cc1)Oc1ccc(Cc2ccccc2)cc1,13.300005,12.237642,2.1267660534876835,-1.0623627
*CC(O)COc1ccc(C2CCCC(CC)(c3ccc(O*)cc3)C2)cc1,140.0,133.56308,0.6781787692739193,-6.43692
*Nc1ccc(NC(=O)c2ccc(NC(=O)CCCCCCCCC(=O)Nc3ccc(C(*)=O)cc3)cc2)cc1C(=O)OCCCCCCCCCCCC,228.5,242.35968,8.727737756435504,13.85968
*CC(*)c1ccc(CCCCCCCCCC)cc1,-65.0,-31.344435,4.990733779035354,33.655563
*C(=O)OCCCCOC(=O)c1ccc(N2C(=O)c3ccc(*)cc3C2=O)cc1,100.5,78.80125,1.4948923852758678,-21.698753
*c1ccc(-c2sc(-c3cc(CCCC)c(*)s3)cc2CCCC)cc1,122.3,109.46411,1.7654744216862233,-12.835892
*CCN(CCOC(=O)c1cc(OCCN(C)c2ccc(S(=O)(=O)C(F)(F)C(F)(F)C(F)(F)C(F)(F)C(F)(F)C(F)(F)C(F)(F)C(F)(F)F)cc2)cc(C(=O)O*)c1)c1ccc(S(=O)(=O)C(F)(F)C(F)(F)C(F)(F)C(F)(F)C(F)(F)C(F)(F)C(F)(F)C(F)(F)F)cc1,83.0,80.32907,0.8164139528708242,-2.670929
*Oc1ccc(CC(NC(=O)CCc2ccc(OC(=O)COCCOCC(*)=O)cc2)C(=O)OCCCCCCCCCCCC)cc1,16.999994,23.434343,0.7734455690952647,6.434349
*c1ccc(Oc2ccc(Oc3ccc(Oc4ccc(-c5cnc6cc(-c7ccc8nc(*)cnc8c7)ccc6n5)cc4)cc3)cc2)cc1,133.0,230.53004,33.95121133369017,97.530045
*CCCCCCCOC(=O)NCCCCCCNC(=O)O*,55.000004,51.273373,21.575006519732273,-3.7266312
*c1ccc(Oc2ccc(Oc3ccc(NC(=O)c4ccc(Oc5ccc6c(c5)C(=O)N(*)C6=O)cc4)cc3)cc2)cc1,242.0,250.8944,3.2842249769855476,8.894394
*/C(C#N)=C/c1cc(OCCCCCCCCCCCC)c(/C=C(\C#N)c2cc(OCCCCCCCCCCCC)c(*)cc2OC)cc1OC,181.0,193.38582,1.33549736122675,12.3858185
*Oc1ccc(-c2ccc(Oc3c(F)c(F)c(COC(c4cccc(C(OCc5c(F)c(F)c(*)c(F)c5F)(C(F)(F)F)C(F)(F)F)c4)(C(F)(F)F)C(F)(F)F)c(F)c3F)cc2)cc1,110.0,102.86614,0.7338531211428932,-7.1338577
*Nc1cccc(NC(=O)c2cc(NC(=O)c3ccccc3)cc(C(*)=O)c2)c1,300.0,290.5356,2.287742595134648,-9.464386
*CCCCCCCCCCC(Cl)C(*)Cl,-31.999998,-22.362974,4.557986078191413,9.637024
*c1ccc2c(c1)C(=O)N(c1ccc(Oc3ccc(Oc4ccc(N5C(=O)c6ccc(C(*)(C(F)(F)F)C(F)(F)F)cc6C5=O)cc4)cc3)c(C(F)(F)F)c1)C2=O,260.8,247.85551,1.3829958786936387,-12.944473
*CCCCCOC(=O)Nc1ccc(Cc2ccc(NC(=O)O*)cc2)cc1,95.0,83.62137,2.040410291637201,-11.378632
*Oc1ccc(NC(=O)CCCCCCCCCC(=O)Nc2ccc(*)cc2)cc1,150.0,152.54869,2.8769122512551686,2.5486908
*CC1CCC(COC(=O)O*)CC1,38.7,39.683315,1.0620972451873352,0.9833145
*CC(CC(*)(C#N)C#N)c1ccc(OC(C)=O)cc1,180.0,186.49583,0.8766711661566282,6.4958344
*C1c2cccc3cccc(c23)C1*,250.0,241.1421,1.3923635063033981,-8.857895
*CC1CCCC(CNC(=O)c2cc(C(=O)N*)cc(C(C)(C)C)c2)C1,200.0,198.68356,0.945210716519462,-1.3164368
*c1cccc(P(=O)(c2ccccc2)c2cccc(N3C(=O)c4ccc(NC(=O)OCCOc5c(Br)cc(C(C)(C)c6cc(Br)c(OCCOC(=O)Nc7ccc8c(c7)C(=O)N(*)C8=O)c(Br)c6)cc5Br)cc4C3=O)c2)c1,201.0,206.73108,1.0431996702567408,5.731079
*c1ccc2c(c1)C(=O)N(c1cccc(C(C)(C)c3ccc(N4C(=O)c5ccc(C(*)(C(F)(F)F)C(F)(F)F)cc5C4=O)cc3)c1)C2=O,260.0,273.5838,5.396765121549784,13.583801
*Oc1ccc(CC(NC(=O)CCc2ccc(OC(=O)CCCC(*)=O)cc2)C(=O)OCCCC)cc1,56.000004,52.45238,0.5746427750360217,-3.5476227
*CCCCCCNC(=O)CCC(C)CC(=O)N*,16.999994,23.204767,1.3180369964347367,6.204773
*O[Si](C)(C)c1ccc2cc([Si](*)(C)C)ccc2c1,28.999994,18.47938,3.2560900491036313,-10.520615
*CC(*)CNc1ccc([N+](=O)[O-])cc1C,151.0,148.13191,1.0451952602014216,-2.8680878
*CC(C)C(=O)O*,-24.999998,-6.479688,3.7788024549484316,18.52031
*Oc1c(Cl)cc(C(c2cc(Cl)c(OC(*)=O)c(Cl)c2)C2CC3CCC2C3)cc1Cl,270.0,276.51303,1.7967250502416356,6.513031
*C1C(=O)N(c2cc(Br)c(O[Si](CC)(CC)CC)c(Br)c2)C(=O)C1*,160.0,159.04305,0.8854740258942391,-0.95695496
*=NP(Cl)(Cl)=NP(Cl)(Cl)=NC(=*)Cl,-20.999998,-39.699154,3.318705663068968,-18.699156
*CC(*)(C)C(=O)OCCCCCCCCCCCOc1ccc(C(=O)Oc2ccc(C#N)cc2)cc1,10.000002,36.881725,1.209899604916228,26.881723
*Oc1ccc(S(=O)(=O)c2cccc3c(S(=O)(=O)c4ccc(Oc5c(C)cc(-c6cc(C)c(*)c(C)c6)cc5C)cc4)cccc23)cc1,262.0,258.91052,1.2825169405884613,-3.0894775
*CCC/C=C(/*)c1ccc(Cl)cc1,15.999994,1.4747642,3.6583214348205866,-14.52523
*O[Si](C)(C)O[Si](C)(C)O[Si](C)(C)O[Si](C)(C)O[Si](C)(C)Oc1c(*)c2ccccc2c2ccccc12,-37.999996,-44.800594,4.065709979564397,-6.800598
*c1ccc(Oc2ccc(S(=O)(=O)c3ccc(Oc4ccc(-c5nc6ccccc6n5-c5ccc(-n6c(*)nc7ccccc76)cc5)cc4)cc3)cc2)cc1,270.0,259.41162,1.1943882286034575,-10.588379
*c1ccc(Oc2ccc(P(=O)(c3ccccc3)c3ccc(Oc4ccc(-c5cc(*)[nH]n5)cc4)cc3)cc2)cc1,296.0,273.45724,2.5141314670075836,-22.542755
*CC(=O)Nc1ccc(Oc2cccc(Oc3ccc(NC(=O)CN4C(=O)c5ccc(C(c6ccc7c(c6)C(=O)N(*)C7=O)(C(F)(F)F)C(F)(F)F)cc5C4=O)cc3)c2)cc1,221.0,219.15291,0.8726892541991573,-1.8470917
*Cc1ccc(CNC(=O)CCCCCCCCCCCCCCCCC(=O)N*)cc1,75.0,87.90957,0.7900709822379846,12.909569
*c1ccc(-c2cc(-c3ccc(-c4ccccc4)cc3)cc(-c3ccc(N4C(=O)c5ccc(NC(=O)Nc6ccc(NC(=O)Nc7ccc8c(c7)C(=O)N(*)C8=O)cc6)cc5C4=O)cc3)n2)cc1,243.0,255.29153,1.5620902323236696,12.291534
*CC(COC(C)C)O*,-67.0,-64.84689,2.906034082980424,2.1531067
*CCCCCCOC(=O)OCCCCCCOC(=O)OCCCCCCOc1ccc(Oc2ccc(O*)cc2)cc1,-12.999998,-6.181318,1.6546548802063816,6.8186803
*c1ccc2c(c1)C(=O)N(c1cc(C(c3ccc(O)c(N4C(=O)c5ccc(C(*)(C(F)(F)F)C(F)(F)F)cc5C4=O)c3)(C(F)(F)F)C(F)(F)F)ccc1O)C2=O,330.0,300.99396,3.739691572925983,-29.006042
*NC(CCC(=O)OCCCCC)C(*)=O,-19.999998,-24.054884,2.0737861564613658,-4.054886
*CC(*)(C)C(=O)OCCCCCCOc1ccc(C(=O)Oc2ccc(/N=N/c3ccc(Cl)cc3)c3ccccc23)cc1,50.000004,44.74069,0.6658961414592293,-5.2593155
*Oc1ccc(NC(=O)c2ccc(P(=O)(c3ccccc3)c3ccc(C(=O)Nc4ccc(Oc5ccc(P(=O)(c6ccccc6)c6ccc(*)cc6)cc5)cc4)cc3)cc2)cc1,225.0,231.27164,1.6059281784998196,6.271637
*Oc1ccc(NC(=O)c2ccc(C(=O)Nc3ccc(Oc4ccc(C5(c6ccc(*)cc6)C6CC7CC(C6)CC5C7)cc4)cc3)c3ccccc23)cc1,269.0,267.51495,1.399964257677502,-1.4850464
*CCCCCCCCCCOc1ccc(/C=C/c2ccc(OCCCCCCCCCCOP(=O)(O*)OCCCCCCCCCCOc3ccc(/N=N/c4ccc(Cl)cc4)cc3)cc2)cc1,60.000004,57.16428,0.7111191460216277,-2.8357239
*OC(CCCCC)CC(*)=O,-32.999996,-39.564342,3.16907767784125,-6.5643463
*CCCCOCC(O)CN(CC(O)CO*)c1ccc(N(C)C)cc1,31.000002,27.596468,1.8833036613470655,-3.403534
*C(=O)NCCCCCCNC(=O)c1ccc(N2C(=O)c3ccc(*)cc3C2=O)cc1,225.0,217.24625,3.4607176074530233,-7.7537537
*c1ccc(Oc2ccc(-c3ccc(Oc4ccc(N5C(=O)c6ccc(Oc7ccc(Oc8ccc(Oc9ccc%10c(c9)C(=O)N(*)C%10=O)cc8)cc7)cc6C5=O)cc4)cc3)cc2)cc1,211.0,222.97188,2.477785675082708,11.971878
*Oc1c(-c2ccccc2)cc(Cc2cc(-c3ccccc3)c(OC(=O)CCCCCC(*)=O)c(-c3ccccc3)c2)cc1-c1ccccc1,111.0,100.438774,0.766714118315766,-10.561226
*c1ccc(Oc2ccc(C3(c4ccc(Oc5ccc(N6C(=O)c7ccc(Oc8ccc(C9(c%10ccc(Oc%11ccc%12c(c%11)C(=O)N(*)C%12=O)cc%10)CCC(c%10ccccc%10)CC9)cc8)cc7C6=O)cc5)cc4)CC4CCC3C4)cc2)cc1,245.0,245.85242,0.7824183932787308,0.852417
*CCOC(=O)c1ccc(C(=O)O*)c2ccccc12,64.0,74.15888,0.9144723899166829,10.158882
*CC(*)CCCCCCCCCCCC,10.000002,-28.078505,8.954410635441624,-38.078506
*c1ccc(Oc2ccc(-c3cc(-c4ccccc4)c4cc(-c5ccc6nc(*)cc(-c7ccccc7)c6c5)ccc4n3)cc2)cc1,305.0,341.75906,7.703986710347859,36.759064
*c1ccc(Oc2ccc(C(C)(c3ccccc3)c3ccc(Oc4ccc(-c5nc(-c6ccccn6)nnc5*)cc4)cc3)cc2)cc1,232.0,229.49406,0.9013626122710703,-2.5059357
*CC(*)(C)C(=O)OC(OCC)C(F)(F)F,60.000004,50.840466,0.8831851085232858,-9.159538
*c1ccc(Oc2ccc(S(=O)(=O)c3ccc(Oc4ccc(-c5nc(-c6ccccn6)nnc5*)cc4)cc3)cc2)cc1,265.0,252.72893,1.671605979995195,-12.271072
*Oc1ccc(S(=O)(=O)c2ccc(Oc3ccc(C4(c5ccc(Oc6ccc(S(=O)(=O)c7ccc(Oc8ccc(/C=C9\CC/C(=C\c%10ccc(*)cc%10)C9=O)cc8)cc7)cc6)cc5)CCCC4)cc3)cc2)cc1,240.0,232.18636,1.099748192311652,-7.8136444
*CCN(*)C(=O)c1ccc(F)cc1,104.0,105.67811,0.6831719330313907,1.6781082
*C(=O)c1ccc(C(=O)N2CC(C)N(*)CC2C)cc1,350.0,342.51355,3.4998906945776516,-7.48645
*Oc1ccc(C(C)(C)c2ccc(OC(=O)OCCCCOC(*)=O)cc2)cc1,56.500004,55.271236,1.1018504943760656,-1.2287674
*N=P(Cl)(Cl)N=P(Cl)(Cl)/N=S(/*)Cl,-39.999996,-43.883343,2.546459688999749,-3.8833466
*CC(*)(C)C(=O)OCCS(=O)CC,24.999994,25.79719,1.2002717421567766,0.79719543
*/C=C/C1CC(*)C(C#N)C1,140.0,130.00179,0.8777566137729493,-9.998215
*C(=O)c1ccc2c(c1)C(=O)N(c1cccc(C(=O)c3ccccc3N3C(=O)c4ccc(*)cc4C3=O)c1)C2=O,259.0,263.32037,1.2680963527341182,4.3203735
*CC(*)OC(=O)C(Cl)(Cl)Cl,59.000004,53.5759,0.7957194463774269,-5.424103
*C1C(=O)OC(=O)C1C1C2CC(C(=O)OC(C)CC)C(C2)C1*,175.0,183.86812,1.7441764000348077,8.868118
*c1ccc(-c2ccc(-c3ccc(-c4ccc(N(*)c5ccc(C)cc5)cc4)c4c(C)ccc(C)c34)c3c(C)ccc(C)c23)cc1,148.0,141.44978,1.4317938963506798,-6.5502167
*Oc1cccc2ccc(Oc3ccc(NC(=O)c4cccc(C(=O)Nc5ccc(*)cc5)c4)cc3)cc12,256.0,234.54712,1.9426052304242116,-21.45288
*CC(*)(C)C(=O)Oc1c(C(C)C)cccc1C(C)C,198.0,184.24565,1.8032557481913718,-13.754349
*c1cc(Oc2c(C)cc(-c3cc(C)c(Oc4cc(N5C(=O)c6ccc(Oc7ccc8c(c7)C(=O)N(*)C8=O)cc6C5=O)cc(C(F)(F)F)c4)c(C)c3)cc2C)cc(C(F)(F)F)c1,252.2,246.47314,1.0647289189546434,-5.7268524
*OC(=O)NC1CCC(CC2CCC(NC(=O)OC3CC4CC(*)CC(C3)O4)CC2)CC1,225.0,224.28662,0.9982343875065727,-0.7133789
*CC(*)C(=O)OCCCCCCOc1ccc(/N=N/c2ccc([N+](=O)[O-])cc2)cc1,35.8,41.519283,0.9951977522407296,5.719284
*CCCCCCCCC(c1ccc(O)cc1)C(*)c1ccc(O)cc1C,-11.999998,5.8557305,2.559485898174756,17.855728
*C(=O)Oc1ccc(C(c2ccc(OC(=O)c3ccc4c(c3)C(=O)N(c3c(C)cc(-c5cc(C)c(N6C(=O)c7ccc(*)cc7C6=O)c(C)c5)cc3C)C4=O)cc2)(C(F)(F)F)C(F)(F)F)cc1,335.0,310.47092,5.674367851992535,-24.529083
*C(=O)c1cc(C(=O)c2ccc3c(c2)C(=O)N(c2cccc(N4C(=O)c5ccc(*)cc5C4=O)c2)C3=O)cc(-c2ccccc2)c1,266.5,265.7742,1.5163750325083325,-0.72579956
*Oc1ccc(/C=C/C(=O)c2ccc(Oc3ccc(C(C)(c4ccccc4)c4ccc(*)cc4)cc3)cc2)cc1,167.0,166.57872,0.8337032536318428,-0.4212799
*CC(*)c1ccc([Si](O[Si](C)(C)C)(O[Si](C)(C)C)O[Si](C)(C)C)cc1,114.0,109.49951,0.6601702351092448,-4.5004883
*c1ccc(-c2sc(-c3cc(SCCCCCCCC)c(*)s3)cc2SCCCCCCCC)cc1,55.3,60.964596,0.8062359833744182,5.6645966
*COC(=O)NCCCCCCNC(=O)OCc1ccc(*)o1,33.000004,41.49792,1.2057838053777183,8.497917
*OCC(F)(F)C(F)(F)C(F)(F)COc1nc(F)c(F)c(OCC(F)(F)C(F)(F)C(F)(F)COc2c(F)c(*)nc(F)c2F)c1F,-9.999998,-4.8647437,1.9491392794905638,5.1352544
*c1ccc(OCCOCCOCCOc2cccc(N3C(=O)c4ccc(Oc5ccc6c(c5)C(=O)N(*)C6=O)cc4C3=O)c2)cc1,107.0,110.836945,2.146308299477233,3.8369446
*CC(*)C(=O)c1ccc(C(C)(C)C)cc1,103.5,101.55533,1.143942718240197,-1.9446716
*c1cc(OCCCC)cc(N2C(=O)c3ccc(Oc4ccc5c(c4)C(=O)N(*)C5=O)cc3C2=O)c1,237.0,219.19032,1.3393823526083497,-17.809677
*CC(*)OC(=O)c1ccccc1C,42.500004,44.92747,0.8897967568837715,2.4274673
*c1ccc(Oc2ccc(Oc3ccc(Oc4ccc(N5C(=O)c6ccc(-c7ccc8c(c7)C(=O)N(*)C8=O)cc6C5=O)cc4)cc3)cc2)cc1,228.51,255.04869,3.060598681872723,26.538696
*Oc1cccc(N(c2ccccc2)c2ccc(-c3ccc(N(c4ccc(/N=N/c5ccc([N+](=O)[O-])cc5)cc4)c4cccc(OC(=O)OCCOCCOC(*)=O)c4)cc3)cc2)c1,111.0,116.85012,0.9372545373392999,5.8501205
*/C=C/C(C(=O)OCC)C(*)C(=O)OCC,6.0000024,14.049105,1.1383533698923045,8.049103
*CCCCCCNC(=O)CCCCCC(=O)N*,54.000004,48.579426,0.5697313994684536,-5.420578
*CCCCCCN(CC(F)(F)C(F)(F)C(F)(F)C(F)(F)C(F)(F)C(F)(F)C(F)(F)F)C(=O)CCCCC(=O)N(*)CC(F)(F)C(F)(F)C(F)(F)C(F)(F)C(F)(F)C(F)(F)C(F)(F)F,119.4,121.537315,1.1311303521942326,2.1373138
*CC(*)OC(=O)c1ccncc1,98.5,95.187035,1.0641172354498742,-3.3129654
*C(=O)c1ccc2c(c1)C(=O)N(c1cc(N3C(=O)c4ccc(*)cc4C3=O)c(C)cc1C)C2=O,305.0,301.24155,2.7324826856776365,-3.7584534
*CC(*)C(=O)Oc1ccccc1Cl,318.0,224.55734,59.45872136640025,-93.44266
*CC(*)OC(=O)c1ccc(Cl)cc1,70.25,72.76971,1.732308839429697,2.5197067
*CCCCOC(=O)c1ccc(-c2ccc(C(=O)O*)cc2)cc1,70.0,76.76908,14.342343470261016,6.769081
*CCCNC(=O)CNC(=O)C(Cc1ccccc1)NC(=O)CCCCCCCCC(=O)NC(Cc1ccccc1)C(=O)NCC(=O)NCCCOCCOCCO*,36.000004,38.374584,0.45603900854736384,2.3745804
*c1ccc2c3ccc(-c4ccc(-c5ccc(-c6ccc(*)s6)c6nsnc56)s4)cc3n(C(CCCCCCCC)CCCCCCCC)c2c1,126.0,122.26119,0.6151213315272742,-3.7388077
*c1c(C)cc(-c2cc(C)c(N3C(=O)c4cccc(Oc5c(C)cc(Cc6cc(C)c(Oc7cccc8c7C(=O)N(*)C8=O)c(C)c6)cc5C)c4C3=O)c(C)c2)cc1C,276.0,283.9023,3.3551783785356655,7.902313
*c1cc(/C=N/c2ccc3c(c2)c2cc(/N=C/c4cc(*)c(O)c(*)c4)ccc2n3CCCCCCCCCCCC)ccc1O,310.0,331.28256,16.446744171455165,21.282562
*CCCCCCCCCCOC(=O)c1ccccc1C(=O)O*,-13.999998,-6.7084937,4.200991206225713,7.2915044
*C(C(=O)OC)C(*)C(=O)OC(C)(C)C,84.0,74.96562,1.039593030999037,-9.034378
*C(=O)c1ccc(C(=O)N(*)c2ccccc2)cc1,179.0,167.0539,1.435546937515534,-11.946106
*c1cccc(Cc2cccc(N3C(=O)c4ccc([Si](C)(C)O[Si](C)(C)c5ccc6c(c5)C(=O)N(*)C6=O)cc4C3=O)c2)c1,217.0,212.44717,1.6900817331217814,-4.552826
*C(=O)c1ccc2c(c1)C(=O)N(c1ccc(Cc3cccc(N4C(=O)c5ccc(*)cc5C4=O)c3)cc1)C2=O,281.0,265.64105,2.3559679783147547,-15.358948
*Nc1cc([N+](=O)[O-])c(NC(=O)CCCCCCCCC(*)=O)cc1/C=C/c1ccc(N(C)C)cc1,159.0,160.1741,5.202474082401681,1.1741028
*C(=O)Nc1ccc(Oc2ccc(NC(=O)c3ccc4c(c3)C(=O)N(c3ccc(S(=O)(=O)c5ccc(N6C(=O)c7ccc(*)cc7C6=O)cc5)cc3)C4=O)cc2)cc1,281.0,273.09015,5.983768071333432,-7.909851
*CC(*)C(=O)OCCCCCCSCC#N,-58.999996,-38.88206,2.6627784128460403,20.117935
*C(=O)c1cccc(C(=O)c2ccc3c(c2)C(=O)N(c2ccc(Oc4ccc(S(=O)(=O)c5ccc(Oc6ccc(N7C(=O)c8ccc(*)cc8C7=O)cc6)cc5)cc4)cc2)C3=O)c1,249.0,237.45477,1.2949028770450715,-11.545227
*/C(C#N)=C(\C#N)n1c(=O)c2cc3c(=O)n(*)c(=O)c3cc2c1=O,210.0,214.0807,1.0040157967255057,4.0807037
*Oc1ccc(-c2ccc(OC(=O)c3ccc(C(=O)c4ccc(C(*)=O)cc4)cc3)c(-c3ccccc3)c2)cc1-c1ccccc1,184.5,161.61739,2.603578005601732,-22.882614
*Oc1c(C)cc(-c2cc(C)c(OC(=O)CCCCCCCCC(*)=O)c(C)c2)cc1C,57.000004,80.34007,1.33104508863554,23.340069
*c1ccc(C(=O)Nc2cccc(-n3c(=O)c4cc5c(=O)n(*)c(=O)c5cc4c3=O)c2)cc1,390.00003,360.45834,14.37045933866718,-29.541687
*CC(O)CN(CC(O)COc1ccc(C(C)(C)c2ccc(O*)cc2)cc1)c1ccc(/C=C/c2ccc([N+](=O)[O-])cc2)cc1,320.0,240.8863,29.68787385949711,-79.11369
*Oc1ccc(C(=O)NNC(=O)c2ccc(C(=O)NNC(=O)c3ccc(OC(=O)c4cccc(C(*)=O)c4)cc3)cc2Oc2ccccc2)cc1,160.0,156.72878,1.1583807947343787,-3.271225
*CC(*)Cc1cccc(C)c1,40.000004,50.571056,0.824879606498975,10.571053
*Oc1ccc(/C=C2\CCC/C(=C\c3ccc(OC(=O)CCCCCCCCC(*)=O)c(OC)c3)C2=O)cc1OC,48.05,51.672543,0.590810184787523,3.6225433
*C(=O)OCCN(CCOC(=O)c1ccc2c(c1)C(=O)N(c1c(C)cc(Cc3cc(C)c(N4C(=O)c5ccc(*)cc5C4=O)c(C)c3)cc1C)C2=O)c1ccccc1,177.0,165.30145,1.4200115797744821,-11.698547
*Oc1ccc(C(=O)OCCCCOC(=O)c2ccc(*)cc2)cc1,38.000004,46.264103,2.8980661748921066,8.264099
*Oc1ccc(S(=O)(=O)c2ccc(Oc3ccc(-c4ccc(-c5ccc(*)cc5)cc4)cc3)cc2)cc1,251.0,246.83757,5.169871068847024,-4.16243
*CCCCCOC(=O)c1ccc2cc(C(=O)O*)ccc2c1,58.500004,57.63271,1.6177404456807707,-0.8672943
*Nc1ccc(-c2ccc(NC(=O)c3cc(NC(=O)c4ccncc4)cc(C(*)=O)c3)cc2)cc1,339.0,332.13858,3.1539325157411446,-6.8614197
*OC(=O)CCCCCCCCC(*)=O,60.000004,-10.759977,3.6845187889642323,-70.75998
*Oc1ccc(S(=O)(=O)c2ccc(-c3ccc(S(=O)(=O)c4ccc(Oc5ccc(-c6ccc(-c7ccc(*)cc7)cc6)cc5)cc4)cc3)cc2)cc1,263.0,238.01833,4.8462269283308705,-24.981674
*c1ccc2c(c1)C(=O)N(c1cccc(C(=O)Nc3ccc(-c4ccc(NC(=O)c5cccc(N6C(=O)c7ccc(C(*)(C(F)(F)F)C(F)(F)F)cc7C6=O)c5)cc4)cc3)c1)C2=O,324.0,311.47574,4.540390621510827,-12.524261
*c1ccc(OCCN(CCOc2ccc(-c3nc4ccc(Oc5ccc6nc(*)c(-c7ccccc7)nc6c5)cc4nc3-c3ccccc3)cc2)c2ccc(/N=N/c3ccc([N+](=O)[O-])cc3)cc2)cc1,199.0,201.44379,0.986375937749761,2.4437866
*c1ccc(Oc2ccc(-c3ccc(Oc4ccc(N5C(=O)c6cccc(Oc7cc(C(C)(C)C)c(Oc8cccc9c8C(=O)N(*)C9=O)cc7C(C)(C)C)c6C5=O)cc4)cc3)cc2)cc1,275.0,269.054,1.4921626913475488,-5.9460144
*Oc1ccc(CC(NC(=O)CCc2ccc(OC(=O)COCC(*)=O)cc2)C(=O)OC(C)C)cc1,80.0,75.70186,0.6272631077217083,-4.2981415
*CCCCCCCCCCCCCCCCOC(=O)NCc1ccc(CNC(=O)O*)cc1,47.000004,45.20631,1.1293939501753016,-1.7936935
*O[Si](*)(C)CCCCCCCCCCC(=O)OCCC(F)(F)C(F)(F)C(F)(F)C(F)(F)C(F)(F)C(F)(F)F,-69.0,-63.87765,3.1253554499107374,5.122349
*Oc1ccc(S(=O)(=O)c2ccc(Oc3ccc(C(C)(C)c4ccc(*)c(C)c4)cc3C)cc2)cc1,180.0,174.91544,0.8775385293869399,-5.084564
*c1ccc(Oc2ccccc2Oc2ccc(N3C(=O)c4ccc(-c5ccc6c(c5)C(=O)N(*)C6=O)cc4C3=O)cc2)cc1,241.0,237.41817,2.0553351178198205,-3.581833
*C(F)(F)C1(*)OC(F)(F)C(F)(F)O1,108.0,120.47275,1.0082731809410308,12.472748
*c1ccc(Oc2ccc(Oc3ccc(P(=O)(c4ccccc4)c4ccc(Oc5ccc(Oc6ccc(-c7nc8cc9sc(*)nc9cc8s7)cc6)cc5)cc4)cc3)cc2)cc1,255.0,229.22038,94.4252037455819,-25.779617
*c1ccc2oc(-c3ccc(Oc4ccc(-c5nc6cc(C(*)(C(F)(F)F)C(F)(F)F)ccc6o5)cc4)cc3)nc2c1,303.0,305.42053,2.657573081517834,2.4205322
*CC(*)c1ccc(COC(C)CC)cc1,40.000004,31.744165,1.2552238760338588,-8.255838
*Oc1ccc(CC(NC(=O)CCc2ccc(OC(=O)CCCCCCCCC(*)=O)cc2)C(=O)OCCCCCCCCCCCC)cc1,12.500002,24.394075,0.7282456558207967,11.8940735
*c1ccc(-c2ccc(-c3ccc4nc(Oc5cc(-c6ccccc6)c6cc(*)ccc6n5)cc(-c5ccccc5)c4c3)cc2)cc1,308.0,298.5152,3.854834683174511,-9.484802
*c1ccc(Oc2ccc(C3(c4ccc(Oc5ccc(-c6ccc(*)s6)cc5C(F)(F)F)cc4)c4ccccc4-c4ccccc43)cc2)c(C(F)(F)F)c1,169.0,168.79338,0.8339569436318948,-0.20661926
*CCN(*)C(=O)CC12CC3CC(CC(C3)C1)C2,139.0,139.87167,2.751056249520445,0.8716736
*c1ccc(-c2cc(-c3ccc(-c4ccccc4)cc3)cc(-c3ccc(N4C(=O)c5ccc(NC(=O)Nc6cccc(NC(=O)Nc7ccc8c(c7)C(=O)N(*)C8=O)n6)cc5C4=O)cc3)n2)cc1,248.0,246.12956,4.931025258734182,-1.8704376
*C(=O)c1ccc(Oc2ccc(Oc3ccc(C(=O)c4ccc5c(c4)C(=O)N(c4ccc(Oc6ccc(N7C(=O)c8ccc(*)cc8C7=O)cc6)cc4)C5=O)cc3)cc2)cc1,220.0,231.83698,1.3412288178636294,11.836975
*Oc1ccc(CC(NC(=O)CCc2ccc(OC(=O)CCCCCCC(*)=O)cc2)C(=O)OCCCCCC)cc1,26.999994,29.140314,0.6775894963615181,2.1403198
*OC(=O)c1ccc(C(=O)Oc2ccc3c(c2)Oc2cc(*)ccc2C32c3ccccc3-c3ccccc32)cc1,290.0,290.6786,1.647367144068668,0.67858887
*CC(*)OCCOCCOCCOC,-76.0,-67.726135,3.0596063324648832,8.273865
*CCCCCCOC(=O)c1ccc2cc(C(=O)O*)ccc2c1,64.0,55.443462,1.5902329096627597,-8.556538
*C(*)C(=O)OCC,13.500002,12.128923,2.389915417966694,-1.3710785
*CC(*)c1ccc(C(=O)Cc2ccccc2)cc1,78.0,73.455986,0.7637304725814095,-4.544014
*Oc1ccc(C(C)(C)c2ccc(OC(=O)c3ccc(C(C)(C)c4ccc(C(*)=O)cc4)cc3)cc2)cc1,230.0,183.3598,28.44131879853623,-46.640198
*CCOc1ccc(S(=O)(=O)c2ccc(OCCOP(=O)(O*)Oc3ccccc3)cc2)cc1,49.000004,49.398228,0.5668498580684833,0.39822388
*Cc1ccc(CSSS*)cc1,8.000002,13.619921,1.7424556016526187,5.619919
*NC(CCC(=O)OCCCC)C(*)=O,-14.999998,-17.060286,1.92755766959554,-2.0602875
*C(=O)c1ccc2c(c1)C(=O)N(c1ccc(Oc3ccc(Oc4ccc(N5C(=O)c6ccc(*)cc6C5=O)cc4C(F)(F)F)cc3)cc1)C2=O,237.1,245.88991,1.2614058484107682,8.789902
*Nc1cccc(NC(=O)c2ccc(C(=O)Nc3ccc(C(=O)NC(*)=S)cc3)cc2)c1,273.0,283.77148,2.0132088591775603,10.771484
*CCCCCCNC(=O)Cc1ccc(C(=O)N*)cc1,104.0,90.96641,0.8936443623706266,-13.033592
*CC(*)C(=O)OCCCSCCC#N,-57.999996,-58.276012,2.9022106683666387,-0.27601624
*CC(*)C(=O)c1ccc(Br)c(OC)c1,44.000004,42.54456,0.6309426337658047,-1.4554443
*c1ccc(-c2nnc(-c3cccc(-c4nnc(*)n4-c4ccccc4)c3)n2-c2ccccc2)cc1,272.5,263.1395,1.8564800672858508,-9.360504
*c1cccc(NC(=O)c2ccc(OCCOCCOCCOCCOc3ccc(C(=O)Nc4ccc5[nH]c(*)nc5c4)cc3)cc2)c1,155.0,168.9764,4.612902920621635,13.976395
*Nc1cc(NC(=O)c2ccc(-c3ccc(C(*)=O)cc3)cc2)cc(C(=O)OCCOc2ccc(/C=C/C(=O)c3ccccc3)cc2)c1,254.0,237.50906,3.136826950420824,-16.490936
*c1c(C)cc(Cc2cc(C)c(N3C(=O)c4ccc(Oc5c(C)cc(-c6cc(C)c(Oc7ccc8c(c7)C(=O)N(*)C8=O)c(C)c6)cc5C)cc4C3=O)c(C)c2)cc1C,420.0,344.13583,10.635433776739054,-75.86417
*C(=O)c1ccc2c(c1)C(=O)N(c1ccc(Oc3ccc(S(=O)(=O)c4ccc(C)cc4)cc3)c(N3C(=O)c4ccc(*)cc4C3=O)c1)C2=O,293.0,278.5861,1.9731856356564734,-14.41391
*C(=O)c1ccc2ncc(-c3ccc(-c4cnc5ccc(*)cc5n4)cc3)nc2c1,318.0,309.06866,6.364399206569189,-8.931335
*CC(O)COc1c(C)cc(C(C)(C)c2cc(C)c(OCC(O)COc3ccc(S(=O)(=O)c4ccc(O*)cc4)cc3)c(C)c2)cc1C,145.0,142.95744,0.7564310598967378,-2.0425568
*c1cccc(N2C(=O)c3ccc(Oc4ccc(S(=O)(=O)c5ccc(Oc6ccc7c(c6)C(=O)N(*)C7=O)cc5)cc4)cc3C2=O)c1,265.0,243.97685,1.4415243870564884,-21.023148
*c1cccc(C(=O)c2c(C)cc(C)c(N3C(=O)c4ccc(-c5ccc6c(c5)C(=O)N(*)C6=O)cc4C3=O)c2C)c1,320.0,316.62143,3.040765935961545,-3.3785706
*CC(*)c1ccc(COCCCC)cc1,10.000002,5.1558557,2.075510515404959,-4.8441463
*CCOc1ccc(/C=C2\CC/C(=C\c3ccc(OCCOP(=O)(O*)OCC)c(OC)c3)C2=O)cc1OC,80.0,83.28214,0.6259155399525989,3.2821426
*c1ccc(-c2ccc(Oc3ccc(C4(C)CC(C)(C)c5ccc(Oc6ccc(-c7ccc(N8C(=O)c9ccc(Oc%10ccc(C(C)(C)c%11ccc(Oc%12ccc%13c(c%12)C(=O)N(*)C%13=O)cc%11)cc%10)cc9C8=O)cc7)cc6C(F)(F)F)cc54)cc3)c(C(F)(F)F)c2)cc1,241.0,237.41237,0.7198368664527196,-3.5876312
*Oc1ccc(Oc2cccc(*)n2)c(C)c1,89.0,85.77731,1.0290537692424953,-3.2226868
*OS(=O)(=O)c1cccc(C(=O)c2cccc(S(=O)(=O)Oc3ccc(C(C)(C)c4ccc(*)cc4)cc3)c2)c1,122.0,119.14355,0.7053133888460335,-2.856453
*CC(CSCCCC)O*,-65.0,-66.11867,3.0744381651614154,-1.1186676
*CC(*)c1ccccc1COCCCCCCCC,13.000002,33.7311,1.0393589764479056,20.731096
*Oc1ccc(Oc2ccc(Oc3ccc(Oc4ccc(OC(=O)c5cccc(C(*)=O)c5)cc4)cc3)cc2)cc1,134.0,132.60674,1.965096249590835,-1.3932648
*c1ccc2c(c1)C(=O)N(c1ccc(Oc3ccc(N4C(=O)c5ccc(C(F)(F)C(F)(F)C(F)(F)C(F)(F)C(F)(F)C(*)(F)F)cc5C4=O)cc3)cc1)C2=O,185.0,181.23546,1.7890306770470792,-3.7645416
*c1ccc(C2(c3ccc(-c4cc(-c5ccccc5)c5cc(-c6ccc7nc(*)cc(-c8ccccc8)c7c6)ccc5n4)cc3)c3ccccc3C(=O)c3ccccc32)cc1,417.0,388.46506,8.48237151116756,-28.534943
*Oc1ccc(C2(c3ccc(OC(=O)c4ccc(C(*)=O)cc4)cc3)CC3CC2C2CCCC32)cc1,322.0,299.03204,5.558203488955357,-22.967957
*c1ccc(Cc2ccc(-n3c(=O)c4cc5c(=O)n(*)c(=O)c5cc4c3=O)cc2)cc1,351.0,352.28027,15.4895530035896,1.2802734
*c1c(C)cc(-c2cc(C)c(N3C(=O)c4ccc(Oc5cc6ccccc6cc5Oc5ccc6c(c5)C(=O)N(*)C6=O)cc4C3=O)c(C)c2)cc1C,308.0,300.41092,5.146171553250845,-7.589081
*C1CCC(CC2CCC(N3C(=O)c4ccc(-c5ccc6c(c5)C(=O)N(*)C6=O)cc4C3=O)C(C)C2)CC1C,260.0,257.584,1.178227678168779,-2.415985
*c1ccc2c(c1)C(=O)N(c1cccc(Oc3ccc(N4C(=O)c5ccc(C(*)(C(F)(F)F)C(F)(F)F)cc5C4=O)cc3)c1)C2=O,260.0,265.7891,2.6171816540585913,5.789093
*CCCCCCCCCCCCCCc1ccc(-c2c(-c3ccccc3)cc(-c3ccc(-c4cc(-c5ccccc5)c(-c5ccc(*)cc5)c(-c5ccccc5)c4-c4ccccc4)cc3)c(-c3ccccc3)c2-c2ccccc2)cc1,185.0,175.24806,10.976601743818131,-9.751938
*c1ccc2c(c1)C(=O)N(c1ccc(C(=O)Nc3ccc(Oc4ccc(-c5ccc(Oc6ccc(NC(=O)c7ccc(N8C(=O)c9ccc(C(*)(C(F)(F)F)C(F)(F)F)cc9C8=O)cc7)cc6)cc5)cc4)cc3)cc1)C2=O,296.0,303.07724,3.3187310058883748,7.07724
*O[Si](*)(C)CCC(F)(F)F,-69.0,-62.148006,4.469972770284864,6.8519936
*CCC1C(=O)N(CCCCCCCCCCCCCCCC)C(=O)C1*,65.6,52.814846,1.1069143457496504,-12.785152
*CCCCCCCCN(C)c1ccc(C(=O)c2ccc(N(*)C)cc2)cc1,50.000004,50.31754,1.3195071941275038,0.3175354
*C(=O)OCCCCCCCCCCCCOC(=O)c1ccc(NC(=O)c2ccc(N3C(=O)c4ccc(*)cc4C3=O)cc2)cc1,74.0,82.94698,1.6323578069138949,8.946983
*Oc1ccc(NC(=C(C#N)C#N)c2ccc3cc(C(Nc4ccc(*)cc4)=C(C#N)C#N)ccc3c2)cc1,280.0,261.17245,1.778895015397947,-18.827545
*CCCCCCN(C)C(=O)CCCC(=O)N(*)C,3.0000024,3.470675,1.3318894653003155,0.4706726
*CCCCCCCCCCCNC(=O)CCCCCCCCCCCCCCCCCCC(=O)N*,28.999994,40.83974,0.5899597865850786,11.839746
*CCCC(C)(C)CCCn1c(=O)c2cc3c(=O)n(*)c(=O)c3cc2c1=O,135.0,131.572,1.2314687528463368,-3.4279938
*Oc1ccc(S(=O)(=O)c2ccc(*)cc2)cc1,225.0,237.16415,13.08244845183198,12.164154
*Oc1ccc(S(=O)(=O)c2ccc(Oc3ccc(-c4ccc(*)cc4)cc3)cc2N)c(N)c1,242.2,237.9127,1.2367891740858152,-4.2872925
*Oc1ccc(/N=C/C=N/c2ccc(OC(=O)NCCCCCCNC(*)=O)cc2)cc1,80.0,75.227165,1.27369826776932,-4.772835
*CCC(=O)NCCCCCCNC(=O)CCS*,26.999994,27.409815,1.2546661245621245,0.40982056
*CCCCCCN1C(=O)C(=O)N(c2ccc(Cc3ccc(N4C(=O)C(=O)N(*)C4=O)cc3)cc2)C1=O,158.0,155.60188,1.616522105346156,-2.398117
*O[Si](*)(C)C,-122.90001,-56.154247,9.78916037995913,66.74576
*CC(*)(C)C(=O)OCC#CO[Si](C)(C)C,57.000004,54.92243,0.8450548993617192,-2.0775757
*Oc1ccc(OC(=O)c2ccc(C(*)=O)cc2)cc1C1CC2CCC1C2,267.0,269.0368,1.1372173413595645,2.0368042
*CCCCCCOC(=O)C(CCCCCOc1ccc(/N=N/c2ccncc2)cc1)C(=O)OCCCCCCOc1ccc(-c2ccc(O*)cc2)cc1,53.600002,55.557377,1.0179639818594217,1.9573746
*c1cccc(C(=O)c2ccc(Oc3ccc(N4C(=O)c5ccc(Oc6ccc7c(c6)C(=O)N(*)C7=O)cc5C4=O)cc3C(F)(F)F)cc2)c1,224.0,221.85706,0.8245924576939626,-2.1429443
*Oc1ccc(C(=O)Nc2cc(NC(=O)c3ccc(*)cc3)cc(C(=O)OCCOC(=O)/C=C/c3ccc(N(C)C)cc3)c2)cc1,182.0,189.30122,1.0484572580596738,7.3012238
*CCOC(=O)C1CCC(C(=O)O*)CC1,24.999994,23.762789,1.0380439773434056,-1.2372055
*c1ccc(C(c2ccccc2)(c2ccc(N3C(=O)c4ccc(Oc5ccc6c(c5)C(=O)N(*)C6=O)cc4C3=O)cc2)C(F)(F)F)cc1,293.0,285.48047,2.2474806045546885,-7.5195312
*Oc1ccc(C(=O)Nc2ccc(Br)cc2-c2ccc(NC(=O)c3ccc(*)cc3)cc2)cc1,249.0,238.16473,2.837384155214059,-10.835266
*C(=O)c1ccc(Oc2ccc(Oc3ccc(C(=O)c4ccc5c(c4)C(=O)N(c4ccc(N6C(=O)c7ccc(*)cc7C6=O)cc4)C5=O)cc3)cc2)cc1,236.0,238.0941,1.3974698749690453,2.094101
*c1ccc(Cc2ccc(-n3nc(-c4ccccc4)cc3-c3cccc(-c4cc(-c5ccccc5)nn4*)c3)cc2)cc1,225.0,232.37622,1.659709830176456,7.3762207
*/C(C)=C(/*)SCCCCCCCCCC,60.000004,52.010098,0.744775771584756,-7.9899063
*N1CCOC1(*)CC,55.000004,47.005512,0.848513304070373,-7.9944916
*/C=C/C1CC(*)C2C(=O)N(CCCCC)C(=O)C12,99.0,78.898575,2.438724850364707,-20.101425
*Oc1cccc(NC(=O)c2ccc(Oc3ccc(C(C)(C)c4ccc(C(C)(C)c5ccc(Oc6ccc(C(=O)Nc7ccc(*)cc7)cc6)cc5)cc4)cc3)cc2)c1,168.0,162.0835,3.717453981953426,-5.916504
*C(=O)c1ccc(Oc2ccc(Oc3ccc(C(=O)c4ccc5c(c4)C(=O)N(c4ccc(Cc6ccc(N7C(=O)c8ccc(*)cc8C7=O)cc6)cc4)C5=O)cc3)cc2)cc1,225.0,231.1304,1.241316009021726,6.1304016
*CC(OO*)c1ccc(Br)cc1,9.599993,16.067156,1.092886885763293,6.467163
*c1cccc(Oc2cccc(Oc3cccc(N4C(=O)c5c(c(-c6ccccc6)c(-c6ccc(-c7c(-c8ccccc8)c8c(c(-c9ccccc9)c7-c7ccccc7)C(=O)N(*)C8=O)cc6)c(-c6ccccc6)c5-c5ccccc5)C4=O)c3)c2)c1,280.0,268.48422,3.4403132867140713,-11.515778
*OC1CCC(OC(=O)CCCCCCCCC(*)=O)CC1,66.0,57.974087,1.6476271697735716,-8.025913
*CC(O)CN(Cc1ccccc1)CC(O)COc1ccc(C(C)(C)c2ccc(O*)cc2)cc1,94.25,91.53559,1.0131113555550235,-2.7144089
*CC(C)(C)COC(=O)CCC(=O)O*,-17.999998,-10.862654,2.9209199524323854,7.1373444
*CC(*)C(=O)OCCC(F)(F)C(F)(F)C(F)(F)C(F)(F)C(F)(F)C(F)(F)C(F)(F)C(F)(F)F,52.000004,4.017382,2.4416141412218515,-47.98262
*CC(*)(C)C(=O)O,161.7,137.39769,2.067654031944116,-24.302307
*O[Si](*)(C)CCCCCCOc1ccc(C(=O)Oc2ccc(C(=O)OCC(C)CC)cc2)cc1,-8.999998,-3.018598,3.2324284430141677,5.9814
*c1ccc(Oc2ccc(C(=O)c3cccc(C(=O)c4ccc(Oc5ccc(N6C(=O)c7ccc(-c8ccc9c(c8)C(=O)N(*)C9=O)cc7C6=O)cc5)cc4)c3)cc2)cc1,222.0,222.33943,1.0756442388289091,0.33943176
*Oc1ccc2c(c1)C(C)(c1ccc(OC(*)=O)cc1)CC2(C)C,201.7,203.46646,1.2355942915675109,1.7664642
*Oc1ccc(C(=O)Nc2ccc(S(=O)(=O)c3ccc(NC(=O)c4ccc(Oc5ccc(C(=O)c6ccc(S(=O)(=O)c7ccc(C(=O)c8ccc(*)cc8)cc7)cc6)cc5)cc4)cc3)cc2)cc1,260.0,225.80177,2.4020114828360413,-34.198227
*CC(*)(C)C(=O)OCC1(C)COC(C)(C)OC1,108.0,104.91561,0.5889245533567967,-3.0843887
*/C=C(\C#N)C(=O)OCCCCCCCCCCOC(=O)/C(C#N)=C/c1ccc2c(c1)c1cc(*)ccc1n2CCCCCCCCCCCCCC,35.000004,51.17918,1.0059757810561438,16.179176
*c1ccc(Oc2ccc(Oc3ccc(N4C(=O)c5ccc(Oc6c(C)cc(C(C)(C)c7cc(C)c(Oc8ccc9c(c8)C(=O)N(*)C9=O)c(C)c7)cc6C)cc5C4=O)cc3)c(C(C)(C)C)c2)cc1,244.0,245.07692,1.1592963826272389,1.0769196
*c1ccc(Oc2ccc(C(c3ccc(Oc4ccc(-n5c(=O)c6ccc7c(=O)n(*)c(=O)c8ccc(c5=O)c6c78)cc4)c(S(=O)(=O)O)c3)(C(F)(F)F)C(F)(F)F)cc2S(=O)(=O)O)cc1,270.0,260.5449,1.6248242873168945,-9.455109
*CCCCCCOC(=O)OCCCCCCCCCCCCOC(=O)OCCCCCCOc1ccc(C(=O)c2ccc(O*)cc2)cc1,-7.9999976,-2.5868506,1.4950077893543228,5.413147
*Oc1ccc(CC(NC(=O)CCc2ccc(OC(=O)CCC(*)=O)cc2)C(=O)OC)cc1,91.5,86.92473,0.7063768971207608,-4.5752716
*CCCc1ccc(-c2c(-c3ccccc3)cc(-c3cccc(-c4cc(-c5ccccc5)c(-c5ccc(*)cc5)c(-c5ccccc5)c4-c4ccccc4)c3)c(-c3ccccc3)c2-c2ccccc2)cc1,240.0,234.98036,1.6064160801345944,-5.019638
*O[Si](*)(C)CCCOc1ccc(C(=O)Oc2ccc(C(=O)Oc3ccc(OC)cc3)cc2)cc1,38.000004,46.554913,2.2554583565480644,8.554909
*c1ccc(OC(=O)c2cccc(C(=O)Oc3ccc(C4(*)C(=O)Nc5ccccc54)cc3)c2)cc1,256.0,249.08224,1.5371985569914364,-6.917755
*CCOc1ccc(S(=O)(=O)c2ccc(OCCOP(=O)(O*)Oc3ccc(OC)cc3)cc2)cc1,52.000004,50.889538,0.5714991658444601,-1.110466
*OP(=O)(Oc1ccccc1)Oc1ccc(S(=O)(=O)c2ccc(*)cc2)cc1,100.5,84.45412,1.59381378721148,-16.045883
*Oc1ccc(/N=C/C=N/c2ccc(OC(=O)Nc3ccc(Cc4ccc(NC(*)=O)cc4)cc3)cc2)cc1,133.0,128.51166,1.3024372344212256,-4.4883423
*N=P(*)(OCCOCCOCCOCCOCCCCCCCCCCCC)OCCOCCOCCOCCOCCCCCCCCCCCC,-53.600002,-61.994717,3.0573654826728873,-8.394714
*CCCCCCCCCCN1C(=O)c2ccc(-c3ccc(-c4ccc5c(c4)C(=O)N(*)C5=O)cc3)cc2C1=O,103.0,106.031876,2.9544371924887773,3.0318756
*CCCCCCCCNC(=O)c1ccc(C(=O)N*)c(Sc2ccccc2)c1,110.0,94.69224,0.762057427610995,-15.307762
*Oc1cccc(Oc2ccc(C(=O)c3ccc(NC(=O)c4cccc(C(=O)Nc5ccc(C(=O)c6ccc(*)cc6)cc5)c4)cc3)cc2)c1,214.0,173.11511,3.470783733432379,-40.884888
*N=P(*)(OCCOc1ccc(/N=N/c2ccc(CCCC)cc2)cc1)OCCOc1ccc(/N=N/c2ccc(CCCC)cc2)cc1,80.0,77.84165,1.244860652622038,-2.158348
*CCCCCCCCCCCCCCCCOC(=O)CCCCCCC(=O)O*,-25.999998,-52.053295,3.204306291264349,-26.053297
*CCc1ccc(*)o1,25.499994,25.783411,2.0910862959901886,0.28341675
*CCN(*)C(=O)c1ccc(F)c(F)c1F,102.0,103.60171,0.5758469778474136,1.6017075
*CC[Si](C)(C)O[Si]1(*)O[Si](C)(C)O[Si](C)(C)O1,-63.999996,-60.2131,7.01136619929596,3.7868958
*OP(=O)(Oc1ccc(NC(=O)Oc2ccc(C(C)(C)c3ccc(OC(=O)Nc4ccc(*)cc4)cc3)cc2)cc1)c1ccccc1,34.000004,28.809855,1.3566609193239585,-5.1901493
*CCCCCOC(=O)c1ccc(-c2ccc(-c3ccc(C(=O)O*)cc3)cc2)cc1,40.000004,63.340336,10.548592940758443,23.340332
*/C(=C(\[2H])C([2H])([2H])C(*)([2H])[2H])C([2H])([2H])[2H],-57.999996,-60.643673,3.615368497598178,-2.6436768
*CCCCCC(=O)Oc1ccc(OC(=O)CCCCCn2c(=O)c3cc4c(=O)n(*)c(=O)c4cc3c2=O)c(-c2ccccc2)c1,82.0,88.57865,1.0216538754205482,6.5786514
*ON(C(F)(F)F)C(F)(Br)C(*)(F)F,3.0000024,0.26329267,1.9685636080641966,-2.7367096
*CC(*)OC(=O)CC(C)(C)c1ccccc1,19.999994,22.551943,0.959925260134443,2.5519485
*OP(=O)(Oc1ccc(C)cc1)Oc1ccc(S(=O)(=O)c2ccc(*)cc2)cc1,66.0,82.84826,1.8292047008158752,16.848259
*O[Si](*)(C)CCCCCCCCCCC(=O)Oc1ccc(C(=O)Oc2ccc(OC(=O)CCCCC(=O)OC3CC(C)CCC3C(C)C)cc2)cc1,20.700006,19.95804,1.7213877598237477,-0.74196625
*C([2H])([2H])C(*)([2H])c1c([2H])c([2H])c([2H])c([2H])c1[2H],97.0,95.58852,1.476139850861299,-1.4114838
*c1cc(C(=O)OCCCCC)cc(N2C(=O)CC(C3Cc4ccccc4C4C(=O)N(*)C(=O)C43)C2=O)c1,219.0,218.82034,2.6877588927685907,-0.17965698
*CCC[Si](*)(C)O[Si](C)(C)CCCOc1ccc(-c2ccc(C#N)cc2)cc1,-4.6000037,-13.9477825,2.4660374980070334,-9.347778
*c1cccc(OCCCCCOc2cccc(N3C(=O)c4ccc(-c5ccc6c(c5)C(=O)N(*)C6=O)cc4C3=O)c2)c1,165.0,139.66776,1.611886149675445,-25.332245
*c1ccc2c(c1)C(=O)N(c1c(C)cc(Cc3cc(C)c(N4C(=O)c5ccc(C(*)(C(F)(F)F)C(F)(F)F)cc5C4=O)c(C(C)C)c3)cc1C(C)C)C2=O,276.0,272.55615,1.8483483733729387,-3.4438477
*CCOC(=O)CCC(=O)O*,-11.100004,-17.58354,3.530532048243362,-6.483536
*c1ccc2c(c1)C(=O)N(c1ccc(Oc3ccc(C(c4ccc(Oc5ccc(N6C(=O)c7ccc(C(*)(C(F)(F)F)C(F)(F)F)cc7C6=O)cc5)cc4)(C(F)(F)F)C(F)(F)F)cc3)cc1)C2=O,260.0,263.83298,2.3451042865808502,3.8329773
*c1ccc(Oc2ccc(Oc3ccc(N4C(=O)c5ccc(Oc6ccc7c(c6)C(=O)N(*)C7=O)cc5C4=O)cc3C(F)(F)F)cc2)cc1,232.3,228.14082,1.334987258444396,-4.1591797
*CCCCCCOc1ccc(-c2ccc(O*)c3ccccc23)c2ccccc12,109.0,126.66353,3.587084235582072,17.663528
*c1ccc(-c2cc(C(C)(C)C)c(Oc3ccc(N4C(=O)c5ccc(S(=O)(=O)c6ccc7c(c6)C(=O)N(*)C7=O)cc5C4=O)cc3C(F)(F)F)c(C(C)(C)C)c2)cc1,365.5,365.60092,6.1862370916927025,0.10092163
*C[Si](*)(C)CCCN(CC)CC,-31.749998,-25.967573,2.93179055584431,5.782425
*C(=O)Nc1ccc2c(c1)Cc1cc(NC(=O)c3ccc4c(c3)C(=O)N(c3ccc(NC(=O)Nc5ccc(N6C(=O)c7ccc(*)cc7C6=O)cc5)cc3)C4=O)ccc1-2,224.0,216.98485,1.6384660547252579,-7.015152
*c1cccc(-c2nc3cc(-c4ccc5[nH]c(*)nc5c4)ccc3[nH]2)c1,410.0,390.51254,11.845135770497347,-19.487457
*Oc1ccccc1C(=O)OC(=O)c1ccccc1OC(=O)CCCCC(*)=O,55.000004,42.36465,0.7406523273114668,-12.635353
*Oc1ccc(C(=O)OCCCOC(=O)c2ccc(*)cc2)cc1,57.000004,56.93282,1.542906032200034,-0.06718445
*CCN(Cc1ccccc1)C(=O)S*,32.000004,27.428835,2.032006738388836,-4.571169
*CC(*)(C)c1ccc(C(O)C(F)(F)F)cc1,199.0,199.97485,1.4244155753419465,0.9748535
*c1ccc2c(c1)C(CCCCCCCC)(CCCCCCCC)c1cc(-c3c(F)c(F)c(*)c(F)c3F)ccc1-2,28.999994,30.04516,1.2728736836370564,1.045166
*Oc1ccc(S(=O)(=O)c2ccc(Oc3ccc(C(C)(C)c4ccc(Oc5ccc(C(=O)c6ccc(*)cc6)cc5)cc4)cc3)cc2)cc1,175.0,181.16125,1.1413623584460677,6.161255
*Oc1ccc(C(c2ccccc2)(c2ccccc2)c2ccc(OC(=O)c3ccc(C(*)=O)cc3)cc2)cc1,210.0,224.48601,8.320991788302763,14.486008
*C(=O)c1ccc2c(c1)C(=O)N(c1cc(/C=N/C(=S)Nc3ccc(N4C(=O)c5ccc(*)cc5C4=O)cc3)ccc1Cl)C2=O,274.0,272.85962,1.2150392753032444,-1.1403809
*c1ccc(Cc2ccc(N3C(=O)C4CCC(C5CCC6C(=O)N(*)C(=O)C6C5)CC4C3=O)cc2)cc1,260.0,258.12085,1.316065597363126,-1.8791504
*c1ccc(Oc2cccc(N3C(=O)c4ccc(Oc5ccc6c(c5)C(=O)N(*)C6=O)cc4C3=O)c2)cc1,245.0,226.65599,2.6879268674889554,-18.34401
*C/C=C/COC(=O)C(Cc1ccccc1)NC(=O)/C=C/C(=O)NC(Cc1ccccc1)C(=O)O*,109.0,103.11743,0.8645227924513568,-5.8825684
*CC(*)(C)C(=O)OCCOC,23.999994,-12.293058,4.79729141017019,-36.293053
*OP(=O)(Oc1ccccc1)Oc1c(C)cc(S(=O)(=O)c2cc(C)c(*)c(C)c2)cc1C,142.0,148.58847,0.7963719716159504,6.5884705
*CC(*)C(=O)OCC(F)(F)C(F)(F)OC(F)(F)C(F)(F)C(F)(F)C(F)(F)F,-68.0,-61.634426,2.439428165964438,6.365574
*C(=O)Oc1ccc(OC(=O)c2ccc3c(c2)C(=O)N(c2ccc(Oc4ccc(N5C(=O)c6ccc(*)cc6C5=O)cc4)cc2)C3=O)cc1,270.0,238.45586,3.420587567089809,-31.544144
*/C=C/C1CC(*)C(C#N)(CCCC)C1,87.0,80.76741,0.9104812100273215,-6.2325897
*CC(*)OC(=O)CC,11.899996,16.500734,1.1497350185881312,4.6007385
*OC1C(COC(C)=O)OC(*)C(OC(C)=O)C1O,202.0,195.59294,1.0128597076416594,-6.4070587
*CCOP(=O)(/N=N/c1ccc(Oc2ccc(/N=N/P(=O)(O*)OCC)cc2)cc1)OCC,21.999994,29.631914,0.6921128168846128,7.63192
*CC(*)(C)C(=O)OCCCCOc1ccc(OC(=O)c2ccc(-c3ccc(OC)cc3)cc2)cc1,77.0,73.39259,2.2260682260487603,-3.6074066
*CC(*)c1cc(OC)c(O)c(OC)c1,147.0,146.70416,1.8697243084856705,-0.2958374
*Nc1c(C)c(C)c(C(=O)c2ccc(NC(=O)c3ccc(C(*)=O)cc3)cc2)c(C)c1C,366.0,351.49713,5.498241121570542,-14.502869
*CC(*)OC(=O)C(F)(F)C(F)(F)C(F)(F)C(F)(F)C(F)(F)F,-8.999998,-1.7147957,1.7830290366330548,7.2852025
*OC(CCOc1ccccc1)CC(*)=O,19.999994,17.632929,1.5647883000889273,-2.3670654
*CC(*)c1cc(C(C)(C)C)ccc1C,87.0,84.74588,1.1826706304669017,-2.2541199
*c1ccc(Oc2c(C)cc(C(c3cccnc3)c3cc(C)c(Oc4ccc(N5C(=O)CC(Nc6cccc(NC7CC(=O)N(*)C7=O)c6)C5=O)cc4)c(C)c3)cc2C)cc1,217.0,226.53436,1.251726148066167,9.534363
*C(=O)c1ccc2c(c1)C(=O)N(c1ccc(Sc3ccc(N4C(=O)c5ccc(*)cc5C4=O)cc3)cc1)C2=O,276.0,273.8676,4.998704409905921,-2.1323853
*O[Si](C)(C)c1ccc(-c2ccc([Si](*)(C)C)cc2)cc1,67.0,35.399242,5.658171486499026,-31.600758
*c1ccc(Oc2ccc(Oc3ccc(NC(=O)c4cccc(Oc5ccc6c(c5)C(=O)N(*)C6=O)c4)cc3)cc2)cc1,213.0,218.14003,2.4650064013133237,5.14003
*OC(=O)c1ccc(C(F)(F)C(F)(F)C(F)(F)c2ccc(C(*)=O)cc2)cc1,98.0,97.80205,1.1969550792087298,-0.19795227
*c1ccc(-c2nc3cc(C(=O)c4ccc5nc(-c6ccccc6)c(-c6ccc(-n7c(=O)c8cc9c(=O)n(*)c(=O)c9cc8c7=O)cc6)nc5c4)ccc3nc2-c2ccccc2)cc1,240.0,299.6822,15.525406600261537,59.68219
*OC(C)C#CC#CC(C)OC(=O)c1ccc(C(*)=O)cc1,133.0,128.94824,0.8569193706561998,-4.051758
*CC(*)C(=O)OC,10.000002,-6.479688,3.7788024549484316,-16.47969
*CC(c1ccccc1)C1C(=O)N(C(C)(C)C)C(=O)C1*,178.0,179.60023,1.0668923788972944,1.600235
*CCCCCCOc1ccc(C(=O)N(C(=O)c2ccc(O*)cc2)c2cc(C)cc(C)c2)cc1,75.0,75.19383,0.8330607293819694,0.1938324
*c1ccc(-c2ccc(-c3cc(-c4ccccc4)c4cc(C5(c6ccc7nc(*)cc(-c8ccccc8)c7c6)c6ccccc6-c6ccccc65)ccc4n3)cc2)cc1,380.00003,362.21237,8.57364922554743,-17.787659
*CCCC(=O)O*,1.5000023,-4.463987,4.240165759463861,-5.9639893
*CCCCOC(=O)C1CCC(C(=O)O*)CC1,-10.499998,-7.0415473,1.785978438144494,3.4584508
*Nc1ccc(C(=O)Nc2ccc(Cc3ccc(NC(=O)c4ccc(NC(=O)c5ccc([Si](C)(C)c6ccc(C(*)=O)cc6)cc5)cc4)cc3)cc2)cc1,300.0,295.38992,4.723960600825984,-4.610077
*C(=O)Nc1ccc(-c2sc(-c3ccc(NC(=O)c4ccc5c(c4)C(=O)N(c4ccc(Oc6ccc7ccc(Oc8ccc(N9C(=O)c%10ccc(*)cc%10C9=O)cc8)cc7c6)cc4)C5=O)cc3)c(-c3ccccc3)c2-c2ccccc2)cc1,311.0,303.71582,4.717725010583222,-7.2841797
*C(=O)c1ccc2c(c1)C(=O)N(c1cc(N3C(=O)c4ccc(*)cc4C3=O)c(O)cc1O)C2=O,324.0,324.51382,5.651336046382045,0.51382446
*CCCN(C)c1ccc(C(=O)c2ccc(N(*)C)cc2)cc1,101.0,91.3147,1.2700763390420569,-9.685303
*c1ccc(Nc2ccc(Nc3ccc(S(*)(=O)=O)cc3)cc2)cc1,145.0,142.90947,1.6401005618545912,-2.0905304
*CCCCCCCCN1C(=O)c2ccc(Oc3ccc4c(c3)C(=O)N(*)C4=O)cc2C1=O,145.0,90.813675,3.3818030000478196,-54.186325
*NC1CCC(CC2CCC(NC(=O)CCCCC(*)=O)CC2)CC1,185.0,165.8299,1.9486588131457803,-19.170105
*c1cc(CC(=O)OCCCCCCOc2ccc(/N=N/c3ccc(C#N)cc3)cc2)c(*)s1,64.0,62.43688,0.616362710788622,-1.5631218
*c1cc(Br)c(Oc2c(Br)cc(N3C(=O)c4ccc(S(=O)(=O)c5ccc6c(c5)C(=O)N(*)C6=O)cc4C3=O)cc2Br)c(Br)c1,328.0,308.4953,3.3943833012681432,-19.5047
*CC(*)c1cc(C(=O)Oc2ccc(OCCCC)cc2)ccc1C(=O)Oc1ccc(OCCCC)cc1,103.6,102.662674,0.7971501113663676,-0.9373245
*CCCC(=O)Oc1ccc(-c2ccc(OC(=O)c3ccc4c(c3)C(=O)N(*)C4=O)cc2)cc1,132.0,132.08609,1.5522904153928723,0.08609009
*Oc1ccc(C(c2ccccc2)(c2ccccc2)c2ccc(Oc3ccc4c(=O)n5c6cc(-c7ccc8c(c7)nc7c9ccc(*)c%10cccc(c(=O)n87)c%109)ccc6nc5c5cccc3c45)cc2)cc1,357.0,377.82416,7.925093384655215,20.824158
*O[Si](C)(C)O[Si](C)(C)O[Si](C)(C)O[Si](C)(C)c1ccc(Oc2ccc([Si](*)(C)C)cc2)cc1,-51.999996,-58.658154,4.03742446087956,-6.6581573
*Oc1ccc(/N=C/C=N/c2ccc(OC(=O)NC3CC(C)(C)CC(C)(CNC(*)=O)C3)cc2)cc1,62.000004,59.54244,1.7663094780579112,-2.4575653
*CC(*)c1ccccc1C(=O)Oc1ccccc1,124.0,121.43722,0.8113594217903269,-2.5627823
*c1ccc(Cc2ccc(N3C(=O)C4CCC5C(=O)N(*)C(=O)C5C4C3=O)c(C)c2)cc1C,340.0,328.60034,6.107280176440225,-11.399658
*c1ccc(-c2ccc(-n3c(=O)c4cc5c(=O)n(*)c(=O)c5c(C(F)(F)F)c4c3=O)cc2C(F)(F)F)c(C(F)(F)F)c1,373.00003,353.89084,4.539307373064784,-19.109192
*Oc1ccc(S(=O)(=O)c2ccc(Oc3c(C)cc(C(c4cc(C)c(*)c(C)c4)(C(F)(F)F)C(F)(F)F)cc3C)cc2)cc1,248.0,242.55977,1.327749998500707,-5.4402313
*Oc1ccc(S(=O)(=O)c2ccc(Oc3ccc(/N=C/c4ccc(*)cc4)cc3)cc2)cc1,110.0,132.30978,4.7586400500136765,22.309784
*CC(OC(=O)C(Cc1ccccc1)NC(=O)OC(C)(C)C)C(COC(=O)O*)OC(=O)C(Cc1ccccc1)NC(=O)OC(C)(C)C,82.4,75.49461,0.5265728398249502,-6.905388
*CC(*)C1CCCCC1,119.7,105.50092,1.6026097352710706,-14.199074
*CC(*)c1ccccc1C(=O)OCCCCCC,45.000004,44.4845,1.1304208579732413,-0.5155029
*CCCCCOC(=O)OCCCCCN1C(=O)c2ccc(-c3ccc4c(c3)C(=O)N(*)C4=O)cc2C1=O,84.0,72.39224,2.0318693426075902,-11.607758
*N=P(*)(Cl)Oc1ccc(C)cc1,-4.9999976,-4.8931556,2.223342302126634,0.10684204
*NC(CCC(=O)Nc1ccc(N(c2ccccc2)c2ccccc2)cc1)C(*)=O,132.0,134.62804,1.023114019763468,2.6280365
*Oc1ccc2ccc(Oc3ccc(/C(=N/c4ccc(Oc5ccc(/N=C(\c6ccccc6)c6ccc(*)cc6)cc5)cc4)c4ccccc4)cc3)cc2c1,165.0,170.15938,0.7609075233610177,5.159378
*Oc1c(Br)cc(*)cc1Br,196.0,186.87267,2.2196897944602525,-9.127335
*c1ccc(N2C(=O)c3ccc(-c4ccc5c(c4)C(=O)N(*)C5=O)cc3C2=O)cc1,341.0,349.98758,10.402619138755414,8.987579
*CCCCCC(=O)Oc1ccc(C2(c3ccc(OC(=O)c4ccc5c(c4)C(=O)N(*)C5=O)cc3)CCCCC2)cc1,122.0,113.91375,1.6996326249214646,-8.08625
*Oc1ccc(C(CCC)(CCC)c2ccc(OC(*)=O)cc2)cc1,148.0,140.31741,1.0703430865099712,-7.6825867
*Oc1ccc(Oc2ccc(OC(*)=O)cc2)cc1,118.0,125.62613,2.314827995181468,7.626129
*CC(*)(C)C(=O)OCCBr,52.000004,50.274372,1.064652681051635,-1.7256317
*CC(CC)(CCl)CO*,19.999994,26.703463,0.9230089406057356,6.7034683
*CC(*)(C)C(=O)OC1CCC(C(C)(C)C)CC1,100.0,103.276955,0.9665963908148583,3.2769547
*CC(=O)Nc1ccc(Oc2ccc(NC(=O)CN3C(=O)c4ccc(C(=O)c5ccc6c(c5)C(=O)N(*)C6=O)cc4C3=O)cc2)cc1,235.0,232.83923,0.8432693301786913,-2.1607666
*CC(O)COc1c(C)cc(C(C)(C)c2cc(C)c(O*)c(C)c2)cc1C,130.0,133.00438,0.9496371226792941,3.0043793
*CC(*)C#N,95.0,70.5222,3.0065363741795172,-24.477798
*CC(*)(C)C(=O)OC1CC(C)CCC1C(C)C,147.0,139.75908,1.1053888546327233,-7.240921
*Oc1ccc(C(c2ccc(OC(=O)c3ccc(OCCCCCCCCCCOc4ccc(C(*)=O)cc4)cc3)cc2)(C(F)(F)F)C(F)(F)F)cc1,89.0,82.42087,2.5469610998233807,-6.579132
*CCCCCCCCCCOC(=O)O*,-36.999996,-36.139828,2.877644679680499,0.86016846
*c1ccc(Oc2ccc(-c3cc(-c4cccc(-c5cc(*)c6ccccc6n5)c4)nc4ccccc34)cc2)cc1,268.0,262.81296,1.5156095118064214,-5.187042
*CCOCCOC(=O)c1ccccc1C(=O)O*,-49.999996,-17.783735,3.0968929503796314,32.216263
*c1nc(-c2ccccc2)nc(N(CCCCN(*)c2ccccc2)c2ccccc2)n1,94.0,81.57161,1.6311595732789748,-12.4283905
*CC(*)(C)C(=O)NC(=O)OCCOc1c(Br)cc(S(=O)(=O)c2cc(Br)c(OCCO)c(Br)c2)cc1Br,110.0,109.4813,0.6824397140508488,-0.51869965
*OC(C)COC(*)=O,34.600002,36.737286,1.102630466768382,2.1372833
*N=P(*)(Oc1ccc(C)cc1)n1cncn1,73.25,70.05325,1.0608459172985343,-3.1967468
*c1ccc(-c2nc3cc(Oc4ccc(NC(=O)c5ccc6c(c5)C(=O)N(c5ccc(C(c7ccc(N8C(=O)c9ccc(C(=O)Nc%10ccc(Oc%11ccc%12nc(-c%13ccccc%13)c(*)nc%12c%11)cc%10)cc9C8=O)cc7)(C(F)(F)F)C(F)(F)F)cc5)C6=O)cc4)ccc3nc2-c2ccccc2)cc1,293.0,283.8246,2.4507815396138195,-9.175415
*c1cccc(Oc2ccc(P(=O)(c3ccccc3)c3ccccc3)c(Oc3cccc(N4C(=O)c5ccc(-c6ccc7c(c6)C(=O)N(*)C7=O)cc5C4=O)c3)c2)c1,234.0,237.23338,0.8800926562213116,3.2333832
*CC(OC(=O)Oc1ccc(C(=O)OC)cc1)C(COC(=O)O*)OC(=O)Oc1ccc(C(=O)OC)cc1,90.9,83.976036,0.5718423934915893,-6.9239655
*c1ccc(-c2ccc(-c3ccc(-c4ccc([Si](CCCC)(CCCC)[Si](*)(CCCC)CCCC)s4)s3)s2)s1,-0.99999774,1.5480064,1.899547780252349,2.5480042
*CC(*)(C)C(=O)Oc1ccc(C(=O)O)cc1,110.0,108.392105,1.0974479649221207,-1.6078949
*OC(COC(=O)c1ccccc1-c1ccccc1C(*)=O)COc1ccc(/N=N/c2ccc(C#N)cc2)cc1,120.0,121.4753,0.6951288741999873,1.4753036
*Oc1ccc(CC(NC(=O)CCc2ccc(OC(*)=O)cc2)C(=O)OCCCC)cc1,67.0,68.758446,0.735777447498292,1.7584457
*c1ccc(Oc2cccc(Oc3ccc(-n4c(=O)c5cc6c(=O)n(*)c(=O)c6cc5c4=O)cc3)c2)cc1,326.0,292.33966,17.697062536375533,-33.66034
*CCCCCCCCCCN/C(C)=N/*,80.0,78.07292,0.9065618697004104,-1.9270782
*c1ccc(Oc2ccc(Oc3ccc(-c4ccc(Oc5ccc(Oc6ccc(C7(*)OC(=O)c8ccccc87)cc6)cc5)c5ccccc45)c4ccccc34)cc2)cc1,198.0,216.12134,1.4857223688240435,18.121338
*CCCCCCCCCCOc1ccc(/C=C/c2ccc(OCCCCCCCCCCOP(=O)(O*)OCCCCCCCCCCOc3ccc(/N=N/c4ccc(OC)cc4)cc3)cc2)cc1,58.000004,53.648907,0.7181572763326649,-4.351097
*c1ccc(Oc2ccc(-c3cnc4ccc(-c5ccc6ncc(*)nc6c5)cc4n3)cc2)cc1,305.0,249.85733,12.848894892634565,-55.14267
*C(=O)c1ccc2c(c1)C(=O)N(c1ccc(Oc3ccc(C(=O)c4ccc(Oc5ccc(N6C(=O)c7ccc(*)cc7C6=O)cc5)cc4)cc3)cc1)C2=O,252.0,246.32532,1.7689049178768115,-5.6746826
*CC(*)C1CCC(C)CC1,132.0,129.77438,1.158568561987255,-2.2256165
*Oc1ccc(Oc2ccc(NC(=O)c3cccc(C(=O)Nc4ccc(*)cc4)c3)cc2)cc1C(C)(C)C,208.0,211.08685,1.2524223425430896,3.086853
*Oc1ccc(/C=C2\CC/C(=C\c3ccc(OC(=O)c4ccc(/N=C/c5ccc(/C=N/c6ccc(C(*)=O)cc6)cc5)cc4)c(OC)c3)C2=O)cc1OC,140.0,146.1292,1.0788315696200668,6.129196
*OC(C)COC(=O)c1cccc(C(*)=O)c1,77.0,72.79935,0.9496519932592765,-4.200653
*N=P(*)(OC1COCCOCCOCCOCCOC1)OC1COCCOCCOCCOCCOC1,-3.8500037,-4.6677527,3.525324413022483,-0.817749
*O[Si](C)(C)O[Si](C)(C)Oc1ccc(-c2ccc(*)cc2)cc1,-3.9999976,9.769655,4.792349350941109,13.769653
*Oc1ccc(Oc2ccc(C(=O)Nc3ccc(Oc4ccc(-c5ccc(Oc6ccc(NC(=O)c7ccc(*)cc7)cc6)cc5)cc4)cc3)cc2)cc1C,220.0,218.16928,1.6739773138904168,-1.830719
*c1ccc(Oc2cccc(Oc3ccc(N4C(=O)c5ccc(Oc6ccc(Oc7ccc8c(c7)C(=O)N(*)C8=O)cc6)cc5C4=O)cc3)c2)cc1,199.0,198.79916,2.0568251080451,-0.20083618
*/C=C(/*)c1c(F)c(F)c(CCCC)c(F)c1F,110.0,103.73876,1.2919104346295986,-6.261238
*C(=O)Nc1cccc2c(NC(=O)c3ccc4c(c3)C(=O)N(c3ccc(Oc5cccc6c(N7C(=O)c8ccc(*)cc8C7=O)cccc56)cc3)C4=O)cccc12,299.0,299.99588,3.4272544041520603,0.9958801
*CCCCCCNC(=O)C(=O)N*,250.0,183.22284,69.48679038990876,-66.77716
*CCCC(C)(C)CNC(=O)CCCCCCCC(=O)N*,63.000004,60.765736,0.5258672726937429,-2.2342682
*Oc1ccc(-c2ccc(-c3ccc(Oc4ccc(C(c5ccc(*)cc5)(C(F)(F)F)C(F)(F)F)cc4)c(C(F)(F)F)c3)cc2)cc1C(F)(F)F,207.5,201.24358,0.9359768194071499,-6.256424
*CC(*)(C)C(=O)OCCN(C)c1ccc(N(C)C)cc1,43.000004,38.232998,1.1767576899208003,-4.767006
*Oc1ccc(S(=O)(=O)c2ccc(Oc3ccc(C(=O)c4cc(Br)cc(C(=O)c5ccc(*)cc5)c4)cc3)cc2)cc1,192.0,185.8821,0.8746873051201027,-6.1179047
*c1ccc(C2C3C(=O)N(c4ccc(N5C(=O)C6ON(C)C(*)C6C5=O)cc4)C(=O)C3ON2C)cc1,67.0,66.30267,4.3177684047139975,-0.69732666
*N=P(*)(OCC(COCCOC(C)C)OCCOC(C)C)OCC(COCCOC(C)C)OCCOC(C)C,-77.0,-67.975204,3.3909643245409216,9.024796
*Oc1ccc(NC(=O)Nc2cc(NC(=O)Nc3ccc(*)c(-c4ccc(Oc5ccccc5)cc4)c3)ccc2C)cc1-c1ccc(Oc2ccccc2)cc1,279.0,263.60013,3.138202793236379,-15.399872
*c1ccc(C2(c3ccc(-c4cc(-c5ccccc5)c5cc(Oc6ccc7nc(*)cc(-c8ccccc8)c7c6)ccc5n4)cc3)c3ccccc3C(=O)c3ccccc32)cc1,340.0,329.40286,5.022519957914921,-10.597137
*Nc1ccccc1CCc1ccc(NC(=O)NCCCCCCNC(*)=O)cc1,150.0,141.66559,3.6098638696672274,-8.334412
*c1ccc(C(=O)c2ccc(-n3nc(-c4ccccc4)c4cc(Oc5ccc6c(-c7ccccc7)nn(*)c(=O)c6c5)ccc4c3=O)cc2)cc1,275.5,255.5877,7.521988404725491,-19.912292
*CC(*)c1ccc(C(O)C(F)(F)F)cc1,110.0,103.15946,1.1946804040833934,-6.840538
*CCCOCCCCOCCCN1C(=O)c2ccc(C(=O)Oc3ccc(-c4ccc(OC(=O)c5ccc6c(c5)C(=O)N(*)C6=O)cc4)cc3)cc2C1=O,70.0,71.3775,1.2134071767889785,1.3775024
*CCOC(=O)C1CCC(C(=O)OCCOc2ccc(C(C)(C)c3ccc(O*)cc3)cc2)CC1,57.000004,54.69013,0.8269270340288055,-2.3098755
*c1ccc(Oc2ccc(-c3ccc4nc(Oc5cc(-c6ccccc6)c6cc(*)ccc6n5)cc(-c5ccccc5)c4c3)cc2)cc1,268.5,280.22757,2.807323591946816,11.72757
*Oc1ccc(C(=O)c2ccc(Oc3ccc(C(=O)c4cccc(C(=O)c5ccc(*)cc5)c4)cc3)cc2)cc1,152.0,150.58472,1.0840914613156734,-1.4152832
*OC(CC)CC(*)=O,-15.400007,-18.619383,2.0759499305711997,-3.2193756
*c1ccc2c(c1)C(=O)N(c1ccc(Oc3ccc(C(=O)c4cccc(C(=O)c5ccc(Oc6ccc(N7C(=O)c8ccc(C(*)(C(F)(F)F)C(F)(F)F)cc8C7=O)cc6)cc5)n4)cc3)cc1)C2=O,226.9,232.00398,1.4123936539277224,5.1039886
*Oc1ccc(C(C)(C)c2ccc(Oc3ccc(C(=O)Nc4cccc(NC(=O)c5ccc(*)cc5)c4)cc3)cc2)cc1,214.0,191.24686,2.489502854329687,-22.753143
*c1ccc(C(=O)OCCCCCCOc2ccc(/C=C3\CCCC/C(=C\c4ccc(OCCCCCCOC(=O)c5ccc(-c6nnc(*)o6)cc5)cc4)C3=O)cc2)cc1,104.0,83.95417,1.1170433051655513,-20.04583
*/C=C(\C#N)c1cccc(/C(C#N)=C/c2ccc(/C=C/c3ccc(N(CC)Cc4ccccc4CN(CC)c4ccc(/C=C/c5ccc(*)s5)cc4)cc3)s2)c1,178.0,176.14113,0.6408369626574055,-1.8588715
*c1ccc(-c2ccc(-c3ccc(-c4cnc5ccc(-c6ccc7ncc(*)nc7c6)cc5n4)cc3)cc2)cc1,305.0,312.11987,21.70064658389007,7.119873
*c1cccc(C(=O)Nc2ccc(Oc3ccc(NC(=O)c4cccc(N5C(=O)c6ccc(-c7cccc8c7C(=O)N(*)C8=O)cc6C5=O)c4)cc3)cc2)c1,291.0,275.9597,1.2806836703548563,-15.040314
*Oc1ccc(C(CC)c2ccc(OC(*)=S)cc2)cc1,104.0,107.28616,0.6377604805205533,3.2861633
*O[Si](C)(C)CCC/N=C1\c2ccccc2/C(=N\CCC[Si](*)(C)C)c2c(O)ccc(O)c21,7.5000024,-6.8549323,5.879646783634115,-14.354935
*c1cccc(C(O[Si](C)(C)O[Si](C)(C)O[Si](C)(C)C)c2cccc(N3C(=O)c4ccc(Oc5ccc6c(c5)C(=O)N(*)C6=O)cc4C3=O)c2)c1,219.0,224.46555,1.1056956912478533,5.4655457
*CC(*)(C)C(=O)OCCCOc1ccc(-c2ccc(C#N)cc2)cc1,97.0,87.68778,1.1542398618212508,-9.312218
*c1cccc(N2C(=O)C(=O)N(CCCCCCN3C(=O)C(=O)N(*)C3=O)C2=O)n1,169.5,166.72829,1.6684078627974304,-2.7717133
*CC(*)(C)C(=O)OCCCCCCCC/C=C/CCCCCCCC,-39.999996,-45.28642,4.5450587269565705,-5.2864227
*c1cc(C(c2ccc(OCCN(C)c3ccc(/C=C/C4=C/C(=C(/C#N)C(=O)OCCc5ccccc5)CC(C)(C)C4)cc3)c(N3C(=O)c4ccc(Oc5ccc6c(c5)C(=O)N(*)C6=O)cc4C3=O)c2)(C(F)(F)F)C(F)(F)F)ccc1OCCN(c1ccccc1)c1ccc(/C=C/C2=C/C(=C(/C#N)C(=O)OCCc3ccccc3)CC(C)(C)C2)cc1,177.0,192.49821,1.3604668452979054,15.498215
*/C=C/c1ccc2c(c1)C(CC(CC)CCCC)(CC(CC)CCCC)c1cc(*)ccc1-2,165.0,159.97853,1.1073979537662613,-5.021469
*Nc1ccc(Cc2ccc(NC(=O)c3cc(NC(=O)CCCN4C(=O)c5ccccc5C4=O)cc(C(*)=O)c3)cc2)cc1,220.0,211.82846,1.3626996314655446,-8.171539
*Oc1ccc(C2(c3ccc(Oc4ccc(C(=O)c5cccc6cccc(C(=O)c7ccc(*)cc7)c56)cc4)cc3)c3ccccc3-c3ccccc32)cc1,269.0,262.41754,1.3228916124646255,-6.5824585
*=Cc1cc(OCCCCCCCC)c(/C=N/c2ccc(N=*)cc2)cc1OCCCCCCCC,32.7,35.84331,0.6939451969778669,3.1433105
*C(=O)c1ccc2c(c1)C(=O)N(c1c(C)cc(Cc3cc(C)c(N4C(=O)c5ccc(*)cc5C4=O)c(C)c3)cc1C)C2=O,331.0,303.27966,5.3820080606427405,-27.720337
*c1ccc(Oc2ccc(C(=O)c3ccc(Oc4ccc(C5(*)OC(=O)c6ccccc65)cc4)cc3)cc2)cc1,218.0,222.27725,1.1071840059148244,4.277252
*N(CCC)[Si](C)(C)C[Si](*)(C)C,-19.999998,-27.98126,3.3402210884108308,-7.981262
*c1ccc(OCCCCCCCCCCCOC(=O)c2ccc(C(=O)OCCCCCCCCCCCOc3ccc(-c4nnc(*)s4)cc3)cc2)cc1,64.0,64.46165,2.0690430697813453,0.46164703
*CCC(*)(C)c1ccccc1,93.0,93.54832,1.0325125404795288,0.54831696
*O[Si](*)(C)CCc1ccc(O)cc1,39.000004,28.804117,4.491065117153988,-10.195887
*C(=O)Nc1c(C)cc(Cc2cc(C)c(NC(=O)c3ccc4c(c3)C(=O)N(c3ccc(/N=N/c5ccc(OC(F)(F)F)cc5)c(N5C(=O)c6ccc(*)cc6C5=O)c3)C4=O)c(C)c2)cc1C,278.0,272.83868,1.4366165720503246,-5.161316
*C(=O)Nc1nc(NC(=O)c2ccc3c(c2)C(=O)N(c2ccc(Oc4cccc5c(N6C(=O)c7ccc(*)cc7C6=O)cccc45)cc2)C3=O)nc(-c2ccccc2)n1,291.0,297.28693,2.136401770426703,6.2869263
*CCNC(=O)c1ccc([Si](C)(C)c2ccc(C(=O)NCCN(*)c3ccc(/C=C/c4ccc([N+](=O)[O-])cc4)cc3)cc2)cc1,150.0,146.37772,1.1876641083915558,-3.622284
*Oc1ccc(OC(=O)c2ccc(Oc3ccc(C(*)=O)cc3)cc2)c2ccccc12,166.0,164.20772,1.9842663121912478,-1.7922821
*c1ccc(Oc2ccc(-c3nc4ccc(Oc5ccc6nc(*)c(-c7ccccc7)c(-c7ccccc7)c6c5)cc4c(-c4ccccc4)c3-c3ccccc3)cc2)cc1,305.0,295.4444,5.1973715884646206,-9.555603
*CC(O)CN(*)c1ccc(/N=N/c2ccc(C(=O)O)cc2)cc1,99.0,105.247635,0.7523525415305784,6.247635
*O[Si](C)(C)c1ccc2cc3cc([Si](*)(C)C)ccc3cc2c1,118.0,105.98931,3.538854965248161,-12.010689
*CCCCCCCCCCc1nc2ccc(-c3ccc4nc(*)oc4c3)cc2o1,64.0,111.05346,69.79464406893149,47.05346
*CC(*)c1c(F)c(F)c(P(=O)(O)O)c(F)c1F,330.0,341.4328,9.033387238504218,11.4328
*/C=C/C1CCC(*)C1,31.000002,27.426043,1.3057005936706032,-3.5739594
*c1ccc(Oc2ccc(-c3nc4cc(S(=O)(=O)c5ccc6nc(-c7ccccc7)c(*)nc6c5)ccc4nc3-c3ccccc3)cc2)cc1,290.0,264.95142,3.903039239023381,-25.048584
*c1ccc(-c2ccc(-c3ccc([Si](*)(CCCC)CCCC)s3)s2)s1,29.999994,25.932436,1.2388195318653843,-4.0675583
*CC(CO*)(CS(=O)(=O)CC)CS(=O)(=O)CC,84.0,73.7447,0.8696290563946099,-10.255302
*Nc1cccc2c(NC(=O)c3cc(NC(=O)C(CCSC)N4C(=O)c5ccccc5C4=O)cc(C(*)=O)c3)cccc12,198.0,200.02106,1.2299094363960694,2.0210571
*c1ccc(Cc2ccc(N3C(=O)c4ccc(Sc5ccc6c(c5)C(=O)N(*)C6=O)cc4C3=O)c(C(C)(C)C)c2)cc1C(C)(C)C,300.5,296.26724,4.895350109022034,-4.2327576
*c1cccc(N2C(=O)c3ccc(Oc4ccc5c(c4)C(=O)N(*)C5=O)cc3C2=O)c1,280.0,263.21295,2.305642165648113,-16.787048
*CCCCOc1ccc(C(=O)OCCOC(=O)c2ccc(O*)cc2)cc1,53.000004,48.134014,1.799123821404149,-4.8659897
*Oc1cccc2c(OC3(F)C(*)(F)C(F)(F)C3(F)F)cccc12,138.0,141.13269,1.6676046420335922,3.1326904
*c1ccc(-c2ccc(C3(*)c4ccccc4-c4ccccc43)cc2)cc1,297.0,283.0691,1.744797717999847,-13.930908
*CC(*)(C)C(=O)OCCN(C)c1ccc(/C=C/c2ccc([N+](=O)[O-])cc2)cc1,107.0,112.09895,0.8663955953887884,5.0989532
*CC(*)(C)C(=O)NC(=O)Oc1ccc(S(=O)(=O)c2ccc(O)cc2)cc1,182.0,170.21793,1.8061266079071294,-11.782074
*OP(=O)(Oc1cccc2c(*)cccc12)OC1CCCCC1,134.0,116.890396,0.9582094884271777,-17.109604
*c1ccc(Oc2ccc(C(c3ccc(Oc4ccc(N5C(=O)c6ccc(-c7ccc8c(c7)C(=O)N(*)C8=O)cc6C5=O)cc4)cc3)(C(F)(F)F)C(F)(F)F)cc2)cc1,262.0,261.58487,1.9256182108541733,-0.41513062
*CCCCCCCCCCSSSS*,-76.0,-63.365963,3.3525875465021118,12.634037
*c1ccc2c(c1)C(=O)N(c1ccc(Sc3ccc(Sc4ccc(Sc5ccc(N6C(=O)c7ccc(C(*)(C(F)(F)F)C(F)(F)F)cc7C6=O)cc5)cc4)cc3)cc1)C2=O,233.0,243.7396,3.1655912598921363,10.7395935
*CC(*)(C)C(=O)OCCN(C)c1ccc(/N=N/c2ccc(/N=N/c3ccc(C#N)cc3)cc2C)cc1,120.0,119.92148,0.6600556164487467,-0.07852173
*Oc1ccc(/N=C/CCC/C=N/c2ccc(OC(=O)NCCCCCCNC(*)=O)cc2)cc1,72.0,70.02884,0.9036956177699995,-1.9711609
*C(=O)c1ccc2c(c1)C(=O)N(c1ccc(Oc3cc4ccccc4cc3Oc3ccc(N4C(=O)c5ccc(*)cc5C4=O)cc3)cc1)C2=O,246.0,260.64636,1.8197340263701813,14.646362
*Oc1ccc(Cc2ccc(OC(=O)OCC3CCC(COC(*)=O)CC3)cc2)cc1,56.900005,55.922436,0.8591578118331283,-0.9775696
*C1(F)OC(C(F)(F)F)(C(F)(F)Cl)OC1(*)F,330.0,328.83774,13.171023490661245,-1.162262
*CC(*)(C)C(=O)O[Si](C)(C)C,97.5,92.15452,1.2511723760454139,-5.345482
*C(=O)Nc1cccc2cccc(N3C(=O)CC(N4C(=O)c5ccc(*)cc5C4=O)C3=O)c12,193.0,190.08647,2.6427688955333815,-2.9135284
*Oc1cc(C(C)(C)C)c(Oc2ccc(C(=O)c3ccc(*)cc3)cc2)cc1C(C)(C)C,206.0,199.7253,1.1549534402156179,-6.274704
*c1ccc(OCCCCCCCCCCCOC(=O)c2cccc(C(=O)OCCCCCCCCCCCOc3ccc(-c4nnc(*)s4)cc3)c2)cc1,68.0,57.020557,1.6107728459022554,-10.979443
*c1ccc(Oc2ccc(C3(c4ccc(Oc5ccc(N6C(=O)c7ccc(Oc8c(C)cc(C(C)(C)c9cc(C)c(Oc%10ccc%11c(c%10)C(=O)N(*)C%11=O)c(C)c9)cc8C)cc7C6=O)cc5)cc4)CC4CCC3C4)cc2)cc1,265.0,273.41238,1.1149619475799861,8.412384
*CC(O)COc1ccc(C(C)(C)c2ccc(OCC(O)CN3CCN(*)CC3)cc2)cc1,100.0,98.027115,0.7480772497856378,-1.9728851
*c1ccc(C(=O)OCCCCCCCCOC(=O)c2ccc(-c3nnc(*)s3)cc2)cc1,86.0,85.737335,3.667227027226949,-0.2626648
*Oc1ccc(S(=O)(=O)c2ccc(Oc3ccc(C(c4ccc(*)c([Si](C)(C)C)c4)(C(F)(F)F)C(F)(F)F)cc3[Si](C)(C)C)cc2[Si](C)(C)C)c([Si](C)(C)C)c1,148.9,151.41618,1.044104890632571,2.5161896
*CC(CC)(CO)CO*,331.9,219.07227,101.35710240323105,-112.82773
*C(=O)Nc1ccc(Oc2cccc(Oc3ccc(NC(=O)c4ccc5c(c4)C(=O)N(c4ccc(Sc6ccc(Oc7ccc(Sc8ccc(N9C(=O)c%10ccc(*)cc%10C9=O)cc8)cc7)cc6)cc4)C5=O)cc3)c2)cc1,179.0,191.79794,2.3425687479714568,12.797943
*CC(*)(C)C(=O)OCCCCOc1ccc(OC(=O)c2ccc(OCCCCCC)cc2)cc1,34.000004,36.91115,1.998077101543918,2.911148
*CC(*)CCC1CCCCC1,40.000004,48.783474,3.2673778665342166,8.78347
*CCCCCCCCCCCCOC(=O)c1ccc(-c2ccc(C(=O)O*)cc2)cc1,50.500004,45.097782,7.4700837972432526,-5.4022217
*c1ccc(*)c(C(=O)c2ccc(C)cc2)c1,202.0,189.00975,1.2955501661638829,-12.99025
*CC(*)c1ccc(C(=O)OC)cc1,122.0,105.71117,1.1090091078016786,-16.288834
*Cc1ccc(C[n+]2ccc(-c3cc[n+](*)cc3)cc2)cc1,95.0,93.736206,1.4916149932256617,-1.263794
*CC(O)COC(=O)CCCCCCCCCCC(=O)OCC(O)COc1ccc(C(C)(C)c2ccc(O*)cc2)cc1,24.999994,27.100222,0.8626808826202267,2.1002274
*c1ccc(Oc2ccc(Oc3ccc(Oc4ccc(-c5nc(*)nc(-c6ccccc6)n5)cc4)cc3)cc2)cc1,203.0,228.1558,1.7626286953450838,25.155807
*CCCCCCOC(=O)OCCOC(=O)OCCCCCCOc1ccc(Oc2ccc(O*)cc2)cc1,-3.9999976,-6.943662,1.6705006351239677,-2.9436646
*CC(C)(CO)CO*,62.000004,53.398808,2.7215993061336143,-8.601196
*Oc1ccc(Oc2ccc(C(=O)c3ccc(*)cc3)cc2)cc1-c1ccc(Oc2ccccc2)cc1,146.0,155.01868,1.6449518267678642,9.018677
*/C=C/C1CC(*)C(C(=O)OCCNC(C)(C)C)C1,28.999994,27.339922,0.861935363895616,-1.6600723
*C(=O)OCCCCCCCCCOC(=O)c1ccc(N2C(=O)c3ccc(*)cc3C2=O)cc1,62.000004,59.537357,1.3062561459720585,-2.4626465
*Oc1cccc(OC(=O)c2ccc([Si](C)(C)c3ccc(C(*)=O)cc3)cc2)c1,134.0,135.43465,3.122102981790361,1.4346466
*c1ccc(OCCCCCCCCCCCOC(=O)CCCCC(=O)OCCCCCCCCCCCOc2ccc(-c3nnc(*)s3)cc2)cc1,69.0,43.52068,2.143473673709883,-25.47932
*CCOCCOc1ccc(NC(=O)c2cccc(C(=O)Nc3ccc(O*)cc3)c2)cc1,155.0,141.79774,1.705713749632719,-13.202255
*O[Si](Oc1ccc(-c2ccc(*)cc2)cc1)(c1ccccc1)c1ccccc1,132.25,132.83444,0.8391566199508118,0.58444214
*CC(*)Cc1ccccc1,70.0,58.201763,0.6779278544173148,-11.798237
*CCOCCOCCOC(=O)NCCCCCCNC(=O)O*,-6.4999976,-10.221617,6.074836340924817,-3.7216191
*C(=O)c1ccc2c(c1)C(=O)N(c1cccc(P(=O)(c3cccc(N4C(=O)c5ccc(*)cc5C4=O)c3)c3cc(C(F)(F)F)cc(C(F)(F)F)c3)c1)C2=O,243.0,241.08325,0.925434101811598,-1.916748
*c1ccc(Oc2ccc(Oc3ccc(N4C(=O)c5cccc(Oc6ccc(C(C)(C)c7ccc(Oc8cccc9c8C(=O)N(*)C9=O)cc7)cc6)c5C4=O)c(C)c3)cc2)cc1C,222.0,220.40533,1.1707612856264882,-1.5946655
*CC(*)c1cccc2ccccc12,160.0,156.28177,0.8949386264410668,-3.7182312
*c1ccc(-c2nc3cc(S(=O)(=O)c4ccc5nc(-c6ccccc6)c(-c6ccc(-n7c(=O)c8cc9c(=O)n(*)c(=O)c9cc8c7=O)cc6)nc5c4)ccc3nc2-c2ccccc2)cc1,186.0,301.57425,28.09092604519314,115.57425
*CC(*)c1ccc(C(=O)CCN2CCCCC2)cc1,38.000004,39.441616,0.588048498167763,1.4416122
*Nc1ccc(Cc2ccc(NC(=O)c3cc(C(*)=O)cc(N4C(=O)C5CC=CCC5C4=O)c3)cc2)cc1,286.0,303.40518,2.200964802035369,17.405182
*c1ccc(Oc2ccc(S(=O)(=O)c3ccc(Oc4ccc(-c5cc(*)n(-c6ccccc6)n5)cc4)cc3)cc2)cc1,235.0,224.48209,1.1843642010265876,-10.517914
*/C=C/c1cc(OCC2CC3CC2C2CCCC32)c(*)cc1OC,174.0,162.51434,1.3157619024198235,-11.485657
*C1C(*)C2CC1C(C(=O)OCc1ccccc1)C2C(=O)OCc1ccccc1,277.0,266.80304,1.986066699593061,-10.19696
*CCCCCC(=O)Nc1ccc(Oc2ccc(Oc3ccc(NC(=O)CCCCCN4C(=O)c5ccc(C(=O)c6ccc7c(c6)C(=O)N(*)C7=O)cc5C4=O)cc3)cc2)cc1,158.0,157.30296,1.4824487467800302,-0.69703674
*/C=C/C1CC(*)C2C(=O)N(CCC)C(=O)C12,139.0,140.11885,1.7595374997118407,1.1188507
*C(=O)c1cc(C(=O)c2ccc3c(c2)C(=O)N(c2ccc(C(c4ccc(N5C(=O)c6ccc(*)cc6C5=O)cc4)(C(F)(F)F)C(F)(F)F)cc2)C3=O)cc(C(C)(C)C)c1,267.5,265.66605,1.163699435693155,-1.8339539
*CC#C/C(C#CCOC(=O)CCCCCCCCC(=O)O*)=C\c1ccc(C#Cc2ccc(C=C(C#Cc3ccccc3)C#Cc3ccccc3)cc2)cc1,60.000004,55.624104,0.6923372893366712,-4.3759003
*C(*)O,134.0,92.42813,21.69431800016122,-41.57187
*Nc1ccc(C2(c3ccc(NC(=O)c4cccc(C(*)=O)c4)cc3)c3ccccc3-c3ccccc32)cc1,277.0,292.1303,3.6933389278968933,15.13031
*CCOCCOC(=O)c1cccc(C(=O)O*)c1,15.999994,6.4359307,1.3782000119269198,-9.564064
*CCCCCCNC(=O)CCCCCCCCCCCCCCCCC(=O)N*,47.000004,43.129253,0.572060582599993,-3.8707504
*Nc1ccc(-c2ccc(NC(=O)c3cc(C(*)=O)cc(S(=O)(=O)c4ccccc4)c3)cc2)cc1,319.0,303.11026,2.9612889692992606,-15.88974
*Oc1ccc(C(=O)OCCOC(=O)c2ccc(*)cc2)cc1,74.0,72.60309,3.3421079765102877,-1.3969116
*O[Si](*)(C)C1CC2CC1C1C3CC(CC3C(=O)OC(C)(C)C)C21,90.0,86.20534,2.0558338058612025,-3.7946625
*Oc1ccc(/C=C2\CC/C(=C\c3ccc(OC(=O)c4ccc(/N=C/c5ccc(/C=N/c6ccc(C(*)=O)cc6)cc5)cc4)cc3)C2=O)cc1,205.0,194.33241,2.884037353514624,-10.667587
*c1ccc(C(c2ccc(N(*)c3ccc(C)cc3)cc2)c2ccc([N+](=O)[O-])cc2)cc1,215.0,212.96762,1.345982586227863,-2.0323792
*OC(F)(F)COC(=O)c1cc(OCCCCC)cc(C(=O)OCC(*)(F)F)c1,14.000002,13.16324,1.1495080851598083,-0.8367615
*O[Si](C)(C)C#Cc1ccc(C#C[Si](*)(C)C)cc1,126.0,128.55406,0.8725844270825208,2.554062
*c1cccc(C(=O)Nc2ccc(Cc3ccc(N4C(=O)c5ccc(S(=O)(=O)c6ccc7c(c6)C(=O)N(c6ccc(Cc8ccc(NC(=O)c9cccc(-c%10nc%11cc(-c%12ccc%13[nH]c(*)nc%13c%12)ccc%11[nH]%10)c9)cc8)cc6)C7=O)cc5C4=O)cc3)cc2)c1,270.0,278.90305,3.096418348488925,8.903046
*Oc1ccc(-c2ccc(OC(=O)Nc3cccc(P(=O)(c4ccccc4)c4cccc(NC(*)=O)c4)c3)cc2)cc1,72.0,66.44783,0.9241914658815193,-5.55217
*CCCCCCCCCCCCCCNC(=O)NCCCCCCNC(=O)N*,47.000004,53.459293,4.577488739115939,6.4592896
*Oc1cccc(Oc2ccc(NC(=O)c3ccc(-c4ccc(C(=O)Nc5ccc(*)cc5)c(C)c4)cc3C)cc2)c1,213.0,203.49521,2.156075966632998,-9.504791
*CC(*)C(=O)OCCCSCC,-76.0,-65.20778,2.812528085495868,10.792221
*CC(*)c1ccccc1C(=O)OCCC,108.0,99.04594,0.8620225452888226,-8.954063
*Oc1ccc(C(=C(Cl)Cl)c2ccc(OC(*)=O)cc2)cc1,167.0,155.54071,1.052597876805619,-11.45929
*Nc1ccc(*)cc1OCCCCCCCCCCCCCCCC,92.0,76.171906,1.1340749364755367,-15.8280945
*=NP(=NP(=NC(=*)Oc1ccc(C(=O)OC)cc1)(Oc1ccc(C(=O)OC)cc1)Oc1ccc(C(=O)OC)cc1)(Oc1ccc(C(=O)OC)cc1)Oc1ccc(C(=O)OC)cc1,52.000004,46.615223,1.1578362382843188,-5.384781
*CC(*)N1CCCC1=S,80.0,74.895164,0.7688261595628441,-5.1048355
*/C=C(/*)c1c(C)cc(C(C)(C)C)cc1C,200.0,194.79782,1.2449646419595206,-5.202179
*OC(CCCCCC)CC(*)=O,-46.999996,-42.725018,3.0464075407841644,4.2749786
*C(=O)Nc1ccc(Oc2ccc(Oc3ccc(NC(=O)c4ccc5c(c4)C(=O)N(c4ccc(Oc6ccc(C7(c8ccc(Oc9ccc(N%10C(=O)c%11ccc(*)cc%11C%10=O)cc9)cc8)NC(=O)c8ccccc87)cc6)cc4)C5=O)cc3)cc2)cc1,300.0,305.60895,3.0974247306975937,5.6089478
*Oc1ccc(Oc2ccc(NC(=O)c3ccc(Oc4ccc(Oc5ccc(C(=O)Nc6ccc(*)cc6)cc5)cc4-c4ccccc4)cc3)cc2)cc1,209.0,207.9243,1.4511776973577408,-1.0756989
*c1cccc(NC(=O)CCCCCCCCC(=O)Nc2cccc(S(*)(=O)=O)c2)c1,112.0,116.11262,1.1397807361258268,4.1126175
*c1cccc(P(=O)(c2cccc(-n3c(=O)c4cc5c(=O)n(*)c(=O)c5cc4c3=O)c2)c2cc(C(F)(F)F)cc(C(F)(F)F)c2)c1,281.0,269.39798,1.5193164751178094,-11.60202
*C(=O)Nc1ccc(Oc2ccc(C3(c4ccc(Oc5ccc(NC(=O)c6ccc7c(c6)C(=O)N(c6cccc(N8C(=O)c9ccc(*)cc9C8=O)c6)C7=O)cc5)cc4)NC(=O)c4ccccc43)cc2)cc1,320.0,301.63873,2.958596556543292,-18.361267
*O[Si](*)(C)CC[Si](OCCOC)(OCCOC)OCCOC,28.900003,23.21618,2.3915495062064505,-5.6838226
*C(=O)Nc1ccc(Oc2ccc(C(C)(C)c3ccc(Oc4ccc(NC(=O)c5ccc6c(c5)C(=O)N(c5ccc(-c7sc(-c8ccc(N9C(=O)c%10ccc(*)cc%10C9=O)cc8)c(-c8ccccc8)c7-c7ccccc7)cc5)C6=O)cc4)cc3)cc2)cc1,287.0,290.90265,4.588138587720801,3.902649
*c1ccc(N(c2ccc(C#N)cc2)c2ccc(N3C(=O)c4ccc(Oc5ccc6c(c5)C(=O)N(*)C6=O)cc4C3=O)cc2)cc1,304.0,287.39584,3.2770016451202926,-16.604156
*C(=O)c1ccc2c(c1)C(=O)N(c1ccc(Cc3ccc(Cc4ccc(Cc5ccc(N6C(=O)c7ccc(*)cc7C6=O)cc5)cc4)cc3)cc1)C2=O,302.0,286.16687,4.685803530370294,-15.83313
*O[Si](C)(Oc1ccc(C(C)(C)c2ccc(*)cc2)cc1)c1ccccc1,58.000004,71.82365,1.478491287501615,13.823643
*Oc1ccc(C(=O)c2ccc(OC(=O)c3ccc(C(C)(C)c4ccc(C(*)=O)cc4)cc3)cc2)cc1,130.0,169.43376,13.364620848669887,39.43376
*CCCNC(=O)c1ccc(C(=O)N*)cc1,180.0,172.637,1.519661325962049,-7.3630066
*OP(=O)(Oc1ccc(NC(=O)OCCCCCCOC(=O)Nc2ccc(*)cc2)cc1)c1ccccc1,-2.9999976,2.536944,2.0219896224899863,5.5369415
*Nc1ccc(Cc2ccc(NC(=O)c3cc(NC(=O)c4ccccc4)cc(C(*)=O)c3)cc2)cc1,285.0,286.18784,2.5428848853498947,1.1878357
*CC(*)c1cc[n+](CCCCCCCC)cc1,206.2,195.60533,2.50200168152729,-10.594666
*CCCCCCCCCCOC(=O)CCCCC(=O)O*,-68.0,-51.688488,3.3554496095367528,16.311512
*Oc1ccc(-c2cc(-c3ccccc3)c(-c3ccc(OC(=O)c4ccc(C(*)=O)cc4-c4ccccc4)cc3)c(-c3ccccc3)c2-c2ccccc2)cc1,225.0,227.0273,1.4828771660948754,2.027298
*Nc1cc(NC(=O)c2ccc(C(*)=O)cc2)cc(-c2nc3ccccc3[nH]2)c1,267.5,303.71228,16.08891361478341,36.21228
*Oc1ccc(C(=O)OCCOCCOCCOC(=O)c2ccc(OC(=O)c3ccc(C(*)=O)cc3)cc2)cc1,29.999994,40.464108,4.057297839079704,10.464113
*CC(*)c1ccc(OCCOCCOC(C)=O)cc1,-2.9999976,24.849154,1.8531059117433648,27.849152
*CCCC(*)(C)C,-19.999998,-11.910749,2.5374028774561004,8.089249
*Oc1ccc(Oc2ccc(C(=O)Nc3ccc(Oc4ccc(S(=O)(=O)c5ccc(Oc6ccc(NC(=O)c7ccc(*)cc7)cc6)cc5)cc4)cc3)cc2)cc1C,217.0,216.07861,1.5149520646153685,-0.9213867
*CCCCCCCCCNC(=O)CCCCCCCCCCCCCCCCCCC(=O)N*,42.000004,41.48479,0.5850786757894465,-0.515213
*O[Si](C)(Oc1ccc(*)cc1)c1ccccc1,95.0,76.164406,1.4922224878346613,-18.835594
*C(=O)c1ccc2c(c1)C(=O)N(c1ccc(Oc3ccc(NC(=O)c4cccc(C(=O)Nc5ccc(Oc6ccc(N7C(=O)c8ccc(*)cc8C7=O)cc6)cc5)c4)cc3)cc1)C2=O,232.0,254.95113,3.094904481557759,22.951126
*OCCOC(=O)CCCC(=O)OCCOc1nc(-c2ccc(OCCCC)cc2)nc(*)c1-c1ccc(OC)cc1,46.000004,50.444233,1.1864075443830426,4.444229
*Oc1ccc(C(C)(C)c2ccc(OC(=O)Sc3ccc(C(C)(C)c4ccc(SC(*)=O)cc4)cc3)cc2)cc1,154.0,157.33864,0.9506324043141726,3.3386383
*c1ccc(Oc2ccc(C(c3ccc(Oc4ccc(N5C(=O)CC(=O)N(*)C5=S)cc4)cc3)(C(F)(F)F)C(F)(F)F)cc2)cc1,147.0,152.72089,0.6545606229780664,5.720886
*CC(*)c1cccc(Br)c1,102.0,95.885956,0.8590685359920368,-6.114044
*Oc1ccc(Oc2ccc(C(=O)c3cccc(C(=O)c4ccc(*)cc4)c3)cc2)cc1S(=O)(=O)O,195.0,195.98096,1.1916639802396392,0.98095703
*c1ccc2nc(-c3ccc4c(c3)C(=O)N(c3cc(C(*)(C(F)(F)F)C(F)(F)F)ccc3O)C4=O)oc2c1,329.0,325.51477,4.298014410043289,-3.4852295
*c1cc(C(=O)OCCC)cc(N2C(=O)CC(C3Cc4ccccc4C4C(=O)N(*)C(=O)C43)C2=O)c1,249.0,225.10988,2.240026464532524,-23.890121
*C1C(=O)N(c2cc(Br)c(O[Si](C)(C)C(C)(C)C)c(Br)c2)C(=O)C1*,164.0,167.41847,1.399061341194345,3.4184723
*C(=O)c1ccc2c(c1)C(=O)N(c1cccc(Nc3nc(Nc4cccc(N5C(=O)c6ccc(*)cc6C5=O)c4)nc(-c4ccccc4)n3)c1)C2=O,292.0,287.43475,1.54638386291282,-4.5652466
*c1ccc(Oc2ccc(-c3c(-c4ccccc4)c(-c4ccc(-c5nc6ccccc6c(*)c5-c5ccccc5)cc4)nc4ccccc34)cc2)cc1,273.0,263.41855,2.8549833819008374,-9.581451
*CCCCCCNC(=O)CC(C)c1ccc(C(C)CC(=O)N*)cc1,88.0,90.55979,0.9036529957555429,2.5597916
*C1C(=O)OC(=O)C1C1C2CC(C(=O)OC3CCCCC3)C(C2)C1*,195.0,200.43207,2.032165706983296,5.432068
*c1ccc(N2C(=O)c3ccc(-c4ccc5c(c4)C(=O)N(c4ccc6[nH]c(*)nc6c4)C5=O)cc3C2=O)cc1,397.5,398.44986,10.909277811007662,0.9498596
*c1ccc(-c2ccc(-c3ccc(-c4ccc(-c5ccc6c(c5)C(=O)N(c5cccc(N7C(=O)c8ccc(*)cc8C7=O)c5)C6=O)cc4)cc3)cc2)cc1,237.0,273.36887,5.113545919659032,36.368866
*/C=C(/*)C(CCCCCCC)[Si](C)(C)C,150.0,147.52953,2.3182174401935134,-2.4704742
*c1ccc(-c2sc(-c3cc(SCCCCCCCCCCCC)c(*)s3)cc2SCCCCCCCCCCCC)cc1,65.4,57.281727,0.8006811410554284,-8.118275
*c1ccc(NC(=O)c2ccc(C(=O)Nc3ccc(-c4nnc(*)o4)cc3)c(Oc3ccccc3)c2)cc1,272.0,267.48703,1.5295469105337307,-4.51297
*CCN(CCOC(=O)Nc1ccc(C)c(NC(=O)O*)c1)c1ccc(-c2nc3ccc([N+](=O)[O-])cc3o2)cc1,156.0,156.06905,2.770880827084872,0.06904602
*O[Si](*)(C)CCCC,-115.000015,-82.42432,4.668632827720755,32.5757
*Oc1cccc(OC(=O)CCC(*)=O)c1,38.2,45.071293,1.8064797318205144,6.871292
*CC(*)(C)C(=O)Oc1ccc(C(C)(C)C)cc1,91.0,104.163216,1.3681335717803818,13.163216
*Oc1cc(OC(=O)c2ccc(OCCCC)cc2)c(OC(=O)C(C)CCC(*)=O)cc1OC(=O)c1ccc(OCCCC)cc1,55.000004,55.318745,0.8344808174090917,0.31874084
*c1ccc(OC(=O)c2ccc(C(=O)Oc3ccc(C4(*)c5ccccc5C(=O)N4C)cc3)cc2)cc1,282.0,274.71103,2.474241240927184,-7.288971
*CCCCCCOC(=O)c1cccc(C(=O)O*)c1,5.5000024,10.874376,1.9444921185236688,5.374374
*c1ccc(Oc2ccc(C(C)(C)c3ccc(Oc4ccc(-c5ncc(*)o5)cc4C(F)(F)F)cc3)cc2)c(C(F)(F)F)c1,185.0,189.30467,0.8558408870790958,4.3046722
*Oc1ccc(C(=O)Nc2ccc(C(c3ccc(NC(=O)c4ccc(OC(=O)c5ccc(C(*)=O)cc5)cc4)cc3)(C(F)(F)F)C(F)(F)F)cc2)cc1,266.0,247.26207,14.055042189442698,-18.73793
*c1ccc(Oc2ccc(-c3cc(-c4ccccc4)c4cc(C5(c6ccc7nc(*)cc(-c8ccccc8)c7c6)c6ccccc6-c6ccccc65)ccc4n3)cc2)cc1,315.0,332.04858,5.668464441184311,17.048584
*C(=O)Nc1ccc(Cc2ccc(NC(=O)c3ccc(N4C(=O)c5ccc(*)cc5C4=O)cc3)cc2)cc1,222.0,282.69382,5.566768105246067,60.693817
*OP(=O)(Oc1ccc(OC)cc1)Oc1c(C)cc(S(=O)(=O)c2cc(C)c(*)c(C)c2)cc1C,147.0,149.59456,0.7602789795507757,2.5945587
*O[Si](*)(C)c1ccc(C)cc1,-16.999998,-8.460203,5.2460536784312355,8.539795
*NNC(=O)/C=C/C(=O)Nc1cccc(/C=C2\CC/C(=C\c3cccc(NC(=O)/C=C/C(*)=O)c3)C2=O)c1,104.6,183.07364,11.86012950401538,78.47364
*Oc1ccc(CC(NC(=O)CCc2ccc(OC(=O)COCCOCC(*)=O)cc2)C(=O)OCC)cc1,53.000004,49.57031,0.5875042035236888,-3.4296951
*CCCCOC(=O)Nc1ccc(Cc2ccc(NC(=O)O*)cc2)cc1,109.0,98.862144,1.9991264199342256,-10.137856
*Oc1ccc(C(C)(C)c2ccc(Oc3ccc(C(=O)c4c(C(=O)c5ccc(*)cc5)c(-c5ccc(F)cc5)c(-c5ccc(F)cc5)c(-c5ccc(F)cc5)c4-c4ccc(F)cc4)cc3)cc2)cc1,252.0,253.6331,1.28689339416624,1.6331024
*CC(COc1ccc(C2CCCC(CC)(c3ccc(O*)cc3)C2)cc1)OC(C)=O,107.0,109.94132,0.72182282193713,2.9413223
*c1ccc(Oc2ccc(-c3c(-c4ccccc4)nc4ccc(Oc5ccc6nc(-c7ccccc7)c(*)c(-c7ccccc7)c6c5)cc4c3-c3ccccc3)cc2)cc1,252.5,275.40308,3.5526347567721355,22.903076
*Oc1ccc(OC(=O)Oc2ccc(C(C)(C)c3ccc(OC(*)=O)cc3)cc2)cc1,97.0,94.90031,1.3486809681603034,-2.0996933
*c1ccc(-c2nc3ccc(S(=O)(=O)c4ccc5nc(*)c(-c6ccccc6)nc5c4)cc3nc2-c2ccccc2)cc1,345.0,309.41403,10.674951819430317,-35.585968
*OC(=O)OCCCCCCOC(=O)OC1COC2C(*)COC12,27.499994,22.8817,1.9625091875634741,-4.618294
*CCCCCCc1nc2cc(NC(=O)CCCCCCC(=O)Nc3ccc4oc(*)nc4c3)ccc2o1,77.0,83.888054,2.7769903315649658,6.888054
*CCCCOCCCCOCCCCOC(=O)c1ccc(/N=C/c2ccc(/C=N/c3ccc(C(=O)O*)cc3)cc2)cc1,-13.199995,-6.143949,2.243481256318576,7.056046
*OC(=O)OCCOCCOCCOC(=O)OC1COC2C(*)COC12,16.999994,22.679125,1.7586961599964983,5.6791306
*CC(=O)Nc1ccc(Oc2ccc(C(C)(C)c3ccc(Oc4ccc(NC(=O)CN5C(=O)c6ccc(C(c7ccc8c(c7)C(=O)N(*)C8=O)(C(F)(F)F)C(F)(F)F)cc6C5=O)cc4)cc3)cc2)cc1,224.0,222.67308,0.8285472989125219,-1.3269196
*c1ccc(Oc2ccc(-c3ccc(Oc4ccc(N5C(=O)c6ccc(Oc7ccc(Oc8ccc9c(c8)C(=O)N(*)C9=O)cc7)cc6C5=O)cc4)cc3)cc2)cc1,230.0,233.69563,2.9511719482363032,3.695633
*C(=O)Nc1ccc(S(=O)(=O)c2ccc(NC(=O)c3ccc4c(c3)C(=O)N(c3ccc(Oc5ccc(N6C(=O)c7ccc(*)cc7C6=O)cc5)cc3)C4=O)cc2)cc1,275.0,273.08966,5.982994801174347,-1.9103394
*Oc1ccc(N(c2ccccc2)c2ccc(-c3ccc(N(c4ccccc4)c4ccc(*)cc4)cc3)cc2)cc1,218.0,203.302,2.4510504667222337,-14.697998
*c1cccc(Oc2cccc(Oc3cccc(N4C(=O)c5c(c(-c6ccccc6)c(-c6ccc(Oc7ccc(-c8c(-c9ccccc9)c9c(c(-c%10ccccc%10)c8-c8ccccc8)C(=O)N(*)C9=O)cc7)cc6)c(-c6ccccc6)c5-c5ccccc5)C4=O)c3)c2)c1,261.0,248.01805,2.290049210590228,-12.981949
*O[Si](C)(C)c1cc(OCCOCc2ccccc2)c([Si](*)(C)C)cc1OCCOCc1ccccc1,76.0,75.015236,0.8666121089388843,-0.9847641
*CC(C)CNC(=O)O*,40.000004,44.533497,2.358389578959213,4.533493
*C(=O)c1ccc2c(c1)C(=O)N(c1cccc(C(O)c3cccc(N4C(=O)c5ccc(*)cc5C4=O)c3)c1)C2=O,292.0,283.20972,1.8869467439979655,-8.790283
*C/C=C(\C)CS(*)(=O)=O,88.2,78.92148,1.1598044956841023,-9.278519
*c1ccc(Oc2ccc(C(C)(C)c3ccc(Oc4ccc(-c5nc(-c6ccccn6)nnc5*)cc4)cc3)cc2)cc1,220.0,214.3137,1.1301222944272566,-5.6862946
*Oc1cccc(Oc2cccc(OC(*)=O)c2)c1,71.0,67.160385,2.619114201121938,-3.8396149
*Oc1cc(Cl)cc(Cl)c1*,165.0,163.18037,0.9479739216139385,-1.8196259
*CCCCCCCCCCC(=O)Oc1ccc(-c2ccc(OC(=O)c3ccc4c(c3)C(=O)N(*)C4=O)cc2)cc1,61.000004,89.448296,3.0179031522953617,28.448292
*c1ccc(Oc2cccc(Oc3ccc(N4C(=O)c5ccc(Oc6cccc(Oc7ccc8c(c7)C(=O)N(*)C8=O)c6)cc5C4=O)cc3)c2)cc1,188.0,198.79706,2.0567989274465392,10.797058
*CC(CS(=O)(=O)CC)O*,57.000004,49.39713,0.692828699171653,-7.6028748
*CCN(*)C(=O)c1c(F)c(F)c(F)c(F)c1F,136.0,134.07274,0.8572569956552368,-1.9272614
*c1ccc(Oc2ccc(-c3nc4cc(Oc5ccc(NC(=O)CN6C(=O)c7ccc(C(c8ccc9c(c8)C(=O)N(CC(=O)Nc8ccc(Oc%10ccc%11nc(-c%12ccccc%12)c(*)nc%11c%10)cc8)C9=O)(C(F)(F)F)C(F)(F)F)cc7C6=O)cc5)ccc4nc3-c3ccccc3)cc2)cc1,260.0,261.57834,1.1704537159545987,1.5783386
*c1ccc(C2(c3ccc(-c4cc(-c5ccccc5)c5cc(Oc6ccc7nc(*)cc(-c8ccccc8)c7c6)ccc5n4)cc3)c3ccccc3-c3ccccc32)cc1,310.0,327.20157,4.916298357876681,17.201569
*N=P(*)(OCCOc1ccc(-c2ccc(I)cc2)cc1)OCCOc1ccc(-c2ccc(I)cc2)cc1,111.4,105.3905,1.3212543825530418,-6.0094986
*CN1C(=O)c2ccc(C(c3ccc4c(c3)C(=O)N(Cc3nnc(-c5ccc(-c6nnc(*)o6)cc5)o3)C4=O)(C(F)(F)F)C(F)(F)F)cc2C1=O,214.0,207.39899,0.9175167746396998,-6.601013
*CCC1C(=O)N(CCCCCCCCCCCCCCCCCC)C(=O)C1*,67.1,51.857418,1.1084926169532758,-15.24258
*c1ccc(CC(=O)Nc2ccc(Cc3ccc(NC(=O)Cc4ccc(-c5sc(*)c(-c6ccccc6)c5-c5ccccc5)cc4)cc3)cc2)cc1,227.0,241.91623,1.5050546464131376,14.916229
*c1cc(C(=O)OCCCCCCCCCCOc2ccc(-c3ccc(OC(=O)c4ccc(OCC(F)CCCCCC)cc4)cc3)cc2)c(*)s1,151.0,136.52469,1.5909776953306107,-14.475311
*CCN(CCOC(=O)c1cc(OCc2c(F)c(F)c(OC)c(F)c2F)cc(C(=O)O*)c1)c1ccc(/C=C/c2ccc(/C=C/C3=C(C#N)C(=C(C#N)C#N)OC3(c3ccccc3)C(F)(F)F)s2)cc1,140.0,131.18324,0.4871960676435206,-8.816757
*C(=O)Nc1ccc(Oc2ccc(NC(=O)c3ccc4c(c3)C(=O)N(c3ccc(Oc5ccc(N6C(=O)c7ccc(*)cc7C6=O)cc5-c5ccccc5)c(-c5ccccc5)c3)C4=O)cc2)cc1,345.0,315.7312,7.350580465388053,-29.268799
*c1cccc(Oc2ccc(P(=O)(c3ccccc3)c3ccccc3)c(Oc3cccc(N4C(=O)c5ccc(Oc6ccc(-c7ccc(Oc8ccc9c(c8)C(=O)N(*)C9=O)cc7)cc6)cc5C4=O)c3)c2)c1,227.0,228.61333,0.8451617162038463,1.613327
*Oc1ccc(C(C)(C)c2ccc(OC(=O)c3cccc(Oc4cccc(C(*)=O)c4)c3)cc2)cc1,85.0,110.32668,2.55866026681855,25.326683
*CC(O)COc1ccc(C(C)CC(C)(C)c2ccc(O*)cc2)cc1,75.0,74.181725,1.0141490497595702,-0.81827545
*c1cccc(C(=O)Nc2ccc(Oc3ccc(C(C)(C)c4ccc(Oc5ccc(NC(=O)c6cccc(N7C(=O)c8ccc(-c9ccc%10c(c9)C(=O)N(*)C%10=O)cc8C7=O)c6)cc5)cc4)cc3)cc2)c1,257.0,246.42506,0.9851101581705547,-10.574936
*c1ccc(Oc2ccc(C(=O)c3ccc(Oc4ccc(-c5c6c(c(*)c7ccccc57)C(=O)N(C)C6=O)cc4)cc3)cc2)cc1,283.0,280.2587,2.2612363099279875,-2.7413025
*C(=O)Nc1cc(C(F)(F)F)ccc1Oc1cccc2c(Oc3ccc(C(F)(F)F)cc3NC(=O)c3ccc4c(c3)C(=O)N(c3ccc(Oc5ccc(N6C(=O)c7ccc(*)cc7C6=O)cc5-c5ccccc5)c(-c5ccccc5)c3)C4=O)cccc12,376.00003,367.9543,11.340816177642894,-8.045715
*Oc1ccc(NC(=O)c2cc(C(=O)Nc3ccc(*)cc3)cc(C(C)(C)C)c2)cc1,268.0,247.22646,2.5086444324388655,-20.773544
*C(=O)Nc1cccc(NC(=O)c2ccc3c(c2)C(=O)N(c2ccc(-c4sc(-c5ccc(N6C(=O)c7ccc(*)cc7C6=O)cc5)c(-c5ccccc5)c4-c4ccccc4)cc2)C3=O)c1,334.0,315.7595,7.853171719847933,-18.240509
*Oc1ccc(NC(=O)Nc2ccccc2CCc2ccccc2NC(=O)Nc2ccc(*)cc2)cc1,232.0,221.31851,1.7126240662615835,-10.681488
*CCCOC(=O)c1ccc(C(=O)O*)cc1,52.000004,46.76556,3.7274729828553723,-5.2344437
*Oc1ccc(CC(NC(=O)CCc2ccc(OC(=O)CCCCC(*)=O)cc2)C(=O)OCCCCCC)cc1,37.725002,30.345339,0.6655113913827833,-7.3796635
*c1ccc(Oc2ccc(Oc3ccc(N4C(=O)c5ccc(Oc6ccc(C7(c8ccc(Oc9ccc%10c(c9)C(=O)N(*)C%10=O)cc8)CCC(c8ccccc8)CC7)cc6)cc5C4=O)cc3)c(C(C)(C)C)c2)cc1,236.0,239.72873,0.7183147788136053,3.7287292
*/C=C(/*)CCCOc1ccc(OC(=O)c2ccc(OCCCC)cc2)cc1,36.000004,31.884508,1.1309729544356866,-4.1154957
*C(=O)Nc1ccc(C2(c3ccc(NC(=O)c4ccc5c(c4)C(=O)N(c4cccc(N6C(=O)c7ccc(*)cc7C6=O)c4)C5=O)cc3)c3ccccc3-c3ccccc32)cc1,209.0,293.78934,10.648154615412452,84.78934
*Oc1ccc(P(=O)(c2ccccc2)c2ccc(*)cc2)cc1,240.0,237.70494,3.3879324017828196,-2.2950592
*/C(C)=C(/*)[Si](C)(C)C[Si](C)(C)C,200.0,173.96393,9.253660322553406,-26.036072
*CC(*)(C)C(=O)OC1CC2CC1C1C3CCC(C3)C21,199.0,191.71329,1.1907857782415234,-7.2867126
*C(=O)c1ccc2c(c1)C(=O)N(c1cc(Br)c(Oc3c(Br)cc(N4C(=O)c5ccc(*)cc5C4=O)cc3Br)c(Br)c1)C2=O,323.0,310.02722,4.2236409845420075,-12.972778
*c1ccc2cc(-c3nc4ccc(-c5ccc6nc(*)[nH]c6c5)cc4[nH]3)ccc2c1,403.0,383.86755,12.790788206075723,-19.132446
*c1ccc(-c2ccc(N3C(=O)c4ccc(Oc5ccc6c(c5)C(=O)N(*)C6=O)cc4C3=O)c(OCCCCCCOc3ccc(/C=C/c4ccc(F)cc4)cc3)c2)cc1OCCCCCCOc1ccc(/C=C/c2ccc(F)cc2)cc1,124.0,127.94332,0.7392406170758838,3.9433212
*CCOCCOc1ccc(C(=O)Nc2cc(NC(=O)c3ccc(O*)cc3)cc(-c3nc4ccccc4[nH]3)c2)cc1,230.0,168.42043,9.773884314866221,-61.579575
*Oc1ccc(Oc2ccc(NC(=O)c3ccc(Oc4ccc(Oc5ccc(C(=O)Nc6ccc(*)cc6)cc5)cc4C)cc3)cc2)cc1C,218.5,216.52362,1.361992126970044,-1.9763794
*C(=O)c1cccc(C(=O)c2ccc3c(c2)C(=O)N(c2ccc(C(c4ccc(N5C(=O)c6ccc(*)cc6C5=O)cc4)(C(F)(F)F)C(F)(F)F)cc2)C3=O)c1,262.5,267.08792,1.8476680966999408,4.587921
*CCCCCCCCCCNC(=O)c1ccc(C(=O)N*)c(Sc2ccccc2)c1,100.0,93.284775,0.762669948894918,-6.715225
*C(c1ccc(N(C)C)cc1)C(*)c1ccc([N+](=O)[O-])cc1,139.0,133.3622,1.1016354993006863,-5.637802
*c1cccc(S(=O)(=O)NCCCCCCNS(*)(=O)=O)c1,67.0,68.18162,0.9789263007905487,1.1816177
*C(=O)Oc1ccc(-c2ccc(OC(=O)c3ccc4c(c3)C(=O)N(c3ccc(-c5ccc(N6C(=O)c7ccc(*)cc7C6=O)cc5C)c(C)c3)C4=O)cc2C)c(C)c1,177.0,166.08952,2.9708928506304306,-10.910477
*Oc1ccc(C(C)(CC)c2ccc(OC(=O)OC3C(C)(C)C(OC(*)=O)C3(C)C)cc2)cc1,124.0,127.95405,0.976435792810679,3.9540482
*c1ccc(S(*)(=O)=O)cc1,219.5,180.13737,48.12944727216116,-39.362625
*c1ccc(N2C(=O)c3ccc(C(=O)c4ccc5c(c4)C(=O)N(c4ccc(-c6nc7cc(Oc8ccc9nc(-c%10ccccc%10)c(*)nc9c8)ccc7nc6-c6ccccc6)cc4)C5=O)cc3C2=O)cc1,254.0,259.20142,1.7533832787694053,5.201416
*c1ccc(C(=O)c2ccc(Oc3ccc(-c4nn(*)c(=O)c5ccccc45)c(F)c3)cc2)cc1,253.0,268.99512,1.3163404936480119,15.995117
*CC(C)C(=O)N*,96.0,91.03217,1.1068356992315747,-4.967827
*CC(C)(C)C1C(=O)N(C2CCCCC2)C(=O)C1*,192.0,190.57759,1.1031747090512591,-1.422409
*Nc1cccc2c(NC(=O)Nc3cc(NC(*)=O)cc(C(=O)Nc4ccc5c(c4)C(=O)c4ccccc4C5=O)c3)cccc12,178.0,179.40807,1.1025384157838432,1.4080658
*CCOCCOC(=O)C(CCC)C(=O)O*,-37.999996,-33.545223,2.1248695309279557,4.454773
*Oc1ccc(C(c2ccc(OC(*)=O)cc2)C2C3CCC(C3)C2c2ccccc2)cc1,196.0,197.54909,0.6291763335033175,1.5490875
*C(=O)N1C(=O)N(C(=O)c2ccc3c(c2)C(=O)N(c2ccc(Oc4ccc(N5C(=O)c6ccc(*)cc6C5=O)cc4)cc2)C3=O)C(C)(C)C1=O,156.0,165.1352,1.7989265244133965,9.135193
*CCCCCCCCCCNC(=O)NCc1ccc(CNC(=O)N*)cc1,55.000004,56.7429,0.9186409695418906,1.742897
*c1ccc2c(c1)C(=O)N(c1ccc(C(=O)Nc3ccc(C(c4ccc(NC(=O)c5ccc(N6C(=O)c7ccc(C(*)(C(F)(F)F)C(F)(F)F)cc7C6=O)c(C)c5)cc4)(C(F)(F)F)C(F)(F)F)cc3)cc1C)C2=O,344.0,329.59125,4.727785900442865,-14.408752
*c1ccc(Oc2ccc(S(=O)(=O)c3ccc(Oc4ccc(-c5c6c(c(*)c7ccccc57)C(=O)N(c5cccc(C(F)(F)F)c5)C6=O)cc4)cc3)cc2)cc1,280.5,271.8122,1.978706809725714,-8.687805
*C(=O)Nc1ccc(Oc2cccc(Oc3ccc(NC(=O)c4ccc5c(c4)C(=O)N(c4ccc(Oc6ccc(C7(c8ccc(Oc9ccc(N%10C(=O)c%11ccc(*)cc%11C%10=O)cc9)cc8)NC(=O)c8ccccc87)cc6)cc4)C5=O)cc3)c2)cc1,288.0,291.1914,2.7587357521350193,3.1914062
*/C(=C(/c1ccc(*)cc1)c1ccc(Oc2ccccc2)cc1)c1ccc(Oc2ccccc2)cc1,163.0,167.69073,0.8540109156009092,4.690735
*c1ccc2oc(-c3cccc(-c4nc5cc(C(*)(c6ccccc6)C(F)(F)F)ccc5o4)c3)nc2c1,301.0,303.98926,2.372069674763869,2.9892578
*Oc1cccc(S(=O)(=O)c2ccc(*)cc2)c1,175.0,169.73738,1.2443165150615552,-5.262619
*CC(*)(C)C(=O)OCCCCCCCCCCOc1ccc(C#Cc2cc(OC)c(/C=C/c3ccncc3)cc2OC)cc1,87.1,86.91042,0.8096778943059788,-0.1895752
*CCCCCCCCCCCCNC(=O)CCP(C)(=O)CCC(=O)N*,44.000004,44.822598,0.497774024324735,0.8225937
*CC(*)C(=O)Oc1ccc(C(=O)Oc2ccc(OC(=O)c3ccc(OCCCC)cc3)cc2)cc1,47.000004,56.72299,1.5329874600741662,9.722984
*C1CCC(N2C(=O)c3ccc(S(=O)(=O)c4ccc5c(c4)C(=O)N(*)C5=O)cc3C2=O)CC1,363.0,344.41125,5.272847950222062,-18.588745
*Oc1ccc(C(=O)c2ccc(C(=O)c3ccc(Oc4ccc(Cc5ccc(*)cc5)cc4)cc3)cc2)cc1,120.0,124.31296,1.312331301506841,4.312958
*c1ccc(Oc2ccc(C(C)(C)c3ccc(Oc4ccc(-c5nnc(*)n5-c5ccccc5)cc4)cc3)cc2)cc1,207.0,202.72487,0.9172021885673961,-4.275131
*c1cccc(OCCCCCCOc2cccc(N3C(=O)c4ccc(-c5cccc6c5C(=O)N(*)C6=O)cc4C3=O)c2)c1,157.0,147.30241,1.9355754255435167,-9.697586
*c1cc(/C=N/C(=S)Nc2ccc(-n3c(=O)c4cc5c(=O)n(*)c(=O)c5cc4c3=O)cc2)ccc1Cl,276.0,270.52448,1.2951121123887674,-5.475525
*Oc1ccc(C(=O)c2ccc(OC(=O)OC3C(C)(C)C(OC(*)=O)C3(C)C)cc2)cc1,125.0,139.8393,1.0646167612704098,14.839294
*CC(*)(C)C(=O)OCCCCCCCCOc1ccc2cc(C(=O)Oc3ccccc3)ccc2c1,34.000004,39.3989,1.4779252629607356,5.3988953
*N=P(*)(Oc1ccc(I)cc1)Oc1ccc(I)cc1,43.100002,40.491444,2.2476473226063223,-2.6085587
*CCCCOC(=O)c1ccc(C(=O)O*)cc1,48.400005,33.804745,4.672207212481032,-14.595261
*OP(=O)(Oc1ccc(NC(=O)Oc2ccc(-c3ccc(OC(=O)Nc4ccc(*)cc4)cc3)cc2)cc1)c1ccccc1,34.000004,35.672787,1.466442033542494,1.6727829
*c1ccc(-c2ccc(-c3cc(-c4ccccc4)c4cc(C5(c6ccc7nc(*)cc(-c8ccccc8)c7c6)c6ccccc6C(=O)c6ccccc65)ccc4n3)cc2)cc1,350.0,360.05905,8.652604884131176,10.0590515
*CC(c1ccccc1)C1C(=O)OC(=O)C1*,212.0,204.88235,1.1723779899488003,-7.1176453
*c1ccc(Oc2ccc(Oc3ccc(-c4nc(*)nc(-c5ccccc5)n4)cc3)cc2)cc1,244.0,233.9574,1.8707267112433574,-10.042603
*c1ccc(Oc2ccc(Oc3ccc(N4C(=O)C(c5ccccc5)=C(c5ccc(C6=C(c7ccccc7)C(=O)N(*)C6=O)cc5)C4=O)cc3)cc2)cc1,267.0,271.36746,1.9143291367548567,4.367462
*Oc1ccc(C2(c3ccc(OC(=O)CCCCCCCCCC(*)=O)cc3)c3ccccc3-c3ccccc32)cc1,136.0,126.24714,2.57603119868588,-9.752861
*CCCCCCCCCCC(=O)NCCc1ccc(CCNC(=O)CCCCCCCCCCS*)cc1,58.000004,47.473637,0.9509511792822462,-10.526367
*c1ccc2c(c1)C(=O)N(c1ccc(Oc3c(C(C)(C)C)cc(-c4ccc(N5C(=O)c6ccc(C(*)(C(F)(F)F)C(F)(F)F)cc6C5=O)cc4)cc3C(C)(C)C)cc1)C2=O,355.0,342.7872,3.8000384809424554,-12.212799
*c1cc(OCCCCCCCCCCCC)cc(N2C(=O)c3ccc(Oc4ccc5c(c4)C(=O)N(*)C5=O)cc3C2=O)c1,162.0,169.15347,1.6016127780778844,7.153473
*C(=O)NNC(=O)c1ccc([Si](c2ccccc2)(c2ccccc2)c2ccc(C(=O)NNC(=O)c3cncc(*)c3)cc2)cc1,234.0,229.51569,1.0279541841029514,-4.484314
*Oc1cc(CC)cc(OC(=O)c2cccc(C(*)=O)c2)c1,138.0,138.30876,1.087265387640368,0.3087616
*Oc1ccc(S(=O)(=O)c2ccc(Oc3ccc(C(=O)c4cc(C(=O)c5ccc(*)cc5)cc(C(C)(C)C)c4)cc3)cc2)cc1,198.0,190.63023,0.8929257573013362,-7.369766
*c1ccc(C(c2ccc(N3C(=O)c4ccc(Oc5cccc6c(Oc7ccc8c(c7)C(=O)N(*)C8=O)cccc56)cc4C3=O)cc2)(C(F)(F)F)C(F)(F)F)cc1,276.0,266.05725,2.6139633254387378,-9.942749
*Oc1ccc(C(c2ccccc2)c2ccc(OC(*)=O)cc2C)c(C)c1,182.0,179.0873,0.8944202505895675,-2.9127045
*Oc1ccc(Cc2ccc(OC(*)=S)cc2)cc1,95.0,97.6877,1.4023220823838667,2.6876984
*C(=S)Nc1ccc(Oc2ccc(NC(=S)n3c(=O)c4cc5c(=O)n(*)c(=O)c5cc4c3=O)cc2)cc1,265.0,267.5758,1.317473904120896,2.5758057
*CC(O)COc1ccc(C(C)(C)C2CCC(C)(c3ccc(O*)cc3)CC2)cc1,135.0,140.02022,0.9967925695826452,5.020218
*c1ccc(Oc2ccc(C3(c4ccc(Oc5ccc(N6C(=O)c7ccc(Oc8ccc(C9(c%10ccc(Oc%11ccc%12c(c%11)C(=O)N(*)C%12=O)cc%10)CCC(c%10ccccc%10)CC9)cc8)cc7C6=O)cc5)cc4)CC4CC3C3CCCC43)cc2)cc1,255.0,248.13834,1.1634370013731838,-6.861664
*CC(*)(C)C(=O)OCc1ccc2c(c1)c1ccccc1n2CCCCCCCCCCCC,24.999994,30.795855,1.3780028196585616,5.7958603
*CCCCCCOC(=O)NCCCCCCNC(=O)O*,168.0,52.539318,21.990377424254806,-115.46068
*CCOCCOCCOC(=O)CCCCC(=O)O*,-48.999996,-51.346905,2.8824815976257607,-2.3469086
*CCCCCNC(=O)CC(=O)N*,65.0,57.052723,0.632575412975633,-7.947277
*CC(*)(CC)C(=O)OCC,26.999994,29.7801,0.8853144289654139,2.7801056
*/C(C)=C(/*)CCCCC,180.0,107.87755,70.38758394068952,-72.12245
*c1cc(C(=O)OCC(F)(F)C(F)(F)C(F)(F)F)c(*)s1,129.0,131.77654,1.4912259495310518,2.776535
*CC(O*)C1CC(F)(F)C1(F)F,-24.999998,-35.66125,3.7497139249445453,-10.661253
*c1c(C)cc(Cc2cc(C)c(N3C(=O)c4ccc(Oc5cccc6c(Oc7ccc8c(c7)C(=O)N(*)C8=O)cccc56)cc4C3=O)c(C)c2)cc1C,281.0,274.24667,3.8045377738886805,-6.7533264
*C/C=C/C[Si](*)(C=C)C=C,-65.0,-50.86233,3.261483671296685,14.137669
*c1ccc(C(C#N)(C(=O)OCC(C)C)C(*)(C#N)C(=O)OCC(C)C)cc1,108.0,113.20232,1.0929318116704227,5.2023163
*c1ccc(Oc2ccc(Oc3ccc(N4C(=O)c5cccc(Oc6c(C)cc(Cc7cc(C)c(Oc8cccc9c8C(=O)N(*)C9=O)c(C)c7)cc6C)c5C4=O)c(C)c3)cc2)cc1C,238.0,234.9302,1.215515029140287,-3.0697937
*N=P(N=P(N=S(*)(=O)NC)(NC)NC)(NC)NC,21.999994,30.356623,1.8986023464771298,8.356628
*Cc1ccc(CNC(=O)c2cc(C(=O)N*)cc(C(C)(C)C)c2)cc1,204.0,206.27151,0.9571914820327486,2.271515
*c1ccc(NC(=O)c2ccc(OCCOCCOc3ccc(C(=O)Nc4ccc5[nH]c(*)nc5c4)cc3)cc2)cc1,175.0,164.97263,5.150342855658303,-10.027374
*/C=C/c1ccc(*)c(-c2c(OCC(CC)CCCC)ccc3cc(-c4ccccc4)ccc23)c1,141.0,130.67365,0.8285516448918829,-10.326355
*Nc1ccc(C(c2ccc(NC(=O)c3ccc(C(c4ccc(C(*)=O)cc4)(C(F)(F)F)C(F)(F)F)cc3)cc2)(P2(=O)Oc3ccccc3-c3ccccc32)P2(=O)Oc3ccccc3-c3ccccc32)cc1,235.0,241.52086,0.6792680916188274,6.520859
*c1ccc2c3ccc(-c4ccc(-c5ccc(-c6ccc(*)s6)c6nccnc56)s4)cc3n(C(CCCCCCCC)CCCCCCCC)c2c1,116.0,116.81629,0.720091237148334,0.8162918
*c1ccc(Oc2ccc(-c3nc4cc(-c5ccc6nc(*)c(-c7ccccc7)nc6c5)ccc4nc3-c3ccccc3)cc2)cc1,292.5,286.31845,5.175395803477669,-6.181549
*CC(*)CNc1ccc([N+](=O)[O-])cc1,144.0,143.34798,1.1288636359708588,-0.6520233
*C(=O)Nc1cccc(NC(=O)c2ccc3c(c2)C(=O)N(c2ccc(S(=O)(=O)c4ccc(N5C(=O)c6ccc(*)cc6C5=O)cc4)cc2)C3=O)c1,311.0,278.54193,9.48057867085163,-32.45807
*c1ccc(Cc2ccc(N3C(=O)c4ccc(S(=O)(=O)c5ccc6c(c5)C(=O)N(*)C6=O)cc4C3=O)cc2)cc1,319.0,311.23196,5.71259068811181,-7.768036
*CC(OC(C)=O)C(CCC(C)(O)C=C)C(*)(C)C,85.0,81.365616,0.6938624662864156,-3.6343842
*C(=O)c1ccc2c(c1)C(=O)N(c1c(C)cc(C(c3cc(C)c(N4C(=O)c5ccc(*)cc5C4=O)c(C)c3)c3cccc4ccccc34)cc1C)C2=O,318.0,305.32986,2.1978713025094527,-12.6701355
*CC(O)CN(CCO)CC(O)COc1ccc(C(C)(C)c2ccc(O*)cc2)cc1,87.1,86.534775,0.8467070522144823,-0.5652237
*C(=O)NCCN(CCNC(=O)c1ccc2c(c1)C(=O)N(c1ccc(Oc3ccc(N4C(=O)c5ccc(*)cc5C4=O)cc3)cc1)C2=O)c1ccc(/C=C/c2ccc([N+](=O)[O-])cc2)cc1,224.0,197.36197,3.145327476606257,-26.638031
*CCOC(=O)Nc1ccc(CCc2ccc(NC(=O)O*)cc2)cc1,116.9,117.9613,1.0867372726062041,1.0613022
*CC(*)c1ccc(C(C)=O)cc1,115.5,114.1775,1.2068866369114837,-1.3225021
*Oc1ccc(S(=O)(=O)c2ccc(Oc3ccc(C(c4ccccc4)(c4ccccc4)c4ccc(*)cc4)cc3)cc2)cc1,230.0,229.23628,2.2913825361137206,-0.76371765
*Oc1ccc(C(C)(C)c2ccc(OC(=O)c3cccc(C(*)=O)c3)cc2)cc1,180.0,164.00105,5.228361877147947,-15.998947
*/C=C/c1ccc(*)c(-c2ccc(OCC(CC)CCCC)c3ccccc23)c1,135.0,134.68771,0.6747453932174895,-0.31228638
*c1ccc(Oc2ccc(-c3nc(-c4cccc(-c5nnc(-c6ccccc6)c(*)n5)n4)nnc3-c3ccccc3)cc2)cc1,219.0,212.45065,1.4438261852819336,-6.549347
*Oc1ccc(NC(=O)c2cc(NC(=O)c3ccccc3)cc(C(=O)Nc3ccc(*)cc3)c2)cc1,294.5,277.0397,4.588938247923235,-17.460297
*c1ccc(Cc2ccccc2-n2c(=O)c3cc4c(=O)n(*)c(=O)c4cc3c2=O)cc1,356.5,343.62228,8.1333677956617,-12.877716
*CC(c1ccccc1)C1C(=O)N(C)C(=O)C1*,205.0,201.26297,1.4082254931920917,-3.73703
*CCN(CCN1C(=O)c2ccc(C(c3ccc4c(c3)C(=O)N(*)C4=O)(C(F)(F)F)C(F)(F)F)cc2C1=O)c1ccc(/N=N/c2ccc([N+](=O)[O-])cc2)cc1,210.0,211.35661,1.0503081216555117,1.3566132
*C1C(*)C2CC1C(C(=O)OCCC1CC3CCC1C3)C2C(=O)OCCC1CC2CCC1C2,260.0,254.39975,0.9164647334671421,-5.6002502
*CC(*)c1ccc(B(Oc2cccc3cccnc23)c2ccc(C(C)(C)C)cc2)cc1,240.0,237.49693,1.0090740978121957,-2.503067
*c1ccc(Oc2ccc3c(c2)C(=O)N(*)C3=O)cc1,266.0,255.95428,8.138791577904296,-10.045715
*C(=O)c1ccc2c(c1)C(=O)N(c1ccc(Cc3ccc(C(=O)c4cccc(N5C(=O)c6ccc(*)cc6C5=O)c4)cc3)cc1)C2=O,290.0,268.22778,1.7552111034385098,-21.772217
*Oc1ccc(C(=O)OCC(C)(C)COC(=O)c2ccc(*)cc2)cc1,73.0,65.67212,1.0734425552123597,-7.327881
*Oc1c(C)cc(-c2cc(C)c(Oc3ccc(C(=O)c4ccccc4-c4ccccc4C(=O)c4ccc(*)cc4)cc3)c(C)c2)cc1C,233.0,235.04776,1.1148025600959495,2.04776
*Nc1ccc(C(C)(C)c2ccc(NC(=O)c3cc(C(*)=O)cc(N4C(=O)C5C6CCC(C6)C5C4=O)c3)cc2)cc1,311.0,312.2621,1.7042844983961005,1.262085
*c1nc(-c2ccccc2)nc(N(c2ccccc2)c2ncnc(N(*)c3ccccc3)n2)n1,279.0,274.58752,2.1347593043954074,-4.4124756
*CC(*)C(=O)OCCCSC,-65.0,-63.486965,3.4103668708565524,1.5130348
*N=P(*)(Oc1cccc(C(F)(F)F)c1)Oc1cccc(C(F)(F)F)c1,-34.999996,-28.14018,3.3942368993609926,6.8598156
*/C=C/C1CC(*)C(C(=O)OC)C1C(=O)OC,77.3,89.43149,0.9706748044586234,12.131485
*Nc1ccc(NC(=O)c2cc(-c3ccc(C(=O)OC)c(C(*)=O)c3)ccc2C(=O)OC)cc1,234.2,236.13203,1.5102651091386616,1.9320374
*c1ccc(Oc2ccc(-n3c(=O)c4cc5c(=O)n(-c6ncc(*)s6)c(=O)c5cc4c3=O)cc2)cc1,328.8,326.82404,7.294493664369356,-1.9759521
*CCCCOC(=O)c1ccc(N/C=N/c2ccc(C(=O)O*)cc2)cc1,91.0,90.178764,1.0259048715700245,-0.82123566
*N=P(*)(OCCOCCOCCOCCOCCOCCOCCOCCOC)OCCOCCOCCOCCOCCOCCOCCOCCOC,-75.0,-61.45509,3.325245576589398,13.54491
*c1ccc(Oc2ccc(-c3ccc(Oc4ccc(N5C(=O)c6ccc(Oc7ccc(C8(c9ccc(Oc%10ccc%11c(c%10)C(=O)N(*)C%11=O)cc9)CCCCCCCCCCC8)cc7)cc6C5=O)cc4)cc3C)c(C)c2)cc1,257.0,237.07794,1.4919983819109828,-19.922058
*/C=C(\C#N)C(=O)NC1CCCCC1NC(=O)/C(C#N)=C/c1ccc(/C=C/c2ccc(N(CC)Cc3ccccc3CN(CC)c3ccc(/C=C/c4ccc(*)s4)cc3)cc2)s1,195.0,195.04553,1.4269466108883877,0.045532227
*CCCCCCCCCCCCNC(=O)CCCCCCCCCCCCCCC(=O)N*,46.000004,41.80489,0.5824451170190419,-4.195114
*c1ccc(Oc2ccc(C(=O)c3ccc(Oc4ccc(-c5c6c(c(*)c7ccccc57)C(=O)N(c5cccc(C(F)(F)F)c5)C6=O)cc4)cc3)cc2)cc1,252.0,253.96118,1.233535030407131,1.9611816
*c1ccc(-c2nc3cc(-c4ccc5oc(*)nc5c4)ccc3o2)cc1,430.0,403.31424,11.235219979743068,-26.68576
*O[Si](*)(C)CCCCCCCCCCC(=O)Oc1ccc(-c2ccc(OC(=O)CCCCC(=O)OC3CC(C)CCC3C(C)C)cc2)cc1,16.499994,24.712831,1.665930026227264,8.212837
*COC(=O)Nc1ccc(Cc2ccc(NC(=O)OCc3cocc3*)cc2)cc1,45.000004,47.962902,1.0505456320456532,2.9628983
*Nc1cc(NC(=O)c2cccc(C(*)=O)c2)cc(-c2nnc(-c3ccccn3)o2)c1,155.0,160.14128,19.387925393835967,5.141281
*Oc1cc(Oc2ccc(NC(=O)c3cc(NC(=O)C45CC6CC(CC(C6)C4)C5)cc(C(=O)Nc4ccc(*)cc4)c3)cc2)ccc1C12CC3CC(CC(C3)C1)C2,345.0,339.2771,3.0037291856794592,-5.7229004
*N=P(N=P(/N=S(/*)Oc1ccc(C(C)(C)C)cc1)(Oc1ccc(-c2ccccc2)cc1)Oc1ccc(-c2ccccc2)cc1)(Oc1ccc(-c2ccccc2)cc1)Oc1ccc(-c2ccccc2)cc1,54.000004,62.914356,0.5263880571603097,8.914352
*C#Cc1cc(C(C)(C)C)cc2c3cc(C(C)(C)C)cc(*)c3n(CCCCCCCCCCCCCCCC)c12,80.0,76.04356,0.5899645514540166,-3.9564438
*CCOCCOCCOCCOC(=O)Nc1ccc(Cc2ccc(NC(=O)O*)cc2)cc1,37.000004,42.59997,1.2459201290845872,5.599968
*CC(*)c1cccc(O)c1,169.0,163.32579,0.968187857040158,-5.6742096
*CCCCCCCCCCOC(=O)c1ccc(C(=O)O*)cc1,10.500002,8.682283,3.1979955103425213,-1.8177185
*CC(*)c1ccc(C([Sn](C)(C)C)[Sn](C)(C)C)cc1,140.0,134.3082,1.3108997463775491,-5.691803
*Nc1ccc(C(c2ccc(NC(=O)c3cc(C(*)=O)cc(C(C)(C)C)c3)cc2)(P2(=O)Oc3ccccc3-c3ccccc32)P2(=O)Oc3ccccc3-c3ccccc32)cc1,235.0,243.14146,0.5738552626313199,8.141464
*c1ccc(Sc2ccc(-c3nn(-c4ccc(S(=O)(=O)c5ccc(-n6nc(*)c7ccccc7c6=O)cc5)cc4)c(=O)c4ccccc34)cc2)cc1,279.0,264.98114,3.358978754222717,-14.01886
*c1ccc(NC(=O)CCCCCCCCC(=O)Nc2ccc(S(*)(=O)=O)cc2)cc1,72.34,133.13142,15.694984829926772,60.791428
*Oc1ccc(OC(=O)c2ccc(C(*)=O)cc2Oc2ccc(Oc3ccccc3)cc2)cc1,83.0,86.8681,1.1242186741742428,3.868103
*CCCCCCOC(=O)Nc1ccc(C)c(NC(=O)OCCCCCCOc2ccc(-c3ccc(O*)cc3)cc2)c1,87.0,78.84585,3.740264613867277,-8.154152
*Oc1ccc(C(CC)(CC)c2ccc(OC(*)=S)cc2)cc1,121.0,112.67887,0.9374302615168384,-8.321129
*C(=O)c1ccc(Oc2ccc(C(C)(C)c3ccc(Oc4ccc(C(=O)c5ccc6c(c5)C(=O)N(c5ccc(Oc7ccc(N8C(=O)c9ccc(*)cc9C8=O)cc7)cc5)C6=O)cc4)cc3)cc2)cc1,217.0,222.24887,1.2628026357051716,5.248871
*c1cccc(-c2nc3cc(Oc4ccc5nc(-c6ccccc6)c(*)nc5c4)ccc3nc2-c2ccccc2)c1,270.0,265.9799,2.6623549154837245,-4.020111
*c1ccc(Oc2ccc(-c3ccc(Oc4ccc(-c5nc(-c6ccccn6)nnc5*)cc4)cc3)cc2)cc1,230.0,235.502,1.5157236592161456,5.501999
*Oc1ccc(NC(=O)Nc2ccccc2CCc2ccc(NC(=O)Nc3ccc(*)cc3)cc2)cc1,200.0,215.1669,1.2445253315156743,15.166901
*Cc1cc2cc(C(=O)Nc3ccc(C(c4ccc(NC(=O)c5cc6cc(*)c(OC(=O)COc7ccc8ccc(=O)oc8c7)cc6oc5=O)cc4)(C(F)(F)F)C(F)(F)F)cc3)c(=O)oc2cc1OC(=O)COc1ccc2ccc(=O)oc2c1,257.0,253.47806,1.4292789880529515,-3.5219421
*CCCCOc1ccc(CCc2ccc(O*)cc2C)cc1,24.900003,20.4647,1.460208956637194,-4.4353027
*CCCCCCCCCn1c2ccccc2c2cc(/C=C(\C#N)C(=O)OCCCCCCOC(=O)/C(C#N)=C/c3ccc4c(c3)c3ccccc3n4*)ccc21,96.4,98.44929,0.6631719978178052,2.049286
*Oc1ccc(-c2ccc(OC(=O)c3cc(OCCCCCC)c(C(*)=O)cc3OCCCCCC)cc2)cc1,113.0,107.95509,1.6931348098035204,-5.0449066
*C1C2CCC(C2)C1*,240.0,243.91855,1.3048529706116063,3.9185486
*Oc1c(Cl)cc(C(c2cc(Cl)c(OC(*)=O)c(Cl)c2)C(Cl)(Cl)Cl)cc1Cl,273.0,278.34973,3.277733235766469,5.3497314
*c1ccc(Oc2ccc(NC(=O)c3cc(NC(=O)c4ccc(OC(C)=O)cc4)cc(C(=O)Nc4ccc(Oc5ccc(-c6nnc(*)o6)cc5)cc4)c3)cc2)cc1,270.0,262.837,1.3697457730397415,-7.1629944
*c1ccc(NC(=O)Nc2ccc(NC(=O)Nc3ccc(-c4nc(-c5ccc([N+](=O)[O-])cc5)[nH]c4*)cc3)cc2)cc1,292.0,291.2787,3.5488010793637144,-0.7213135
*CC(*)(C)C(=O)OCCCCCC(=O)Oc1ccc(OC(=O)c2ccc(OCCCC)cc2)cc1,40.000004,33.541584,1.3410240855828857,-6.45842
*C(=O)c1ccc2c(c1)C(=O)N(c1ccc(C(=O)c3ccccc3N3C(=O)c4ccc(*)cc4C3=O)cc1)C2=O,289.0,278.73566,1.9201169340398385,-10.264343
*c1ccc(S(=O)(=O)c2ccc(Oc3ccc(-c4nn(*)c(=O)c5ccccc45)c(F)c3)cc2)cc1,283.0,276.12677,1.8360987854736321,-6.87323
*c1ccc2c(c1)C(=O)N(c1ccc(C(=O)Nc3ccc(C(c4ccc(NC(=O)c5ccc(N6C(=O)c7ccc(C(*)(C(F)(F)F)C(F)(F)F)cc7C6=O)cc5)cc4)(C(F)(F)F)C(F)(F)F)cc3)cc1)C2=O,351.0,321.7148,4.951694946020144,-29.285187
*CC(*)c1cccc(B(O[Si](C)(C)C)O[Si](C)(C)C)c1,35.000004,43.748104,1.7493646616127525,8.7481
*Nc1cc([N+](=O)[O-])c(NC(=O)CCCCCCCCCCC(*)=O)cc1/C=C/c1ccc(N(C)C)cc1,144.0,158.19588,5.173038292938487,14.195877
*CCCCCOC(=O)CCCCC(=O)O*,-69.0,-51.050426,3.4910517056140273,17.949574
*CCCCCCOC(=O)OCCCCCOC(=O)OCCCCCCOc1ccc(C(=O)c2ccc(O*)cc2)cc1,-0.19999468,2.1502557,1.4672996052289438,2.3502502
*CC(*)(C)C(=O)OCCCCCCOc1ccc(C(=O)Oc2ccc3ccc(=O)oc3c2)cc1,102.0,80.801765,1.817420499236581,-21.198235
*C(=O)c1ccc2c(c1)C(=O)N(c1cccc(C(=O)c3ccc(Oc4ccc(N5C(=O)c6ccc(*)cc6C5=O)cc4)cc3)c1)C2=O,251.0,249.7526,1.175364253743013,-1.247406
*Oc1ccc(S(=O)(=O)c2ccc(Oc3ccc(C(c4ccc(*)cc4)(C(F)(F)F)C(F)(F)F)cc3)cc2C(O)(C(F)(F)F)C(F)(F)F)c(C(O)(C(F)(F)F)C(F)(F)F)c1,148.0,158.74336,1.2575448384574501,10.743362
*Nc1ccc(NC(=O)c2ccc(NC(=O)CCCCCCCCCCCCC(=O)Nc3ccc(C(*)=O)cc3)cc2)cc1C(=O)OCCCCCCCCCCCC,199.5,235.933,9.191910972233241,36.433
*CCOC(=O)c1ccc(/C(C#N)=C(\c2ccc(OC)cc2)N2CCC(*)CC2)cc1,167.0,166.28487,0.7331381813574013,-0.71513367
*c1ccc(-c2nc3cc(-c4ccc5nc(-c6ccccc6)c(-c6ccc(N7C(=O)C8OC9C(=O)N(*)C(=O)C9C8C7=O)cc6)nc5c4)ccc3nc2-c2ccccc2)cc1,230.0,230.69295,1.9836769345564522,0.6929474
*Oc1ccc(S(=O)(=O)c2ccc(Oc3ccc(S(=O)(=O)c4ccc(-c5ccc(-c6ccc(S(=O)(=O)c7ccc(*)cc7)cc6)cc5)cc4)cc3)cc2)cc1,281.0,234.77827,4.808305692707014,-46.221725
*C(=O)Nc1ccc(Oc2cccc(NC(=O)c3ccc4c(c3)C(=O)N(c3ccc(-c5sc(-c6ccc(N7C(=O)c8ccc(*)cc8C7=O)cc6)c(-c6ccccc6)c5-c5ccccc5)cc3)C4=O)c2)cc1,315.0,292.79742,4.857388659998788,-22.202576
*c1ccc(Oc2cc3ccccc3cc2Oc2ccc(N3C(=O)c4ccc(Oc5cc6ccccc6cc5Oc5ccc6c(c5)C(=O)N(*)C6=O)cc4C3=O)cc2)cc1,222.0,230.55476,1.7735881033473258,8.554764
*Oc1ccc(OC(=O)c2cccc(Oc3cccc(C(*)=O)c3)c2)cc1,119.0,110.300446,2.873189370139856,-8.699554
*Oc1ccc(NC(=O)c2ccc(C(=O)Nc3ccc(Oc4ccc(C5(c6ccc(*)cc6)CC6CCC5C6)cc4)cc3)cc2)cc1,281.0,281.61673,1.4138469913150167,0.61672974
*C1CCC(CC2CCC(N3C(=O)c4ccc(Oc5ccc6c(c5)C(=O)N(*)C6=O)cc4C3=O)CC2)CC1,240.0,236.5752,0.8348867737703719,-3.4248047
*Oc1ccc(NC(=O)c2cc(NC(=O)CCCCCCCCCCN3C(=O)c4ccccc4C3=O)cc(C(=O)Nc3ccc(*)cc3)c2)cc1,160.0,168.97696,1.6593243470432502,8.976959
*O[Si](*)(C)CCCOc1ccc(C(=O)Oc2ccc(-c3ccc(OC(=O)c4ccc(OCC)cc4)cc3)cc2)cc1,74.6,71.403656,1.9979256729618438,-3.1963425
*c1ccc(OC(=O)c2ccc(C(=O)Oc3ccc(C4(*)c5ccccc5Oc5ccccc54)cc3)cc2)cc1,252.0,245.61897,1.3838416167495393,-6.381027
*SC1CCCCC1*,-42.999996,-46.813457,2.89613362782876,-3.8134613
*OC(C)CC(*)=O,3.3999963,0.029573802,2.5320197275024707,-3.3704224
*c1ccc(Oc2ccc(C(=O)c3cccc(C(=O)c4ccc(Oc5ccc(-c6c7c(c(*)c8ccccc68)C(=O)N(CCCCCCCCCCCC)C7=O)cc5)cc4)c3)cc2)cc1,140.0,141.43999,1.084820119734811,1.4399872
*Oc1ccc(Oc2ccc(NC(=O)c3ccc(Oc4ccc(Oc5ccc(C(=O)Nc6ccc(*)cc6)cc5)cc4-c4ccccc4)cc3)cc2)cc1-c1ccccc1,200.5,203.47627,1.3721553306088619,2.9762726
*Oc1ccc(Sc2ccc(OC(=O)OC3C(C)(C)C(OC(*)=O)C3(C)C)cc2)cc1,107.0,115.9333,0.9470802207014749,8.933296
*c1ccc(Oc2ccc(Sc3ccc(Oc4ccc(N5C(=O)c6ccc(Oc7ccc(Oc8ccc(Oc9ccc%10c(c9)C(=O)N(*)C%10=O)cc8)cc7)cc6C5=O)cc4)cc3)cc2)cc1,194.0,194.06287,1.2965518358648103,0.06286621
*CCCC(C)CN1C(=O)c2ccc(C(=O)Oc3ccc(-c4ccc(OC(=O)c5ccc6c(c5)C(=O)N(*)C6=O)cc4)cc3)cc2C1=O,155.0,149.37413,1.7648018944703994,-5.6258698
*CCCCCCCCCCOc1ccc(CCc2ccc(O*)cc2C)cc1,-2.9999976,7.680178,1.5409089761418342,10.680176
*c1ccc2c(c1)C(=O)N(c1cc(OCCN(CC)c3ccc(/N=N/c4ccc([N+](=O)[O-])cc4)cc3)cc(N3C(=O)c4ccc(C(*)(C(F)(F)F)C(F)(F)F)cc4C3=O)c1)C2=O,210.0,211.51408,1.1363239546142836,1.5140839
*Oc1ccc(Oc2ccc(NC(=O)c3cc(NC(=O)c4ccc(OC(C)=O)cc4)cc(C(=O)Nc4ccc(*)cc4)c3)cc2)cc1,251.0,252.84503,2.335009257220684,1.8450317
*Nc1ccc(CC(C)(C)NC(=O)CCCCCCCCC(*)=O)cc1,92.0,107.766304,1.2744291253587368,15.766304
*Oc1c([2H])c([2H])c(S(=O)(=O)c2c([2H])c([2H])c(Oc3c([2H])c([2H])c(C(c4c([2H])c([2H])c(*)c([2H])c4[2H])(C([2H])([2H])[2H])C([2H])([2H])[2H])c([2H])c3[2H])c([2H])c2[2H])c([2H])c1[2H],175.0,175.09578,0.6854047715602272,0.09577942
*O[Si](*)(C)CCCOc1ccc(C(=O)Oc2ccc(OCCCCCC)cc2)cc1,15.000002,10.69739,2.9940899081790353,-4.3026123
*CCCCCNC(=O)c1ccc(C(=O)N*)cc1,177.0,146.01991,1.6373610240212135,-30.980087
*C(=O)OCCN(CCOC(=O)c1ccc2c(c1)C(=O)N(c1c(C)cc(Cc3cc(C)c(N4C(=O)c5ccc(*)cc5C4=O)c(C)c3)cc1C)C2=O)c1ccc(/N=N/c2ccc([N+](=O)[O-])cc2[N+](=O)[O-])cc1,176.0,182.0314,1.1753585987337236,6.0314026
*CCCCCCCCCCCCOc1ccc(/C=N/N=C/c2ccc(O*)cc2O)c(O)c1,89.0,82.47274,1.733211860635248,-6.52726
*O[Si](*)(C)CCCC(=O)OCC,-81.999985,-71.19063,4.644462480240062,10.809357
*Oc1c(C)cc(*)cc1C(C)CCCCC,60.000004,49.43646,3.114818910936446,-10.563545
*c1ccc(Cc2ccc(N3C(=O)c4ccc([Si](C)(C)c5ccc6c(c5)C(=O)N(*)C6=O)cc4C3=O)cc2)cc1,280.0,275.42206,3.1346761618878762,-4.577942
*Oc1ccc(NC(=O)CCCCCC(=O)Nc2ccc(*)cc2)cc1,180.0,164.90201,3.1402385965804487,-15.097992
*CCCCCCCCCCOc1c(OC)cc(/C=C2\CCC/C(=C\c3cc(OC)c(O*)c(OC)c3)C2=O)cc1OC,49.000004,54.936527,0.7362434621526701,5.9365234
*/C(=C(/*)c1cccc([Ge](C)(C)C)c1)c1ccccc1,200.0,209.44327,1.2186971238117326,9.443268
*O[Si](C)(C)O[Si](C)(C)O[Si](C)(C)c1ccc(Oc2ccc([Si](*)(C)C)cc2)cc1,-36.999996,-58.44914,4.139573616450507,-21.449142
*CC(*)OC(=O)C(F)(F)C(F)(F)C(F)(F)C(F)(F)C(F)(F)C(F)(F)C(F)(F)C(F)(F)C(F)(F)F,-17.999998,-4.3443885,1.8018667103541424,13.655609
*CCCCCCCCc1nc2ccc(-c3ccc4nc(*)oc4c3)cc2o1,223.5,118.7667,73.06323608690455,-104.7333
*Oc1cccc(N(c2ccccc2)c2ccc(-c3ccc(N(c4ccccc4)c4cccc(OC(=O)OCCOCCOC(*)=O)c4)cc3)cc2)c1,113.0,109.0259,1.0604353007907104,-3.9740982
*CC(*)c1cc(-c2ccc(C(=O)OC(C)CC)cc2)ccc1-c1ccc(C(=O)OC(C)CC)cc1,212.5,196.95468,2.043491852810174,-15.545319
*O[Si](C)(C)CCCCCCCC[Si](*)(C)C,-87.999985,-75.340576,5.47638849011922,12.659409
*c1cc(CCCCCCOC(=O)Cc2ccccc2)c(*)s1,45.000004,40.039806,0.8905420661635937,-4.9601974
*C(=O)Nc1ccc(Oc2ccc(C(c3ccc(Oc4ccc(NC(=O)c5ccc6c(c5)C(=O)N(c5ccc(Oc7ccc(C8(c9ccc(Oc%10ccc(N%11C(=O)c%12ccc(*)cc%12C%11=O)cc%10)cc9)CC9CC8C8CCCC98)cc7)cc5)C6=O)cc4)cc3)(C(F)(F)F)C(F)(F)F)cc2)cc1,254.0,264.62512,2.1123407531255993,10.625122
*Oc1cc(CCCCCCCCC)cc(OC(=O)c2cccc(C(*)=O)c2)c1,41.500004,43.69753,1.2180540235886907,2.197525
*CC(*)(C)C(=O)Nc1ccc(C(=O)/C=C/c2ccc(OC)cc2)cc1,35.000004,37.4855,5.643972386508506,2.4854965
*O[Si](C)(C)CCC/N=C1\C=C(O)/C(=N\CCC[Si](*)(C)C)C=C1O,70.34,72.1957,4.143490233995168,1.8557053
*CC(*)(C)C(=O)OCCCCCCOc1ccc2cc(C(=O)Oc3ccccc3)ccc2c1,39.000004,41.694622,1.4829181125510242,2.6946182
*CC(C)(C)C1C(=O)N(c2c(C)cccc2C)C(=O)C1*,237.0,234.93806,1.6710026742819653,-2.0619354
*Nc1ccc(NC(=O)c2ccc(NC(=O)CCCCCCCCCCC(=O)Nc3ccc(C(*)=O)cc3)cc2)cc1C(=O)OCCCCCCCCCCCCCCCCCC,196.5,229.09639,9.600580481303423,32.59639
*C(=O)Nc1cccc(NC(=O)c2ccc3[nH]c(-c4cccc(-c5nc6cc(*)ccc6[nH]5)c4)nc3c2)c1,297.5,298.43134,2.684753360053838,0.93133545
*Oc1ccc(CC(NC(=O)CCc2ccc(OC(=O)CCCCCCCCC(*)=O)cc2)C(=O)OC(C)C)cc1,44.000004,46.285587,0.5426946429737589,2.2855835
*C(=O)c1ccc2c(c1)C(=O)N(c1ccc(C(=O)Nc3cccc(N4C(=O)c5ccc(*)cc5C4=O)c3)cc1)C2=O,311.0,294.26108,8.110573500441351,-16.738922
*Oc1ccc(CC(Cc2ccc(*)cc2)(C(=O)OCC)C(=O)OCC)cc1,54.000004,50.989803,0.6044350918904132,-3.0102005
*c1cc(CCCCCCOC(=O)COc2ccccc2)c(*)s1,50.000004,52.04645,0.7057167271474576,2.0464478
*CCC(*)=O,15.000002,18.321863,3.9395705990308536,3.3218613
*c1ccc(-c2cc(-c3ccc(-c4ccccc4)cc3)cc(-c3ccc(N4C(=O)c5ccc(NC(=O)Nc6ccc(-c7cc(-c8ccc(-c9ccccc9)cc8)cc(-c8ccc(NC(=O)Nc9ccc%10c(c9)C(=O)N(*)C%10=O)cc8)n7)cc6)cc5C4=O)cc3)n2)cc1,272.0,243.29054,1.3947610207971806,-28.709457
*CC/C=C(/*)C,-63.333324,-60.898815,5.43674436166529,2.4345093
*Oc1cccc(Oc2ccc(C(=O)Oc3cccc(OC(=O)c4ccc(*)cc4)c3)cc2)c1,131.0,118.671295,3.2353889450993965,-12.328705
*CC(*)c1ccc(Cl)c(C)c1,114.0,112.111084,0.7303276941019244,-1.888916
*Nc1ccc(C(c2ccc(NC(=O)c3cc(NC(=O)C45CC6CC(CC(C6)C4)C5)cc(C(*)=O)c3)cc2)(C(F)(F)F)C(F)(F)F)cc1,365.0,360.78076,3.1207152006218624,-4.2192383
*CCCCCC(=O)Oc1ccc2ccc(OC(=O)CCCCCn3c(=O)c4cc5c(=O)n(*)c(=O)c5cc4c3=O)cc2c1,98.0,100.003265,1.0646171801599869,2.0032654
*N=P(*)(Oc1ccc(C(C)(C)C)cc1)Oc1ccc(C(C)(C)C)cc1,57.000004,45.834995,2.98426841371263,-11.165009
*CC(*)c1ccc(B(O[Si](C)(C)C)O[Si](C)(C)C)cc1,84.0,74.20141,1.1294310219028634,-9.798592
*CC(*)c1ccc(B(Oc2ccc(-c3ccc(OC)cc3)c3cccnc23)c2ccc(C(C)(C)C)cc2)cc1,220.0,230.71162,0.8634496497163592,10.711624
*C(=O)NC1CCC(CC2CCC(NC(=O)c3ccc(N4C(=O)c5ccc(*)cc5C4=O)cc3)CC2)CC1,275.0,266.74698,1.8752385708768913,-8.253021
*/C=C(/*)c1ccc(-n2c(=O)c3cc4c(=O)n(-c5ccc(C#C)cc5)c(=O)c4cc3c2=O)cc1,420.0,396.45078,17.686972324245502,-23.549225
*c1ccc2oc(-c3ccc(Oc4ccc(-c5nc6cc(C(*)(c7ccccc7)C(F)(F)F)ccc6o5)cc4)cc3)nc2c1,299.0,308.58173,2.410156790660205,9.581726
*Oc1ccc(CC(NC(=O)CCc2ccc(OC(=O)COCCOCC(*)=O)cc2)C(=O)OCc2ccccc2)cc1,55.000004,52.16953,0.5239942079503257,-2.8304749
*CCNC(=O)c1ccc(O*)cc1,150.0,143.81425,1.4833525010423412,-6.1857452
*CC(*)C(=O)OC(F)(F)C(F)(F)C(F)(F)C(F)(F)C(F)(F)C(F)(F)C(F)(F)C(F)(F)F,9.000002,9.16028,1.6204147414625354,0.16027832
*CC(O)COc1ccc(C(C)(C)c2ccc(OCC(O)COc3ccc(NC(=O)CCCCC(=O)Nc4ccc(O*)cc4)cc3)cc2)cc1,112.0,113.82369,0.9071028655890659,1.8236923
*CCCCCCCCCCCN1C(=O)c2ccc(C(=O)Oc3ccc(-c4ccc(OC(=O)c5ccc6c(c5)C(=O)N(*)C6=O)cc4)cc3)cc2C1=O,97.0,107.45234,2.0546862578650957,10.452339
*Oc1ccc(C(C)(CCC#N)c2ccc(OC(*)=O)cc2)cc1,150.0,150.57703,1.1674860927465611,0.57702637
*c1ccc2c(c1)C(=O)N(c1cccc(C(=O)Nc3ccc(Oc4ccc(Oc5ccc(NC(=O)c6cccc(N7C(=O)c8ccc(C(*)(C(F)(F)F)C(F)(F)F)cc8C7=O)c6)cc5)cc4)cc3)c1)C2=O,283.0,284.02728,2.2107735203696772,1.0272827
*Nc1ccc(Cc2ccc(NC(=O)NCCCCCCCCNC(*)=O)cc2)cc1,50.000004,24.827013,8.54335178022441,-25.17299
*OC(COCCOC)COC(*)=O,-49.999996,-44.088924,3.33557329910957,5.911072
*C(=O)Nc1ccc(Oc2ccc(NC(=O)c3ccc4c(c3)C(=O)N(c3ccc(Oc5ccc(C6(c7ccc(Oc8ccc(N9C(=O)c%10ccc(*)cc%10C9=O)cc8)cc7)NC(=O)c7ccccc76)cc5)cc3)C4=O)cc2)cc1,325.0,307.5904,3.2169251303257536,-17.409607
*CC(*)C(=O)Oc1ccc(C(=O)Oc2ccc(OC(=O)c3ccc(OCCCCC)cc3)cc2)cc1,48.000004,50.866344,1.5781931854415148,2.8663406
*CCCOC(=O)CCCCCCC(=O)O*,-52.499996,-48.00848,3.5169604448391416,4.491516
*c1ccc(CC(=O)Nc2ccc(NC(=O)Cc3ccc(-c4sc(*)c(-c5ccccc5)c4-c4ccccc4)cc3)cc2)cc1,251.0,247.7583,1.5933752098243932,-3.2416992
*CC(*)C(=O)Oc1ccccc1,60.000004,45.208454,3.4514672689248154,-14.79155
*CCCCNC(=O)Cc1ccc(C(=O)N*)cc1,84.0,98.210464,0.9084602772632343,14.2104645
*CCCC(Cl)C(*)Cl,42.000004,1.5644706,4.919152252564571,-40.43553
*c1ccc(CCc2ccc(N3C(=O)C(=O)N(c4ccc(CCc5ccccc5N5C(=O)C(=O)N(*)C5=O)cc4)C3=O)cc2)cc1,220.0,215.76015,1.3261448136417615,-4.239853
*C(=O)N1C(=S)N(C(=O)c2ccc3c(c2)C(=O)N(c2ccc(Oc4ccc(N5C(=O)c6ccc(*)cc6C5=O)cc4)cc2)C3=O)C(C)=C(C(=O)OCC)C1c1ccc(OC)cc1OC,165.0,162.1248,0.8549945206888298,-2.8751984
*c1ccc(Oc2cc3ccccc3cc2Oc2ccc(-n3c(=O)c4cc5c(=O)n(*)c(=O)c5cc4c3=O)cc2)cc1,316.0,318.65503,9.850645829845805,2.6550293
*c1ccc(NC(=O)Cc2ccc(-c3sc(-c4ccc(CC(=O)Nc5ccc(-c6sc(*)c(-c7ccccc7)c6-c6ccccc6)cc5)cc4)c(-c4ccccc4)c3-c3ccccc3)cc2)cc1,273.0,262.95013,1.7627051426928808,-10.049866
*c1ccc(C(=O)OCCCCCCOc2ccc(/C=C3\CCC/C(=C\c4ccc(OCCCCCCOC(=O)c5ccc(-c6nnc(*)o6)cc5)cc4)C3=O)cc2)cc1,71.0,72.100586,1.1183671009511678,1.1005859
*CC(*)c1ccc([Si](C)(C)OC(C)C)cc1,180.0,164.65623,4.436879237035576,-15.343765
*C1C(=O)N(c2cc(Br)c(O[Si](C)(C)C)c(Br)c2)C(=O)C1*,167.0,163.14972,1.256826023943371,-3.8502808
*CC1CCC(CNC(=O)CCCCCCCCC(=O)N*)CC1,89.0,84.9892,0.7139742450170518,-4.010803
*CCN(CCOC(=O)c1cc(OC2CCN(c3ccc(S(=O)(=O)C(F)(F)C(F)(F)C(F)(F)C(F)(F)C(F)(F)C(F)(F)C(F)(F)C(F)(F)F)cc3)CC2)cc(C(=O)O*)c1)c1ccc(S(=O)(=O)C(F)(F)C(F)(F)C(F)(F)C(F)(F)C(F)(F)C(F)(F)C(F)(F)C(F)(F)F)cc1,99.0,104.08944,0.7577425508010308,5.0894394
*Oc1cc(OC(=O)c2ccc(OCCCC)cc2)c(OC(=O)C(C)(C)CCC(*)=O)cc1OC(=O)c1ccc(OCCCC)cc1,61.000004,62.609364,0.8054247513474204,1.6093597
*c1ccc(Cc2ccc(N3C(=O)c4cc(-c5ccc(C(C)(C)C)cc5)c(-c5cc6c(cc5-c5ccc(C(C)(C)C)cc5)C(=O)N(*)C6=O)cc4C3=O)cc2)cc1,360.0,353.31348,6.0538193941795475,-6.6865234
*CC(*)(C)C(=O)OCCS(=O)(=O)c1ccc(/N=N/c2ccc(N(CC)CC)cc2)cc1,142.0,140.42346,1.0344281225150085,-1.5765381
*OC(=O)c1ccc(CCCCCc2ccc(C(*)=O)cc2)cc1,42.500004,22.61162,5.625857087862901,-19.888384
*CC(*)(C)C(=O)Oc1cc(C)cc(C)c1,106.0,98.69395,1.0372493438158952,-7.306053
*CCCCCOc1cccc(C(=O)OC(=O)c2cccc(O*)c2)c1,61.000004,33.16643,1.0435359338646528,-27.833572
*c1ccc2c(c1)C(=O)N(c1ccc(C(=O)Nc3ccc(Oc4ccc(C(c5ccc(Oc6ccc(NC(=O)c7ccc(N8C(=O)c9ccc(C(*)(C(F)(F)F)C(F)(F)F)cc9C8=O)cc7)cc6)cc5)(C(F)(F)F)C(F)(F)F)cc4)cc3)cc1)C2=O,293.0,291.70407,2.720256974484217,-1.295929
*c1ccc(C(C#N)(C(=O)OCCCC)C(*)(C#N)C(=O)OCCCC)cc1,108.0,102.645966,1.539185454977395,-5.3540344
*C(=O)Nc1ccc(-c2ccc(NC(=O)c3ccc4c(c3)C(=O)N(c3ccc(NC(=O)Nc5ccc(N6C(=O)c7ccc(*)cc7C6=O)cc5)cc3)C4=O)cc2)cc1,233.0,226.39986,3.228778239240459,-6.6001434
*CCOC(=O)NC1CCC(CC2CCC(NC(=O)OCCOc3ccc(C4(c5ccc(O*)cc5)c5ccccc5-c5ccccc54)cc3)CC2)CC1,140.0,147.35164,1.1372269758198348,7.351639
*Cc1ccc(CNC(=O)CCCCCCCCCC(=O)N*)cc1,110.0,98.028404,0.8455483512833887,-11.971596
*CC(CO*)(CS(=O)(=O)CCCCC)CS(=O)(=O)CCCCC,56.000004,55.260975,0.6877770479569973,-0.73902893
*COc1ccc(C(C)(C)c2ccc(Oc3ccc(*)n3-c3ccc([N+](=O)[O-])cc3)cc2)cc1,76.75,73.528694,0.9587112134179925,-3.2213058
*CC(*)(C)C(=O)OCCCCCCN(C)c1ccc(N(C)C)cc1,8.500002,19.63009,1.532068835231873,11.130089
*N=P(*)(Oc1ccc(C(=O)OC)cc1)Oc1ccc(C(=O)OC)cc1,-32.999996,-4.376661,4.4038221471794845,28.623335
*CC1CC(COC(=O)c2ccc(C(=O)O*)cc2)CC(C(C)(C)C)C1,118.0,116.62607,1.2867552653282344,-1.3739319
*C(=O)c1ccc2c(c1)C(=O)N(c1ccc(-c3cc(C(C)(C)C)c(Oc4ccc(N5C(=O)c6ccc(*)cc6C5=O)cc4)c(C(C)(C)C)c3)cc1)C2=O,347.5,334.64508,4.135989178340383,-12.854919
*N=P(*)(Oc1ccc(C)c(C)c1)Oc1ccc(C)c(C)c1,-1.4999977,-5.8587623,3.0538920503006595,-4.3587646
*Cc1cccc(CNC(=O)C2=C(C(=O)N*)C3C=CC2C3)c1,291.0,287.51147,2.8418390458651253,-3.4885254
*C(=O)Oc1ccc(OC(=O)c2ccc3c(c2)C(=O)N(C2CCC(N4C(=O)c5ccc(*)cc5C4=O)CC2)C3=O)cc1,360.0,328.92538,6.5195529736514946,-31.074615
*CCCCCC(=O)NNC(=O)c1ccc(C(=O)NNC(=O)CCCCCOc2ccc(O*)c(C)c2)cc1,126.0,137.71968,1.0824792600563136,11.719681
*Nc1ccc(C(=O)c2c(C)c(C)c(C(=O)c3ccc(NC(=O)c4ccc(C(*)=O)cc4)cc3)c(C)c2C)cc1,345.0,344.0579,6.484891117826035,-0.94210815
*CCCCOCCCCOCCCCOC(=O)c1ccc(/N=C/c2cc(OCCC(C)CCCC(C)C)c(/C=N/c3ccc(C(=O)O*)cc3)cc2OCCC(C)CCCC(C)C)cc1,-4.8000007,0.9750389,1.1200717720846434,5.7750397
*c1ccc2c(c1)C(=O)N(c1c(C)cc(C)c(N3C(=O)c4ccc(C(*)(C(F)(F)F)C(F)(F)F)cc4C3=O)c1C)C2=O,377.00003,359.80093,7.896017421338637,-17.199097
*CC(*)c1ccc(C(=O)OCCCC)cc1,76.0,67.462456,1.3801782179541562,-8.537544
*Oc1ccc(C(c2ccc(OC(*)=O)cc2)C2CCCCC2)cc1,190.0,184.83502,0.9346499866721004,-5.164978
*CCCCC(=O)NCc1ccc(CNC(=O)CCCCS*)cc1,70.0,65.82408,0.8840779716565954,-4.1759186
*OC1CCC(OC(=O)OCCCCOC(*)=O)CC1,29.999994,31.524172,1.1843195892866403,1.5241776
*CC(*)(C)C(=O)OCCc1ccc(/N=N/c2ccc(OC(F)(F)F)cc2)cc1,209.5,213.1667,1.6683824152556295,3.6667023
*CCN(CCOC(=O)c1cc(OCc2cc(OCc3ccccc3)cc(OCc3ccccc3)c2)cc(C(=O)O*)c1)c1ccc(/C=C/c2ccc(/C=C/C3=C(C#N)C(=C(C#N)C#N)OC3(c3ccccc3)C(F)(F)F)s2)cc1,130.0,127.99295,0.5064341998001908,-2.0070496
*CCCCCCCCCCOC(=O)c1ccc(-c2ccc(C(=O)O*)cc2)cc1,52.000004,49.147785,8.318921636013382,-2.8522186
*CC(COC(C)(C)C)O*,-23.999998,-20.668226,2.2454468956585036,3.3317719
*c1ccc(Oc2ccc(N3C(=O)C(c4ccccc4)=C(c4ccc(C5=C(c6ccccc6)C(=O)N(*)C5=O)cc4)C3=O)cc2)cc1,293.0,278.3143,2.1393482397111034,-14.685699
*Oc1ccc(CC2(Cc3ccc(*)cc3)c3ccccc3-c3ccccc32)cc1,138.0,132.0495,1.4821171956798593,-5.9505005
*c1cc(CCCCBr)c(*)s1,18.999994,20.714563,1.6032494843774967,1.7145691
*CC(*)(C)C(=O)OC12CC3CC(CC(C3)C1)C2,183.0,179.99394,1.8839627840964261,-3.0060577
*Oc1c(C)cc(-c2cc(C)c(Oc3ccc(C(=O)c4ccc5cc(C(=O)c6ccc(*)cc6)ccc5c4)cc3)c(C)c2)cc1C,270.0,264.925,1.4053356787229763,-5.075012
*CCCCCCCn1c2ccccc2c2cc(/C=C(\C#N)C(=O)OCCCCCCOC(=O)/C(C#N)=C/c3ccc4c(c3)c3ccccc3n4*)ccc21,107.8,99.66632,0.6629371054875198,-8.133682
*/C=C/c1ccc(/N=N/c2ccc(N(C)CCOC(=O)Nc3ccc(C)c(NC(=O)OCCN(C)c4ccc(/N=N/c5ccc(/C=C/C6=CC(=C(C#N)C#N)C=C(*)O6)cc5)cc4)c3)cc2)cc1,196.0,203.38333,1.161083365562589,7.3833313
*C1C2CC(C1*)C([Si](C)(C)C)C2,303.0,298.09158,2.9333262050334783,-4.9084167
*C(=O)Nc1ccc(NC(=O)c2ccc3c(c2)C(=O)N(c2ccc(NC(=O)Nc4ccc(N5C(=O)c6ccc(*)cc6C5=O)cc4)cc2)C3=O)cc1,216.0,217.21071,2.684444010101246,1.2107086
*C(=O)c1ccc2c(c1)C(=O)N(c1ccc(OCCOCCOCCOc3ccc(N4C(=O)c5ccc(*)cc5C4=O)cc3)cc1)C2=O,200.0,194.49763,6.884433441903638,-5.502365
*ON(C(F)(F)F)C(F)(Cl)C(*)(F)F,-49.999996,-57.08073,3.9432187083566776,-7.0807343
*Nc1ccc(NC(=O)c2ccc(NC(=O)CCCCCCCCCCC(=O)Nc3ccc(C(*)=O)cc3)cc2)cc1C(=O)OCCCCCCCCCCCCCCCC,199.5,232.51656,9.405182735892966,33.016556
*O[Si](C)(C)OC(CCl)COc1ccc(C(C)(C)c2ccc(OCC(*)CCl)cc2)cc1,23.999994,27.389223,0.9728428721866211,3.3892288
*c1cc(C)c(/N=C/c2ccc(OCc3ccccc3COc3ccc(/C=N/c4cc(C)c(-n5c(=O)c6ccc7c8ccc9c(=O)n(*)c(=O)c%10ccc(c%11ccc(c5=O)c6c7%11)c8c9%10)cc4C)cc3OC)c(OC)c2)cc1C,143.0,139.07043,0.7601661935321767,-3.9295654
*CC(*)(C)C(=O)Oc1ccc(/N=N/c2ccc(OCCCCCCCCCCCOC(=O)c3ccc4c(c3)OCCOCCOCCOCCO4)cc2)cc1,18.999994,28.098787,2.118771545911229,9.098793
*Oc1ccc(Cc2ccc(OC(=O)c3cc(OCCCCC)cc(C(*)=O)c3)cc2)cc1,110.0,108.90714,1.310454047867654,-1.0928574
*c1ccc(-c2cnc3cc(Oc4ccc5nc(*)cnc5c4)ccc3n2)cc1,306.0,343.25726,24.892099248485124,37.257263
*N=P(*)(Oc1ccc(OC)cc1)Oc1ccc(OC)cc1,11.300005,-9.434202,3.7414446258055984,-20.734207
*Sc1ccc(C(=O)c2ccc(C(C)(C)c3ccc(C(=O)c4ccc(*)cc4)cc3)cc2)cc1,175.0,162.27232,1.8370094514139628,-12.727676
*CCN(CCOC(=O)c1ccc([Si](C)(C)c2ccc(C(=O)O*)cc2)cc1)c1ccc(/C=C/c2ccc([N+](=O)[O-])cc2)cc1,127.0,128.66542,1.0441043670205998,1.6654205
*c1ccc(Oc2ccc(NC(=O)c3ccc(C(=O)Nc4ccc(Oc5ccc(-c6nnc(*)o6)cc5)cc4)c(Oc4ccccc4)c3)cc2)cc1,245.0,253.18797,1.4027935426027454,8.187973
*C(=O)c1cc(C(=O)c2ccc3c(c2)C(=O)N(c2cccc(N4C(=O)c5ccc(*)cc5C4=O)c2)C3=O)cc(C(C)(C)C)c1,264.5,257.2013,1.1114374106793683,-7.298706
*CC(*)(C)C(=O)OCCCCCCCCCOc1ccc2cc(C(=O)Oc3ccccc3)ccc2c1,17.999994,38.32211,1.4734548733953217,20.322115
*c1ccc(Oc2ccc(C(=O)c3ccc4cc(C(=O)c5ccc(Oc6ccc(-c7nc(-c8ccccc8)[nH]c7*)cc6)cc5)ccc4c3)cc2)cc1,248.0,246.07904,0.9533370695902678,-1.9209595
*Oc1ccc(S(=O)(=O)c2ccc3cc(S(=O)(=O)c4ccc(Oc5ccc(-c6ccc(*)cc6)cc5)cc4)ccc3c2)cc1,255.0,250.49683,3.5112784171723446,-4.503174
*c1ccc(NC(=O)Nc2ccc(NC(=O)Nc3ccc(-c4nc(C#N)c(C#N)nc4*)cc3)cc2)cc1,248.7,251.41862,1.5349528899693052,2.718628
*c1ccc(-c2nc3cc(Oc4ccc(NC(=O)c5cc(C(=O)Nc6ccc(Oc7ccc8nc(-c9ccccc9)c(-c9ccc(-n%10c(=O)c%11ccc%12c(=O)n(*)c(=O)c%13ccc(c%10=O)c%11c%12%13)cc9)nc8c7)cc6)cc(N6C(=O)c7ccccc7C6=O)c5)cc4)ccc3nc2-c2ccccc2)cc1,345.0,315.109,5.200342353344485,-29.890991
*CCCCCCCCCCCN1C(=O)c2ccc(-c3ccc(-c4ccc5c(c4)C(=O)N(*)C5=O)cc3)cc2C1=O,89.0,104.33344,2.9075760155132473,15.333443
*CCCCCCCCCCCC(=O)N*,42.000004,41.707478,1.0032754093982128,-0.29252625
*CCCCCOC(=O)c1ccccc1C(=O)O[Cd]OC(=O)c1ccccc1C(=O)OCCCCCOC(=O)Nc1ccc(C)c(NC(=O)O*)c1,2.3000054,0.35952985,3.284286134863785,-1.9404756
*CC(*)C(=O)OCC(C)(C)C,21.999994,12.61252,1.532222253539438,-9.387474
*C(=O)Nc1cccc(C(=O)Nc2cccc(NC(=O)c3ccc4[nH]c(-c5ccc(-c6nc7cc(*)ccc7[nH]6)cc5)nc4c3)c2)c1,312.0,295.9786,2.6439916342085543,-16.021393
*CCC(F)(F)C(*)(F)F,-107.999985,-56.42674,8.340117448608018,51.573246
*N=P(Cl)(Cl)N=P(Cl)(Cl)N=S(*)(=O)F,-55.999996,-49.426083,3.1097338009168296,6.5739136
*CC(*)(C)C,-72.0,-73.25986,6.233913846674592,-1.2598572
*C(=O)c1ccc2c(c1)C(=O)N(c1ccc(OCCOCCOc3ccc(N4C(=O)c5ccc(*)cc5C4=O)cc3)cc1)C2=O,235.0,209.68607,7.33992391454996,-25.313934
*OC(C)COC(=O)c1ccc(C(*)=O)cc1,98.0,91.40474,1.1309561988526078,-6.5952606
*CC(CCCCCCCCCCCCCCCC)C1C(=O)N(CCCCNC(=O)C(F)(F)C(F)(F)C(F)(F)C(F)(F)C(F)(F)C(F)(F)C(F)(F)F)C(=O)C1*,63.000004,64.50031,1.496644809821118,1.500309
*CCCCCCCCCCCCNC(=O)CCCCCCCCCCCCC(=O)N*,49.000004,42.432888,0.5767925687062241,-6.567116
*c1cc(CCOC(=O)C(C)Br)c(*)s1,49.000004,47.616863,0.6421577738547862,-1.3831406
*C(=O)c1ccc2c(c1)C(=O)N(c1ccc(Cc3ccc(C(=O)c4ccc(N5C(=O)c6ccc(*)cc6C5=O)cc4)cc3)cc1)C2=O,307.0,279.48328,3.0358485912175053,-27.516724
*C(=O)Nc1ccc(Oc2ccccc2-c2ccccc2Oc2ccc(NC(=O)c3ccc4c(c3)C(=O)N(c3ccc(Oc5ccc(C(C)(C)c6ccc(Oc7ccc(N8C(=O)c9ccc(*)cc9C8=O)cc7)cc6)cc5)cc3)C4=O)cc2)cc1,229.0,226.63023,1.5271935888903185,-2.3697662
*Oc1ccc(Oc2ccc(C(=O)c3ccc(*)cc3)cc2)cc1S(=O)(=O)O,225.0,212.62352,1.3768731791918702,-12.37648
*/C=C(\C#N)C(=O)NC1CCCCC1NC(=O)/C(C#N)=C/c1ccc(/C=C/c2ccc(N(CC)Cc3cccc(CN(CC)c4ccc(/C=C/c5ccc(*)s5)cc4)c3)cc2)s1,157.0,168.88977,1.3646386713173346,11.8897705
*c1ccc2c(c1)C(=O)N(c1ccc(Oc3ccc(N4C(=O)c5ccc(C(*)(C(F)(F)F)C(F)(F)F)cc5C4=O)cc3)c(O)c1)C2=O,292.0,300.6994,1.9179309587824254,8.699402
*CC(*)C(=O)OCCCCCCCCC,-88.999985,-55.974575,3.5720720709226543,33.02541
*C(=O)c1ccc2c(c1)C(=O)N(c1ccc(Oc3ccc(N4C(=O)c5ccc(*)cc5C4=O)cc3Br)c(Br)c1)C2=O,296.0,294.77444,2.9151017856530737,-1.2255554
*c1ccc2c(c1)C(=O)N(c1cc(C(c3ccc(OCCN(CC)c4ccc(/N=N/c5ccc([N+](=O)[O-])cc5)cc4)c(N4C(=O)c5ccc(C(*)(C(F)(F)F)C(F)(F)F)cc5C4=O)c3)(C(F)(F)F)C(F)(F)F)ccc1OCCN(CC)c1ccc(/N=N/c3ccc([N+](=O)[O-])cc3)cc1)C2=O,199.0,197.98283,0.8514955360524071,-1.0171661
*c1cc(C(c2ccc(OCCN(CC)c3ccc(/C=C/C4=CC(=C(C#N)C#N)CC(C)(C)C4)cc3)c(N3C(=O)c4ccc(Oc5ccc6c(c5)C(=O)N(*)C6=O)cc4C3=O)c2)(C(F)(F)F)C(F)(F)F)ccc1OCCN(CC)c1ccc(/C=C/C2=CC(=C(C#N)C#N)CC(C)(C)C2)cc1,202.0,205.01772,0.9916927984278351,3.0177155
*CC(COc1ccc(-c2ccc(C#N)cc2)cc1)O*,94.15,83.90697,1.0497908977503492,-10.243034
*CCCCCCCCCCC(=O)N*,46.000004,42.56425,1.005744554009657,-3.4357529
*Nc1ccc(NC(=O)c2ccc(NC(=O)c3ccc([Si](C)(C)c4ccc(C(=O)Nc5ccc(C(*)=O)cc5)cc4)cc3)cc2)cc1,338.0,323.90775,6.5813056750882755,-14.092255
*CC(*)c1ccccc1COCCCCC,47.000004,43.523106,0.9260233747239993,-3.4768982
*Oc1ccc(CC(NC(=O)CCc2ccc(OC(=O)CCCC(*)=O)cc2)C(=O)OCCCCCCCCCCCC)cc1,27.499994,35.13254,0.5965426886483447,7.6325474
*c1ccc(Oc2ccc(NC(=O)CN3C(=O)c4ccc(C(c5ccc6c(c5)C(=O)N(CC(=O)Nc5ccc(Oc7ccc(-c8nnc(*)o8)cc7)cc5)C6=O)(C(F)(F)F)C(F)(F)F)cc4C3=O)cc2)cc1,263.0,255.31136,0.9026770877635992,-7.6886444
*c1ccc2c(c1)C(=O)N(c1ccc(C(=O)Nc3ccc(Oc4ccc(Oc5ccc(NC(=O)c6ccc(N7C(=O)c8ccc(C(*)(C(F)(F)F)C(F)(F)F)cc8C7=O)cc6)cc5)cc4)cc3)cc1)C2=O,303.0,300.60318,3.4072373468270163,-2.39682
*C(=O)c1ccc2c(c1)C(=O)N(c1ccc(C(C)(C)c3cccc(C(C)(C)c4ccc(N5C(=O)c6ccc(*)cc6C5=O)cc4)c3)cc1)C2=O,316.5,288.66632,9.600848570632683,-27.83368
*Oc1cccc(*)c1,53.000004,40.379795,5.416324751456778,-12.620209
*C1C(=O)N(c2c(CC)cccc2CC)C(=O)C1*,288.0,288.45786,3.7281004794416717,0.45785522
*Oc1ccc(/N=C(\c2ccccc2)c2ccc(Oc3ccc(C(c4ccccc4)(c4ccccc4)c4ccc(Oc5ccc(/C(=N/c6ccc(*)cc6)c6ccccc6)cc5)cc4)cc3)cc2)cc1,177.0,176.94423,0.7476557421488127,-0.055770874
*c1ccc(Oc2ccc(Oc3ccc(N4C(=O)c5ccc(Oc6ccc(Sc7ccc(Oc8ccc9c(c8)C(=O)N(*)C9=O)cc7)cc6)cc5C4=O)cc3)cc2)cc1,201.0,197.00699,1.3204110531122089,-3.9930115
*CCCCCCCCCCNC(=O)CCCCCCCCC(=O)N*,60.000004,44.690014,0.5650590004045463,-15.30999
*CC(*)(C)C(=O)Oc1ccc(/C=C/c2ccccc2)cc1,143.0,137.58218,1.119338086990582,-5.417816
*CC#CC#CCOC(=O)c1ccc(C(=O)O*)cc1,143.0,128.47519,1.5076382526014884,-14.524811
*O[Si](*)(c1ccccc1)c1ccc(OC(C)(C)C)cc1,56.000004,56.005573,1.499794649995137,0.005569458
*c1ccc(CCc2ccccc2N2C(=O)C(=O)N(c3ccc(Cc4ccc(N5C(=O)C(=O)N(*)C5=O)cc4)cc3)C2=O)cc1,198.0,214.5951,1.3524966333169148,16.595093
*c1ccc(Oc2ccc(N3C(=O)N4C(c5ccc(OC)cc5)N(*)C(=O)N4C3c3ccc(OC)cc3)cc2)cc1,163.0,150.18896,2.0023950153033154,-12.811035
*c1ccc(Oc2ccc(S(=O)(=O)c3ccc(Oc4ccc(-c5c6c(c(*)c7ccccc57)C(=O)N(c5ccccc5C(F)(F)F)C6=O)cc4)cc3)cc2)cc1,290.0,281.55164,2.2849341499658586,-8.448364
*CCc1ccc(*)cc1,65.0,50.442608,3.732741357064912,-14.557392
*N=P(*)(Nc1ccccc1)Nc1ccccc1,103.45,98.590034,1.4915118416673332,-4.8599625
*O[Si](C)(C)[Si](*)(C)C,-119.000015,-86.42279,6.527790018293015,32.577225
*Oc1ccc(C(=O)c2ccccc2)c(-c2cc(Oc3ccc(-c4ccc(*)cc4)cc3)ccc2C(=O)c2ccccc2)c1,174.0,168.59044,1.0949092846408996,-5.409561
*C(=O)Nc1ccc(C2(c3ccc(NC(=O)c4ccc5c(c4)C(=O)N(c4ccc(Sc6ccc(Oc7ccc(Sc8ccc(N9C(=O)c%10ccc(*)cc%10C9=O)cc8)cc7)cc6)cc4)C5=O)cc3)c3ccccc3-c3ccccc32)cc1,298.0,282.59845,4.551648697781448,-15.40155
*Oc1ccc(Oc2ccc(/C=N/CCCCCCCCCCCC/N=C/c3ccc(*)cc3)cc2)cc1,118.0,111.25571,0.9024391584838808,-6.744293
*CC(*)(C#N)C(=O)OCCCC,117.0,117.56009,1.3288609983812232,0.5600891
*C(=O)c1ccc2c(c1)C(=O)N(c1cccc(OP(=O)(Oc3cccc(N4C(=O)c5ccc(*)cc5C4=O)c3)c3ccccc3)c1)C2=O,176.5,184.53706,2.115384823681434,8.037064
*Oc1cc(Br)c(C(C)(C)c2c(Br)cc(OC(*)=O)cc2Br)c(Br)c1,267.0,258.64474,2.366829366155986,-8.355255
*CC(C)(C)C(=O)O*,-11.999998,26.280313,19.613633151256753,38.28031
*C(=O)OCCCCCCOC(=O)c1ccc(NC(=O)c2ccc(N3C(=O)c4ccc(*)cc4C3=O)cc2)cc1,107.0,100.206474,1.9297840676971307,-6.7935257
*CC(CC)(CC)CO*,-29.999998,-30.09651,7.069058185173603,-0.09651184
*CCCCCCCCCCCCN1C(=O)c2ccc(-c3ccc(-c4ccc5c(c4)C(=O)N(*)C5=O)cc3)cc2C1=O,86.0,102.61874,2.8550233858554384,16.618736
*OC(F)(F)COC(=O)c1cccc(C(=O)OCC(*)(F)F)c1,27.999994,28.623331,1.061873348708445,0.6233368
*CC(*)c1ccc(C)nc1,136.0,137.5472,0.7510542456479599,1.5471954
*Cc1cc2cc(C(=O)Nc3cccc(NC(=O)c4cc5cc(*)c(OC(=O)COc6ccc7ccc(=O)oc7c6)cc5oc4=O)c3)c(=O)oc2cc1OC(=O)COc1ccc2ccc(=O)oc2c1,240.0,247.19873,1.560893045912692,7.1987305
*O[Si](C)(C)O[Si](C)(C)O[SiH](*)O[Si](C)(C)C=C,-68.0,-92.26872,3.193784832314828,-24.268723
*CCCCCCOC(=O)Nc1ccc(Cc2ccc(NC(=O)O*)cc2)cc1,71.0,81.32462,2.024325141326377,10.324623
*O[Si](C)(C)c1cccc(C(F)(F)C(F)(F)c2cccc([Si](*)(C)C)c2)c1,-1.9999977,2.7433953,1.8655174004641701,4.743393
*CCCCNC(=O)c1cccc(C(=O)N*)c1,141.0,134.70486,1.2270175274790691,-6.2951355
*CCCCOC(=O)OCCCCCCOC(=O)OCCCCn1c(=O)c2cc3c(=O)n(*)c(=O)c3cc2c1=O,37.000004,23.530558,1.4561489741348155,-13.469446
*c1ccc(Oc2ccc(C(=O)c3ccc(C(=O)c4ccc(C(=O)c5ccc(Oc6ccc(-c7nc(-c8ccccc8)[nH]c7*)cc6)cc5)cc4)cc3)cc2)cc1,239.0,239.26715,1.1214644752056713,0.26715088
*N=P(*)(OCCOc1ccc(-c2ccccc2)cc1)OCCOc1ccc(-c2ccccc2)cc1,56.2,69.437325,2.177894668028586,13.237324
*CCNC(=O)c1ccc([Si](CCCC)(CCCC)c2ccc(C(=O)NCCN(*)c3ccc(/C=C/c4ccc([N+](=O)[O-])cc4)cc3)cc2)cc1,115.0,110.0082,1.4260337457777779,-4.9917984
*c1cccc(-c2ccc3[nH]c(S(=O)(=O)c4nc5ccc(*)cc5[nH]4)nc3c2)c1,290.0,288.08228,1.567873631268093,-1.9177246
*Oc1ccccc1C(=O)OC(=O)c1ccccc1OC(=O)CCCCCCC(*)=O,27.999994,34.995945,0.7571895641982346,6.9959507
*Oc1cccc(Oc2ccc(NC(=O)c3cc(NC(=O)c4ccc(OC(C)=O)cc4)cc(C(=O)Nc4ccc(*)cc4)c3)cc2)c1,230.0,214.76874,3.6830954021816917,-15.231262
*c1ccc(Oc2ccc(-c3nc4cc(Oc5ccc(NC(=O)c6ccc7c(c6)C(=O)N(c6ccc(C(c8ccc(N9C(=O)c%10ccc(C(=O)Nc%11ccc(Oc%12ccc%13nc(-c%14ccccc%14)c(*)nc%13c%12)cc%11)cc%10C9=O)cc8)(C(F)(F)F)C(F)(F)F)cc6)C7=O)cc5)ccc4nc3-c3ccccc3)cc2)cc1,289.0,279.45786,2.3032630822957176,-9.542145
*O[Si](C)(C)CCCC(=O)Oc1ccc(/C=N/c2ccc(Cc3ccc(/N=C/c4ccc(OC(=O)CCC[Si](*)(C)C)cc4)cc3)cc2)cc1,68.0,58.01624,1.8769168519670179,-9.983761
*Nc1ccc(C(C)(C)c2ccc(C(C)(C)c3ccc(Nc4ccc(C(=O)c5ccc(C(=O)c6ccc(*)cc6)cc5)cc4)cc3)cc2)cc1,157.0,156.21568,1.3939645022665739,-0.784317
*CC(CC)(CC)COC(=O)c1ccc(-c2ccc(-c3ccc(C(=O)O*)cc3)cc2)cc1,-19.999998,17.599672,13.342149936202958,37.59967
*c1ccc2c(c1)C(=O)N(c1ccc3c(c1)-c1cc(N4C(=O)c5ccc(C(*)(C(F)(F)F)C(F)(F)F)cc5C4=O)ccc1C3)C2=O,394.00003,369.22638,8.180969569409312,-24.773651
*CC1CCCC(CNC(=O)CCCCC(=O)N*)C1,107.0,105.502815,0.7518977845335814,-1.4971848
*Oc1ccc(CC(NC(=O)Cc2ccc(OC(=O)CC(C)CCC(*)=O)cc2)C(=O)OCC)cc1,63.000004,55.248737,0.5870759936536322,-7.7512665
*CC(*)C(=O)NCCC[N+](C)(C)CCCS(=O)(=O)O,141.5,129.86786,2.699881557126076,-11.632141
*C(=O)Nc1ccc(Cc2ccc(NC(=O)c3ccc4c(c3)C(=O)N(c3ccc(NC(=O)Nc5ccc(N6C(=O)c7ccc(*)cc7C6=O)cc5)cc3)C4=O)cc2)cc1,211.0,208.99956,1.892871099285039,-2.0004425
*c1cc(Br)c(-c2c(Br)cc(N3C(=O)c4ccc(-c5ccc6c(c5)C(=O)N(*)C6=O)cc4C3=O)cc2C(=O)OCCCCCCCCCCCCCC)c(C(=O)OCCCCCCCCCCCCCC)c1,98.0,96.32977,2.0816405454743245,-1.670227
*c1cc(C(c2ccc(OCCN(C)c3ccc(/C=C/C4=CC(=C(C#N)C#N)CC(C)(C)C4)cc3)c(N3C(=O)c4ccc(Oc5ccc6c(c5)C(=O)N(*)C6=O)cc4C3=O)c2)(C(F)(F)F)C(F)(F)F)ccc1OCCN(C)c1ccc(/C=C/C2=CC(=C(C#N)C#N)CC(C)(C)C2)cc1,215.0,207.89684,1.1192163995684725,-7.1031647
*Oc1ccc(CC(NC(=O)CCc2ccc(OC(=O)CCCC(*)=O)cc2)C(=O)OCc2ccccc2)cc1,66.0,63.022793,0.5281938901266233,-2.9772072
*C(*)C(=O)OC,85.75,72.681595,1.7361747713355444,-13.068405
*Oc1ccc(OC(=O)c2ccc(C(*)=O)cc2Sc2ccc(Cl)cc2)cc1,140.0,133.36258,0.762904212890838,-6.6374207
*CC(*)(C)c1ccc2ccccc2n1,193.0,190.88878,1.346091078628298,-2.1112213
*c1ccc(-c2ccc(Oc3ccc(C4(C)CC(C)(C)c5ccc(Oc6ccc(-c7ccc(-n8c(=O)c9cc%10c(=O)n(*)c(=O)c%10cc9c8=O)cc7)cc6C(F)(F)F)cc54)cc3)c(C(F)(F)F)c2)cc1,265.0,260.17502,1.2117574849124801,-4.8249817
*CC(COc1ccc(C(C)(C)c2ccc(O*)cc2)cc1)OC(C)=O,60.000004,56.034176,0.5431676216673541,-3.965828
*c1ccc(Oc2ccc(-c3cnc4cc(Oc5ccc6nc(*)cnc6c5)ccc4n3)cc2)cc1,382.00003,324.65094,25.286277691529637,-57.34909
*CC(*)c1ccc(/C(C)=N/O)cc1,134.0,131.84523,0.9246648111034944,-2.15477
*c1ccc(C(=O)Oc2ccc(OC(=O)c3ccc(N4C(=O)CC(SCCOCCSC5CC(=O)N(*)C5=O)C4=O)cc3)cc2)cc1,166.0,170.67857,1.8906187300296764,4.6785736
*C(=O)c1ccc2c(c1)C(=O)N(c1ccc(Oc3cccc(N4C(=O)c5ccc(*)cc5C4=O)c3)cc1)C2=O,280.5,257.9556,2.8738744640429887,-22.544403
*Cc1cccc(C[n+]2ccc(-c3cc[n+](*)cc3)cc2)c1,128.0,130.19969,1.5073794835653158,2.1996918
*Oc1cccc(Oc2cccc(*)c2)c1C#N,145.0,151.76375,1.3225938866977947,6.763748
*CCC/C=C(/*)c1ccccc1,2.2688555e-06,8.337755,1.8698384558953944,8.337753
*/C=C/C1CC(*)C(F)(F)C1(F)OC(F)(F)C(F)(F)C(F)(F)F,77.0,73.829,0.8898836764709925,-3.1709976
*C(=O)c1ccc2c(c1)C(=O)N(c1ccc(N3C(=O)c4ccc(*)cc4C3=O)c(S(=O)(=O)O[Na])c1)C2=O,214.0,215.61388,1.0284587365984106,1.6138763
*c1ccc(-c2c(-c3ccccc3)nc3ccc(Oc4ccc5nc(-c6ccccc6)c(*)c(-c6ccccc6)c5c4)cc3c2-c2ccccc2)cc1,311.0,296.23682,5.264989162868545,-14.763184
*CC(*)c1ccc(OCCCC)cc1,52.000004,54.791172,1.6545656567264873,2.7911682
*CC(*)CCCCCC,-53.999996,-23.872679,10.544219733574884,30.127317
*c1ccc(-c2cnc3cc4ncc(*)nc4cc3n2)cc1,392.00003,389.5135,16.65570975026365,-2.4865417
*c1nnc(-c2ccc(Oc3ccc(C(c4ccc(Oc5ccc(*)c6ccccc56)cc4)(C(F)(F)F)C(F)(F)F)cc3)c3ccccc23)o1,220.0,223.7543,0.8658145431843352,3.754303
*CCCCc1ccc(-c2c(-c3ccccc3)cc(-c3cccc(-c4cc(-c5ccccc5)c(-c5ccc(*)cc5)c(-c5ccccc5)c4-c4ccccc4)c3)c(-c3ccccc3)c2-c2ccccc2)cc1,180.0,196.91707,4.134765601886056,16.917068
*CCCCCCOC(=O)OCCCCCCCCCOC(=O)OCCCCCCOc1ccc(Oc2ccc(O*)cc2)cc1,-19.999998,-7.8232856,1.6662168608650936,12.176712
*Oc1ccc(S(=O)(=O)c2ccc(Oc3ccc(C4(c5ccc(*)cc5)CC5CCC4C5)cc3)cc2)cc1,250.0,257.03333,1.231380576590385,7.033325
*c1ccc(Oc2ccc3ccccc3c2-c2c(Oc3ccc(N4C(=O)c5ccc(NC(=O)Nc6ccc(Oc7ccccc7-c7ccccc7Oc7ccc(NC(=O)Nc8ccc9c(c8)C(=O)N(*)C9=O)cc7)cc6)cc5C4=O)cc3)ccc3ccccc23)cc1,285.0,271.16675,1.234879770671596,-13.833252
*c1ccc2c(c1)C(=O)N(c1ccc(N(c3ccc(/C=C/c4ccc([N+](=O)[O-])cc4)cc3)c3ccc(N4C(=O)c5ccc(C(*)(C(F)(F)F)C(F)(F)F)cc5C4=O)cc3)cc1)C2=O,290.0,291.99084,3.7364866487725927,1.9908447
*c1ccc(-c2ccc(-c3cnc4cc(-c5ccc6nc(*)cnc6c5)ccc4n3)cc2)cc1,345.5,326.20636,38.02548215953908,-19.29364
*c1ccc(OC(=O)c2cccc(C(=O)Oc3ccc(C4(*)NC(=O)c5ccccc54)cc3)c2)cc1,325.0,318.8581,3.5865220857697797,-6.1419067
*CC(c1ccccc1)C1C(=O)N(CCCCCCCCCCCC)C(=O)C1*,70.0,64.82205,0.9868713793969212,-5.177948
*CC(*)(C)C(=O)OCCCCc1ccc(/N=N/c2ccc(OC(F)(F)F)cc2)cc1,203.5,211.98413,2.190704101847512,8.484131
*c1ccc(-c2ccc3nc(Oc4cc(-c5ccccc5)c5cc(*)ccc5n4)cc(-c4ccccc4)c3c2)cc1,300.0,302.04926,3.99113548706617,2.0492554
*Oc1c(C)cc(*)cc1C(C)CCCCCC,54.000004,37.444355,3.1324864166242703,-16.555649
*C(=O)Nc1ccc(NC(=O)c2ccc3[nH]c(-c4cc(-c5nc6cc(*)ccc6[nH]5)cc(N5C(=O)c6ccccc6C5=O)c4)nc3c2)cc1,295.0,294.57788,2.8745836440967976,-0.42211914
*CC(*)(C)C(=O)OCC[N+](C)(C)CCCCCCC,-43.999996,-40.71861,7.07691822919585,3.2813873
*CC(C)/C=C(/*)C,2.3000054,6.5898767,4.562076116020939,4.289871
*OS(=O)(=O)c1cccc(S(=O)(=O)Oc2ccc(C(C)(CC)c3ccc(*)cc3)cc2)c1,147.0,146.14201,0.7637329859188713,-0.85798645
*Oc1ccc(C(C)(C)c2ccc(Oc3ccc(C(=O)c4c(C)ccc5c(C(=O)c6ccc(*)cc6)c(C)ccc45)cc3)cc2)cc1,222.0,210.06906,1.2252627990411458,-11.930939
*O[Si](*)(C)CCCOc1ccc(C(=O)Oc2ccc(-c3ccc(OC(=O)CCCCC(=O)OC4CC(C)CCC4C(C)C)cc3)cc2)cc1,56.8,48.515415,1.1065776632521616,-8.284584
*/C=C/c1cc(OCCCCCCC)c(/C=C/c2ccc(*)cc2)cc1OCCCCCCC,46.000004,59.30583,7.218791940019505,13.305824
*O[Si](*)(C)CCCCCC,-110.84999,-86.186874,5.042900192503197,24.663116
*CC(*)c1ccc(C(=O)c2ccc(C)cc2)cc1,99.0,110.445984,1.138453798668383,11.445984
*Oc1ccc(CC(NC(=O)CCc2ccc(OC(=O)CCCCCCC(*)=O)cc2)C(=O)OCC(C)C)cc1,42.000004,42.179615,0.5864389149682593,0.1796112
*CCCCCCOC(=O)C(CCCCCCP(=O)(OCC)OCC)C(=O)OCCCCCCOc1ccc(-n2on2-c2ccc(O*)cc2)cc1,9.000002,13.853838,1.0331364765044244,4.853836
*c1ccc(Oc2ccc(C(=O)c3cccc(C(=O)c4ccc(Oc5ccc(-n6c(=O)c7cc8c(=O)n(*)c(=O)c8cc7c6=O)cc5)cc4)c3)cc2)cc1,247.0,240.72548,2.939901933612739,-6.274521
*Oc1ccc(CC(NC(=O)CCc2ccc(OC(=O)CCCCCCCCC(*)=O)cc2)C(=O)OCCOCCOCC)cc1,2.0000024,8.405352,1.0921919479551012,6.4053493
*c1ccc(-n2c(=O)c3cc4c(=O)n(*)c(=O)c4cc3c2=O)c(S(=O)(=O)O[Na])c1,227.0,238.95638,2.361095815071222,11.956375
*C1Oc2ccccc2C1*,65.2,47.12495,2.5434026328670285,-18.075047
*C(=O)c1ccc2c(c1)C(=O)N(c1ccc(N3C(=O)c4ccc(*)cc4C3=O)cc1)C2=O,317.0,327.62625,8.32236742167353,10.626251
*c1cccc(P(=O)(c2ccc(C(F)(F)F)cc2)c2cccc(-n3c(=O)c4cc5c(=O)n(*)c(=O)c5c(-c5cc(C(F)(F)F)cc(C(F)(F)F)c5)c4c3=O)c2)c1,290.0,297.47775,1.43897984232119,7.4777527
*OC1C(CO)OC(*)C(N)C1O,194.0,192.57419,0.9401035100746608,-1.4258118
*c1ccc(Oc2ccc(C(C)(C)c3ccc(Oc4ccc(-c5nnc(*)n5-c5cccc(C(F)(F)F)c5)cc4)cc3)cc2)cc1,190.0,190.69484,0.7738584371345649,0.6948395
*C(=O)c1ccc2c(c1)C(=O)N(c1ccc(C)c(N3C(=O)c4ccc(*)cc4C3=O)c1)C2=O,319.5,332.21854,6.184177411642746,12.718536
*CC(*)(C)C(=O)OCCN(CC)CC,25.999994,23.828966,1.7455325550402452,-2.1710281
*c1ccc(N2C(=O)c3ccc(C(=O)c4ccc5c(c4)C(=O)N(c4ccc(-c6nc7cc(S(=O)(=O)c8ccc9nc(-c%10ccccc%10)c(*)nc9c8)ccc7nc6-c6ccccc6)cc4)C5=O)cc3C2=O)cc1,240.0,262.7739,3.1746830487154614,22.773895
*CC(*)(C)C(=O)OCC1OC(n2ccc(=O)[nH]c2=O)C(O)C1O,143.5,141.35736,0.7140580229324456,-2.1426392
*CC(*)(C)C(=O)OCCCCCCOc1ccc(C(=O)Oc2ccc(/N=N/c3ccc(I)cc3)c3ccccc23)cc1,40.000004,40.118626,0.724649384080123,0.118621826
*CCCCCCCCCN1C(=O)c2ccc(-c3ccc(-c4ccc5c(c4)C(=O)N(*)C5=O)cc3)cc2C1=O,104.0,107.84032,2.990486410593159,3.8403168
*Oc1ccc(CC(NC(=O)CCc2ccc(OC(=O)COCC(*)=O)cc2)C(=O)OC)cc1,82.0,80.11363,0.6742935684475312,-1.8863678
*c1cccc(N2C(=O)c3ccc(Oc4ccc5c(c4)C4(CC(C)(C)c6ccc(Oc7ccc8c(c7)C(=O)N(*)C8=O)cc64)CC5(C)C)cc3C2=O)c1,253.0,248.866,0.9745738286410516,-4.1340027
*O[Si](*)(C)CCCOc1ccc(C(=O)Oc2ccc(-c3ccc(OC(=O)c4cc(OCC)cc(OCC)c4)cc3)cc2)cc1,62.8,65.09178,1.3077987068392471,2.2917824
*C(=O)Nc1cccc(Oc2ccc(S(=O)(=O)c3ccc(Oc4cccc(NC(=O)c5ccc(N6C(=O)c7ccc(*)cc7C6=O)cc5)c4)cc3)cc2)c1,235.0,234.52637,3.3936485689501397,-0.4736328
*c1ccc(Oc2ccc(-c3cnc4cc5nc(*)cnc5cc4n3)cc2)cc1,353.0,357.43008,15.850711219060795,4.430084
*c1ccc(Oc2ccc(C(C)(C)c3ccc(Oc4ccc(-c5ccc(*)s5)cc4C(F)(F)F)cc3)cc2)c(C(F)(F)F)c1,130.0,135.57002,0.7530542339331987,5.5700226
*Oc1cccc(OC(=O)Oc2ccc(C(C)(C)c3ccc(OC(*)=O)cc3)cc2)c1,83.1,79.39187,1.191429192631748,-3.70813
*Oc1ccc(S(=O)(=O)c2ccc(OC(=O)c3ccc([Si](c4ccccc4)(c4ccccc4)c4ccc(C(*)=O)cc4)cc3)cc2)cc1,250.0,266.57443,5.85932435580746,16.574432
*Oc1ccc(Oc2ccc(C(=O)c3ccc(*)cc3)cc2)cc1-c1ccccc1,157.0,159.68855,1.503351755560364,2.6885529
*c1ccc(Cc2ccc(N3C(=O)c4ccc(Oc5ccc(Oc6ccc7c(c6)C(=O)N(*)C7=O)cc5)cc4C3=O)c(C)c2C)c(C)c1C,277.0,265.35187,1.7715164849444252,-11.648132
*Oc1ccc(S(=O)(=O)c2ccc(Oc3ccc(C(C)(C)c4ccc(*)cc4)cc3)c([N+](=O)[O-])c2)cc1[N+](=O)[O-],206.0,194.80948,1.3095139549345411,-11.190521
*Oc1ccc(S(=O)(=O)c2ccc(Oc3ccc(C(=O)c4ccc(-c5ccc(C(=O)c6ccc(*)cc6)cc5)cc4)cc3)cc2)cc1,207.0,219.43732,2.040131101734151,12.437317
*CCCCOC(=O)CCCC(=O)O*,-36.499996,-40.786694,3.8749283972921402,-4.2866974
*CC(*)(C)C(=O)OCCCCCCCCCCCn1c2ccccc2c2ccccc21,31.000002,50.812634,1.122094589851827,19.812632
*Oc1cc(OC(=O)c2ccc(C(*)=O)cc2)cc(C(=O)OCCN(CC)c2ccc(/N=N/c3ccc([N+](=O)[O-])cc3)cc2)c1,130.0,130.20268,0.7918171234395801,0.2026825
*CNC(=O)CCCCC(=O)NCC1COC(*)CO1,93.0,87.52298,0.788486532413099,-5.4770203
*c1ccc(C2(c3ccc(N4C(=O)c5ccc(-c6ccc7c(c6)C(=O)N(*)C7=O)cc5C4=O)cc3)c3ccccc3-c3ccccc32)cc1,388.00003,364.50452,8.516805909952726,-23.495514
*CCCCCCCCCCSS*,-65.0,-66.56302,3.2879329875208776,-1.5630188
*Oc1ccc(C(C)(C)c2ccc(OC(=O)c3ccc(C(*)=O)cc3)c(Cl)c2)cc1Cl,190.0,184.82072,1.128645080334075,-5.1792755
*Oc1ccc(C(C)(CC)c2ccc(OC(*)=O)c(Cl)c2)cc1Cl,142.0,150.74146,0.7749071271905069,8.741455
*c1ccc(-c2ccc(NC(=O)c3cccc(C(=O)Nc4ccc(-c5ccc(N6C(=O)c7ccc(-c8ccc9c(c8)C(=O)N(*)C9=O)cc7C6=O)cc5)cc4)c3)cc2)cc1,230.0,280.4259,5.045040718241509,50.425903
*CC(*)(C)C(=O)OCCCCCCOc1ccc(C(=O)Oc2ccc(C)cc2)cc1,45.000004,43.571796,1.7062066779424174,-1.4282074
*CC(*)(C#N)C(=O)OCC,115.0,113.63399,0.9279958210195525,-1.3660126
*C(=O)Nc1cccc(NC(=O)c2ccc(-c3nc4cc(*)ccc4[nH]3)cc2)c1,325.0,306.13898,4.033270751834335,-18.861023
*CC(*)(F)C(=O)OCC(Cl)(Cl)Cl,127.0,127.79652,0.9107308682151951,0.7965164
*c1ccc(CC(=O)Nc2cccc3c(NC(=O)Cc4ccc(-c5sc(*)c(-c6ccccc6)c5-c5ccccc5)cc4)cccc23)cc1,255.0,259.05746,1.6562359789146515,4.0574646
*CC(*)(Cl)C(=O)OCCCCCCOc1ccc(C(=O)Oc2ccc(OCCCC)cc2)cc1,112.5,98.15174,2.235027855210552,-14.348259
*/C=C(/*)CCCOC(=O)c1cc(-c2ccc(OC)cc2)ccc1-c1ccc(OC)cc1,72.4,64.95256,1.193022124970567,-7.447441
*Nc1ccc(NC(=O)c2ccc(NC(=O)c3cc(NC(=O)C45CC6CC(CC(C6)C4)C5)cc(C(*)=O)c3)cc2)cc1,365.0,363.1265,3.7773258691896157,-1.8735046
*CC(C)(C)COC(=O)C1CCC(C(=O)O*)CC1,29.999994,33.96104,0.955423663295545,3.9610462
*Nc1ccc(-c2ccc(NC(=O)c3ccc(C(*)=O)cc3)cc2)cc1,340.0,315.3626,8.252765567343502,-24.63739
*Oc1ccc(C(c2ccccc2)c2ccc(OC(*)=O)cc2)cc1,170.0,171.78967,1.1193845837336256,1.7896729
*c1ccc(N(c2ccc(C#N)cc2)c2ccc(N3C(=O)c4ccc(Oc5ccc(C6(c7ccc(Oc8ccc9c(c8)C(=O)N(*)C9=O)cc7)CCCCC6)cc5)cc4C3=O)cc2)cc1,243.0,242.5313,1.103612553381586,-0.46870422
*c1ccc(Oc2ccc(Sc3ccc(Oc4ccc(-c5cccc(*)n5)cc4C(F)(F)F)cc3)cc2)c(C(F)(F)F)c1,144.5,137.58907,1.063159758599317,-6.9109344
*c1ccc(Oc2ccc(Oc3ccc(Oc4ccc(N5C(=O)c6ccc(Oc7ccc(-c8ccc(Oc9ccc%10c(c9)C(=O)N(*)C%10=O)cc8)cc7)cc6C5=O)cc4)cc3)cc2)cc1,208.0,222.97264,2.4779272597597233,14.972641
*C(=O)Nc1ccc(Oc2ccc(NC(=O)c3ccc4c(c3)C(=O)N(c3ccc(NC(=O)Nc5ccc(N6C(=O)c7ccc(*)cc7C6=O)cc5)cc3)C4=O)cc2)cc1,205.0,211.3699,1.7178756848880448,6.3699036
*Oc1c(Cl)cc(C(C)(C)c2cc(Cl)c(OC(=O)c3ccc(OCCCCCCCCCCOc4ccc(C(*)=O)cc4)cc3)c(Cl)c2)cc1Cl,140.0,136.15706,0.8711974313319791,-3.8429413
*c1ccc2c(c1)C(=O)N(c1cccc(Oc3ccc(S(=O)(=O)c4ccc(Oc5cccc(N6C(=O)c7ccc(C(*)(C(F)(F)F)C(F)(F)F)cc7C6=O)c5)cc4)cc3)c1)C2=O,209.5,239.87679,1.755257076569582,30.376785
*O[Si](*)(C)CCCC(=O)OCCO,-57.999996,-53.55247,3.297859832715891,4.447525
*CC(CO*)(CSCC)CSCC,-31.999998,-32.06045,3.162720609621167,-0.060453415
*C1C(=O)N(CCCCCOc2ccc(-c3ccc(C#N)cc3)cc2)C(=O)C1*,75.0,73.085205,1.9053889859583943,-1.9147949
*O[Si](C)(C)O[Si](C)(C)O[Si](C)(C)O[Si](C)(C)OC(C)CCCCC(*)C,-97.999985,-85.69475,3.2447819155285624,12.305237
*c1ccc(NC(=O)CCCCC(=O)Nc2ccc(S(*)(=O)=O)cc2)cc1,194.0,151.49326,22.760391973547513,-42.506744
*CC(*)(CC(=O)OCc1ccccc1)C(=O)OCc1ccccc1,55.000004,52.588734,0.8558000977065384,-2.4112701
*c1ccc(-c2cc(CCCCCCCC)c(-c3ccc(-c4ccc(-c5sc(-c6ccc([Si](*)(CCCC)CCCC)s6)cc5CCCCCCCC)s4)s3)s2)s1,-0.99999774,7.3784814,1.500573679885905,8.378479
*c1ccc(Oc2ccc(-c3ccc(Oc4ccc(N5C(=O)c6ccc(Oc7ccc8cc(Oc9ccc%10c(c9)C(=O)N(*)C%10=O)ccc8c7)cc6C5=O)cc4)cc3)cc2)cc1,230.0,240.17653,2.1074430961916772,10.176529
*c1ccc(-c2cc(-c3ccc(OCCCC#N)cc3)cc(-c3ccc(-n4c(=O)c5cc6c(=O)n(*)c(=O)c6cc5c4=O)cc3)n2)cc1,345.0,340.7664,17.734482780065335,-4.233612
*C(=O)c1ccc(C(=O)c2ccc(Oc3ccc(C(C)(C)c4ccc(Oc5ccc(*)s5)cc4)cc3)s2)cc1,154.0,155.15584,0.8072426797502691,1.155838
*Oc1ccc(-c2ccc(OC(=O)c3ccc(C(*)=O)cc3Sc3ccc4ccccc4c3)cc2)cc1,141.0,142.20506,0.8083839967639185,1.2050629
*CC(*)C(=O)OCCSCC#N,-23.999998,-27.592512,3.1383223862106036,-3.592514
*OC1C(COC(C)=O)OC(*)C(OC(C)=O)C1OC(C)=O,178.0,175.74792,0.9851857677391975,-2.2520752
*C(=O)CCCCCCCCC(=O)NC1CCCCN(*)C1,-46.499996,-44.707134,3.0463857585261622,1.7928619
*c1ccc(Oc2ccccc2Oc2ccc(N3C(=O)c4ccc(S(=O)(=O)c5ccc6c(c5)C(=O)N(*)C6=O)cc4C3=O)cc2C(F)(F)F)c(C(F)(F)F)c1,255.0,247.31013,1.776201555418036,-7.689865
*CC(*)OC(=O)/C=C/c1ccccc1,127.0,128.44035,0.8548832531449474,1.4403534
*CCCCCCCCNC(=O)CCCCCCCCC(=O)N*,54.000004,45.701298,0.5641950406520476,-8.298706
*c1ccc(Oc2ccc(C(C)(C)c3ccc(Oc4ccc(N5C(=O)CC(=O)N(*)C5=S)cc4)cc3)cc2)cc1,150.0,150.93642,0.6874681692551797,0.9364166
*Oc1ccc(CC(NC(=O)CCc2ccc(OC(=O)CCCCC(*)=O)cc2)C(=O)OC)cc1,70.0,65.369576,0.6190014009563445,-4.6304245
*OC(=O)c1ccc(SCCCCSc2ccc(C(*)=O)cc2)cc1,62.000004,56.062405,0.9623959755818009,-5.937599
*c1ccc(Oc2ccc(C3(c4ccc(Oc5ccc(-c6nc(-c7ccccn7)nnc6*)cc5)cc4)c4ccccc4-c4ccccc43)cc2)cc1,277.0,274.24698,1.8310434166139808,-2.7530212
*CCN(*)C(=O)C1CC1,77.0,82.16379,1.1159002602323969,5.163788
*C/C=C/COC(=O)NCCCCCCNC(=O)O*,-41.499996,-38.900066,4.2361745795745,2.5999298
*/C(C)=C(/*)CCC,200.0,155.12305,96.75035590272213,-44.876953
*Oc1c(C(C)C)cc(*)cc1C(C)C,152.4,153.24298,0.8962364510729113,0.84298706
*c1ccc(Oc2ccc(-n3c(=O)c4cc5c(=O)n(*)c(=O)c5cc4c3=O)cc2)cc1,385.00003,346.37045,16.550312106023306,-38.629578
*c1ccc(/C=C(\C#N)c2cc(OCCCCCCCC)c(/C(C#N)=C/c3ccc(N(*)c4ccccc4)cc3)cc2OCCCCCCCC)cc1,78.0,73.37342,1.298830176273945,-4.6265793
*C(=O)c1ccc2nc(-c3ccccc3)c(-c3ccc(-c4nc5cc(*)ccc5nc4-c4ccccc4)cc3)nc2c1,325.0,311.66208,5.967484157918337,-13.337921
*c1ccc(Oc2ccc(S(=O)(=O)c3ccc(Oc4ccc(N5C(=O)c6ccc(Oc7cccc(Oc8ccc9c(c8)C(=O)N(*)C9=O)c7)cc6C5=O)cc4)cc3)cc2)cc1,201.0,207.69116,1.8642795817642264,6.691162
*/C=C/c1cc(CCCCCCCCCCCCCCCC)c(/C=C/c2nc(*)c(C#N)c(/C=C/c3ccc(N(c4ccccc4)c4ccccc4)cc3)c2C#N)cc1CCCCCCCCCCCCCCCC,165.0,165.36967,0.8460004378593325,0.36967468
*C(=O)Nc1ccc(C2(c3ccc(N4C(=O)c5ccc(*)cc5C4=O)cc3)CCC(C(C)(C)C)CC2)cc1,331.0,306.01733,6.915924303631441,-24.982666
*Sc1ccc(Sc2ccc(Sc3ccc4c(c3)Sc3ccc(*)cc3S4)cc2)cc1,154.0,168.24422,1.8011443352786594,14.244217
*CC(*)C(=O)OCCN(C)C,-38.999996,-28.697676,2.742093688131615,10.3023205
*CCC(C)(C)CC(C)CNC(=O)CCCCC(=O)N*,65.0,60.3706,0.6380056880066716,-4.6293983
*Oc1ccc(NC(=C(C#N)C#N)c2ccc(-c3ccc(C(Nc4ccc(*)cc4)=C(C#N)C#N)cc3)cc2)cc1,220.0,254.01718,2.388960559175993,34.01718
*CC(*)c1cc(Br)ccc1OCCC,54.000004,51.846348,0.6898285072990062,-2.153656
*COC1OC(*)C(O)C(O)C1O,200.0,196.97597,1.3752825507457245,-3.0240326
*c1cccc(C(=O)Nc2cccc(S(=O)(=O)c3cccc(NC(=O)c4cccc(N5C(=O)c6ccc(-c7ccc8c(c7)C(=O)N(*)C8=O)cc6C5=O)c4)c3)c2)c1,247.0,245.84851,1.0180203225075242,-1.1514893
*Oc1ccc(Oc2ccc(NC(=C(C#N)C#N)c3cccc(C(Nc4ccc(*)cc4)=C(C#N)C#N)c3)cc2)cc1,228.0,229.4339,1.4287726552767903,1.4338989
*Nc1ccc(NC(=O)c2ccc(NC(=O)CCCCCCCCC(=O)Nc3ccc(C(*)=O)cc3)cc2)cc1C(=O)OCCCCCCCCCCCCCCCCCC,280.0,232.51111,9.406494698048034,-47.48889
*Oc1cc(OCCOC)c(OC(=O)c2ccc(C(*)=O)cc2OCCOCC)cc1OCCOC,99.0,87.51002,1.7699249139967312,-11.489983
*CCOCCOC(=O)C(CCCCC)C(=O)O*,-46.999996,-33.47122,1.7507724447585513,13.528778
*CCOCCOCCOCCOCCOc1ccc(/C=C(\C)c2ccc(O*)cc2)cc1,16.999994,19.52962,1.144651479404429,2.529625
*/C=C/C1CC(*)C2C(=O)N(c3cccc(C)c3)C(=O)C12,206.0,208.7388,2.24765590984265,2.7388
*CC1CC(*)C(=O)OC1=O,140.0,133.33134,1.1610079654387344,-6.6686554
*CCCCCCOC(=O)NCC(F)(F)C(F)(F)C(F)(F)C(F)(F)CNC(=O)O*,5.0000024,19.878405,1.6228683871596317,14.878403
*CCCOC(=O)Nc1cc(NC(=O)O*)ccc1C,6.0000024,50.708775,14.765534205406407,44.70877
*CCCCCCCCOc1cccc(NC(=O)c2cccc(C(=O)Nc3cccc(O*)c3)c2)c1,117.0,121.02459,2.568627325412952,4.0245895
*CC(*)OCCOc1ccc(/N=N/c2ccc(C#N)cc2)cc1,61.000004,57.475475,1.0043596003458028,-3.5245285
*CC(*)C(=O)OC(OCC)C(F)(F)F,5.0000024,7.031695,1.410975189097711,2.0316925
*/C=C/CCCCCCCCCC(CCCCCCCCC*)COCCOCCOCCOCCOCCCCCC,-76.0,-66.98306,2.632515944802698,9.016937
*c1ccc(Oc2ccc(C(=O)c3ccc(Oc4ccc(-c5nnc(*)c6c(-c7ccccc7)c(-c7ccc8ccccc8c7)c(-c7ccc8ccccc8c7)c(-c7ccccc7)c56)cc4)cc3)cc2)cc1,312.0,304.8514,2.3684674338467233,-7.14859
*Cc1ccc(C(C)(C)c2ccc(CN3C(=O)c4ccc(-c5ccc6c(c5)C(=O)N(*)C6=O)cc4C3=O)o2)o1,129.0,119.43525,1.1021526184834545,-9.564751
*OC(=O)C(C)NC(=O)CCCCCCCCCCC(=O)NC(C)C(=O)OC1COC2C(*)COC12,27.999994,43.158207,0.6848085346086089,15.158213
*CC(OCC(C)C)C(C(=O)OC)C(*)C(=O)OC,44.500004,47.993267,0.8128495690991973,3.4932632
*Oc1ccc(Oc2ccc(C(=O)c3ccc(*)cc3)cc2)cc1C(C)(C)C,177.0,179.28653,1.0532204514393892,2.2865295
*/C=C/c1ccc(/C=C/[Si](C)(C)c2ccc([Si](*)(C)C)cc2)cc1,76.6,64.45427,1.2658814740958944,-12.145729
*CC(*)(C)C(=O)OCC(O)C1CC(C)(c2ccccc2)C1,105.0,107.28256,0.6634762687342761,2.2825623
*Oc1ccc(C(C)(C)c2ccc(C(C)(C)c3ccc(OC(*)=O)cc3)cc2)cc1,154.0,144.78896,3.974445669650991,-9.211044
*Oc1ccc(P(=O)(c2ccccc2)c2ccc(Oc3ccc(-c4ccc(*)cc4)cc3)cc2)cc1,234.0,232.6075,1.785978438144494,-1.3925018
*c1ccc(Oc2cc3ccccc3cc2Oc2ccc(N3C(=O)c4ccc(S(=O)(=O)c5ccc6c(c5)C(=O)N(*)C6=O)cc4C3=O)cc2)cc1,275.0,267.05215,2.391576943473742,-7.9478455
*Oc1ccc(CC(NC(=O)CCc2ccc(OC(=O)COCCOCC(*)=O)cc2)C(=O)OCCCCCC)cc1,27.999994,27.01488,0.72354796629868,-0.98511505
*Oc1ccc(Oc2ccc(C(=O)c3ccc(*)c(S(=O)(=O)O)c3)cc2S(=O)(=O)O)cc1,220.0,212.19875,1.235443491319802,-7.8012543
*Oc1ccc(C2(c3ccc(OC(=O)c4ccc(C(*)=O)cc4)cc3)c3ccccc3Cc3ccccc32)cc1,342.0,336.24942,8.649232823036575,-5.75058
*c1ccc(C(=O)OCCCCCCCCOc2ccc(/C=C3\CCC/C(=C\c4ccc(OCCCCCCCCOC(=O)c5ccc(-c6nnc(*)o6)cc5)cc4)C3=O)cc2)cc1,59.000004,69.26077,1.1020090440809485,10.260769
*Oc1ccc(S(=O)(=O)c2ccc(Oc3ccc(C(=O)c4cc(I)cc(C(=O)c5ccc(*)cc5)c4)cc3)cc2)cc1,203.0,200.84308,0.8968400709533236,-2.1569214
*Oc1ccccc1S(=O)(=O)c1ccc(*)cc1,221.0,220.4898,1.7522023243295353,-0.5101929
*[Si](*)(CCCC)CCCCC,-25.999998,-49.75503,3.5219867008731933,-23.755033
*Oc1ccc(/C(=C/c2cc(OC)c(/C=C(/c3ccc(*)cc3)c3ccc(C(F)(F)F)cc3)cc2OC)c2ccc(C(F)(F)F)cc2)cc1,194.0,195.67987,1.0674821754216668,1.6798706
*C(=O)c1ccc(Oc2ccc(N3C(=O)c4ccc(*)cc4C3=O)cc2)cc1,297.0,290.815,5.364389146145845,-6.1849976
*c1ccc(-c2ccc(-c3ccc(-n4c(=O)c5cc6c(=O)n(*)c(=O)c6c(C(F)(F)F)c5c4=O)cc3)cc2)cc1,364.0,371.67032,8.719146331211867,7.6703186
*Oc1ccc(-c2ccc(OC(=O)c3cccc(C(*)=O)c3)cc2)cc1,185.5,183.96202,7.949323633345414,-1.5379791
*CCCOC(=O)NCCCCCCNC(=O)O*,55.000004,60.01652,21.29573618988361,5.0165176
*Oc1ccc(/C=N/N=C/c2ccc(Oc3ccc(C(=O)c4ccc(*)cc4)cc3)cc2)cc1,179.0,169.68834,1.0925846569335098,-9.311661
*c1ccc(Oc2ccc(-c3ccc(-c4ccc(-c5ccc(Oc6ccc(-c7c8c(c(*)c9ccccc79)C(=O)N(c7ccccc7)C8=O)cc6)c(C(F)(F)F)c5)cc4)cc3)cc2C(F)(F)F)cc1,334.0,311.16125,4.664480794233837,-22.838745
*C(=O)Nc1cc(NC(=O)c2ccc3c(c2)C(=O)N(c2cc(-c4nc5ccccc5s4)cc(N4C(=O)c5ccc(*)cc5C4=O)c2)C3=O)cc(-c2nc3ccccc3[nH]2)c1,368.0,339.28226,28.636903368698015,-28.717743
*CCCCC(=O)Oc1ccc(OC(=O)c2ccc3c(c2)C(=O)N(*)C3=O)cc1,89.315,91.480675,3.22228524135265,2.1656723
*C(=O)c1ccc2c(c1)C(=O)N(c1ccc(-c3ccccc3N3C(=O)c4ccc(*)cc4C3=O)cc1)C2=O,305.0,300.3586,3.6759818193856026,-4.641388
*c1ccc(N2C(=O)c3ccc(P(=O)(c4ccccc4)c4ccc5c(c4)C(=O)N(*)C5=O)cc3C2=O)cc1,366.0,355.21313,6.469926706578392,-10.786865
*c1cc2c(cc1C)-c1cc(C)c(N3C(=O)c4ccc(-c5ccc6c(c5)C(=O)N(*)C6=O)cc4C3=O)cc1S2(=O)=O,490.0,465.22998,13.60144174656766,-24.77002
*CC(*)c1ccc(CCCCCCCCCCCC)cc1,-51.999996,-32.404476,4.911232726222393,19.59552
*CC(CO*)(CSCCCCC)CSCCCCC,-32.999996,-36.651485,2.789357208545824,-3.6514893
*CC(*)(C)C(=O)Oc1ccc(C(=O)Oc2ccccc2)cc1,99.0,79.69268,1.8934252901953692,-19.30732
*Oc1ccc(C(CC)(c2ccccc2)c2ccc(OC(=O)c3ccc(C(*)=O)cc3)cc2)cc1,243.0,217.07326,9.9604476790984,-25.926743
*c1ccc2c(c1)C(=O)N(c1cccc(C(F)(F)C(F)(F)C(F)(F)c3cccc(N4C(=O)c5ccc(C(F)(F)C(F)(F)C(*)(F)F)cc5C4=O)c3)c1)C2=O,157.0,157.98914,4.671866236365379,0.98913574
*CC(*)(C)C(=O)OCc1cccs1,66.0,61.583202,0.9335890440960319,-4.4167976
*CC1CCC(COP(=O)(/N=N/c2ccc(-c3ccc(/N=N/P(=O)(O*)OC)cc3)cc2)OC)CC1,58.000004,49.723812,0.6781877753998242,-8.276192
*Oc1ccc2ccc(Oc3ccc(C(=O)Nc4cccc(Oc5ccc(NC(=O)c6ccc(*)cc6)cc5)c4)cc3)cc2c1,164.0,158.77672,2.062678461548877,-5.223282
*c1ccc(Oc2ccc(C(c3ccc(Oc4ccc(-c5nnc(*)c6c(-c7ccccc7)c(-c7ccc8ccccc8c7)c(-c7ccc8ccccc8c7)c(-c7ccccc7)c56)cc4)cc3)(C(F)(F)F)C(F)(F)F)cc2)cc1,291.0,306.46082,2.3696910103010502,15.460815
*N=P(*)(OCCCc1ccccc1)OCCCc1ccccc1,-46.999996,-52.55575,3.9838782251451805,-5.5557556
*c1ccc(C(=O)Nc2cccc(Oc3ccc(S(=O)(=O)c4ccc(Oc5cccc(NC(=O)c6ccc(N7C(=O)c8ccc(-c9cccc%10c9C(=O)N(*)C%10=O)cc8C7=O)cc6)c5)cc4)cc3)c2)cc1,241.0,245.33447,1.5320820302535476,4.3344727
*C(=O)Nc1ccc(Oc2ccc(C3(c4ccc(Oc5ccc(NC(=O)c6ccc7c(c6)C(=O)N(c6ccc(Oc8cccc(N9C(=O)c%10ccc(*)cc%10C9=O)c8)cc6)C7=O)cc5)cc4)NC(=O)c4ccccc43)cc2)cc1,272.0,299.7216,2.8684940368716094,27.721588
*CCN(CCOC(=O)Nc1ccc(C)c(NC(=O)O*)c1)c1ccc(/N=N/c2ccc(B(c3c(C)cc(C)cc3C)c3c(C)cc(C)cc3C)cc2)cc1,159.0,150.94939,1.1819433334388891,-8.050613
*Oc1ccc(P(C)(=O)c2ccc(Oc3ccc(C(c4ccccc4)(c4ccc(*)cc4)C(F)(F)F)cc3)cc2)cc1,229.0,232.35507,0.8286018592799221,3.355072
*Oc1ccc(Oc2ccc(NC(=O)c3ccc(-c4ccc(C(=O)Nc5ccc(*)cc5)c(C)c4)cc3C)cc2)cc1,219.0,227.26744,1.5679573044610926,8.267441
*CC(O)COc1ccc(C(C)(C)c2ccc(OCC(O)COc3cccc(NC(=O)c4cccc(C(=O)Nc5cccc(O*)c5)c4)c3)cc2)cc1,133.0,128.84888,1.1139114772433418,-4.151123
*Oc1ccc(CNC(=O)CCCCC(=O)NCc2ccc(OC3COC4C(*)COC34)cc2)cc1,116.0,104.98632,2.6196470286638425,-11.0136795
*O[Si](*)(CCCOCCOCCOC)CCCOCCOCCOC,-63.400005,-62.681896,3.1369473811742026,0.71810913
*CC(CCCCCC)C(CCCCCC)COC(=O)c1ccc(C(=O)O*)cc1,-15.499998,-14.684187,1.4289749789424664,0.81581116
*Nc1ccc(C(=O)c2ccc(NC(=O)c3cccc(C(*)=O)c3)cc2)cc1,253.2,247.8317,3.140913637133734,-5.3683014
*CC1CCC(COC(C)OC(=O)c2cccc(C(=O)OC(C)O*)c2)CC1,29.999994,42.902813,0.9513230485042005,12.902819
*Sc1ccc(Nc2ccc(Nc3ccc(*)cc3)cc2)cc1,114.0,128.34315,1.4220585884147356,14.343155
*/C=C/C1CC(*)C(C(=O)Oc2ccccc2)C1C(=O)Oc1ccccc1,96.5,101.24834,1.0003237039941002,4.748337
*c1ccc2c(c1)C(=O)N(c1ccc(-c3ccc(N4C(=O)c5ccc(C(*)(C(F)(F)F)C(F)(F)F)cc5C4=O)c(O)c3)cc1O)C2=O,358.0,333.68115,4.108126319238708,-24.318848
*/C=C/CC(C*)(C(=O)OC12CC3CC(CC(C3)C1)C2)C(=O)OC12CC3CC(CC(C3)C1)C2,34.000004,21.56254,4.818308356915459,-12.437464
*CC(*)c1ccc([Si](C)(C)O[Si](C)(C)O[Si](C)(C)C)cc1,-26.999998,-25.880308,4.102326374155995,1.11969
*Cc1ccccc1CN(CC)c1ccc(/C=C(\C#N)C(=O)Nc2cccc(NC(=O)/C(C#N)=C/c3ccc(N(*)CC)cc3)c2)cc1,188.0,181.1031,1.1402270629700872,-6.8968964
*Oc1ccc(C(c2ccc(OC(*)=O)cc2)C(C)C)cc1,149.0,152.75642,0.9239032698525645,3.756424
*Oc1ccc(C(C)(c2ccccc2)c2ccc(OC(*)=S)cc2)cc1,181.0,176.35484,1.6659411268010538,-4.645157
*C1CCC(CC2CCC(N3C(=O)c4ccc(-c5ccc6c(c5)C(=O)N(*)C6=O)cc4C3=O)CC2)CC1,242.0,247.82478,1.0075253583237467,5.8247833
*CCCCCCNC(=O)CCCCCCCCC(=O)N*,45.000004,46.790455,0.5650231329845183,1.790451
*CCC(C)CC(C)(C)CNC(=O)c1ccc(C(=O)N*)cc1,147.0,149.37987,0.9219805666942765,2.3798676
*CC(C)O*,-70.2,-50.077343,3.7310733387694213,20.122654
*c1ccc(Sc2ccc(Sc3ccc(Sc4ccc(-n5c(=O)c6cc7c(=O)n(*)c(=O)c7cc6c5=O)cc4)cc3)cc2)cc1,234.05,302.99387,22.44704413883326,68.94386
*CC(*)C1CCCC1,75.0,85.77196,1.9427979196296175,10.771957
*CC(*)OC(=O)c1ccc(OCC)cc1,70.0,73.46834,1.0016187011213,3.468338
*CC(C)C(*)(C)C,37.000004,39.24734,0.8190248392428753,2.2473373
*CCN(CCOC(=O)c1ccc(C(=O)O*)cc1)c1ccc(C=C(C#N)C#N)cc1,127.0,118.49643,0.9562805019252352,-8.503571
*c1ccc(C(C#N)(C(=O)OCC)C(*)(C#N)C(=O)OCC)cc1,108.0,110.041855,0.9350873073904561,2.0418549
*OC(=O)c1cccc(OCCCCCCCCCCOc2cccc(C(=O)OC3COC4C(*)COC34)c2)c1,29.999994,30.384706,11.781201492143712,0.38471222
*CCCCCCOC(=O)c1cc(OCCCCCCOc2ccc(/N=N/c3ccc(C#N)cc3)cc2)cc(C(=O)OCCCCCCn2c(=O)c3cc4c(=O)n(*)c(=O)c4cc3c2=O)c1,46.000004,50.664616,0.8172447156243481,4.664612
*Oc1ccc(P(C)(=O)c2ccc(Oc3ccc(C(C)(C)c4ccc(*)cc4)cc3)cc2)cc1,192.0,193.65001,1.0203408660415385,1.6500092
*CC(*)c1ccccc1C(=O)OCCN(C)C,69.0,67.56897,0.9001166252243757,-1.4310303
*c1ccc(Cc2ccc(N3C(=O)CC(Nc4ccc(N(c5ccc(Nc6ccc([N+](=O)[O-])cc6)cc5)c5ccc(NC6CC(=O)N(*)C6=O)cc5)cc4)C3=O)cc2)cc1,324.0,298.78525,5.860146217157474,-25.214752
*C(=O)Nc1ccc(Oc2ccc(-c3ccc(Oc4ccc(NC(=O)c5ccc6c(c5)C(=O)N(c5ccc(Oc7ccc(N8C(=O)c9ccc(*)cc9C8=O)cc7)cc5)C6=O)cc4)cc3)cc2)cc1,274.0,272.06955,5.861861988864739,-1.9304504
*CCCCCCOC(=O)C(C(=O)OCCCCCCOc1ccc(-n2on2-c2ccc(O*)cc2)cc1)c1ccccc1,22.999994,18.264872,0.679469315699364,-4.7351227
*C(=O)c1ccc2c(c1)C(=O)N(c1c(C)cc(C)c(N3C(=O)c4ccc(*)cc4C3=O)c1C)C2=O,410.0,355.31006,9.521417891268653,-54.68994
*C(=O)NNC(=O)c1ccc([Si](c2ccccc2)(c2ccccc2)c2ccc(C(=O)NNC(=O)c3ccc(*)nc3)cc2)cc1,240.0,231.01826,1.272100204033183,-8.981735
*c1cccc(N2C(=O)c3ccc(Oc4c(C)cc(Cc5cc(C)c(Oc6ccc7c(c6)C(=O)N(*)C7=O)c(C)c5)cc4C)cc3C2=O)c1,245.0,265.7105,1.9379172277235623,20.71051
*c1ccc(Oc2ccc(-c3nc4cc(-c5ccc6nc(-c7ccccc7)c(*)nc6c5)ccc4nc3-c3ccccc3)cc2)cc1,300.0,286.31207,5.17478883248064,-13.687927
*C1C(*)C2CC1C(C(=O)OCCC13CC4CC(CC(C4)C1)C3)C2C(=O)OCCC12CC3CC(CC(C3)C1)C2,300.0,292.55853,2.0983578001567946,-7.4414673
*c1ccc(Cc2ccc(N3C(=O)c4ccc([Si](C)(C)O[Si](C)(C)c5ccc6c(c5)C(=O)N(*)C6=O)cc4C3=O)cc2)cc1,232.0,226.54631,3.030663994923359,-5.4536896
*C(=O)OCCN(CCOC(=O)c1ccc2c(c1)C(=O)N(c1cccc(N3C(=O)c4ccc(*)cc4C3=O)c1)C2=O)c1ccc(/N=N/c2ccc([N+](=O)[O-])cc2)cc1,210.0,198.1498,1.5417828845217858,-11.850204
*CCNC(=O)c1cccc(O*)c1,106.0,106.74804,1.3472481563622807,0.74803925
*c1cc(C(=O)OCCCCCC)cc(N2C(=O)CC(C3Cc4ccccc4C4C(=O)N(*)C(=O)C43)C2=O)c1,187.0,213.24078,2.7191808471609833,26.240784
*CC(*)OC(F)(C(F)(F)F)C(F)(F)F,65.0,59.168247,1.619610578197149,-5.831753
*Oc1ccc(C(C)(C)c2ccc(OC(=O)c3ccc(C(*)=O)cc3)c(C(C)CC)c2)cc1C(C)CC,90.0,92.711,1.0710630529703868,2.7109985
*/C=C(\C#N)C(=O)OCCCCCCOC(=O)/C(C#N)=C/c1ccc2c(c1)c1cc(*)ccc1n2CCCCCCC,87.0,59.485897,1.0473598720904091,-27.514103
*c1ccc2c(c1)C(=O)N(c1ccc(OCCOCCOCCOCCOc3ccc(N4C(=O)c5ccc(C(*)(C(F)(F)F)C(F)(F)F)cc5C4=O)cc3)cc1)C2=O,140.0,145.17073,4.7565430887913696,5.1707306
*CCCCCCCCCCOc1ccc(N(c2ccccc2)c2ccc(-c3ccc(N(c4ccccc4)c4ccc(O*)cc4)cc3)cc2)cc1,90.0,69.68126,2.1012906555299438,-20.31874
*Oc1ccc(C(C)(C)c2ccc(Oc3ccc(C(=O)c4c(C(=O)c5ccc(*)cc5)c(-c5ccccc5)c(-c5ccc6ccccc6c5)c(-c5ccc6ccccc6c5)c4-c4ccccc4)cc3)cc2)cc1,264.0,271.27005,1.336401220211455,7.27005
*c1ccc2c(c1)C(=O)N(c1ccc(C(=O)Nc3ccc(Oc4ccc(C(C)(C)c5ccc(Oc6ccc(NC(=O)c7ccc(N8C(=O)c9ccc(C(*)(C(F)(F)F)C(F)(F)F)cc9C8=O)cc7)cc6)cc5)cc4)cc3)cc1)C2=O,266.0,283.96255,3.465432837976176,17.962555
*CCCCCCCCCCN1C(=O)c2ccc(C(c3ccc4c(c3)C(=O)N(*)C4=O)(C(F)(F)F)C(F)(F)F)cc2C1=O,123.0,146.80067,2.075360552936404,23.800674
*CCCCCC(=O)Nc1ccc(Cc2ccc(NC(=O)CCCCCN3C(=O)c4ccc(C(=O)c5ccc6c(c5)C(=O)N(*)C6=O)cc4C3=O)cc2)cc1,187.0,166.7014,1.6588323612351,-20.2986
*Oc1ccc(S(=O)(=O)c2ccc(Oc3ccc(C4CCCC(C(C)c5ccc(*)cc5)C4)cc3)cc2)cc1,230.0,229.05333,1.0428792197303596,-0.94667053
*CC(*)(C)C(=O)OCc1ccc2c(c1)OCCOCCOCCOCCO2,38.000004,33.929226,2.3378241951779164,-4.070778
*c1cc(N2C(=O)c3ccc(Oc4cc5ccccc5cc4Oc4ccc5c(c4)C(=O)N(*)C5=O)cc3C2=O)cc(C(F)(F)F)c1,250.0,245.50815,0.899094429934177,-4.491852
*OP(=O)(Oc1ccc(C(C)(C)c2ccc(*)cc2)cc1)Oc1c(Cl)cccc1Cl,96.0,93.96788,0.8774594116180898,-2.0321198
*CNC(=O)OCC(OC(=O)NCc1ccc(C(C)(C)c2ccc(*)o2)o1)c1ccco1,19.999994,28.213022,2.142946501177268,8.213028
*CC#CC#CCOc1ccc(C(=O)OCCN(CCOC(=O)c2ccc(O*)cc2)c2ccc(/N=N/c3ccc(/N=N/c4cc(C)c(C#N)c(C)c4)cc3)cc2)cc1,120.0,126.57621,1.1203142044273142,6.57621
*CC(C)(C)O*,40.500004,49.01618,0.9974001689140387,8.516174
*Oc1cccc(OC(=O)c2ccc(Oc3ccc(C(*)=O)cc3)cc2)c1,159.0,133.4886,3.324809512539773,-25.511398
*/C=C/c1ccc2c(c1)C(CCCCCC)(CCCCCC)c1cc(/C=C/c3nc(*)c(C#N)c(/C=C/c4ccc(N(c5ccccc5)c5ccccc5)cc4)c3C#N)ccc1-2,178.0,173.77126,0.8237774556607722,-4.2287445
*c1ccc(Sc2cc3c(cc2Sc2ccc(N4C(=O)C5C6C=CC(C7C(=O)N(*)C(=O)C67)C5C4=O)cc2)C(=O)N(CCc2ccccc2)C3=O)cc1,258.0,260.5366,1.2551484759100042,2.5365906
*=NP(=NP(=NC(=*)Oc1ccc(C(C)(C)C)cc1)(Oc1ccc(C(C)(C)C)cc1)Oc1ccc(C(C)(C)C)cc1)(Oc1ccc(C(C)(C)C)cc1)Oc1ccc(C(C)(C)C)cc1,74.0,58.53722,1.1212751371168812,-15.46278
*Oc1ccc(CC(NC(=O)CCc2ccc(OC(=O)CCC(*)=O)cc2)C(=O)OCCCCCCCCCCCC)cc1,40.000004,44.14168,0.6102654064674573,4.141678
*CC(F)(F)C(F)(F)C(F)(F)COC(=O)c1cccc(C(F)(F)C(F)(F)C(F)(F)c2cccc(C(=O)O*)c2)c1,23.999994,31.065058,0.8016743806036192,7.0650635
*Oc1ccc(S(=O)(=O)c2ccc(-c3ccc(-c4ccc(S(=O)(=O)c5ccc(*)cc5)cc4)cc3)cc2)cc1,311.0,262.6553,11.067401924080256,-48.344696
*c1ccc(Oc2ccc(-n3c(=O)c4c(Oc5ccc(OCCCC)cc5)c5c(=O)n(*)c(=O)c5c(Oc5ccc(OCCCC)cc5)c4c3=O)cc2)cc1,269.5,265.00916,1.8848290477415983,-4.4908447
*Oc1ccc(C2(c3ccc(OC(=O)c4cccc(C(*)=O)c4)cc3)CCC3CCCCC3C2)cc1,248.0,239.85126,2.210278183444911,-8.148743
*OC(F)(F)C(*)(F)F,-47.999996,-58.233303,4.682033524177572,-10.233307
*Oc1ccc(CC(NC(=O)Cc2ccc(OC(=O)CCCCCCC(*)=O)cc2)C(=O)OCCCCCCCC)cc1,21.999994,30.453386,0.6095037604941332,8.453392
*NC(CCC(=O)OC)C(*)=O,2.2688555e-06,3.8318353,1.6474589856084185,3.831833
*CCOCCOC(=O)C1CCC(C(=O)O*)CC1,-11.999998,-14.998365,1.5912091318218862,-2.9983673
*Oc1ccc(/N=N/c2ccc(Oc3ccc(C(C)(C)c4ccc(*)cc4)cc3)cc2)cc1,175.0,170.46138,1.7634004993906494,-4.53862
*CCCC(*)C,-52.600002,-58.062405,4.107531077149835,-5.4624023
*Oc1ccc(S(=O)(=O)c2ccc(Oc3ccc(NC(=O)c4ccc(Oc5ccc(C(C)(C)c6cccc(C(C)(C)c7ccc(Oc8ccc(C(=O)Nc9ccc(*)cc9)cc8)cc7)c6)cc5)cc4)cc3)cc2)cc1,167.0,165.8001,1.4891311874790236,-1.1999054
*O[Si](*)(CCCOCCOCCOCCOCCOC)CCCOCCOCCOCCOCCOC,-69.8,-63.09611,2.9440822421461017,6.7038918
*CC(OCCCC)C1(C)C(=O)OC(=O)C1(*)C,197.0,205.01138,1.1646104158006685,8.011383
*CCCCCCCCCCC(=O)O*,-46.05,-46.189495,4.364955058890833,-0.13949585
*O[Si](C)(C)c1c(F)c(F)c(F)c([Si](*)(C)C)c1F,-28.499998,-31.534452,2.641675803182281,-3.0344543
*c1ccc(C2(c3ccc(-c4cc(-c5ccccc5)c5cc(C6(c7ccc8nc(*)cc(-c9ccccc9)c8c7)c7ccccc7-c7ccccc76)ccc5n4)cc3)c3ccccc3-c3ccccc32)cc1,390.00003,357.21933,8.433792886926458,-32.7807
*c1ccc(Oc2ccc(N3C(=O)c4ccc(Sc5ccc6c(c5)C(=O)N(*)C6=O)cc4C3=O)cc2)cc1,258.0,231.06554,2.415720900911085,-26.934464
*CCCc1nc2cc(-c3ccc4[nH]c(*)nc4c3)ccc2[nH]1,275.0,258.22116,6.540935610997458,-16.77884
*CC(CC)N(*)C(=O)CCCC,52.000004,46.73376,0.5712351606885755,-5.266243
*c1cc(Br)c(-c2c(Br)cc(N3C(=O)c4ccc(-c5ccc6c(c5)C(=O)N(*)C6=O)cc4C3=O)cc2C(=O)OCCCCCCCCCCCCCCCCCC)c(C(=O)OCCCCCCCCCCCCCCCCCC)c1,83.5,83.765,1.9989758291313053,0.2649994
*c1ccc([Si](c2ccccc2)(c2ccccc2)c2ccc(-c3nnc(-c4ccc(-c5nnc(*)o5)nc4)o3)cc2)cc1,272.0,278.25128,2.591619755403207,6.2512817
*[Si](*)(C)c1ccc(COCCN(CC)c2ccc(/N=N/c3ccc([N+](=O)[O-])cc3)cc2)cc1,152.0,157.27838,1.163241694107922,5.2783813
*c1ccc(*)s1,89.35,79.67173,2.2546201585045496,-9.678268
*/C=C(/*)C(CCCCC)[Si](C)(C)C,170.0,156.25485,2.2591416525983536,-13.745148
*c1ccc2[nH]c(*)nc2c1,398.00003,365.1312,17.354300275566512,-32.868835
*Oc1ccc(S(=O)(=O)c2ccc(Oc3ccc(/C=C/c4ccc(*)cc4)cc3)cc2)cc1,234.5,220.28745,3.2505403905431565,-14.212555
*CCCCC(=O)Oc1ccc(OC(=O)c2ccc3c(c2)C(=O)N(*)C3=O)c(C)c1,75.76,67.17373,1.7457098500536974,-8.586273
*C(=O)c1ccc2nc(-c3ccccc3)c(-c3ccc(N4C(=O)c5ccc(C(=O)c6ccc7c(c6)C(=O)N(c6ccc(-c8nc9cc(*)ccc9nc8-c8ccccc8)cc6)C7=O)cc5C4=O)cc3)nc2c1,255.0,275.52106,2.447596303270547,20.521057
*CC(OCCCC)C1C(=O)OC(=O)C1*,118.0,124.77819,0.7645134295619618,6.7781906
*c1cccc(C(c2cccc(N3C(=O)c4ccc(Oc5ccc6c(c5)C(=O)N(*)C6=O)cc4C3=O)c2)(C(F)(F)F)C(F)(F)F)c1,224.5,225.51025,1.0030950774353276,1.0102539
*O[Si](c1ccccc1)(c1ccccc1)c1ccc([Si](*)(c2ccccc2)c2ccccc2)cc1,130.0,108.7427,2.5216679188316227,-21.257301
*CCCCCOc1ccc(/C=C/C(=O)OCCN(CCOC(=O)/C=C/c2ccc(O*)cc2)c2ccc(/N=N/c3ccc([N+](=O)[O-])cc3)cc2)cc1,92.0,98.7181,0.8920435758522393,6.7181015
*c1ccc2c(c1)C(=O)N(c1ccc(N(c3ccc(C#N)cc3)c3ccc(N4C(=O)c5ccc(C(*)(C(F)(F)F)C(F)(F)F)cc5C4=O)cc3)cc1)C2=O,321.0,322.844,4.523017176306035,1.8439941
*Oc1ccc(S(=O)(=O)c2ccc(Oc3ccc(C(C)(CCC(=O)O)c4ccc(*)cc4)cc3)cc2)cc1,163.0,163.4068,0.9336553333715873,0.40679932
*c1ccc(-c2ccc3c(c2)C(CCCCCCCC)(CCCCCCCC)c2cc(*)ccc2-3)c(F)c1,34.000004,34.268444,1.179404234268091,0.26844025
*N=P(*)(Oc1cccc(Br)c1)Oc1cccc(Br)c1,-2.4999976,-2.0795112,1.7984873186919443,0.42048645
*[Si](*)(C)c1ccccc1,88.0,77.79847,6.694685260217764,-10.20153
*CCC1C(=O)N(CCCCCCCCCCCCCC)C(=O)C1*,62.400005,53.79273,1.1058475387195046,-8.607277
*CCCCCCOC(=O)O*,-41.999996,-34.69627,2.926119000416937,7.303726
*Nc1ccc(NC(=O)c2cc(-c3ccc(C(=O)O)c(C(*)=O)c3)ccc2C(=O)O)cc1,248.4,241.38776,1.563813334598532,-7.0122375
*Sc1ccc(Sc2ccc(Sc3ccc(P(=O)(c4ccccc4)c4ccc(*)cc4)cc3)cc2)cc1,175.0,193.1877,2.760690081456368,18.187698
*Oc1ccc(CC(NC(=O)CCc2ccc(OC(=O)CCC(*)=O)cc2)C(=O)OC(C)C)cc1,82.0,77.33016,0.6449949129595977,-4.669838
*c1ccc(C(c2ccc(OCCCC)cc2)c2ccc(N(*)c3ccc(C)cc3)cc2)cc1,170.0,173.7887,1.4535996121693817,3.7886963
*CCCCCCCCCCC(=O)Nc1ccc(Oc2ccc(Oc3ccc(NC(=O)CCCCCCCCCCN4C(=O)c5ccc(C(=O)c6ccc7c(c6)C(=O)N(*)C7=O)cc5C4=O)cc3)cc2)cc1,122.0,132.05194,1.3346619906878794,10.051941
*CC(COC(F)(C(F)(F)F)C(F)(F)F)O*,-42.999996,-51.005398,3.1159798633990157,-8.005402
*c1ccc(Oc2ccc(S(=O)(=O)c3ccc(Oc4ccc(-c5c6c(c(*)c7ccccc57)C(=O)N(c5ccc(F)cc5)C6=O)cc4)cc3)cc2)cc1,300.0,295.01193,3.2558602881706635,-4.9880676
*c1ccc(-c2sc(-c3cc(CCCCCCCC)c(*)s3)cc2CCCCCCCC)cc1,50.400005,48.529545,2.584940351653647,-1.8704605
*CC(*)(C)C(=O)OCCCCCCCCCCOc1ccc(/N=N/c2ccccc2)cc1,56.000004,55.562275,1.1972969978259307,-0.43772888
*CCOC(=O)CCSCCC(=O)O*,-42.999996,-36.261044,2.8208030396441037,6.7389526
*Nc1cc(NC(=O)c2ccc(C(*)=O)cc2)cc(-c2nnc(-c3ccccn3)o2)c1,230.0,181.83159,24.775740101794653,-48.16841
*CC(*)c1ccc(OCCC(C)C)cc1,57.000004,51.574345,1.1179693652978355,-5.425659
*CC(*)(C)C(=O)OC1CCCCC1C(C)(C)C,185.0,177.53693,1.5739673226666564,-7.4630737
*c1cc(C)c(/N=C/c2ccc(OCc3ccc(COc4ccc(/C=N/c5cc(C)c(-n6c(=O)c7ccc8c9ccc%10c(=O)n(*)c(=O)c%11ccc(c%12ccc(c6=O)c7c8%12)c9c%10%11)cc5C)cc4)cc3)cc2)cc1C,130.0,130.53076,0.7097681224135082,0.5307617
*c1ccc(Oc2ccc(S(=O)(=O)c3ccc(Oc4ccc(C5(*)OC(=O)c6ccccc65)cc4C)cc3)cc2)c(C)c1,245.0,245.36523,1.1591830729966688,0.36523438
*c1ccc(C(=O)c2ccc(C(=O)c3ccc(Oc4ccc(-c5nn(*)c(=O)c6ccccc56)c(F)c4)cc3)cc2)cc1,287.0,267.28442,1.2868012384593068,-19.715576
*CC(*)(CC(=O)OC)C(=O)OC,95.0,92.145966,1.6984506232576522,-2.8540344
*c1ccc(-c2ccc(N3C(=O)c4ccc(Oc5c(C)cc(C(C)(C)c6cc(C)c(Oc7ccc8c(c7)C(=O)N(*)C8=O)c(C)c6)cc5C)cc4C3=O)cc2C(F)(F)F)c(C(F)(F)F)c1,262.0,261.74313,1.3547331894907468,-0.25686646
*c1ccc(S(=O)(=O)c2ccc(-n3nccc3-c3ccc(-c4ccnn4*)cc3)cc2)cc1,266.0,253.16136,4.1113475800856,-12.838638
*c1ccc(*)[nH]1,103.0,100.494156,1.9549149289778134,-2.505844
*CC(O)COc1ccc(S(=O)(=O)c2ccc(O*)c(C)c2)cc1C,132.5,139.19887,0.7353779315642578,6.698868
*CCCCCOC(=O)OCCCCCN1C(=O)c2ccc(C(=O)c3ccc4c(c3)C(=O)N(*)C4=O)cc2C1=O,77.0,59.966747,1.5257342823265525,-17.033253
*CCCP(CCCCCCCC)CCCNC(=O)CCCCC(=O)N*,12.000002,31.069063,0.8493787822975881,19.069061
*c1cn(*)c2ccccc12,65.0,63.966022,1.8920364618029282,-1.0339775
*Nc1ccc(CC(C)(C)NC(=O)CCC(*)=O)cc1,158.0,143.05753,1.3658371143970431,-14.942474
*N=P(*)(Oc1cccc(Cl)c1)Oc1cccc(Cl)c1,-23.999998,-30.776564,2.2400964190918775,-6.7765656
*CCCC(*)(C)C(=O)O,132.0,129.8712,0.8222198671300098,-2.1287994
*c1ccc(Oc2ccc(-c3ccc(Oc4ccc(-c5ncc(*)o5)cc4C(F)(F)F)cc3)cc2)c(C(F)(F)F)c1,200.0,195.0292,0.866476231632355,-4.9707947
*Oc1ccc(/N=N/c2c(C)cc(Cc3cc(C)c(/N=N/c4ccc(OC(=O)c5ccc(C(*)=O)cc5)cc4)c(C)c3[N+](=O)[O-])c([N+](=O)[O-])c2C)cc1,203.0,201.65613,2.2830723952410197,-1.3438721
*CCCCCCCCCCCOC(=O)c1ccc(-c2ccc(C(=O)O*)cc2)cc1,49.000004,47.09978,7.888720364907837,-1.9002228
*c1ccc2c(c1)C(=O)N(c1ccc(Oc3ccc(N4C(=O)c5ccc(C(F)(F)C(F)(F)C(*)(F)F)cc5C4=O)cc3)cc1)C2=O,222.0,251.18332,11.932281558089993,29.18332
*Oc1ccc(CC(NC(=O)CCc2ccc(OC(=O)COCC(*)=O)cc2)C(=O)OCCCCCC)cc1,45.000004,43.917606,0.5880613790222547,-1.0823975
*CCCCCCCCc1nc2cc(NC(=O)CCCCCCCCC(=O)Nc3ccc4oc(*)nc4c3)ccc2o1,93.0,79.66818,2.6602083158465466,-13.331818
*c1ccc(Oc2ccc(-c3nc4ccc(-c5ccc6nc(*)c(-c7ccccc7)c(-c7ccccc7)c6c5)cc4c(-c4ccccc4)c3-c3ccccc3)cc2)cc1,300.0,337.69675,7.8002978018845885,37.696747
*CC(O)CN(*)c1ccccc1,78.5,74.6369,0.9318522231875239,-3.8630981
*Oc1cc(C(C)(C)C)c(Oc2ccc(C(=O)Nc3ccc(C(C)(C)c4ccc(NC(=O)c5ccc(*)cc5)cc4)cc3)cc2)cc1C(C)(C)C,254.0,250.49756,1.8647571158819711,-3.5024414
*c1ccc(OCCN(CC)c2ccc(-c3ccc(C(=C(C#N)C#N)c4ccc(-c5ccc(N(CC)CC)cc5)s4)s3)cc2)c(-c2cc(-c3ccccc3)c3cc(Oc4ccc5nc(*)cc(-c6ccccc6)c5c4)ccc3n2)c1,205.0,206.97333,1.0259225696546515,1.9733276
*O[Si](*)(C)CCCOc1ccc(C(=O)Oc2ccc(C#N)cc2)cc1,57.000004,44.809216,1.6589034677407906,-12.190788
*Cc1ccc(CSSSS*)cc1,3.0000024,2.4832025,2.3489245595228083,-0.5167999
*c1ccc(Oc2cc(C(C)(C)C)c(Oc3ccc(N4C(=O)c5ccc(Oc6ccc7c(c6)C(=O)N(*)C7=O)cc5C4=O)cc3)cc2C(C)(C)C)cc1,242.0,244.0215,1.7268606568692428,2.0214996
*Oc1ccc(C2(c3ccc(Oc4ccc5c(=O)n6c7cc(-c8ccc9c(c8)nc8c%10ccc(*)c%11cccc(c(=O)n98)c%11%10)ccc7nc6c6cccc4c56)cc3)c3ccccc3-c3ccccc32)cc1,421.0,419.07892,9.79126236785636,-1.9210815
*c1ccc(Cc2ccc(N3C(=O)c4ccc(Oc5ccc(Oc6ccc7c(c6)C(=O)N(*)C7=O)cc5)cc4C3=O)c(OC)c2)cc1OC,269.0,268.90106,1.2532836842357322,-0.09893799
*CCOCCOC(=O)CCCCCCCCC(=O)O*,-74.5,-53.76736,2.7563809643780877,20.73264
*CC(*)C(=O)OCC(C)C,24.999994,18.743235,3.0317068205252236,-6.2567596
*CC(*)Cc1ccccc1C,80.0,69.187065,1.1549412924178857,-10.812935
*c1ccc(C2(c3ccc(-c4cc(-c5ccccc5)c5cc(-c6ccc7nc(*)cc(-c8ccccc8)c7c6)ccc5n4)cc3)c3ccccc3-c3ccccc32)cc1,420.0,389.18387,8.753023606859664,-30.816132
*CCCCCCOc1c(OC)cc(/C=C2\CCC/C(=C\c3cc(OC)c(O*)c(OC)c3)C2=O)cc1OC,71.0,56.67896,0.7282199988342074,-14.321041
*Oc1ccc(-c2ccc(Oc3ccc(-c4ccc(-c5ccc(*)c(C(F)(F)F)c5)cc4)cc3C(F)(F)F)cc2)cc1,203.5,194.80322,1.0668532127218477,-8.696777
*c1ccc(Oc2ccc(Oc3ccc(N4C(=O)c5ccc(Oc6ccccc6Oc6ccc7c(c6)C(=O)N(*)C7=O)cc5C4=O)cc3C(F)(F)F)cc2)c(C(F)(F)F)c1,197.0,195.59085,1.082843798710671,-1.4091492
*/C=N/c1ccc(C(=O)OCCCCOCCCCOCCCCOC(=O)c2ccc(/N=C/c3ccc(*)s3)cc2)cc1,24.999994,27.3304,0.9620812847871029,2.3304062
*c1ccc(OC(=O)c2cccc(C(=O)Oc3ccc(C4(*)C(=O)Nc5c(Cl)cc(Cl)cc54)cc3)c2)cc1,270.0,279.32422,1.731368222884613,9.324219
*CC(*)(C)C(=O)OCC#C,58.000004,59.684437,0.752367935722532,1.684433
*Oc1cc(Cl)c(C(C)(C)c2c(Cl)cc(OC(*)=O)cc2Cl)c(Cl)c1,240.0,238.2686,1.273126902386334,-1.7313995
*CC(*)c1ccc(Cl)cc1,124.0,111.42589,4.289189244435705,-12.574112
*CCCCNC(=O)C(=O)N*,120.0,198.12251,62.10373760451407,78.12251
*OC(CCc1ccccc1)CC(*)=O,17.999994,21.163828,1.206119021761688,3.1638336
*Cc1ccc(C(C)(CC)c2ccc(Cn3c(=O)c4cc5c(=O)n(*)c(=O)c5cc4c3=O)o2)o1,143.0,136.73875,0.9811525941697451,-6.2612457
*Oc1ccc(CC(NC(=O)CCc2ccc(OC(=O)CCC(C)CC(*)=O)cc2)C(=O)OCc2ccccc2)cc1,55.000004,54.123333,0.41583238993335997,-0.87667084
*c1cccc(-c2nc3cc4nc(-c5ccccc5)c(*)nc4cc3nc2-c2ccccc2)c1,365.0,355.70978,8.051370160970004,-9.290222
*CC(*)(CC(=O)OCC)C(=O)OCC,65.5,60.353916,0.9495551250446025,-5.146084
*C(=O)c1ccc2c(c1)C(=O)N(c1ccc(Cc3ccc(N4C(=O)c5ccc(*)cc5C4=O)cc3)cc1)C2=O,295.0,298.4035,4.821834988263961,3.4035034
*O[Si](C)(C)CCCCCCOC(=O)C(C)Oc1ccc(OC(=O)c2ccc(-c3ccc(OCCCCCCCCCC[Si](*)(C)C)cc3)cc2)cc1[N+](=O)[O-],19.999994,17.140543,1.6696940632435138,-2.8594513
*C1C(*)C2CC1C(COCc1ccccc1)C2COCc1ccccc1,176.0,171.24161,0.9318033178294128,-4.7583923
*N=P(*)(OCCCCCCCC)OCCCCCCCC,-83.999985,-82.32968,4.206447661855312,1.6703033
*c1ccc(Oc2ccc(-c3cc(-c4ccccc4)c4cc5nc(*)cc(-c6ccccc6)c5cc4n3)cc2)cc1,365.0,343.94983,7.310801035600763,-21.05017
*CCC(=O)NCc1c(C)c(C)c(CNC(=O)CCO*)c(C)c1C,191.0,188.04391,1.3929790645367541,-2.9560852
*c1cccc(Cc2cccc(N3C(=O)c4ccc([Si](C)(C)c5ccc(-c6ccc([Si](C)(C)c7ccc8c(c7)C(=O)N(*)C8=O)cc6)cc5)cc4C3=O)c2)c1,285.0,267.0418,1.652924656808711,-17.95819
*CC(*)(CC(=O)OC(C)C)C(=O)OC12CC3CC(C)(CC(C)(C3)C1)C2,158.0,167.94588,0.8371215496635018,9.945877
*CC(*)(C)C(=O)OCCC1CCCCC1,110.0,102.52554,0.999014778788466,-7.474457
*c1ccc2c(c1)C(=O)N(c1ccc(-c3ccc(N4C(=O)c5ccc(C(*)(c6ccccc6)C(F)(F)F)cc5C4=O)cc3C(F)(F)F)c(C(F)(F)F)c1)C2=O,280.0,274.4645,1.2508108743404895,-5.535492
*Oc1cccc(Oc2ccc3c(=O)n4c5cc(Oc6ccc7c(c6)nc6c8ccc(*)c9cccc(c(=O)n76)c98)ccc5nc4c4cccc2c34)c1,369.5,370.72473,8.385674203440866,1.2247314
*Oc1ccc(S(=O)(=O)c2ccc(Oc3ccc(C(C)(C)c4ccc(*)cc4)cc3)cc2)c(N)c1,202.0,205.6415,0.9558592037331985,3.6414948
*c1cc(C(c2ccc(OCCN(C)c3ccc(/C=C/C4=C/C(=C(/C#N)C(=O)OCc5ccc(Oc6c(F)c(F)c(F)c(F)c6F)cc5)CC(C)(C)C4)cc3)c(N3C(=O)c4ccc(Oc5ccc6c(c5)C(=O)N(*)C6=O)cc4C3=O)c2)(C(F)(F)F)C(F)(F)F)ccc1OCCN(c1ccccc1)c1ccc(/C=C/C2=C/C(=C(/C#N)C(=O)OCc3ccc(Oc4c(F)c(F)c(F)c(F)c4F)cc3)CC(C)(C)C2)cc1,162.0,169.05705,1.0266678789344736,7.0570526
*c1c(F)c(F)c(-c2c(F)c(F)c(Oc3ccc(-c4nn(*)c(=O)c5ccccc45)c(F)c3)c(F)c2F)c(F)c1F,253.0,253.38684,1.5378129632784556,0.38684082
*Oc1ccc(Oc2ccc(Oc3ccc(C(C)(C)c4ccc(*)cc4)cc3)cc2)cc1,122.0,118.45191,6.4271425818555015,-3.548088
*O[Si](C)(C)CC[Si](C)(C)Oc1c(C)cc(-c2cc(C)c(*)c(C)c2)cc1C,55.000004,51.485752,1.2319015705017402,-3.5142517
*CCOCCOC(=O)CCCCCC(=O)O*,-41.499996,-53.14123,2.7981765096993305,-11.641235
*c1ccc(Oc2ccc(C(c3ccc(Oc4ccc(-n5c(=O)c6cc7c(=O)n(*)c(=O)c7cc6c5=O)cc4)cc3)(C(F)(F)F)C(F)(F)F)cc2)cc1,310.0,307.2011,8.487443426165502,-2.7988892
*CC(*)(C)C(=O)Oc1c(Cl)c(Cl)c(Cl)c(Cl)c1Cl,110.0,110.08529,0.9084489672446561,0.085289
*CCCCCCCOC(=O)Nc1ccc(Cc2ccc(NC(=O)O*)cc2)cc1,84.0,78.95327,2.005108581982921,-5.04673
*c1cc(C(C(=O)OC)C(=O)OC)c(*)s1,-20.100004,-12.9307995,3.960558223505735,7.1692047
*Oc1ccc(C2(c3ccc(Oc4ccc(C(=O)c5cccc(-c6cccc(C(=O)c7ccc(*)cc7)c6)c5)cc4)cc3)c3ccccc3-c3ccccc32)cc1,212.0,214.22865,1.0083391560494033,2.228653
*Oc1ccc(C(c2ccc(OC(=O)c3ccccc3-c3ccccc3C(*)=O)cc2)(C(F)(F)F)C(F)(F)F)cc1,162.0,158.6221,0.8924932538131156,-3.3778992
*C(=O)c1ccc2c(c1)C(=O)N(c1ccc(NC(=O)c3cccc(C(=O)Nc4ccc(N5C(=O)c6ccc(*)cc6C5=O)cc4)c3)cc1)C2=O,247.0,281.05927,6.837337686765005,34.059265
*Nc1cc(NC(=O)c2cc(OCCCS(=O)(=O)c3ccc(/N=N/c4ccc(N(C)C)cc4)cc3)cc(C(*)=O)c2)cc(C(=O)OCCCN(C)c2ccc(/N=N/c3ccc(S(C)(=O)=O)cc3)cc2)c1,166.0,179.98328,0.9853609683047648,13.983276
*c1cccc(N2C(=O)C(=O)N(c3ccc(Cc4ccc(N5C(=O)C(=O)N(*)C5=O)cc4)cc3)C2=O)n1,237.0,234.7993,1.907992803568834,-2.2006989
*CC(*)(C)C(=O)OCCC[Si](O[Si](C)(C)C)(O[Si](C)(C)C)O[Si](C)(C)C,72.35,59.78339,1.373541226774264,-12.566608
*Nc1ccc(-c2ccc(NC(=O)c3ccc(NC(=O)c4ccc([Si](C)(C)c5ccc(C(=O)Nc6ccc(C(*)=O)cc6)cc5)cc4)cc3)cc2)cc1,320.0,328.257,6.133809710018408,8.256989
*Cc1ccccc1[Si](*)(c1ccccc1)c1ccccc1,122.0,121.72654,1.0883038149016744,-0.2734604
*C(=O)Nc1ccc(Oc2ccc(NC(=O)c3ccc(N4C(=O)c5ccc(*)cc5C4=O)cc3)cc2)cc1,296.0,284.30557,5.813127118811426,-11.6944275
*CCC[Si](*)(C[Si](C)(C)c1ccccc1)C[Si](C)(C)c1ccccc1,-35.999996,-30.022703,3.9977505912656652,5.977293
*Oc1ccc(S(=O)(=O)c2ccc(Oc3cccc(NC(=O)c4ccc(-c5ccc(C(=O)Nc6cccc(*)c6)c(C)c5)cc4C)c3)cc2)cc1,220.0,221.9259,1.1895933043382867,1.9259033
*c1ccc(Oc2ccc(S(=O)(=O)c3ccc(Oc4ccc(-c5nc(-c6ccc(-c7nc(*)c(-c8ccccc8)[nH]7)cc6)[nH]c5-c5ccccc5)cc4)cc3)cc2)cc1,301.0,288.82986,1.8650947408810084,-12.1701355
*c1ccc2c(c1)C(=O)N(C1CCC(CC3CCC(N4C(=O)c5ccc(C(*)(C(F)(F)F)C(F)(F)F)cc5C4=O)C(C)C3)CC1C)C2=O,225.0,240.42357,0.9766425148169133,15.423569
*C(=O)N1C(=S)N(C(=O)c2ccc3c(c2)C(=O)N(c2ccc(Oc4ccc(N5C(=O)c6ccc(*)cc6C5=O)cc4)cc2)C3=O)C(C)=C(C(=O)OCC)C1c1ccccc1,155.0,160.60382,0.9002677396392673,5.603821
*c1ccc2c(c1)C(=O)N(c1ccc(-c3ccc(N4C(=O)c5ccc(C(*)(C(F)(F)F)C(F)(F)F)cc5C4=O)c(OCCOc4ccc5c(C)cc(=O)oc5c4)c3)cc1OCCOc1ccc3c(C)cc(=O)oc3c1)C2=O,132.0,129.98247,0.9886437011970772,-2.0175323
*Oc1ccc(/C=N/N=C/c2ccc(Oc3ccc(C(c4ccc(*)cc4)(C(F)(F)F)C(F)(F)F)cc3)cc2)cc1,162.0,169.22801,1.0758233141230635,7.228012
*C(F)C(*)(F)F,31.449999,25.361116,2.282624811728028,-6.0888824
*CCCCCCC(=O)Oc1ccc(OC(=O)c2ccc3c(c2)C(=O)N(*)C3=O)c(C)c1,57.210003,54.76433,1.553540381890548,-2.445671
*CCSSCCO*,-52.999996,-48.485332,3.3592527080060552,4.5146637
*CC(O)COC(=O)c1cccc(C(=O)OCC(O)COc2ccc(C(C)(C)c3ccc(O*)cc3)cc2)c1,97.0,96.22056,0.8847624372253629,-0.77944183
*CC(*)C(=O)OCCCOCC,-61.499996,-54.200176,3.3637897010142073,7.29982
*C(=O)Nc1ccc(Oc2ccc(C3(c4ccc(Oc5ccc(NC(=O)c6ccc7c(c6)C(=O)N(c6ccc(Oc8ccc(C9(c%10ccc(Oc%11ccc(N%12C(=O)c%13ccc(*)cc%13C%12=O)cc%11)cc%10)NC(=O)c%10ccccc%109)cc8)cc6)C7=O)cc5)cc4)NC(=O)c4ccccc43)cc2)cc1,330.0,303.47232,2.9968227437791817,-26.52768
*Oc1ccc(OC(=O)c2cc(OCCCCCCCCCCOCC3CCCN3c3ccc([N+](=O)[O-])cc3)c(C(*)=O)cc2OCCCCCCCCCCOCC2CCCN2c2ccc([N+](=O)[O-])cc2)cc1,29.999994,45.652332,0.7241246725237721,15.652338
*Oc1c(C)cc(-c2cc(C)c(Oc3ccc(C(=O)c4ccc(*)cc4)cc3)c(C)c2)cc1C,246.635,259.41028,1.6208644194234116,12.775284
*CCOCCOC(=O)CCCCC(=O)O*,-50.999996,-50.984585,2.9178517957258756,0.015411377
*Oc1ccc(S(=O)(=O)c2ccc3cc(S(=O)(=O)c4ccc(Oc5c(C)cc(-c6cc(C)c(*)c(C)c6C)c(C)c5C)cc4)ccc3c2)cc1,300.0,289.75595,2.167939338342339,-10.244049
*CC(*)(C)C(=O)OCCCCCCCCCCOc1ccc(OC(=O)c2ccc(OCCCC)cc2)cc1,31.000002,34.188465,1.8028318319394792,3.1884632
*CCCCCCCCCCCC(c1ccc(O)cc1)C(*)c1ccc(O)cc1C,4.0000024,3.7932,2.5476030481000858,-0.20680237
*Oc1ccc(C2(c3ccc(OC(=O)CCCCC(*)=O)cc3)c3cc(N(C)C)ccc3-c3ccc([N+](=O)[O-])cc32)cc1,150.0,152.1615,3.172167407360974,2.161499
*c1ccc(Oc2ccc(C(=O)c3cccc(C(=O)c4ccc(Oc5ccc(-c6cc(*)n(-c7ccccc7)n6)cc5)cc4)c3)cc2)cc1,190.0,187.97609,0.9348581747918541,-2.0239105
*c1ccc(C(C)(C)c2ccc(C(C)(C)c3ccc(N4C(=O)c5ccc(Oc6ccc7cc(Oc8ccc9c(c8)C(=O)N(*)C9=O)ccc7c6)cc5C4=O)cc3)cc2)cc1,246.0,231.94237,2.6544385308133744,-14.057632
*Oc1ccc(NC(=O)c2ccc([Si](C)(C)c3ccc(C(*)=O)cc3)cc2)cc1,220.0,287.0305,8.704060441986904,67.03049
*Oc1ccc(CC(NC(=O)Cc2ccc(OC(=O)CCCCCCC(*)=O)cc2)C(=O)OCC)cc1,54.000004,47.743443,0.509322652878181,-6.2565613
*CC(*)C(=O)OCCO,20.700006,15.745417,1.4742644822252085,-4.95459
*C(=O)c1ccc2c(c1)C(=O)N(c1cc(C(=O)O)cc(N3C(=O)c4ccc(*)cc4C3=O)c1)C2=O,314.0,331.30017,7.307693712718806,17.30017
*Nc1ccc(NC(=O)c2ccc(C(=O)c3ccc(C(*)=O)c(C(=O)O)c3)cc2C(=O)O)cc1,317.0,311.28018,2.823429686736488,-5.719818
*Nc1ccc(/C=C/c2ccc(NC(=C(C#N)C#N)c3ccc(C(*)=C(C#N)C#N)cc3)cc2)cc1,250.0,255.57881,1.4927811818079437,5.5788116
*CC(CBr)O*,-13.999998,-13.045927,1.26608798665734,0.95407104
*Oc1ccc(C2(c3ccc(Oc4ccc(C(=O)c5cccc(C(=O)c6ccc(*)cc6)c5)cc4)cc3)CCC3CCCCC3C2)cc1,194.0,197.70523,0.8790370544873496,3.7052307
*c1ccc(C(=O)Nc2ccc(Oc3ccc(NC(=O)c4ccc(-n5c(=O)c6cc7c(=O)n(*)c(=O)c7cc6c5=O)cc4)cc3)cc2)cc1,360.0,329.8773,13.765888578915025,-30.122711
*CC(*)(C#N)C(=O)OC,147.5,135.05504,1.6857739774346256,-12.444962
*O[Si](*)(C)CCCCCCCCCCC(=O)Oc1ccc(OC(=O)c2ccc(OCC(C)CC)cc2)cc1,13.399996,18.17357,2.1136470602713775,4.773575
*Oc1ccc(C2(c3ccc(Oc4ccc(C(=O)c5ccc(C(=O)c6ccc(*)c(C(F)(F)F)c6)cc5)cc4C(F)(F)F)cc3)c3ccccc3-c3ccccc32)cc1,229.0,224.396,0.7839573412233181,-4.604004
*N=P(*)(OCC1COCCOCCOCCOCCO1)OCC1COCCOCCOCCOCCO1,-39.999996,-42.907604,3.732227798443548,-2.907608
*CCN(CCOC(=O)NC(C)(C)c1cccc(C(C)(C)NC(=O)O*)c1)c1ccc(/N=N/c2ccc([N+](=O)[O-])cc2)cc1,103.0,109.45037,0.6368393947019955,6.450371
*Oc1ccc(C(C)(C)c2ccc(Oc3cncc(*)n3)cc2)cc1,145.0,143.42256,0.8069608717873632,-1.5774384
*c1ccc(C(c2ccc(N3C(=O)c4ccc(Oc5ccc6ccc(Oc7ccc8c(c7)C(=O)N(*)C8=O)cc6c5)cc4C3=O)cc2)(C(F)(F)F)C(F)(F)F)cc1,256.0,261.2282,1.7883587781656207,5.2282104
*c1ccc2oc(-c3ccc(C(c4ccc(-c5nc6cc(C(*)(c7ccccc7)C(F)(F)F)ccc6o5)cc4)(C(F)(F)F)C(F)(F)F)cc3)nc2c1,334.0,321.241,3.0822728663642565,-12.759003
*Oc1ccc(/C(=C/c2ccc(-c3ccc(/C=C(\c4ccccc4)c4ccc(OC(=O)CCCCC(*)=O)cc4)cc3)cc2)c2ccccc2)cc1,128.0,131.49773,1.0156716086494586,3.4977264
*Oc1ccc(NC(=O)c2ccc(-c3ccc(C(=O)Nc4ccc(Oc5ccc(C(C)(C)c6ccc(*)cc6)cc5)cc4)c(C)c3)cc2C)cc1,230.0,221.76718,1.5592429351466166,-8.232819
*Nc1cccc(NC(=O)c2ccc(C(*)=O)cc2)c1,238.0,266.2522,3.503494611053105,28.252197
*CC(*)(Cl)C(=O)OCCCC,42.000004,46.96001,3.205955459528876,4.9600067
*c1cccc(Oc2cccc(Oc3cccc(N4C(=O)c5ccc(-c6ccc7c(c6)C(=O)N(*)C7=O)cc5C4=O)c3)c2)c1,208.0,210.6846,1.3163667789689668,2.6846008
*CC(*)CN,190.0,182.3883,1.2727657148485927,-7.6116943
*CCCCOc1ccc(C(=O)OC(=O)c2ccc(O*)cc2)cc1,45.000004,59.315006,1.0300641309021445,14.315002
*c1cccc(C(=O)Nc2cccc(S(=O)(=O)c3cccc(NC(=O)c4cccc(N5C(=O)c6ccc(-c7cccc8c7C(=O)N(*)C8=O)cc6C5=O)c4)c3)c2)c1,261.0,252.36586,1.0279861244331954,-8.63414
*CCCCCCCCCNC(=O)c1ccc(C(=O)N*)cc1,115.0,137.89708,1.6174080568014457,22.89708
*Oc1ccc(C(C)(C)c2ccc(OC(=O)CCCCC(*)=O)cc2)cc1,54.000004,64.77395,2.0118095585456954,10.773945
*CC(*)(CC(=O)OCCc1ccccc1)C(=O)OCCc1ccccc1,45.000004,50.540295,0.8704284547910581,5.540291
*c1ccc(C(=O)Nc2ccc(Oc3ccc(S(=O)(=O)c4ccc(Oc5ccc(NC(=O)c6ccc(N7C(=O)c8ccc(-c9ccc%10c(c9)C(=O)N(*)C%10=O)cc8C7=O)cc6)cc5)cc4)cc3)cc2)cc1,258.0,263.0632,2.7062411386836205,5.063202
*c1ccc(Oc2ccc(C(=O)c3ccc(Oc4ccc(-c5c6c(c(*)c7ccccc57)C(=O)N(c5ccc(Cl)cc5)C6=O)cc4)cc3)cc2)cc1,272.0,271.259,2.2040945355096935,-0.7409973
*CC(*)(CC(=O)OCC)C(=O)O,135.0,128.53708,1.4002259589407133,-6.462921
*c1ccc(C(=O)c2ccc(Oc3ccc(-c4nn(*)c(=O)c5ccccc45)cc3)cc2)cc1,263.0,263.56613,1.6422041205877358,0.5661316
*C(=O)c1cc2c(cc1Cl)C(=O)N(c1cc(N3C(=O)c4cc(*)c(Cl)cc4C3=O)cc(C(F)(F)F)c1)C2=O,305.0,298.0138,1.9804192303163637,-6.986206
*CC(*)c1ccc(CCCCCCCCCCCCCCCC)cc1,4.5000024,-34.144146,4.766827246795537,-38.64415
*CC(COc1ccc(C(C)(C)c2ccc(O*)cc2)cc1)OC(=O)CCl,65.0,59.34007,0.5191175478564488,-5.659931
*CC(CO)(CCl)COc1ccc(C(c2ccc(O*)cc2)(C(F)(F)F)C(F)(F)F)cc1,107.0,109.92365,0.9785539079566232,2.9236526
*c1cccc(N2C(=O)c3ccc(Oc4ccccc4Oc4ccc5c(c4)C(=O)N(*)C5=O)cc3C2=O)c1,224.0,224.79274,1.283172083886841,0.79273987
*CC(*)c1ccccc1Br,149.0,151.2735,0.7776878209248219,2.2734985
*CC(*)c1ccc(O)cc1,158.0,148.87648,1.716226726068306,-9.12352
*Oc1ccc(Oc2ccc(C(=O)c3cccc4cccc(C(=O)c5ccc(*)cc5)c34)cc2)cc1,202.0,212.11864,1.3857090264836673,10.118637
*CCCCCCc1ccc(-c2c(-c3ccccc3)cc(-c3ccc(-c4cc(-c5ccccc5)c(-c5ccc(*)cc5)c(-c5ccccc5)c4-c4ccccc4)cc3)c(-c3ccccc3)c2-c2ccccc2)cc1,250.0,211.69843,11.61522990173618,-38.301575
*c1ccc(-c2cc(-c3ccc(-c4ccccc4)cc3)cc(-c3ccc(N4C(=O)c5ccc(NC(=O)Nc6ccc(Oc7ccccc7-c7ccccc7Oc7ccc(NC(=O)Nc8ccc9c(c8)C(=O)N(*)C9=O)cc7)cc6)cc5C4=O)cc3)n2)cc1,249.0,241.20015,0.9860049063069606,-7.7998505
*c1ccc(Oc2ccc(N3C(=O)CC(C4C=C(C)C5C(=O)N(*)C(=O)C5C4)C3=O)cc2)cc1,278.0,287.4184,4.829563500959041,9.418396
*CC(*)C(=O)OCCSCCCC#N,-57.999996,-58.343426,3.2286444040206175,-0.34342957
*Oc1c(Br)cc(C(C)(C)c2cc(Br)c(OC(*)=O)c(Br)c2)cc1Br,228.5,201.30023,2.1962987910375107,-27.199768
*c1ccc(Oc2ccc(-c3c4ccccc4c(-c4ccc(Oc5ccc(-c6c7c(c(*)c8ccccc68)C(=O)N(c6ccccc6)C7=O)cc5)c(C(F)(F)F)c4)c4ccccc34)cc2C(F)(F)F)cc1,361.0,342.9214,6.906263453317804,-18.078613
*Oc1ccc(C2(c3ccc(OC4(F)C(*)(F)C(F)(F)C4(F)F)cc3)c3ccccc3-c3ccccc32)cc1,228.0,194.84296,14.158576612844682,-33.157043
*CC(OC1CCCCC1)C1C(=O)OC(=O)C1*,201.0,191.87022,0.9091645353645135,-9.129776
*c1cccc(Oc2ccc(-c3ccc(Oc4cccc(-n5c(=O)c6cc7c(=O)n(*)c(=O)c7cc6c5=O)c4)cc3)cc2)c1,251.0,246.5393,4.328814103969095,-4.4606934
*Oc1ccc(OC(=O)c2ccc(C(*)=O)cc2Sc2ccccc2)cc1C,130.0,131.2248,0.7625844954212163,1.2247925
*c1cccc(N2C(=O)c3ccc(C(c4ccc5c(c4)C(=O)N(c4cccc(N6C(=O)c7ccc(-c8ccc9c(c8)C(=O)N(*)C9=O)cc7C6=O)c4)C5=O)(C(F)(F)F)C(F)(F)F)cc3C2=O)c1,308.0,288.4358,2.059922377577209,-19.564209
*Nc1ccc(C(c2ccc(NC(=O)c3ccc(-c4ccc(C(*)=O)c(C)c4)cc3C)cc2)(C(F)(F)F)C(F)(F)F)cc1,289.0,281.97617,1.6910764911446887,-7.023834
*Oc1cc(OC(=O)c2ccc(OCCCCC)cc2)c(OC(=O)CCCC(*)=O)cc1OC(=O)c1ccc(OCCCCC)cc1,44.000004,46.294567,0.8991565303139627,2.2945633
*Oc1ccc(OC(=O)c2ccc(Sc3cccc(OC(=O)c4ccc(C(=O)Oc5cccc(Sc6ccc(C(*)=O)cc6)c5)cc4)c3)cc2)cc1C,135.0,133.85002,0.650194694000909,-1.1499786
*C(=O)c1ccc2c(c1)C(=O)N(c1ccc(C(c3ccccc3)(c3ccc(N4C(=O)c5ccc(*)cc5C4=O)cc3)C(F)(F)F)cc1)C2=O,311.0,309.14267,3.2146624982757555,-1.8573303
*C1CCOC1*,131.0,126.64997,0.8586569246214675,-4.350029
*CC1CCCC(CN2C(=O)c3ccc(C(=O)c4ccc5c(c4)C(=O)N(*)C5=O)cc3C2=O)C1,213.0,212.09863,0.9617931934805424,-0.9013672
*CC(*)(C)C(=O)NC(=O)Oc1c(Br)cc(S(=O)(=O)c2cc(Br)c(O)c(Br)c2)cc1Br,116.0,119.30823,0.8829169144716313,3.3082275
*c1cccc(N2C(=O)c3ccc(Oc4ccc(Oc5ccc6c(c5)C(=O)N(*)C6=O)cc4)cc3C2=O)c1,255.0,246.73242,1.563582945331199,-8.267578
*CCCO*,-73.600006,-65.78148,6.0102439870457625,7.818527
*CCN(CCOC(=O)c1ccc(C(=O)O*)c(OCCC)c1)c1ccc(/N=N/c2ccc(-c3nc4ccccc4o3)cc2)cc1,117.0,117.50479,0.8949536017434435,0.50479126
*c1ccc(Oc2ccc(Sc3ccc(Oc4ccc(-c5nc(*)nc(-c6ccccc6)n5)cc4)cc3)cc2)cc1,211.0,203.73303,1.1879489533038947,-7.266968
*c1ccc2cc(OC(=O)c3cccc(C(=O)Oc4ccc5cc(-c6nc7ccccc7nc6*)ccc5c4)c3)ccc2c1,151.0,144.45305,1.2831714555524756,-6.5469513
*c1ccc(-c2ccc(-c3cc(-c4ccc(Oc5ccc(-c6cc(*)nc7ccccc67)cc5)cc4)c4ccccc4n3)cc2)cc1,326.0,317.20627,4.311393743131682,-8.793732
*C(=O)c1ccc(N(*)CCCCCCC)cc1,45.900005,57.491047,1.723564310065679,11.591042
*c1ccc(-c2nc3cc(Oc4ccc(NC(=O)CN5C(=O)c6ccc(C(c7ccc8c(c7)C(=O)N(CC(=O)Nc7ccc(Oc9ccc%10nc(-c%11ccccc%11)c(-c%11ccc(-n%12c(=O)c%13ccc%14c(=O)n(*)c(=O)c%15ccc(c%12=O)c%13c%14%15)cc%11)nc%10c9)cc7)C8=O)(C(F)(F)F)C(F)(F)F)cc6C5=O)cc4)ccc3nc2-c2ccccc2)cc1,306.0,291.67114,1.9545756284204683,-14.328857
*C(=O)Nc1ccc(Oc2cccc3c(NC(=O)c4ccc5c(c4)C(=O)N(c4ccc(Oc6cccc7c(N8C(=O)c9ccc(*)cc9C8=O)cccc67)cc4)C5=O)cccc23)cc1,276.0,287.67145,3.51508381953432,11.671448
*O[Si](*)(C)CCCCCCCCCCCOc1ccc(-c2ccc(C(=O)Oc3ccc(C(=O)OC(C)C(=O)OC(C)C(=O)OC(C)C(=O)OCC(C)CC)cc3)cc2)cc1,15.000002,20.473444,1.609214367231142,5.473442
*Sc1ccc(C(=O)CNCCCCCCCCNCC(=O)c2ccc(*)cc2)cc1,231.0,225.35925,1.4555249333875258,-5.640747
*c1ccc(Oc2ccc(C(c3ccc(Oc4ccc(-c5nnc(*)n5-c5ccc(S(=O)(=O)c6ccccc6)cc5)cc4)cc3)(C(F)(F)F)C(F)(F)F)cc2)cc1,211.0,211.15443,0.8213820356148746,0.1544342
*c1ccc2c(c1)C(=O)N(c1ccc(Oc3ccc(N4C(=O)c5ccc(C(*)O[Si](C)(C)O[Si](C)(C)O[Si](C)(C)C)cc5C4=O)cc3)cc1)C2=O,167.0,159.38977,1.797234001077653,-7.6102295
*Nc1cccc(NC(=O)c2ccc(NC(=O)c3ccc([Si](C)(C)c4ccc(C(=O)Nc5ccc(C(*)=O)cc5)cc4)cc3)cc2)c1,303.0,293.67365,3.3226285639572835,-9.326355
*CCCCCCNC(=O)CCC1(CCC(=O)N*)c2ccccc2-c2ccccc21,122.0,117.55885,0.8736535380053402,-4.441147
*Oc1ccc(C(C)(C)c2ccc(Oc3ccc(C(=O)c4cccc5cccc(C(=O)c6ccc(*)cc6)c45)cc3)cc2)cc1,210.5,204.91345,1.2519887918309265,-5.586548
*CC(*)c1ccc(C(=O)N(C)C)cc1,125.0,127.483765,0.7598099803081617,2.4837646
*C(=O)c1cc(C(=O)c2ccc3c(c2)C(=O)N(c2ccc(Oc4ccc(N5C(=O)c6ccc(*)cc6C5=O)cc4)cc2)C3=O)cc(-c2ccccc2)c1,258.5,253.72528,1.2206559561960342,-4.774719
*CC(*)C(=O)Oc1ccccc1C(=O)OCC,29.999994,39.656208,0.8861815303897399,9.656214
*c1ccc2c(c1)C(=O)N(c1ccc3c(c1)Cc1cc(N4C(=O)c5ccc(C(*)(C(F)(F)F)C(F)(F)F)cc5C4=O)ccc1-3)C2=O,394.00003,353.5405,8.610064972031658,-40.459534
*O[Si](C)(C)CCC/N=C/c1cc(Cc2ccc(O)c(/C=N/CCC[Si](*)(C)C)c2)ccc1O,-51.624996,-39.226162,4.358956979038212,12.398834
*CC(O)COc1ccc(C(C)(C)c2ccc(OCC(O)COc3cccc(O*)c3)cc2)cc1,83.0,80.087166,0.9976575765590863,-2.9128342
*C(F)(F)C1(F)C(F)(F)C(*)(F)C1(F)F,122.0,133.73518,10.440214478288388,11.735184
*c1ccc(Oc2ccc(S(=O)(=O)c3ccc(Oc4ccc(-c5cc(*)[nH]n5)cc4)cc3)cc2)cc1,260.0,262.39688,3.1641159308020512,2.396881
*CC(*)(C)C(=O)OC(C)C,85.0,81.48436,0.8209654499305788,-3.5156403
*Oc1ccc(S(=O)(=O)c2ccc(Oc3ccc(/C=C4\CCC/C(=C\c5ccc(*)cc5)C4=O)cc3)cc2)cc1,190.0,192.86858,1.174861690973044,2.868576
*CCCCCCOc1ccc(NC(=O)c2cc(C(=O)Nc3ccc(O*)cc3)cc(C(C)(C)C)c2)cc1,166.0,160.94856,1.5793247109113024,-5.0514374
*Oc1ccc(NC(=O)c2ccc(C(=O)Nc3ccc(Oc4ccc(C5(c6ccc(*)cc6)C6CC7CC(C6)CC5C7)cc4)cc3)cc2)cc1,264.0,262.96033,1.4907709307280692,-1.0396729
*C(=O)c1ccc2c(c1)C(=O)N(c1cccc(Nc3ncnc(Nc4cccc(N5C(=O)c6ccc(*)cc6C5=O)c4)n3)c1)C2=O,290.0,282.57452,2.357477028015786,-7.425476
*Oc1ccc(S(=O)(=O)c2ccc(Oc3ccc(NC(=O)c4ccc(-c5ccc(C(=O)Nc6ccc(*)cc6)c(C)c5)cc4C)cc3)cc2)cc1,251.0,242.66693,1.529859087990967,-8.333069
*CC(CS(=O)(=O)CCCCC)O*,39.000004,41.66065,0.5988563728655363,2.6606445
*C(OC(F)(F)F)C(*)(F)F,-9.999998,-15.34268,2.685031083843368,-5.342682
*c1ccc(S(=O)(=O)c2ccc(N3C(=O)c4ccc(-c5ccc6c(c5)C(=O)N(*)C6=O)cc4C3=O)cc2)cc1,350.0,331.66833,10.6368261656929,-18.331665
*c1cccc(P(=O)(c2ccc(C(F)(F)F)cc2)c2cccc(-n3c(=O)c4c(-c5cc(C(F)(F)F)cc(C(F)(F)F)c5)c5c(=O)n(*)c(=O)c5c(-c5cc(C(F)(F)F)cc(C(F)(F)F)c5)c4c3=O)c2)c1,311.0,310.95715,2.1022641549068197,-0.04284668
*Oc1ccc(C(=O)c2ccc(Oc3ccc(C(=O)c4c(C(=O)c5ccc(*)cc5)c(-c5ccccc5)c(-c5ccc6ccccc6c5)c(-c5ccc6ccccc6c5)c4-c4ccccc4)cc3)cc2)cc1,290.0,278.5764,1.3853191450099034,-11.4236145
*C(=O)c1ccc2c(c1)C(=O)N(c1ccc(OCC(C)(C)COc3ccc(N4C(=O)c5ccc(*)cc5C4=O)cc3)cc1)C2=O,234.0,227.59401,1.656316615158218,-6.4059906
*c1ccc2c(c1)C(=O)N(c1cc(C(=O)Nc3cccc4c(NC(=O)c5ccc(C)c(N6C(=O)c7ccc(C(*)(C(F)(F)F)C(F)(F)F)cc7C6=O)c5)cccc34)ccc1C)C2=O,250.0,260.97812,2.231836126078836,10.978119
*Oc1ccc(C(C)(C)c2ccc(OC(=O)c3ccc4c(c3)C(C)(c3ccc(C(*)=O)cc3)CC4(C)C)cc2)cc1,265.0,255.9018,1.8303966511071406,-9.098206
*/C=C/C1CC(*)C2C(=O)N(CCCCCCCCCCCC)C(=O)C12,50.000004,61.38558,2.284107261940922,11.385574
*Oc1ccc(Cc2ccc(OC(*)=O)cc2)cc1,133.5,106.795456,1.7546780664518167,-26.704544
*CC(*)c1c(F)c(F)c(OCC(F)(F)C(F)(F)C(F)(F)C(F)(F)C(F)(F)C(F)(F)C(F)(F)F)c(F)c1F,20.999994,26.632486,0.9979234667180674,5.632492
*O[Si](C)(C)O[Si](C)(C)O[Si](C)(C)OC(C)CCC(*)C,-89.999985,-89.05919,3.6090989772996815,0.9407959
*Oc1ccc(NC(=O)c2cccc(C(=O)Nc3ccc(OC4COC5C(*)COC45)cc3)c2)cc1,218.0,173.62361,34.01030827520896,-44.37639
*Oc1ccc(C(=O)NNC(=O)c2ccc(C(=O)NNC(=O)c3ccc(OC(=O)c4cccc(C(*)=O)c4)cc3)cc2)cc1,175.0,174.23808,1.9002027141059403,-0.7619171
*Oc1ccc(/C=C/c2cc(OCCCCCCCC)c(/C=C/c3ccc(Oc4cc5c(=O)n(CCCCCCCC)c(=O)c6ccc7c8c(*)cc9c(=O)n(CCCCCCCC)c(=O)c%10ccc(c4c7c65)c8c%109)cc3)cc2OCCCCCCCC)cc1,103.0,97.902664,2.11700927746092,-5.097336
*c1ccc(-c2ccc(-c3cc(-c4ccccc4)c4cc5c(-c6ccccc6)cc(*)nc5cc4n3)cc2)cc1,392.00003,394.02298,8.167751089918475,2.0229492
*c1ccc2c(c1)C(=O)N(c1ccc(Oc3ccc(N4C(=O)c5ccc(C(*)O[Si](C)(C)C)cc5C4=O)cc3)cc1)C2=O,210.0,215.17917,0.8973542579090532,5.1791687
*/C=C/C(C)C(*)C(=O)OC,53.000004,44.917683,1.0449425650641149,-8.082321
*CCCCCCCCCCOc1ccc(/C=C2\CCC/C(=C\c3ccc(O*)c(OC)c3)C2=O)cc1OC,60.000004,62.10478,0.7558494840803134,2.1047745
*CC(CC(C)C)S(*)(=O)=O,22.999994,19.45946,1.3943832871211488,-3.540535
*C(=O)Nc1ccc(Oc2cccc(NC(=O)c3ccc4c(c3)C(=O)N(c3ccc(Oc5ccc6ccc(Oc7ccc(N8C(=O)c9ccc(*)cc9C8=O)cc7)cc6c5)cc3)C4=O)c2)cc1,263.0,249.1311,3.1767521537809,-13.8688965
*CC(*)(C)C(=O)OCCN(C)C,28.619997,26.809908,1.4603037304039832,-1.8100891
*CCOCCOC(=O)/C=C/C(=O)O*,-8.199995,-8.922911,2.312356756122139,-0.72291565
*CC(O*)c1ccccc1,34.000004,25.734118,1.0495606132054105,-8.265886
*c1ccc(Oc2ccc(C3(c4ccc(Oc5ccc(N6C(=O)c7ccc(Oc8ccccc8Oc8ccc9c(c8)C(=O)N(*)C9=O)cc7C6=O)cc5C(F)(F)F)cc4)c4ccccc4-c4ccccc43)cc2)c(C(F)(F)F)c1,241.0,239.57884,1.0787424508625667,-1.4211578
*CC(*)(C)C(=O)Oc1ccc(/N=N/c2ccc(OC)cc2)cc1,120.0,119.62568,1.3749441926899277,-0.37432098
*Oc1ccc(CC(NC(=O)CCc2ccc(OC(=O)CCCCCCCCC(*)=O)cc2)C(=O)OCCCCCCCC)cc1,15.499994,26.696497,0.7031058931366035,11.196503
*CCN(CCOC(=O)c1ccc(C(=O)O*)c(OC)c1)c1ccc(/N=N/c2ccc(/C=C/c3nc4ccc([N+](=O)[O-])cc4n3CC)cc2)cc1,173.0,159.96196,0.698703939655827,-13.03804
*Oc1ccc(/N=C(\C)c2ccc(Oc3ccc(C(c4ccccc4)(c4ccccc4)c4ccc(Oc5ccc(/C(C)=N/c6ccc(*)cc6)cc5)cc4)cc3)cc2)cc1,150.0,158.83163,1.2365262161538728,8.8316345
*c1ccc2c(c1)C(=O)N(c1ccc(Oc3ccc(S(=O)(=O)c4ccc(Oc5ccc(N6C(=O)c7ccc(C(*)(C(F)(F)F)C(F)(F)F)cc7C6=O)cc5)cc4)cc3)cc1)C2=O,276.5,271.44638,2.8383871863061114,-5.0536194
*O[Si](*)(CCC)CCC,-77.5,-64.10608,4.7662001690988145,13.393921
*CC(*)c1ccc(C(=O)CCN2CCOCC2)cc1,41.000004,45.315746,0.9172967528893968,4.3157425
*/C=C/C1CC(*)C2CC=CC12,101.0,97.94236,2.6859363042191986,-3.05764
*c1cc(Br)c(Oc2c(Br)cc(N3C(=O)c4ccc(Oc5ccc6c(c5)C(=O)N(*)C6=O)cc4C3=O)cc2Br)c(Br)c1,283.0,275.16217,2.2276158135908726,-7.8378296
*CCCCCCCCOC(=O)c1ccc(-c2ccc(C(=O)O*)cc2)cc1,47.000004,53.381123,9.16276631102604,6.381119
*CC(*)(C)C(=O)OCCCCCCCCCCCCCCC(=O)NC1OC(COC(C)=O)C(OC2OC(COC(C)=O)C(OC(C)=O)C(OC(C)=O)C2OC(C)=O)C(OC(C)=O)C1OC(C)=O,95.2,84.805626,0.9717946010202559,-10.394371
*C(F)C(*)(F)OC(F)(F)F,-9.999998,-10.203199,2.9797247184712465,-0.2032013
*Oc1ccc(C(C)(CCC#N)c2ccc(OC(*)=O)c(C)c2)cc1C,117.0,117.48604,1.027747880986294,0.4860382
*Oc1ccc(C2(c3ccc(OC(=O)c4ccc(C(*)=O)cc4)cc3)c3ccccc3-c3ccccc32)cc1,285.0,300.83426,7.574055541363593,15.834259
*c1ccc(Oc2ccc(C(=O)c3cccc(C(=O)c4ccc(Oc5ccc(-c6nc(-c7ccc(-c8nc(*)c(-c9ccccc9)[nH]8)cc7)[nH]c6-c6ccccc6)cc5)cc4)c3)cc2)cc1,270.0,262.72916,1.0722715493999426,-7.2708435
*Oc1ccc(-c2ccc(OC(=O)c3cc(/N=N/c4ccc(OCC)cc4)ccc3-c3ccc(/N=N/c4ccc(OCC)cc4)cc3C(*)=O)cc2)cc1,165.0,169.13306,0.892936020095972,4.1330566
*CCCCCCOC(=O)OCCCCCCCCCCCCOC(=O)OCCCCCCOc1ccc(Oc2ccc(O*)cc2)cc1,-21.999998,-9.381819,1.6755961126606138,12.618179
*Nc1ccc(C(=O)c2ccc(C(=O)c3ccc(Nc4ccc5c(c4)c4cc(*)ccc4n5CC(CC)CCCC)cc3)cc2)cc1,213.0,218.266,1.239215277793226,5.2660065
*CC(*)(C)C(=O)OCCO[N+](=O)[O-],55.000004,48.431324,1.1127254961285482,-6.56868
*c1ccc(S(=O)(=O)c2ccc(-n3nc(-c4ccc(Oc5ccc(-c6nn(*)c(=O)c7ccccc67)cc5)cc4)c4ccccc4c3=O)cc2)cc1,295.0,275.22516,6.519473803521448,-19.774841
*c1ccc([Si](c2ccccc2)(c2ccccc2)c2ccc(-c3nnc(-c4cccc(-c5nnc(*)o5)n4)o3)cc2)cc1,265.0,263.72888,2.1720161811501906,-1.2711182
*CCCCOC(=O)Nc1ccc(-c2ccc(NC(=O)OCCCCn3c4ccccc4c4cc(/C=C(\C#N)C(=O)OCCCCCCOC(=O)/C(C#N)=C/c5ccc6c(c5)c5ccccc5n6*)ccc43)c(C)c2)cc1C,113.0,108.73445,0.6174684745494261,-4.2655487
*CC#CCOC(=O)CCCCCCCCC(=O)O*,-26.499998,-37.20547,3.9085313002670223,-10.705473
*CC(C)(C)COC(=O)NC(=O)c1ccc(C(=O)NC(=O)O*)cc1,102.0,114.40549,0.9880701366438124,12.405487
*Oc1ccc(S(=O)(=O)c2ccc(Oc3ccc(/C=N/N=C/c4ccc(*)cc4)cc3)cc2)cc1,151.0,163.3507,1.2103958843425422,12.350693
*CCCCCCOC(=O)NCc1ccc(CNC(=O)O*)cc1,56.000004,56.355503,1.2376805711056054,0.35549927
*Oc1ccccc1C(=O)OC(=O)c1ccccc1OC(=O)C(C)C(C)C(*)=O,45.000004,45.669125,0.5745573215623201,0.6691208
*c1cccc(C(=O)Nc2ccc(Oc3ccc(Oc4ccc(NC(=O)c5cccc(N6C(=O)c7ccc(-c8cccc9c8C(=O)N(*)C9=O)cc7C6=O)c5)cc4)cc3)cc2)c1,268.0,268.97955,1.17403166127628,0.9795532
*CCC[Sn](C)(C)CCCOC(=O)C(CCCCCCOc1ccc(-c2ccc(OCc3ccc([N+](=O)[O-])cc3)cc2)cc1)C(=O)O*,40.500004,34.868916,0.7377739799445209,-5.6310883
*Oc1ccc(NC(=O)c2ccc(S(=O)(=O)c3ccc(C(=O)Nc4ccc(Oc5ccc(C6(c7ccc(*)cc7)C7CC8CC(C7)CC6C8)cc5)cc4)cc3)cc2)cc1,252.0,261.9873,1.3779141197906384,9.987305
*c1ccc2c(c1)Sc1cc(-c3ccc(-c4ccc(*)s4)s3)ccc1N2CCCCCCCCCCCC,150.0,145.1385,0.6947255882597603,-4.861496
*CC(*)C,-2.9999976,-10.974043,2.412187148439774,-7.9740453
*Oc1ccc(S(=O)(=O)c2ccc(Oc3ccc(-c4ccc(-c5ccc(*)c(C(F)(F)F)c5)cc4)cc3C(F)(F)F)cc2)cc1,214.0,216.90862,1.1143784343992682,2.908615
*C1CCC(N2C(=O)c3ccc(-c4ccc5c(c4)C(=O)N(*)C5=O)cc3C2=O)CC1,360.0,346.2393,5.057825228130605,-13.760712
*C(=O)Nc1ccc(Oc2ccc(C3(c4ccc(Oc5ccc(NC(=O)c6ccc7c(c6)C(=O)N(c6ccc(Oc8ccc(N9C(=O)c%10ccc(*)cc%10C9=O)cc8)cc6)C7=O)cc5)cc4)NC(=O)c4ccccc43)cc2)cc1,320.0,307.58932,3.2169242925466,-12.410675
*CCC/C=C(/*)c1ccc(OC)cc1,11.000002,11.186281,1.7226736461026486,0.1862793
*CCc1ccc(*)c(C#N)c1,90.0,88.78693,0.826705493803786,-1.2130737
*c1ccc(Oc2ccc(C(=O)c3ccc4cc(C(=O)c5ccc(Oc6ccc(-c7nc(-c8ccc(-c9nc(*)c(-c%10ccccc%10)[nH]9)cc8)[nH]c7-c7ccccc7)cc6)cc5)ccc4c3)cc2)cc1,281.0,271.30536,1.1281209447508926,-9.694641
*c1ccc(-c2ccc3c(c2)C(CCCCCCCC)(CCCCCCCC)c2cc(*)ccc2-3)cc1,81.0,90.27027,1.1758810587585984,9.270271
*CC(*)C(=O)Oc1ccccc1C(=O)OC,46.000004,50.729282,0.9434846820175609,4.7292786
*CCC1CC(*)C2C3CC(c4ccc(COC(C)CC)cc4)C(C3)C12,139.0,143.98515,0.7291783134639184,4.985153
*CC(=O)Nc1ccc(Oc2ccc(NC(=O)c3ccc4c(c3)C(=O)N(*)C4=O)cc2)cc1,262.0,250.10622,1.254383269375276,-11.893784
*Oc1ccc(C2(c3ccc(OC(=O)CCCCC(*)=O)cc3)c3ccccc3-c3ccccc32)cc1,166.0,162.74998,2.617922460275461,-3.2500153
*C(*)C(=O)OC1CCCCC1,140.0,136.76047,1.2103329461836025,-3.2395325
*OC(COC(=O)c1ccc(C(*)=O)cc1)COc1ccc(/N=N/c2ccc(C#N)cc2)cc1,122.0,124.30946,0.7536426167052489,2.3094635
*NC1CCC(CC2CCC(NC(=O)CCCCCCCCCCC(*)=O)CC2)CC1,142.0,147.70267,2.0295394787804883,5.702667
*c1ccc(Oc2ccc(C(c3ccccc3)(c3ccccc3)c3ccc(Oc4ccc(-c5nc(*)nc(-c6ccccc6)n5)cc4)cc3)cc2)cc1,261.0,251.94711,1.7796477599677605,-9.052887
*CC(*)c1ccccc1C(=O)OCC(C)C,127.0,121.01578,0.7680676552613472,-5.9842224
*Oc1ccc(CC(NC(=O)Cc2ccc(OC(=O)COCCOCC(*)=O)cc2)C(=O)OCC)cc1,50.000004,50.497486,0.5663329483305035,0.4974823
*C(=O)Nc1ccc(NC(=O)c2ccc3c(c2)C(=O)N(c2c(C)cc(C)c(N4C(=O)c5ccc(*)cc5C4=O)c2C)C3=O)cc1,327.0,329.42365,9.895178818552541,2.423645
*CCCCCCCCCNC(=O)N*,130.0,76.41131,11.783358773465103,-53.58869
*CCOC(=O)CCCCCCCCC(=O)OCCOC(=O)c1ccc(C(=O)O*)cc1,-6.4999976,-1.4785744,1.4714306942370128,5.0214233
*Oc1ccc(C(C)(CC(C)C)c2ccc(OC(*)=S)cc2)cc1,128.0,124.40944,0.8559249791616723,-3.590561
*CCCCC(=O)Oc1ccc(-c2ccc(OC(=O)c3ccc4c(c3)C(=O)N(*)C4=O)cc2)cc1,123.0,110.7898,4.2951680553677845,-12.210197
*CC(COc1ccc(C(C)(C)c2ccc(O*)cc2)cc1)OC(=O)CC,60.000004,57.373158,0.52234100787362,-2.6268463
*CCCCCCCCCCCCNC(=O)C(OC)C(OC)C(=O)N*,84.0,92.058716,1.3778260482570805,8.058716
*c1cc(C(c2ccc(OCCN(c3ccccc3)c3ccc(/C=C/C4=CC(=C(C#N)C#N)CC(C)(C)C4)cc3)c(N3C(=O)c4ccc(Oc5ccc6c(c5)C(=O)N(*)C6=O)cc4C3=O)c2)(C(F)(F)F)C(F)(F)F)ccc1OCCN(c1ccccc1)c1ccc(/C=C/C2=CC(=C(C#N)C#N)CC(C)(C)C2)cc1,220.0,222.57144,1.3566777796294316,2.5714417
*c1ccc(Oc2ccc(-c3ccc(Oc4ccc(N5C(=O)c6cccc(Oc7c(C)cc(Cc8cc(C)c(Oc9cccc%10c9C(=O)N(*)C%10=O)c(C)c8)cc7C)c6C5=O)cc4)cc3)cc2)cc1,259.0,251.85814,1.4225517261692224,-7.141861
*CC(*)C(=O)OCC(CC)CCCC,-61.999996,-50.732616,3.684537638995196,11.26738
*c1ccc(OCCOc2ccc(/C=C/c3ccc([N+](=O)[O-])cc3)c(OCCOc3ccc(-c4nc5ccc(Oc6ccc7nc(*)c(-c8ccccc8)nc7c6)cc5nc4-c4ccccc4)cc3)c2)cc1,187.0,185.87839,0.9607183228260398,-1.1216125
*Oc1ccc(S(=O)(=O)c2ccc(Oc3ccc(C(c4ccc(*)cc4)(C(F)(F)F)C(F)(F)F)cc3)cc2)cc1,199.7,200.00775,1.4100127902946245,0.30775452
*CCOC(=O)c1ccc2cc(C(=O)O*)ccc2c1,120.0,108.45903,1.0897001833065008,-11.54097
*CCC(c1ccccc1)[Si](*)(C)C,26.999994,20.362337,2.834192426082343,-6.637657
*CCCCCCCCCCCCCCCCCCCCOC(=O)CC(=O)O*,-35.100002,-37.923,2.887375693998279,-2.822998
*c1ccc(C(c2ccc(C#N)cc2)c2ccc(N(*)c3ccc(C)cc3)cc2)cc1,230.0,225.7587,1.3348879816146544,-4.2413025
*c1ccc(Oc2ccc(Oc3ccc(N4C(=O)c5ccc(-c6ccc7c(c6)C(=O)N(*)C7=O)cc5C4=O)cc3)c(C(C)(C)C)c2)cc1,274.0,262.46207,1.8687154129395405,-11.537933
*c1ccc(Nc2cccc(Nc3ccc(S(*)(=O)=O)cc3)c2)cc1,145.0,146.3475,1.1894033379151312,1.3475037
*c1ccc(Oc2ccc(-c3ccc(Oc4ccc(N5C(=O)c6cccc(Oc7ccc(C(c8ccc(Oc9cccc%10c9C(=O)N(*)C%10=O)cc8)(C(F)(F)F)C(F)(F)F)cc7)c6C5=O)cc4)cc3)cc2)cc1,234.0,244.3348,1.119951027164082,10.334793
*c1ccc2c(c1)C(=O)N(c1ccc(-c3ccc(N4C(=O)c5ccc(C(*)(C(F)(F)F)C(F)(F)F)cc5C4=O)c(OCCCCCCOc4ccc(/C=C/c5ccc(F)cc5)cc4)c3)cc1OCCCCCCOc1ccc(/C=C/c3ccc(F)cc3)cc1)C2=O,140.0,133.25366,0.8404505174928723,-6.746338
*CC(*)(C)C(=O)OCCCCOc1ccc(/N=N/c2ccc(C#N)cc2)cc1,80.0,76.8085,1.1039460942072477,-3.1914978
*CCCCCOCO*,-80.0,-75.87402,4.571358290156996,4.1259766
*CCCCCCCCCCC(=O)NCCCCCC(=O)N*,25.499994,46.227985,0.5644670570710919,20.727991
*CC(*)C(=O)OCc1ccccc1,9.250002,15.34926,1.3641429155029916,6.0992584
*CC(*)(F)C(=O)OC(C(F)(F)F)C(F)(F)F,102.0,97.61519,0.7243166810336154,-4.3848114
*Oc1ccc(Oc2ccc(C(=O)c3cccc(NC(=O)c4ccc(C(=O)Nc5cccc(C(=O)c6ccc(*)cc6)c5)cc4)c3)cc2)cc1,210.0,197.45859,1.434320114666986,-12.541412
*c1ccc2c(c1)C(=O)N(c1cc(C)c(-c3c(C)cc(N4C(=O)c5ccc(C(*)(C(F)(F)F)C(F)(F)F)cc5C4=O)cc3C)c(C)c1)C2=O,346.0,332.4864,5.167342232470862,-13.513611
*OP(=O)(Oc1ccc([N+](=O)[O-])cc1)Oc1c(Br)cc(C(c2cc(Br)c(*)c(Br)c2)(C(F)(F)F)C(F)(F)F)cc1Br,154.0,147.7108,0.7181230321097477,-6.2892
*CC(*)OCCCCCC,-74.0,-63.060802,3.7134753687513737,10.939198
*Oc1cccc(Oc2ccc(C(=O)c3ccc(*)cc3)cc2)c1,125.0,123.98946,2.2320751025824968,-1.0105362
*CC(*)c1cc(Br)ccc1OCCCCC,49.000004,45.659832,0.7276056449083851,-3.3401718
*C#C/C(COS(=O)(=O)c1ccc(C)cc1)=C(/*)COS(=O)(=O)c1ccc(C)cc1,-73.0,41.41377,33.929264870973604,114.41377
*Oc1ccc(OC(=O)CCCCC(*)=O)cc1,90.0,64.90745,2.1523049132163337,-25.092552
*c1ccc(Oc2ccc(N3C(=O)c4ccc(Oc5ccc6c(c5)C(=O)N(*)C6=O)cc4C3=O)cc2)cc1,265.0,267.2413,5.7303729695437235,2.2413025
*Oc1ccc(NC(=O)c2cc(NC(=O)C34CC5CC(CC(C5)C3)C4)cc(C(=O)Nc3ccc(*)cc3)c2)cc1,335.0,342.51614,4.191820037827552,7.516144
*Oc1ccc(C(C)(c2ccccc2)c2ccc(OC(=O)c3cccc(C(*)=O)c3)cc2)cc1,202.0,191.60878,2.021521094498146,-10.39122
*c1ccc2oc(-c3ccc(C(c4ccccc4)(c4ccc(-c5nc6cc(C(*)(c7ccccc7)C(F)(F)F)ccc6o5)cc4)C(F)(F)F)cc3)nc2c1,330.0,321.81042,2.5706901471347363,-8.189575
*O[Si](C)(C)O[Si](C)(C)O[Si](C)(C)OC(C)CCCCC(*)C,-93.999985,-86.18468,3.2932225156540547,7.8153076
*CNC(=O)OC(c1ccco1)C(OC(=O)NCc1ccc(C(C)(C)c2ccc(*)o2)o1)c1ccco1,45.000004,42.925373,1.9275999774428139,-2.0746307
*Oc1ccc(C(C)(C)c2ccc(OC(=O)Nc3cccc(P(=O)(c4ccccc4)c4cccc(NC(*)=O)c4)c3)cc2)cc1,62.000004,59.371014,0.8567543805240712,-2.6289902
*CCOC(=O)CCCCCCCCC(=O)O*,-22.999998,-34.402843,3.171489015691072,-11.402845
*CC(COCC=C)O*,-75.5,-69.44969,3.115093493054149,6.050308
*CCCCCCCC(=O)N*,37.000004,45.299427,1.012573815505378,8.299423
*Oc1ccc(C2(c3ccc(OC(=O)c4ccc(C(*)=O)cc4)c(C)c3)CCC3CCCCC3C2)cc1C,247.0,243.22015,1.6538076760369618,-3.7798462
*c1ccc(Oc2ccc(C3(c4ccc(Oc5ccc(N6C(=O)c7ccc(Oc8ccc(C9(c%10ccc(Oc%11ccc%12c(c%11)C(=O)N(*)C%12=O)cc%10)CCCCCCCCCCC9)cc8)cc7C6=O)cc5)cc4)CC4CCC3C4)cc2)cc1,259.0,253.64688,1.048966837230057,-5.353119
*c1c(C)cc(Cc2cc(C)c(N3C(=O)c4cccc(Oc5c(C)cc(-c6cc(C)c(Oc7cccc8c7C(=O)N(*)C8=O)c(C)c6)cc5C)c4C3=O)c(C)c2)cc1C,289.0,283.90195,3.355599362560519,-5.098053
*C(=O)c1ccc2c(c1)C(=O)N(c1ccc(Oc3c(C)cc(C(c4cc(C)c(Oc5ccc(N6C(=O)c7ccc(*)cc7C6=O)cc5)c(C)c4)c4cccc5ccccc45)cc3C)cc1)C2=O,272.0,284.89923,1.3889338478919637,12.899231
*Oc1cccc(OC(=O)c2cc(OCCCCC)cc(C(*)=O)c2)c1,96.0,90.26176,1.3189284981769211,-5.738243
*c1ccc(Oc2ccc(Oc3ccc(-n4c(=O)c5cc6c(=O)n(*)c(=O)c6cc5c4=O)cc3)cc2-c2ccccc2)cc1,271.0,283.7366,5.887330894034036,12.736603
*c1ccc(Oc2ccc(-c3nc4cc(Oc5ccc6nc(*)c(-c7ccccc7)nc6c5)ccc4nc3-c3ccccc3)cc2)cc1,243.0,263.96777,3.3764397473490964,20.967773
*Oc1ccc(Oc2ccc(OC(=O)c3cccc(C(*)=O)c3)cc2)cc1,164.5,143.60828,2.312212658107662,-20.891724
*Oc1ccc(S(=O)(=O)c2ccc(Oc3ccc(S(=O)(=O)c4ccc(-c5ccc(S(=O)(=O)c6ccc(*)cc6)cc5)cc4)cc3)cc2)cc1,267.0,238.38132,4.920958923310038,-28.618683
*Oc1ccc(C(C)(C)c2ccc(OC(=O)c3ccc(C(*)=O)cc3)cc2)cc1,201.0,197.2222,28.988311510375677,-3.7778015
*c1ccc(C(F)(F)C(*)(F)F)cc1,76.95,66.7482,1.5576006785601093,-10.2017975
*CC(*)C(=O)OCC1(CC)COC(c2ccccc2)OC1,50.000004,52.124645,0.9383649088854507,2.1246414
*CCCP(=O)(CCCNC(=O)CCCCC(=O)N*)c1ccccc1,55.000004,54.014446,0.6876871961427374,-0.98555756
*Oc1ccc(OC(=O)c2cccc(C(*)=O)c2)cc1,186.0,168.04524,6.418216882749444,-17.954758
*CCOCCOCCOc1cccc(NC(=O)c2ccc(C(=O)Nc3cccc(O*)c3)cc2)c1,116.0,124.2625,1.729465416981231,8.262497
*CC(*)(C)C(=O)OCCC1CC[N+](C)(CCCCCCOc2ccc(/N=N/c3ccc([N+](=O)[O-])cc3)cc2)CC1,57.8,53.576694,0.6928676559023111,-4.2233047
*/C(C#N)=C/c1cc(/C=C(\C#N)c2ccc3c(c2)C(CCCCCCCC)(CCCCCCCC)c2cc(*)ccc2-3)cc(N(c2ccccc2)c2ccccc2)c1,136.0,132.94016,0.7340088433431315,-3.059845
*CCN(CCOC(=O)Nc1cccc(NC(=O)O*)c1C)c1ccc(/N=N/c2ccc([N+](=O)[O-])cc2)cc1,147.0,142.84686,0.969465156082731,-4.153137
*CC(*)(C)C(=O)OCCCCCOc1ccc(-c2ccc(C#N)cc2)cc1,60.000004,59.85142,1.3361948123724037,-0.14858246
*/C(=C/c1cc(OC)c(/C=C(\c2ccccc2)c2ccc3cc(*)ccc3c2)cc1OC)c1ccccc1,198.0,200.72057,0.9775706693970825,2.7205658
*c1ccc(-c2nc3cc4nc(*)c(-c5ccccc5)nc4cc3nc2-c2ccccc2)cc1,395.00003,376.27728,11.517804563924713,-18.722748
*c1ccc2c(c1)C(=O)N(c1ccc(Oc3ccc(C(=O)c4cccc(N5C(=O)c6ccc(C(*)(C(F)(F)F)C(F)(F)F)cc6C5=O)c4)cc3)cc1)C2=O,242.0,255.69916,1.1003356849433512,13.699158
*Oc1ccc(C(c2ccccc2)c2ccc(OC(*)=S)cc2)cc1,179.0,172.3272,1.2170346558031364,-6.672806
*Cc1cc(CNC(=O)CCCCC(=O)N*)cc(C(C)(C)C)c1,109.0,109.671265,0.7560527502475376,0.67126465
*CC(=O)NCCCCCCNC(=O)COC(=O)CCCCCCCCC(=O)O*,2.0000024,10.452669,1.4426066930009824,8.452667
*CCN(CCOC(=O)NCC1(C)CC(NC(=O)O*)CC(C)(C)C1)c1ccc(/N=N/c2ccc(C#N)cc2)cc1,136.0,127.80494,0.8933551191177295,-8.195061
*CC(F)(F)C(F)(F)C(F)(F)COC(=O)c1cccc(C(F)(F)C(F)(F)C(F)(F)C(F)(F)C(F)(F)c2cccc(C(=O)O*)c2)c1,28.999994,26.971445,0.8755260791367862,-2.0285492
*c1ccc(Oc2ccc(N3C(=O)c4ccc(Oc5ccc(C6(c7ccc(Oc8ccc9c(c8)C(=O)N(*)C9=O)cc7)CCC(c7ccccc7)CC6)cc5)cc4C3=O)cc2)cc1,236.0,238.01598,0.8416022020235515,2.015976
*Oc1ccc(OC(=O)c2ccc(-c3ccc(C(*)=O)cc3)cc2-c2ccccc2)cc1C(C)(C)c1ccccc1,146.0,144.99055,0.7602818594166174,-1.0094452
*CC(*)C(=O)OC1CCCCCCCCCCC1,37.000004,29.96486,1.0037572371341215,-7.035143
*CCc1ccc(*)s1,25.999994,25.73054,1.548626388263124,-0.26945496
*Oc1ccc(S(=O)(=O)c2ccc(Oc3ccc(C4(c5ccc(*)cc5)c5ccccc5-c5ccccc54)cc3)cc2)cc1,278.5,267.76712,2.3875141334667185,-10.73288
*CC(*)(C)C(=O)OCC1COCCOCCOCCO1,35.000004,29.547861,1.5961394621428122,-5.4521427
*C(=O)Oc1ccc(OC(=O)c2ccc3c(c2)C(=O)N(c2ccc(Oc4ccc(N5C(=O)c6ccc(*)cc6C5=O)cc4)cc2)C3=O)c(-c2ccccc2)c1,212.0,212.00348,1.3160317720297858,0.003479004
*c1c(C)cc(Cc2cc(C)c(N3C(=O)c4cccc(Oc5c(C)cc(Cc6cc(C)c(Oc7cccc8c7C(=O)N(*)C8=O)c(C)c6)cc5C)c4C3=O)c(C)c2)cc1C,243.0,246.66107,1.9697149260664961,3.6610718
*CCCNC(=O)CCCCCCCCC(=O)NCCCOCCOCCO*,40.000004,16.750422,1.2676350505874812,-23.249582
*Oc1ccc(C2(c3ccc(Oc4ccc(C(=O)c5cccc(C(=O)c6ccc(*)cc6)c5)cc4)c(C)c3)c3ccccc3-c3ccccc32)cc1C,217.0,214.47768,0.8638194768516257,-2.5223236
*CC(*)C(=O)OCCSCCC#N,-49.999996,-52.42291,3.208434448045379,-2.4229126
*c1ccc(C2(c3ccc(N4C(=O)c5ccc(Oc6ccc7c(c6)C(=O)N(*)C7=O)cc5C4=O)cc3)c3ccccc3-c3ccccc32)cc1,373.00003,327.1526,6.009587168189075,-45.847443
*c1ccc(-n2ccc(-c3cccc(-c4ccn(*)n4)c3)n2)cc1,75.0,74.18227,0.7395400184010225,-0.81773376
*c1ccc(OCCN(CC)c2ccc(-c3ccc(C(=C(C#N)C#N)c4ccc(N(CC)CC)cc4)s3)cc2)c(-c2cc(-c3ccccc3)c3cc(Oc4ccc5nc(*)cc(-c6ccccc6)c5c4)ccc3n2)c1,215.0,214.2258,1.0471991232152473,-0.77420044
*c1cc(SCCCCCCCCCCCC)c(*)s1,33.000004,38.188305,0.9507616317486676,5.188301
*Oc1ccc(CCNC(=O)c2cccc(C(=O)NCCc3ccc(OC(=O)c4cccc(C(*)=O)c4)cc3)c2)cc1,147.0,145.10931,0.974309928207561,-1.890686
*C#Cc1cccc(C#C[SiH](*)c2ccccc2)c1,85.0,83.47388,0.5787795714145769,-1.526123
*Nc1ccc(C(C)(C)c2ccc(NC(=O)c3cc(NC(=O)c4ccccc4)cc(C(*)=O)c3)cc2)cc1,303.5,298.26434,3.739675236232481,-5.2356567
*Oc1ccc(Oc2ccc(C(=O)c3ccccc3-c3ccccc3C(=O)c3ccc(*)cc3)cc2)cc1,175.0,171.94711,0.9810191778394804,-3.052887
*C(=O)Nc1ccc(Oc2ccc(NC(=O)c3ccc4c(c3)C(=O)N(C3CCC(CC5CCC(N6C(=O)c7ccc(*)cc7C6=O)CC5)CC3)C4=O)cc2)cc1,250.0,254.83536,1.3207485733888518,4.8353577
*c1ccc(-c2c(-c3ccc(-c4ccccc4)cc3)cc(-c3ccc(OCCCCCCOc4ccc(-c5cc(-c6ccc(-c7ccccc7)cc6)c(-c6ccc(-n7c(=O)c8cc9c(=O)n(*)c(=O)c9cc8c7=O)cc6)c(-c6ccc(-c7ccccc7)cc6)c5)cc4)cc3)cc2-c2ccc(-c3ccccc3)cc2)cc1,128.5,112.88008,1.6527158403545918,-15.619919
*C(=O)c1ccc2c(c1)C(=O)N(c1ccc(Oc3cccc(-c4cc(-c5ccccc5)cc(-c5cccc(Oc6ccc(N7C(=O)c8ccc(*)cc8C7=O)cc6)c5)n4)c3)cc1)C2=O,260.0,254.85078,1.4422242468172095,-5.1492157
*Oc1cc(OC(=O)c2ccc(OC)cc2)c(OC(=O)CCCC(*)=O)cc1OC(=O)c1ccc(OC)cc1,88.0,76.90243,1.0424084925682404,-11.097572
*CCCS*,-53.499996,-56.90098,5.3610330028551685,-3.4009857
*C(=O)c1ccc2c(c1)C(=O)N(c1ccc(Oc3ccccc3N3C(=O)c4ccc(*)cc4C3=O)cc1)C2=O,282.5,282.10416,1.6612363685173255,-0.3958435
*c1ccc(Oc2ccc(N3C(=O)c4ccc([Si](C)(C)c5ccc6c(c5)C(=O)N(*)C6=O)cc4C3=O)cc2)cc1,274.0,257.71158,2.3425980702418445,-16.288422
*CCC1CC(*)C2CCCC12,101.0,91.82066,1.2823689678453971,-9.179337
*c1ccc(-c2cc(C(C)(C)C)c(Oc3ccc(-n4c(=O)c5cc6c(=O)n(*)c(=O)c6cc5c4=O)cc3)c(C(C)(C)C)c2)cc1,398.5,383.82983,10.673569483826318,-14.670166
*c1ccc(Oc2ccc(-c3ccc(Oc4ccc(-c5nnc(*)c6c(-c7ccccc7)c(-c7ccc8ccccc8c7)c(-c7ccc8ccccc8c7)c(-c7ccccc7)c56)cc4)cc3)cc2)cc1,334.0,311.9485,3.3441000058935644,-22.051514
*Cc1c(C)c(C)c(CNC(=O)CCCCCC(C)CC(=O)N*)c(C)c1C,211.0,210.03151,1.5527064774651969,-0.9684906
*CC(*)c1ccccc1COCCCC,67.0,50.61732,0.8507536826115949,-16.382679
*Nc1ccc(NC(=O)Cc2cc(C)c(CC(*)=O)cc2C)cc1,175.0,182.29433,1.8001559653218007,7.294327
*CCc1ccc(*)c(Br)c1,80.0,75.89154,0.9664451716775725,-4.1084595
*Oc1ccc(OC(=O)c2ccc(C(*)=O)cc2Oc2ccc(-c3ccccc3)cc2)cc1,117.0,107.12717,1.113590712549778,-9.872833
*CCCCCCCCCCOc1ccc(OC(=O)c2ccc(OCCOCCOCCOc3ccc(C(=O)Oc4ccc(O*)cc4)cc3)cc2)cc1,64.0,37.95371,2.440611110129799,-26.046291
*CC(*)(C)C(=O)OCCCCCCOc1cccc(C(=O)Oc2ccc(C#N)cc2)c1,38.000004,33.04533,1.0480284198552519,-4.954674
*c1ccc(Oc2ccc(C(C)(C)c3ccc(Oc4ccc(S(*)(=O)=O)cc4)cc3)cc2)s1,161.85,160.45355,0.8621705180318869,-1.3964539
*Oc1ccc(C(=O)Nc2ccc(C(c3ccc(NC(=O)c4ccc(*)cc4)cc3)(P3(=O)Oc4ccccc4-c4ccccc43)P3(=O)Oc4ccccc4-c4ccccc43)cc2)cc1,243.0,236.29738,0.7010867930144156,-6.7026215
*CCN(CCOC(=O)CCCCC(=O)O*)c1ccc(/C=N/N(c2ccccc2)c2ccccc2)cc1,54.000004,52.017002,0.5885006894661011,-1.9830017
*c1c(C)cc(Cc2cc(C)c(N3C(=O)c4cccc(Oc5ccc(C(C)(C)c6ccc(Oc7cccc8c7C(=O)N(*)C8=O)cc6)cc5)c4C3=O)c(C)c2)cc1C,223.0,226.16808,1.2660637957842702,3.1680756
*c1[nH]c(*)c(OC)c1OC,-25.999998,-24.504316,5.367357397688247,1.4956818
*c1ccc(C(=O)OCCCCCCCCCCCCOC(=O)c2ccc(-c3nnc(*)s3)cc2)cc1,68.0,79.524025,3.4710953872776438,11.524025
*=Cc1ccc(/C=N/c2c(-c3ccccc3)cc(-c3ccc(-c4cc(-c5ccccc5)c(N=*)c(-c5ccccc5)c4)cc3)cc2-c2ccccc2)cc1,300.0,309.548,5.19523776495954,9.548004
*Cc1c(C)c(C)c(CNC(=O)CCCC(=O)N*)c(C)c1C,192.0,206.27426,1.1282327882679433,14.274261
*c1c(C)cc(C(c2cc(C(F)(F)F)cc(C(F)(F)F)c2)c2cc(C)c(N3C(=O)c4ccc(-c5ccc6c(c5)C(=O)N(*)C6=O)cc4C3=O)c(C)c2)cc1C,317.4,300.69818,2.3200033759049212,-16.701813
*c1ccc(Oc2c(F)c(F)c(C(=O)c3c(F)c(F)c(Oc4ccc(C5(*)OC(=O)c6ccccc65)cc4)c(F)c3F)c(F)c2F)cc1,215.0,210.12358,1.3393837139994749,-4.876419
*c1ccc(OCCCCOc2ccc(-c3nc4ccc(-c5ccc6nc(*)c(-c7ccccc7)nc6c5)cc4nc3-c3ccccc3)cc2)cc1,240.0,232.31964,4.678296610261431,-7.680359
*CC(*)(C)C(=O)Oc1ccc(-c2nnc(-c3ccc(C(C)(C)C)cc3)o2)cc1,156.0,155.68938,1.8594499943865614,-0.31062317
*Nc1ccc(Cc2ccc(NC(=O)NCCCCCCNC(*)=O)cc2)cc1,78.0,27.521029,8.779882806534921,-50.478973
*Oc1ccc(Oc2ccc(C(=O)Nc3ccc(Cc4ccc(NC(=O)c5ccc(*)cc5)cc4)cc3)cc2)cc1,216.0,211.93607,2.2549232251134863,-4.0639343
*c1ccc(Oc2ccc3ccc(Oc4ccc(-c5nc(*)nc(-c6ccccc6)n5)cc4)cc3c2)cc1,255.0,246.21222,1.5154620626753283,-8.787781
*=Nc1ccc(C(C)(C)c2ccc(C(C)(C)c3ccc(/N=C4/OC(=O)c5ccc(Oc6ccc7c(c6)C(=O)OC7=*)cc54)cc3)cc2)cc1,249.0,236.24121,18.225513519980023,-12.758789
*CC(*)(C)C(=O)OCCOc1ccc(C(=O)Oc2ccc(OCCCC)cc2)cc1,137.0,79.04925,2.859057920816016,-57.950752
*c1cccc(NC(=O)c2ccc(OCCOCCOc3ccc(C(=O)Nc4ccc5[nH]c(*)nc5c4)cc3)cc2)c1,215.0,185.10266,4.697922005832009,-29.897339
*CC(*)(CC(=O)OCCCl)C(=O)OCCCl,43.000004,43.52351,0.6917696415986809,0.52350616
*O[Zn]OC(=O)c1ccccc1C(=O)OCCCCCOC(=O)NCCCCCCNC(=O)OCCCCCOC(=O)c1ccccc1C(*)=O,-4.3000007,-3.497892,1.6309635329569534,0.80210876
*CC(O)COc1ccc(C(C)(C)c2ccc(OCC(O)COc3ccc(NC(=O)CCCCCC(=O)Nc4ccc(O*)cc4)cc3)cc2)cc1,116.0,106.82595,0.9014275401555005,-9.174049
*O[Si](C)(C)O[Si](C)(C)c1c(F)c(F)c(F)c([Si](*)(C)C)c1F,-60.999996,-58.381237,3.694998987290422,2.6187592
*C(=O)c1ccc2c(c1)C(=O)N(c1ccc(C(=O)Nc3ccc(N4C(=O)c5ccc(*)cc5C4=O)cc3)cc1)C2=O,300.0,315.88086,7.526054984738706,15.880859
*CCOC(=O)CCCCCCCCCCC(=O)OCCOC(=O)c1ccc(C(=O)O*)cc1,-7.9999976,-3.056806,1.4947099588650978,4.9431915
*c1ccc(NC2CC(=O)N(c3ccc(Cc4ccc(N5C(=O)CC(Nc6ccc(-c7nc(-c8ccc(/C=C/c9ccc([N+](=O)[O-])cc9)cc8)[nH]c7*)cc6)C5=O)cc4)cc3)C2=O)cc1,250.0,259.0968,6.359095226745606,9.096802
*Oc1ccc(CC(NC(=O)Cc2ccc(OC(=O)CCCCC(*)=O)cc2)C(=O)OCCCCCCCC)cc1,27.999994,31.623644,0.599997375712003,3.6236496
*CC(*)n1ccnc1,175.0,171.18059,1.1219741590984484,-3.8194122
*OC(COC(*)=O)COC(C)(C)C,17.999994,13.6907215,1.186378641002232,-4.309273
*N=P(*)(OCc1ccccc1)OCc1ccccc1,-31.400007,-20.56294,3.5792371771367106,10.837067
*c1ccc(Oc2ccc(C(C)(C)c3ccc(Oc4ccc(-c5nnc(*)n5-c5ccc(C)cc5)cc4)cc3)cc2)cc1,205.0,199.21631,0.9750623586101917,-5.7836914
*c1ccc(Sc2ccc(Sc3ccc(Sc4ccc(Sc5ccc(N6C(=O)c7ccc(Oc8ccc9c(c8)C(=O)N(*)C9=O)cc7C6=O)cc5)s4)s3)s2)cc1,158.5,182.98627,1.6869327307269164,24.486267
*CCCOc1ccc(-c2ccc(O*)c3ccccc23)c2ccccc12,182.0,156.42885,2.5397220595989896,-25.571152
*c1ccc(-c2cnc3ccc(Oc4ccc5ncc(*)nc5c4)cc3n2)cc1,306.0,328.52374,15.96174879256545,22.523743
*CC(*)(C)C(=O)OCCN(CC)c1ccc(/N=N/c2ccc(OC)cc2)c(C)c1,95.0,91.36423,0.8067304825200302,-3.6357727
*c1ccc(C2(c3ccc(-c4cc(-c5ccccc5)c5cc(C6(c7ccc8nc(*)cc(-c9ccccc9)c8c7)c7ccccc7-c7ccccc76)ccc5n4)cc3)c3ccccc3C(=O)c3ccccc32)cc1,385.00003,357.78317,8.656273519046271,-27.216858
*O[Si](*)(C)CC,-133.00002,-76.3725,7.437503403725752,56.627518
*c1ncnc(N(CCCCCCCCCCN(*)c2ccccc2)c2ccccc2)n1,55.000004,68.76744,2.1340375576542896,13.767437
*Oc1ccc(OC(=O)c2ccc(C(*)=O)cc2Oc2ccc(C3CCCCC3)cc2)cc1,113.0,103.63219,0.8241038753636254,-9.367813
*CCCCCCCCCCOc1ccc(/C=C/c2ccc(OCCCCCCCCCCOP(=O)(O*)OCCCCCCCCCCOc3ccc(/N=N/c4ccc([N+](=O)[O-])cc4)cc3)cc2)cc1,50.000004,51.327106,0.6874009898392733,1.3271027
*c1cccc(Oc2ccc(P(=O)(c3ccccc3)c3ccccc3)c(Oc3cccc(-n4c(=O)c5cc6c(=O)n(*)c(=O)c6cc5c4=O)c3)c2)c1,251.0,244.02614,1.4790496673077147,-6.9738617
*C/C=C/C[Si](*)(C)C,-57.499996,-57.878353,4.394741040040373,-0.37835693
*CC(*)C(=O)c1ccc(C)cc1,59.500004,62.059467,0.9273185812959877,2.5594635
*CC(*)C(=O)Oc1ccc(C(=O)c2ccc(Cl)cc2)cc1,78.0,132.51709,68.25872679043361,54.51709
*N=P(*)(OC)OC,-66.8,-57.290478,5.565552487693703,9.509525
*N=P(*)(OCCCCC)OCCCCC,-103.999985,-82.193634,4.642673402856827,21.80635
*c1ccc(Oc2ccccc2Oc2ccc(N3C(=O)c4ccc(Oc5cc6ccccc6cc5Oc5ccc6c(c5)C(=O)N(*)C6=O)cc4C3=O)cc2)cc1,204.0,208.98726,1.354434102332791,4.987259
*c1ccc(Oc2ccc(C3(c4ccc(Oc5ccc(-c6nnc(*)c7c(-c8ccc(F)cc8)c(-c8ccc(F)cc8)c(-c8ccc(F)cc8)c(-c8ccc(F)cc8)c67)cc5)cc4)c4ccccc4-c4ccccc43)cc2)cc1,321.0,306.19476,2.7711323702758417,-14.805237
*CC(*)(C)C(=O)OCCCCCCCCCCOc1ccc(/N=N/c2ccc(C#N)cc2)cc1,51.000004,56.457638,1.0266717536630605,5.457634
*Oc1ccc(Oc2ccc(Oc3ccc(NC(=O)c4ccc(-c5ccc(C(=O)Nc6ccc(*)cc6)c(C)c5)cc4C)cc3)cc2)cc1,200.0,222.95213,1.5910156048373265,22.952133
*C1C(=O)N(c2ccccc2C(=O)OCC)C(=O)C1*,230.0,233.25574,2.07979617466693,3.2557373
*CCCCCCOC(=O)NNC(=O)CCCCCCCCC(=O)NNC(=O)O*,45.000004,31.101824,0.8696107823368145,-13.89818
*CC(*)(C)C(=O)Oc1ccc(C(=O)/C=C/c2ccc(OC)c(OC)c2)cc1,137.0,130.7547,0.8538093773531901,-6.2453003
*c1ccc(-c2cc(C(C)(C)C)c(Oc3ccc(N4C(=O)c5ccc(Oc6ccc7c(c6)C(=O)N(*)C7=O)cc5C4=O)cc3)c(C(C)(C)C)c2)cc1,342.0,337.0907,4.825356592937541,-4.9093018
*Oc1ccc(C2(c3ccc(OC(=O)c4ccc(Oc5ccc(C6(c7ccc(Oc8ccc(C(*)=O)cc8)cc7)CCC(C(C)(C)C)CC6)cc5)cc4)cc3)C3CC4CC(C3)CC2C4)cc1,197.0,185.5617,1.1322998918931302,-11.438293
*Oc1ccc(C(=O)c2ccc(Oc3ccc(C(=O)c4c(C(=O)c5ccc(*)cc5)c(-c5ccc(F)cc5)c(-c5ccc(F)cc5)c(-c5ccc(F)cc5)c4-c4ccc(F)cc4)cc3)cc2)cc1,260.0,257.34695,1.285357116642706,-2.6530457
*Oc1ccc(Oc2ccc(Oc3ccc(NC(=O)c4cc(C(=O)Nc5ccc(*)cc5)cc(C(C)(C)C)c4)cc3)cc2)cc1,230.0,223.97945,1.5306850335143558,-6.0205536
*Oc1ccc(-c2ccc(Oc3ccc(C(=O)c4cccc(C(=O)c5ccc(*)cc5)c4)cc3)cc2)cc1,159.0,163.17154,1.0960547381891215,4.1715393
*OP(=O)(Oc1ccccc1)OC(CCl)COc1ccc(S(=O)(=O)c2ccc(OCC(*)CCl)cc2)cc1,48.000004,40.49268,0.44228885346095975,-7.507324
*Oc1ccc(Oc2c(F)c(F)c(-c3c(F)c(F)c(*)c(F)c3F)c(F)c2F)cc1S(=O)(=O)O,120.0,130.78818,1.5044137453603748,10.7881775
*CCOC(=O)NCCCCCCCCCCNC(=O)O*,60.8,62.111515,9.318082188374634,1.3115158
*c1cccc(Oc2cccc(Oc3cccc(N4C(=O)C5C6C=CC(C7C(=O)N(*)C(=O)C67)C5C4=O)c3)c2)c1,177.0,197.92749,1.4350309702791024,20.92749
*OC(COc1ccccc1)CC(*)=O,19.999994,22.194178,0.9911038396826166,2.1941833
*c1cc(Br)c(-c2c(Br)cc(N3C(=O)c4ccc(-c5ccc6c(c5)C(=O)N(*)C6=O)cc4C3=O)cc2C(=O)OCCCC)c(C(=O)OCCCC)c1,196.0,182.3898,2.290332170499471,-13.610199
*NC(C)CC(*)=O,125.0,120.334785,0.676014262107326,-4.6652145
*c1ccc2c(c1)C(=O)N(c1cccc(C(c3ccccc3)(c3cccc(N4C(=O)c5ccc(C(*)(C(F)(F)F)C(F)(F)F)cc5C4=O)c3)C(F)(F)F)c1)C2=O,305.0,282.81882,2.163509162176314,-22.181183
*c1ccc(CC(=O)Nc2cccc(NC(=O)Cc3ccc(-c4sc(*)c(-c5ccccc5)c4-c4ccccc4)cc3)c2)cc1,228.0,235.61736,1.4891040643789148,7.6173553
*CCCOCCCCOCCCN1C(=O)c2ccc(C(=O)Oc3ccc(OC(=O)c4ccc5c(c4)C(=O)N(*)C5=O)cc3)cc2C1=O,56.000004,60.75188,1.129294778067954,4.751877
*CCCCCCCCOc1ccc(NC(=O)c2cccc(C(=O)Nc3ccc(O*)cc3)c2)cc1,128.0,133.94861,2.3929674474244904,5.9486084
*c1ccc(-c2ccc(-c3ccc(-c4ccc(-c5cc(-c6ccccc6)c6cc(Oc7ccc8nc(*)cc(-c9ccccc9)c8c7)ccc6n5)cc4)cc3)cc2)cc1,310.0,283.5445,4.501677265696922,-26.455505
*CC(*)C(=O)OCC(COC(=O)c1ccccc1)(COC(=O)c1ccccc1)COC(=O)c1ccccc1,48.000004,51.85793,0.8956263384040558,3.8579254
*c1ccc(O)c(N2C(=O)c3ccc(Oc4ccc(C(C)(C)c5ccc(Oc6ccc7c(c6)C(=O)N(*)C7=O)cc5)cc4)cc3C2=O)c1,246.0,254.14243,2.068363421442713,8.142426
*C[Si](*)(CCC)CCC,-40.999996,-47.629406,3.841858321859163,-6.62941
*CC(*)(C)C(=O)OCCCOc1ccc2cc(C(=O)Oc3ccccc3)ccc2c1,84.0,70.09874,1.1676697758260621,-13.90126
*/C(C)=C(/*)SCC,160.0,158.88979,1.2452454026984843,-1.1102142
*CC(F)(F)CC(*)(C(F)(F)F)C(F)(F)F,132.0,132.48962,1.2282760812130729,0.48962402
*c1ccc2c(c1)C(CCCCCCCC)(CCCCCCCC)c1cc(*)ccc1-2,55.000004,54.373127,1.0611236410880647,-0.62687683
*Oc1ccc(C(CC)(c2ccccc2)c2ccc(OC(=O)CCCCCCCCC(*)=O)cc2)cc1,88.0,77.55268,1.6618630273244712,-10.447319
*c1cccc(N2C(=O)c3c(c(-c4ccccc4)c(-c4ccc(-c5c(-c6ccccc6)c6c(c(-c7ccccc7)c5-c5ccccc5)C(=O)N(*)C6=O)cc4)c(-c4ccccc4)c3-c3ccccc3)C2=O)c1,416.0,360.1925,9.244420456264622,-55.807495
*CC(*)c1cccc2c1OCO2,119.0,115.96514,0.6663567105491068,-3.0348587
*CCOCCOCCOCCOCCOCCOC(=O)NCCCCCCNC(=O)O*,-30.999998,-16.077803,5.246100175174279,14.922195
*CCCCCCCCOc1cccc(NC(=O)c2ccc(C(=O)Nc3cccc(O*)c3)cc2)c1,122.0,124.73043,2.689135154473723,2.7304306
*c1ccc(C(=O)c2ccc(-n3nc(-c4ccc(Sc5ccc(-c6nn(*)c(=O)c7ccccc67)cc5)cc4)c4ccccc4c3=O)cc2)cc1,281.0,276.6423,2.778777314500316,-4.3576965
*CC(*)C(=O)OCCCCCCC,-59.999996,-55.934994,3.627121701348776,4.0650024
*O[Si](C)(C)O[Si](*)(C)CCCCOc1ccc(-c2ccc(C#N)cc2)cc1,-5.4999976,-10.454573,2.9211218572084845,-4.954575
*Sc1ccc(P(=O)(c2ccccc2)c2ccc(Sc3ccc(-c4ccc(*)cc4)cc3)cc2)cc1,232.0,208.4786,2.910984729445833,-23.521393
*C(=O)Nc1ccc(Oc2ccc(C(C)(C)c3ccc(Oc4ccc(NC(=O)c5ccc6c(c5)C(=O)N(c5ccc(Oc7cccc8c(Oc9ccc(N%10C(=O)c%11ccc(*)cc%11C%10=O)cc9)cccc78)cc5)C6=O)cc4)cc3)cc2)cc1,235.0,246.2809,3.6284156512520336,11.280899
*CNC(=O)OCc1ccc(COCc2ccc(COC(=O)NCc3ccc(C(C)(C)c4ccc(*)o4)o3)o2)o1,39.000004,36.980053,1.2731729802398009,-2.0199509
*Oc1ccc(S(=O)(=O)c2ccc(Oc3ccc(/C=N/c4ccc(Oc5ccc(-c6ccc(Oc7ccc(/N=C/c8ccc(*)cc8)cc7)cc6)cc5)cc4)cc3)cc2)cc1,127.0,140.92549,3.5036785035773943,13.925491
*CC(*)C(=O)OC12CC3CC(CC(C3)C1)C2,183.0,190.41133,2.179713905461363,7.411331
*Oc1ccc(C2(c3ccc(Oc4ccc(C(=O)C(=O)c5ccc(*)cc5)cc4)cc3)c3ccccc3-c3ccccc32)cc1,242.0,242.20319,1.4752419610530658,0.20318604
*/C=C/C1CC(*)C(C2CC=CCC2)C1,105.0,95.410736,0.8930322599762806,-9.589264
*Oc1ccc(OC(=O)c2ccc(C(C)(C)c3ccc(C(*)=O)cc3)cc2)cc1,195.0,197.19287,28.991997738653005,2.192871
*C(=O)Nc1ccc(NC(=O)c2ccc(NC(=O)c3ccc(-c4nc5cc(*)ccc5[nH]4)cc3)cc2)cc1,295.0,310.3495,4.427113664327696,15.349487
*Oc1ccc(Oc2ccc(C(=O)c3ccc(C(=O)c4ccc(*)cc4)cc3)cc2)cc1-c1cccc(C)c1,159.0,159.46016,1.2374935369094888,0.4601593
*c1cccc(P(=O)(c2ccc(C(F)(F)F)cc2)c2cccc(-n3c(=O)c4c(-c5ccc(C(F)(F)F)cc5)c5c(=O)n(*)c(=O)c5c(-c5ccc(C(F)(F)F)cc5)c4c3=O)c2)c1,324.0,322.68402,2.558318034034166,-1.315979
*CC(*)OC(=O)C(F)(F)C(F)(F)C(F)(F)C(F)(F)F,19.999994,0.10711897,1.7442969355105806,-19.892876
*c1ccc(-c2ccc(-c3c(-c4ccccc4)nc4ccc(-c5ccc6nc(-c7ccccc7)c(*)c(-c7ccccc7)c6c5)cc4c3-c3ccccc3)cc2)cc1,405.0,361.43237,12.985760359675979,-43.567627
*c1ccc2c(c1)C(=O)N(C1CCC(CC3CCC(N4C(=O)c5ccc(C(*)(C(F)(F)F)C(F)(F)F)cc5C4=O)CC3)CC1)C2=O,265.0,264.46042,1.2788846443441684,-0.5395813
*Oc1ccc(NC(=O)c2cc(NC(=O)CCN3C(=O)c4ccccc4C3=O)cc(C(=O)Nc3ccc(*)cc3)c2)cc1,240.0,229.87979,1.067242361138852,-10.120209
*C(=O)Nc1ccc(Cc2ccc(NC(=O)c3ccc4c(c3)C(=O)N(c3c(C)cc(-c5cc(C)c(N6C(=O)c7ccc(*)cc7C6=O)c(C)c5)cc3C)C4=O)c(C)c2)cc1C,329.0,318.65198,5.662312209967365,-10.348022
*c1ccc(Sc2ccc3c(c2)Sc2ccc(Sc4ccc(-n5c(=O)c6cc7c(=O)n(*)c(=O)c7cc6c5=O)cc4)cc2S3)cc1,254.75,271.35657,3.652096316817249,16.606567
*CCOCCC(=O)O*,-34.999996,-36.574078,3.4859200988513677,-1.5740814
*Nc1ccc(Cc2ccc(NC(=O)c3ccc(P(=O)(c4ccccc4)c4ccc(C(*)=O)cc4)cc3)cc2)cc1,307.0,276.90485,2.5396361872357107,-30.095154
*c1ccc(C(c2ccc(N3C(=O)c4cc(-c5ccc(C(C)(C)C)cc5)c(-c5cc6c(cc5-c5ccc(C(C)(C)C)cc5)C(=O)N(*)C6=O)cc4C3=O)cc2)(C(F)(F)F)C(F)(F)F)cc1,381.00003,367.0972,6.23031935521462,-13.902832
*CCCCOCCCCOCCCCOC(=O)c1ccc(/N=C/c2cc(OCCCCCC)c(/C=C/c3cc(OCCCCCC)c(/C=C/c4cc(OCCCCCC)c(/C=N/c5ccc(C(=O)O*)cc5)cc4OCCCCCC)cc3OCCCCCC)cc2OCCCCCC)cc1,14.300005,14.34897,1.3486346808620484,0.048965454
*CC(*)c1ccc(-c2ccc3c(c2)C(CCCCCC)(CCCCCC)c2cc(-c4ccc5c(c4)C(CCCCCC)(CCCCCC)c4ccccc4-5)ccc2-3)cc1,78.6,77.647316,0.9831658821990527,-0.9526825
*CC(*)C(=O)N1CCOCC1,150.0,143.22583,1.0922007446362176,-6.77417
*c1cc(C(=O)OCC)cc(N2C(=O)CC(C3Cc4ccccc4C4C(=O)N(*)C(=O)C43)C2=O)c1,254.0,237.37523,2.3531015169395553,-16.624771
*c1ccc(Oc2ccc(S(=O)(=O)c3ccc(Oc4ccc(N5C(=O)c6ccc(Oc7cccc8c(Oc9ccc%10c(c9)C(=O)N(*)C%10=O)cccc78)cc6C5=O)cc4)cc3)cc2)cc1,201.0,231.45248,2.111080523833288,30.452484
*CC(OC)C(C(=O)OC)C(*)C(=O)OC,59.500004,61.66747,0.6722927423831384,2.1674652
*Oc1c(Cl)cc(C2(c3cc(Cl)c(OC(*)=O)c(Cl)c3)CC3CC2C2CCCC32)cc1Cl,281.0,288.4106,2.1158347110870985,7.410614
*Oc1ccc(Oc2ccc(OC(=O)c3cccc(Oc4ccc(Oc5cccc(C(*)=O)c5)cc4)c3)cc2)cc1,104.0,101.95782,1.8232160459787368,-2.042183
*c1ccc(Sc2cc3c(cc2Sc2ccc(N4C(=O)C5C6C=CC(C7C(=O)N(*)C(=O)C67)C5C4=O)cc2)C(=O)N(CCN(C)C)C3=O)cc1,310.0,307.08774,2.23632997346056,-2.912262
*c1ccc(Oc2cccc(Oc3ccc(N4C(=O)c5ccc(Oc6ccc(C(C)(C)c7ccc(Oc8ccc9c(c8)C(=O)N(*)C9=O)cc7)cc6)cc5C4=O)cc3)c2C#N)cc1,213.0,208.75418,1.1174982192461396,-4.245819
*CCCN1C(=O)C2C3C=CC(C4C(=O)N(*)C(=O)C34)C2C1=O,210.0,216.3956,1.9458528813144529,6.3955994
*CC(*)OC(=O)OCC(Cl)(Cl)Cl,74.0,69.20139,0.8542231355328412,-4.798607
*CC(*)(C)C(N)=O,88.7,88.945786,1.006920272329815,0.24578857
*CCc1ccc(CCNC(=O)CCCCCCCCCCCCC(=O)N*)cc1,93.0,94.448296,0.6234524692400207,1.4482956
*CCC(=O)Nc1ccc(NC(=O)CCN2C(=O)c3ccc(C(=O)c4ccc5c(c4)C(=O)N(*)C5=O)cc3C2=O)cc1,237.0,235.1086,0.9482163539566093,-1.8914032
*Nc1cccc2c1C(=O)c1cccc(N[Se]*)c1C2=O,52.000004,51.878414,0.7558491175519335,-0.12158966
*CC(*)C(=O)Oc1ccccc1C(C)(C)C,72.0,64.933754,0.8750860879973773,-7.066246
*CC(CO*)(CS(=O)(=O)CCCC)CS(=O)(=O)CCCC,66.0,58.56248,0.6920850654501386,-7.437519
*Oc1ccc(S(=O)(=O)c2ccc(Oc3c(C)cc(C(C)(C)c4cc(C)c(*)c(C)c4Br)c(Br)c3C)cc2)cc1,275.4,278.39563,2.66950347555949,2.995636
*CC(*)C(=O)Oc1cccc(N(C)C)c1,47.000004,48.142536,0.7246251932070531,1.1425323
*NNC(=O)c1ccc(C(*)=O)cc1OCCCCCCCC,203.5,204.98605,2.924810389378486,1.4860535
*C(=O)c1ccc(Oc2c(C)cc(-c3cc(C)c(Oc4ccc(C(=O)c5ccc6nc(*)ccc6c5)cc4)c(C)c3C)c(C)c2C)cc1,250.0,255.14095,1.2598525011369728,5.1409454
*CC1(C)CC(N2C(=O)c3ccc(-c4ccc5c(c4)C(=O)N(*)C5=O)cc3C2=O)CC(C)(C)C1,311.0,297.9742,1.856926184685323,-13.025787
*Oc1ccc(OC(=O)c2ccc(-c3ccc(C(*)=O)cc3)cc2-c2ccccc2)cc1-c1ccccc1,148.0,136.36536,0.9904235630096189,-11.634644
*CC(*)(C)C(=O)OC1(C)C2CC3CC(C2)CC1C3,165.0,153.08545,1.4582565123189413,-11.914551
*Oc1ccc(NC(=O)c2cc(NC(=O)c3ccc(OC(C)=O)cc3)cc(C(=O)Nc3ccc(Oc4ccc(-c5ccc(*)cc5)cc4)cc3)c2)cc1,252.0,258.39523,2.3306934379091717,6.395233
*c1ccc(-c2ccc3c(c2)C(CCCCCC)(CCCCCC)c2cc(*)ccc2-3)cc1,106.2,96.6158,1.1677571143028602,-9.584198
*c1ccc(NC(=O)c2ccc(OCCOCCOCCOCCOc3ccc(C(=O)Nc4ccc5[nH]c(*)nc5c4)cc3)cc2)cc1,140.0,148.03549,4.508700368344385,8.035492
*CCCCCCCCCC(=O)N*,43.000004,43.45857,1.0094927779443763,0.45856476
*Oc1cccc(NC(=O)c2ccc([Si](C)(C)c3ccc(C(*)=O)cc3)cc2)c1,220.0,210.08354,5.36173212955913,-9.916458
*CCCCOC(=O)/C=C/C(=O)O*,35.500004,5.6655602,2.2048860273653768,-29.834444
*c1cccc(NC(=O)CCCCCCC(=O)Nc2cccc(S(*)(=O)=O)c2)c1,125.0,118.606705,1.1322949699406009,-6.3932953
*CCCC1(CCCNC(=O)CCC2(CCC(=O)N*)c3ccccc3-c3ccccc32)c2ccccc2-c2ccccc21,165.0,155.67294,0.9736067173302242,-9.327057
*c1ccc(Oc2ccc(N3C(=O)c4ccc(Oc5cccc6c(Oc7ccc8c(c7)C(=O)N(*)C8=O)cccc56)cc4C3=O)cc2)cc1,240.0,246.31288,2.694296711841136,6.3128815
*CC(*)(CC(=O)OC1CCCCCC1)C(=O)OC1CCCCCC1,105.0,84.00594,1.3664208370225495,-20.994057
*CC(*)c1cccc(F)c1,86.0,75.93463,1.3122256366110505,-10.065369
*c1ccc(Oc2ccc(S(=O)(=O)c3ccc(Oc4ccc(-c5nc(-c6cccc(-c7nc(*)c(-c8ccccc8)[nH]7)c6)[nH]c5-c5ccccc5)cc4)cc3)cc2)cc1,292.0,280.06323,1.5399989385358688,-11.936768
*c1ccc2c(c1)C(=O)N(c1ccc(Sc3ccc(N4C(=O)c5ccc(C(*)(C(F)(F)F)C(F)(F)F)cc5C4=O)cc3)cc1)C2=O,301.0,273.54504,4.221191737185469,-27.454956
*c1cc(Br)c(-c2c(Br)cc(N3C(=O)c4ccc(-c5ccc6c(c5)C(=O)N(*)C6=O)cc4C3=O)cc2C(=O)OCCCCCCCCCCCC)c(C(=O)OCCCCCCCCCCCC)c1,108.0,104.16031,2.123823144764687,-3.8396912
*CCCCCCNC(=O)C(OC)C(OC)C(=O)N*,106.0,100.324066,1.3408354805508556,-5.675934
*Oc1ccc2ccc(Oc3ccc(C(=O)Nc4ccc(Oc5ccc(Oc6ccc(NC(=O)c7ccc(*)cc7)cc6)cc5)cc4)cc3)cc2c1,191.0,172.85023,2.0814139262131843,-18.149765
*C(=O)Nc1ccc(C2(c3ccc(N4C(=O)c5ccc(*)cc5C4=O)cc3)CCC(C)CC2)cc1,322.0,319.96463,5.9354738731150904,-2.0353699
*C(=O)c1ccc2c(c1)C(=O)N(c1ccc(Oc3ccc(C(=O)c4ccc(C(=O)c5ccc(Oc6ccc(N7C(=O)c8ccc(*)cc8C7=O)cc6)cc5)cc4)cc3)cc1)C2=O,233.0,238.05745,1.6643603422599667,5.0574493
*Oc1ccc(CNC(=O)c2ccc(C(=O)NCc3ccc(OC4COC5C(*)COC45)cc3)cc2)cc1,122.0,115.73866,3.101580743635492,-6.2613373
*CCN(CCOC(=O)Nc1ccc(C)c(NC(=O)O*)c1)c1ccc(/N=N/c2ccc(/N=N/c3cc(OC)c(/N=N/c4ccc([N+](=O)[O-])cc4)cc3OC)c(C)c2)cc1,148.0,142.06947,0.7678087291415833,-5.9305267
*CCCCCCCN1C(=O)c2ccc(C(c3ccc4c(c3)C(=O)N(*)C4=O)(C(F)(F)F)C(F)(F)F)cc2C1=O,165.0,154.48871,2.06613869889943,-10.5112915
*CC(O)COc1ccc(C(C)(C)c2ccc(O*)cc2)cc1,91.0,103.59247,1.6277012209315183,12.592468
*Oc1c(-c2ccccc2)cc(Cc2cc(-c3ccccc3)c(OC(=O)CCCCC(*)=O)c(-c3ccccc3)c2)cc1-c1ccccc1,115.0,105.70954,0.7681486056720965,-9.290459
*OC(=O)OCCOCCOC(=O)OC1COC2C(*)COC12,46.500004,24.256128,1.79829442004175,-22.243876
*CC(*)(C)C(=O)OCCCCCCOc1ccc(-c2ccc(C#N)cc2)cc1,63.000004,58.249157,1.3214754515272873,-4.750847
*c1ccc(Oc2ccc(S(=O)(=O)c3ccc(Oc4ccc(C5(*)OC(=O)c6ccccc65)cc4)cc3)cc2)cc1,247.0,239.61722,1.3952732180274194,-7.382782
*CC(O)COc1c(Cl)cc(C(C)(C)c2cc(Cl)c(OCC(O)COc3ccc(C(C)(C)c4ccc(O*)cc4)cc3)c(Cl)c2)cc1Cl,100.0,105.35968,0.6584229419613126,5.35968
*C1C(=O)N(c2ccc(O[Si](C)(C)C)cc2)C(=O)C1*,172.0,165.5182,1.0563972052687285,-6.4817963
*c1ccc2c(c1)C(=O)N(c1ccc(-c3ccc(N4C(=O)c5ccc(C(*)(C(F)(F)F)C(F)(F)F)cc5C4=O)c(OCCN(CC)c4ccc(C(C#N)=C(C#N)C#N)cc4)c3)cc1OCCN(CC)c1ccc(C(C#N)=C(C#N)C#N)cc1)C2=O,222.0,217.76477,0.9912039542915122,-4.2352295
*C(=O)c1ccc(Oc2ccc(C(C)(C)c3ccc(Oc4ccc(*)s4)cc3)cc2)s1,124.0,127.267426,0.6707438981722953,3.2674255
*Oc1c(-c2ccccc2)cc(*)cc1-c1ccccc1-c1ccccc1,211.0,210.38216,1.005107422963087,-0.6178436
*c1ccc2c(c1)C(=O)N(c1ccccc1Oc1ccc(N3C(=O)c4ccc(C(*)(C(F)(F)F)C(F)(F)F)cc4C3=O)cc1)C2=O,276.0,284.88058,1.6498473892539018,8.880585
*Nc1cc(NC(=O)c2cc(OCCN(C)c3ccc([N+](=O)[O-])cc3)cc(C(*)=O)c2)cc(C(=O)OC)c1,177.0,174.51753,1.1541062360461978,-2.4824677
*c1ccc2c(c1)C(=O)N(c1cccc(C(c3cccc(N4C(=O)c5ccc(C(*)(C(F)(F)F)C(F)(F)F)cc5C4=O)c3)(C(F)(F)F)C(F)(F)F)c1)C2=O,263.0,255.14514,2.2248532368307616,-7.8548584
*CCCCCCOC(=O)OCCCCCCCCOC(=O)OCCCCCCn1c(=O)c2cc3c(=O)n(*)c(=O)c3cc2c1=O,8.000002,18.200327,1.4940579572385455,10.200325
*CC(*)CCCCCCCCCCCCCCCC,55.000004,-30.581434,8.154527583752715,-85.581436
*Nc1cc(NC(=O)c2ccccc2C(*)=O)cc(-c2nnc(-c3ccccn3)o2)c1,90.0,123.75964,19.081274765678295,33.759644
*/C=C/CC*,-87.66667,-75.70244,4.957313093026453,11.964233
*c1ccc(Oc2ccc(N3C(=O)c4ccc(Oc5ccc6ccc(Oc7ccc8c(c7)C(=O)N(*)C8=O)cc6c5)cc4C3=O)cc2)cc1,245.0,247.2033,2.0245634894956726,2.2032928
*CCCCCOC(=O)c1ccc(-c2ccc(C(=O)O*)cc2)cc1,47.500004,60.14867,10.45085594910171,12.648666
*CC(*)(C)C(=O)OCCCCCCc1ccc(/N=N/c2ccc(OC(F)(F)F)cc2)cc1,194.5,201.67583,2.3317515529805957,7.175827
*CC(c1ccccc1)C1C(=O)N(CCCN(CC)c2ccc(/N=N/c3ccc([N+](=O)[O-])cc3)c(C)c2)C(=O)C1*,137.0,142.46378,0.5154954620455944,5.4637756
*CC(O)COc1ccc(C2CC(C(C)C)CCC2(C)c2ccc(O*)cc2)cc1,175.0,178.66075,2.044273500760798,3.6607513
*C(=O)c1ccc2c(c1)C(=O)N(c1ccc(Oc3ccc(C(=O)c4cccc(C(=O)c5ccc(Oc6ccc(N7C(=O)c8ccc(*)cc8C7=O)cc6C(F)(F)F)cc5)n4)cc3)c(C(F)(F)F)c1)C2=O,225.2,219.29039,1.0318372904814548,-5.909607
*Oc1ccc(OC(=O)c2ccc(C(*)=O)cc2)cc1CCC(C)CC,237.0,230.39815,4.9886699100896275,-6.6018524
*Nc1ccc(C2(c3ccc(NC(=O)c4cc(NC(=O)C56CC7CC(CC(C7)C5)C6)cc(C(*)=O)c4)cc3)c3ccccc3-c3ccccc32)cc1,370.00003,372.24918,4.09322474142761,2.2491455
*Oc1ccc(C(C)(C)c2ccc(OC(=O)c3cccc(C(*)=O)c3)c(C)c2)cc1C,162.0,155.46707,1.5938288672362508,-6.5329285
*CC(=O)Nc1ccc(Oc2ccc(Oc3ccc(NC(=O)CN4C(=O)c5ccc(C(c6ccc7c(c6)C(=O)N(*)C7=O)(C(F)(F)F)C(F)(F)F)cc5C4=O)cc3)cc2)cc1,242.0,234.15324,0.7745495002141696,-7.846756
*CC(*)(C)C(=O)OCC,66.0,54.322163,1.498773711373669,-11.677837
*c1ccc(-c2ccc(-c3cnc4cc(Oc5ccc6nc(*)cnc6c5)ccc4n3)cc2)cc1,390.00003,341.03763,24.775835608618202,-48.962402
*Oc1ccc(/C(=C/c2ccc(-c3ccc(/C=C(\c4ccccc4)c4ccc(OC(=O)c5ccc(C(*)=O)cc5)cc4)cc3)cc2)c2ccccc2)cc1,236.0,231.73949,1.3674330836852953,-4.2605133
*CCOCCOC(=O)c1ccccc1-c1ccccc1C(=O)O*,16.999994,12.890154,1.4194191651902535,-4.1098404
*CC(*)C(=O)Nc1ccccc1Cl,63.000004,59.14166,0.6702396598440188,-3.858345
*OP(=O)(Oc1ccccc1)Oc1ccc(-c2ccc(*)cc2)cc1,112.0,97.21662,1.7782683565908013,-14.783379
*Nc1cccc(NC(=O)CCCCCCCCC(=O)Nc2ccc(C(=O)NC(*)=S)cc2)c1,265.0,259.55383,2.0407185943658503,-5.446167
*c1ccc(Oc2ccc(-c3ccc(Oc4ccc(N5C(=O)c6ccc(Oc7ccc(C(C)(C)c8ccc(Oc9ccc%10c(c9)C(=O)N(*)C%10=O)cc8)cc7)cc6C5=O)cc4)cc3)cc2)cc1,220.0,214.66498,1.8763620327223225,-5.335022
*OC(=O)c1ccc(CCCCCCc2ccc(C(*)=O)cc2)cc1,19.999994,20.230486,5.370830411170898,0.23049164
*CC(*)C(=O)Oc1ccc(C(=O)OCc2ccccc2)cc1,16.250002,32.417988,1.0512851815937923,16.167986
*c1cc(C(=O)NCCCCCCCCCC)cc(N2C(=O)c3ccc(-c4ccc5c(c4)C(=O)N(*)C5=O)cc3C2=O)c1,245.1,243.62956,1.1767280534832298,-1.4704437
*c1ccc(C(=O)Nc2ccc(Oc3ccc(S(=O)(=O)c4ccc(Oc5ccc(NC(=O)c6ccc(N7C(=O)c8ccc(-c9cccc%10c9C(=O)N(*)C%10=O)cc8C7=O)cc6)cc5)cc4)cc3)cc2)cc1,287.0,273.0992,2.3325545642996453,-13.900787
*c1cccc(P(=O)(c2ccccc2)c2cccc(-n3c(=O)c4c(-c5ccccc5)c5c(=O)n(*)c(=O)c5c(-c5ccccc5)c4c3=O)c2)c1,342.0,339.96915,4.184402760088161,-2.0308533
