formula,actual,predicted,uncertainty,residual
*CC(*)c1ccc([Si](O[Si](C)(C)C)(O[Si](C)(C)C)O[Si](C)(C)C)cc1,114.0,-80.53981018066406,52.99453353881836,-194.53981018066406
*NCCCCCCNc1nc(*)nc(-c2ccccc2)n1,95.0,114.12860107421875,56.564857482910156,19.12860107421875
*CCN(CCOC(=O)Nc1cccc(NC(=O)O*)c1C)c1ccc(/C=C/c2ccc([N+](=O)[O-])cc2)cc1,123.0,142.0991668701172,36.380943298339844,19.099166870117188
*c1ccc2c(c1)C(=O)N(c1ccc(C(=O)Nc3ccc(Oc4ccc(Oc5ccc(NC(=O)c6ccc(N7C(=O)c8ccc(C(*)(C(F)(F)F)C(F)(F)F)cc8C7=O)cc6)cc5)cc4)cc3)cc1)C2=O,303.0,278.9925842285156,35.16072463989258,-24.007415771484375
*CCCCCCCCCCCN1C(=O)c2ccc(-c3ccc(-c4ccc5c(c4)C(=O)N(*)C5=O)cc3)cc2C1=O,89.0,183.45843505859375,99.81254577636719,94.45843505859375
*CCCC(=O)Nc1ccc(Cc2ccc(NC(=O)CCCN3C(=O)c4ccc(C(=O)c5ccc6c(c5)C(=O)N(*)C6=O)cc4C3=O)cc2)cc1,195.0,187.99105834960938,56.14067840576172,-7.008941650390625
*C(=O)Nc1ccc(NC(=O)c2ccc3c(c2)C(=O)N(c2ccc(S(=O)(=O)c4ccc(N5C(=O)c6ccc(*)cc6C5=O)cc4)cc2)C3=O)cc1,368.0,299.7593688964844,56.34574508666992,-68.24063110351562
*CC(*)S(=O)(=O)c1ccccc1,128.0,67.91734313964844,44.18277359008789,-60.08265686035156
*c1ccc(C2(c3ccc(-c4nnc(*)o4)cc3)OC(=O)c3ccccc32)cc1,380.0,369.1513671875,51.079429626464844,-10.8486328125
*NC1CCC(CC2CCC(NC(=O)CCCCCCCCCCC(*)=O)CC2)CC1,142.0,62.278053283691406,30.29335594177246,-79.7219467163086
*N=P(*)(OCCCCCCCCC)OCCCCCCCCC,-56.0,-43.176116943359375,42.247615814208984,12.823883056640625
*/C=C/c1ccc(/C=C/[Si](C)(C)c2ccc([Si](*)(C)C)cc2)cc1,76.5999984741211,34.583404541015625,40.871246337890625,-42.01659393310547
*CC1CCCC(CNC(=O)CCCCC(=O)N*)C1,107.0,59.00029754638672,47.35308074951172,-47.99970245361328
*/C=C/C1CC(*)C(C2CC=CCC2)C1,105.0,115.38705444335938,85.41574096679688,10.387054443359375
*CC(*)(C)C(=O)OCCC[Si]12O[Si]3(CC(C)C)O[Si]4(CC(C)C)O[Si](CC(C)C)(O1)O[Si]1(CC(C)C)O[Si](CC(C)C)(O2)O[Si](CC(C)C)(O3)O[Si](CC(C)C)(O4)O1,85.0,-69.5386962890625,45.155033111572266,-154.5386962890625
*OC(COC(=O)c1ccc2cc(C(*)=O)ccc2c1)COc1ccc(/N=N/c2ccc(C#N)cc2)cc1,138.0,282.4909973144531,70.12548828125,144.49099731445312
*c1ccc(-c2ccc3c(c2)C(CCCCCCCC)(CCCCCCCC)c2cc(*)ccc2-3)c(F)c1,34.0,46.153236389160156,50.37702560424805,12.153236389160156
*CCCCCCCCCCOC(=O)c1ccc(-c2ccc(C(=O)O*)cc2)cc1,52.0,48.33833312988281,33.19295120239258,-3.6616668701171875
*C(=O)Nc1ccc(Oc2ccc(-c3ccc(Oc4ccc(NC(=O)c5ccc6c(c5)C(=O)N(c5cccc(N7C(=O)c8ccc(*)cc8C7=O)c5)C6=O)cc4)cc3)cc2)cc1,292.0,257.30255126953125,31.927452087402344,-34.69744873046875
*Oc1ccc(P(=O)(c2ccccc2)c2ccc(Oc3ccc(C(c4ccc(*)cc4)(C(F)(F)F)C(F)(F)F)cc3)cc2)cc1,210.5,196.5220184326172,36.1209602355957,-13.977981567382812
*OC(COc1ccccc1)CC(*)=O,20.0,51.352699279785156,20.033260345458984,31.352699279785156
*Oc1ccc(Sc2ccc(Oc3ccc4c(=O)n5c6cc(-c7ccc8c(c7)nc7c9ccc(*)c%10cccc(c(=O)n87)c%109)ccc6nc5c5cccc3c45)cc2)cc1,386.0,363.0496520996094,54.10176467895508,-22.950347900390625
*CCCCOC(=O)CCCCC(=O)O*,-66.0,-13.712631225585938,67.37981414794922,52.28736877441406
*Nc1ccc(C(=O)c2ccc(C(=O)c3ccc(Nc4ccc5c(c4)c4cc(*)ccc4n5CC(CC)CCCC)cc3)cc2)cc1,213.0,185.203857421875,82.63243103027344,-27.796142578125
*c1cc(C(=O)OC)cc(N2C(=O)CC(C3Cc4ccccc4C4C(=O)N(*)C(=O)C43)C2=O)c1,258.0,197.93157958984375,77.77589416503906,-60.06842041015625
*c1cccc(C(F)(F)C(F)(F)C(F)(F)c2cccc(N3C(=O)c4ccc(Oc5ccc6c(c5)C(=O)N(*)C6=O)cc4C3=O)c2)c1,183.0,289.3780517578125,58.27602767944336,106.3780517578125
*CC(F)(F)C(F)(F)C(F)(F)C(F)(F)COC(=O)O*,-41.0,-36.11866760253906,38.316505432128906,4.8813323974609375
*CC(*)(C)C(=O)OCc1ccc2c(c1)c1ccccc1n2CCCC,87.0,84.82220458984375,67.27741241455078,-2.17779541015625
*c1ccc(Oc2ccc(C(=O)c3cccc(C(=O)c4ccc(Oc5ccc(-n6c(=O)c7cc8c(=O)n(*)c(=O)c8cc7c6=O)cc5)cc4)c3)cc2)cc1,247.0,230.13609313964844,25.934314727783203,-16.863906860351562
*CCC[Si](C)(C)O[Si](C)(C)CCCN1C(=O)c2ccc(C(=O)c3ccc4c(c3)C(=O)N(*)C4=O)cc2C1=O,68.0,44.52943420410156,42.81047821044922,-23.470565795898438
*CC(*)c1ccc(B(Oc2cccc3cccnc23)c2ccc(C(C)(C)C)cc2)cc1,240.0,221.94906616210938,68.40714263916016,-18.050933837890625
*Nc1ccc(*)cc1OC,90.0,120.69046020507812,48.05244445800781,30.690460205078125
*Oc1cccc(Oc2ccc(NC(=O)c3ccc(-c4ccc(C(=O)Nc5ccc(*)cc5)c(C)c4)cc3C)cc2)c1,213.0,222.1927490234375,62.66164016723633,9.1927490234375
*c1cccc(N2C(=O)c3cccc(Oc4ccc(Sc5ccc(Oc6cccc7c6C(=O)N(*)C7=O)cc5)cc4)c3C2=O)c1,231.0,255.5263671875,34.591949462890625,24.5263671875
*c1cccc(-c2cc(C(=O)Nc3ccc(OC(=O)c4cc(OCCCCCCCCCCCC)c(OCCCCCCCCCCCC)c(OCCCCCCCCCCCC)c4)cc3)cc(-c3cccc(N4C(=O)c5ccc(S(=O)(=O)c6ccc7c(c6)C(=O)N(*)C7=O)cc5C4=O)c3)c2)c1,268.0,97.41077423095703,53.97869110107422,-170.58922576904297
*Cc1ccc(C(C)(C)c2ccc(CN3C(=O)c4ccc(Oc5ccc6c(c5)C(=O)N(*)C6=O)cc4C3=O)o2)o1,116.0,225.40386962890625,82.47021484375,109.40386962890625
*Oc1ccc(Oc2cccc(*)n2)c(C)c1,89.0,214.55224609375,91.93673706054688,125.55224609375
*Cc1ccc(CSSS*)cc1,8.0,27.76209259033203,40.26997756958008,19.76209259033203
*C(=O)c1ccc2c(c1)C(=O)N(c1ccc(C(c3ccccc3)c3ccc(N4C(=O)c5ccc(*)cc5C4=O)cc3)cc1)C2=O,282.0,284.0545654296875,66.38070678710938,2.0545654296875
*CCCCCCCCOC(=O)c1ccc(-c2ccc(C(=O)O*)cc2)cc1,47.0,46.66291809082031,46.57136535644531,-0.3370819091796875
*CC(*)(CC(=O)OCCCCl)C(=O)OCCCCl,47.0,51.74610900878906,44.548587799072266,4.7461090087890625
*/C=C/c1nc(/C=C/c2ccc3c(c2)c2cc(*)ccc2n3CCCCCC)c(C#N)c(/C=C/c2ccc(N(c3ccccc3)c3ccccc3)cc2)c1C#N,134.0,185.50035095214844,64.51744079589844,51.50035095214844
*CC(*)C(=O)OCCCCCCOc1ccc(/N=N/c2ccc([N+](=O)[O-])cc2)cc1,35.79999923706055,104.5653076171875,41.98784637451172,68.76530838012695
*Oc1c(F)c(F)c(Sc2c(F)c(F)c(Oc3ccc(C(c4ccc(*)cc4)(C(F)(F)F)C(F)(F)F)cc3)c(F)c2F)c(F)c1F,141.5,154.5328826904297,51.18629455566406,13.032882690429688
*c1ccc2c(c1)C(=O)N(c1cc(C(=O)Nc3cccc4c(NC(=O)c5ccc(C)c(N6C(=O)c7ccc(C(*)(C(F)(F)F)C(F)(F)F)cc7C6=O)c5)cccc34)ccc1C)C2=O,250.0,269.8246154785156,40.01301956176758,19.824615478515625
*C(=O)Nc1cccc(NC(=O)c2ccc3c(c2)C(=O)N(c2ccc(Oc4cccc5c(Oc6ccc(N7C(=O)c8ccc(*)cc8C7=O)cc6)cccc45)cc2)C3=O)c1,263.0,256.13702392578125,30.392608642578125,-6.86297607421875
*c1ccc(-c2ccc(-n3c(=O)c4cc5c(=O)n(*)c(=O)c5cc4c3=O)cc2OC(F)(F)F)c(OC(F)(F)F)c1,384.0,361.54583740234375,69.40023040771484,-22.45416259765625
*c1ccc(C(=O)c2ccc(N3C(=O)c4ccc(Oc5ccc(Oc6ccc7c(c6)C(=O)N(*)C7=O)cc5)cc4C3=O)cc2)cc1,268.0,239.18605041503906,30.36421775817871,-28.813949584960938
*CCCCCCNC(=O)CCCCCCCCCCC(=O)N*,46.0,46.89924621582031,25.080183029174805,0.8992462158203125
*Oc1ccc(C(=O)CNc2ccc(S(=O)(=O)c3ccc(NCC(=O)c4ccc(*)cc4)cc3)cc2)cc1,247.0,220.65757751464844,90.22173309326172,-26.342422485351562
*O[Si](C)(C)c1cc(OCCOCc2ccccc2)c([Si](*)(C)C)cc1OCCOCc1ccccc1,76.0,34.63585662841797,39.41846466064453,-41.36414337158203
*CC(*)OCCOc1ccc(/N=N/c2ccc(C#N)cc2)cc1,61.0,137.43203735351562,67.10853576660156,76.43203735351562
*CCN(CCN1C(=O)c2ccc(C(c3ccc4c(c3)C(=O)N(*)C4=O)(C(F)(F)F)C(F)(F)F)cc2C1=O)c1ccc(/N=N/c2ccc(C3OCCO3)cc2)cc1,178.0,214.85154724121094,41.85745620727539,36.85154724121094
*c1ccc(NC2CC(=O)N(c3ccc(-c4sc(-c5ccc(N6C(=O)CC(Nc7ccc(-c8nc(-c9ccc(/C=C/c%10ccc([N+](=O)[O-])cc%10)s9)[nH]c8*)cc7)C6=O)cc5)c(-c5ccccc5)c4-c4ccccc4)cc3)C2=O)cc1,304.0,261.5180358886719,47.58211898803711,-42.481964111328125
*c1ccc(Oc2ccc(C(C)(C)c3ccc(Oc4ccc(S(*)(=O)=O)cc4)cc3)cc2)s1,161.85000610351562,192.16798400878906,57.00294494628906,30.317977905273438
*c1ccc(C#Cc2cc(OCCCCCCCC)c(C#Cc3ccc(-c4nnc(*)o4)cc3)cc2OCCCCCCCC)cc1,130.0,127.45394134521484,75.86786651611328,-2.5460586547851562
*C(=O)Nc1ccc(Oc2ccc(Oc3ccc(NC(=O)c4ccc5c(c4)C(=O)N(c4ccc(Oc6cccc7c(Oc8ccc(N9C(=O)c%10ccc(*)cc%10C9=O)cc8)cccc67)cc4)C5=O)cc3)cc2)cc1,285.0,286.139892578125,41.09473419189453,1.139892578125
*c1ccc(OCC2CCC(COc3ccc(N4C(=O)c5ccc(-c6ccc7c(c6)C(=O)N(*)C7=O)cc5C4=O)cc3)CC2)cc1,254.39999389648438,227.98043823242188,73.39197540283203,-26.4195556640625
*CCCCCCCCCCN1C(=O)C2C3C=CC(C4C(=O)N(*)C(=O)C34)C2C1=O,219.0,95.96040344238281,63.03794860839844,-123.03959655761719
*CCC[Si](C)(C)O[Si](C)(C)CCCN1C(=O)c2ccc(-c3ccc4c(c3)C(=O)N(*)C4=O)cc2C1=O,75.0,53.406578063964844,48.35404968261719,-21.593421936035156
*Oc1ccc(/C=C/C(=O)c2ccc(Oc3ccc(C(C)(c4ccccc4)c4ccc(*)cc4)cc3)cc2)cc1,167.0,173.12484741210938,45.84041213989258,6.124847412109375
*CCN(CCOC(=O)c1ccc(C(=O)O*)c(OCCC)c1)c1ccc(C=C(C#N)C#N)cc1,94.0,128.46798706054688,47.69650650024414,34.467987060546875
*CC(*)OC(=O)c1ccc(C)cc1,73.5,62.933631896972656,31.126609802246094,-10.566368103027344
*ON(C(F)(F)F)C(F)(Cl)C(*)(F)F,-50.0,-35.47795104980469,27.312673568725586,14.522048950195312
*O[Si](*)(C)CCCOc1ccc(/N=N/c2ccc(S(=O)(=O)O)cc2)cc1,9.199999809265137,92.31072998046875,50.010562896728516,83.11073017120361
*CC(Cc1ccc(-c2ccccc2)cc1)C[Si](*)(C)C,28.0,44.304725646972656,47.813926696777344,16.304725646972656
*c1ccc(C(c2ccc(N3C(=O)c4cc(-c5ccc(C(C)(C)C)cc5)c(-c5cc6c(cc5-c5ccc(C(C)(C)C)cc5)C(=O)N(*)C6=O)cc4C3=O)cc2)(C(F)(F)F)C(F)(F)F)cc1,381.0,304.6708679199219,62.767459869384766,-76.32913208007812
*OC(COC(=O)c1ccc(C(*)=O)c2ccccc12)COc1ccc(/N=N/c2ccc(C#N)cc2)cc1,117.0,282.4909973144531,70.12548828125,165.49099731445312
*CC(*)C(=O)Oc1ccccc1,60.0,65.24917602539062,36.366886138916016,5.249176025390625
*c1ccc(OCCOc2ccc(/C=C/c3ccc([N+](=O)[O-])cc3)c(OCCOc3ccc(-c4nc5ccc(Oc6ccc7nc(*)c(-c8ccccc8)nc7c6)cc5nc4-c4ccccc4)cc3)c2)cc1,187.0,211.86502075195312,53.95262145996094,24.865020751953125
*CCc1ccc(*)c(CCCC)c1,20.0,123.48905181884766,89.39392852783203,103.48905181884766
*c1ccc(Oc2ccc(N3C(=O)c4ccc(Oc5ccc(C6(c7ccc(Oc8ccc9c(c8)C(=O)N(*)C9=O)cc7)CCCCCCCCCCC6)cc5)cc4C3=O)cc2)cc1,230.0,268.49310302734375,71.28833770751953,38.49310302734375
*c1ccc(Oc2cccc(N3C(=O)c4ccc(Oc5ccc6cc(Oc7ccc8c(c7)C(=O)N(*)C8=O)ccc6c5)cc4C3=O)c2)cc1,225.0,235.22174072265625,27.84184455871582,10.22174072265625
*c1ccc(Oc2c(C)cc(Cc3cc(C)c(Oc4ccc(N5C(=O)c6ccc(-c7ccc8c(c7)C(=O)N(*)C8=O)cc6C5=O)cc4)c(C)c3)cc2C)cc1,310.0,266.0223388671875,65.03035736083984,-43.9776611328125
*c1cc(N2C(=O)c3ccc(-c4ccc5c(c4)C(=O)N(*)C5=O)cc3C2=O)c(O)cc1O,343.0,358.73272705078125,54.69095230102539,15.73272705078125
*c1ccc(-c2nc3cc(Oc4ccc(NC(=O)c5cc(C(=O)Nc6ccc(Oc7ccc8nc(-c9ccccc9)c(-c9ccc(-n%10c(=O)c%11ccc%12c(=O)n(*)c(=O)c%13ccc(c%10=O)c%11c%12%13)cc9)nc8c7)cc6)cc(N6C(=O)c7ccccc7C6=O)c5)cc4)ccc3nc2-c2ccccc2)cc1,345.0,302.78564453125,39.792911529541016,-42.21435546875
*c1cc(SCCCCCCCCCCCC)c(*)s1,33.0,26.92523193359375,51.12610626220703,-6.07476806640625
*N=P(N=P(N=S(*)(=O)NC)(NC)NC)(NC)NC,22.0,14.625900268554688,50.23554229736328,-7.3740997314453125
*CCCCCCCNC(=O)CCCCC(=O)N*,55.0,49.29821014404297,34.051239013671875,-5.701789855957031
*c1ccc([Si](c2ccccc2)(c2ccccc2)c2ccc(-c3nnc(-c4ccc(-c5nnc(*)o5)c5ccccc45)o3)cc2)cc1,273.0,265.7319030761719,47.291622161865234,-7.268096923828125
*CCCCCOc1cccc(NC(=O)c2ccc(C(=O)Nc3cccc(O*)c3)cc2)c1,135.0,150.2210235595703,94.54405212402344,15.221023559570312
*c1ccc2c(c1)C(=O)N(c1ccc(OCCCCCCOc3ccc(N4C(=O)c5ccc(C(*)(C(F)(F)F)C(F)(F)F)cc5C4=O)cc3)cc1)C2=O,167.0,217.3378448486328,58.461971282958984,50.33784484863281
*C(=O)c1ccc2c(c1)C(=O)N(c1ccc(Sc3ccc(N4C(=O)c5ccc(*)cc5C4=O)cc3)cc1)C2=O,276.0,295.7054138183594,47.880859375,19.705413818359375
*Oc1cccc(OC(=O)c2ccc([Si](C)(C)c3ccc(C(*)=O)cc3)cc2)c1,134.0,106.49046325683594,45.54517364501953,-27.509536743164062
*OC1C(CO)OC(*)C(N)C1O,194.0,114.56964874267578,66.46482849121094,-79.43035125732422
*c1ccc(Oc2ccc(P(=O)(c3ccccc3)c3ccc(Oc4ccc(-c5cc(*)n(-c6ccccc6)n5)cc4)cc3)cc2)cc1,239.0,236.57980346679688,64.9378662109375,-2.420196533203125
*Oc1ccc(OC(=O)c2cc(OCCCc3ccccc3)c(C(*)=O)cc2OCCCc2ccccc2)cc1C,91.0,78.29596710205078,45.38962173461914,-12.704032897949219
*c1ccc(OCCCCCCCCCCCOc2ccc(-c3ccc4nc(-c5cccc(-c6cc(-c7ccccc7)c7cc(*)ccc7n6)c5)cc(-c5ccccc5)c4c3)cc2)cc1,133.5,169.90304565429688,52.04301071166992,36.403045654296875
*/C=C/c1c(OC(=O)c2ccc(C(=O)Oc3cccc4ccc(*)nc34)cc2)ccc2ccccc12,175.0,307.486572265625,59.03718566894531,132.486572265625
*Oc1ccc(CC(NC(=O)CCc2ccc(OC(=O)CCC(*)=O)cc2)C(=O)OCC(C)C)cc1,75.0,60.734031677246094,13.358442306518555,-14.265968322753906
*CCOCCOP(=O)(/N=N/c1ccc(-c2ccc(/N=N/P(=O)(O*)OC)cc2)cc1)OC,22.0,33.57023620605469,25.838638305664062,11.570236206054688
*Oc1ccc(CC(NC(=O)CCc2ccc(OC(=O)COCCOCC(*)=O)cc2)C(=O)OCCOCCOCC)cc1,18.0,23.147048950195312,21.378862380981445,5.1470489501953125
*O[Si](*)(C)C1CC2CC1C1C3CC(CC3C(=O)OC(C)(C)C)C21,90.0,43.819000244140625,63.90989303588867,-46.180999755859375
*CC(*)c1cccc(C)n1,92.0,88.1041259765625,43.69910430908203,-3.8958740234375
*Oc1ccc(Oc2ccc(Oc3ccc(C(C)(C)c4ccc(*)cc4)cc3)cc2)cc1,122.0,140.2216339111328,52.66965103149414,18.221633911132812
*CCCC(=O)Oc1ccc(-c2ccc(OC(=O)c3ccc4c(c3)C(=O)N(*)C4=O)cc2)cc1,132.0,140.0594482421875,50.769126892089844,8.0594482421875
*CCCCCCOC(=O)c1ccc2cc(C(=O)O*)ccc2c1,64.0,58.30473327636719,29.745302200317383,-5.6952667236328125
*C(=O)NNC(=O)c1ccc([Si](c2ccccc2)(c2ccccc2)c2ccc(C(=O)NNC(=O)c3ccc(*)o3)cc2)cc1,252.0,230.59390258789062,65.05949401855469,-21.406097412109375
*/C(=C(\C#N)c1ccc(C(=O)OC2CCN(*)CC2)cc1)c1ccc(OC)cc1,183.0,183.69557189941406,88.12960815429688,0.6955718994140625
*c1ccc(-c2nc3cc(Oc4ccc(NC(=O)c5ccc6c(c5)C(=O)N(c5ccc(C(c7ccc(N8C(=O)c9ccc(C(=O)Nc%10ccc(Oc%11ccc%12nc(-c%13ccccc%13)c(*)nc%12c%11)cc%10)cc9C8=O)cc7)(C(F)(F)F)C(F)(F)F)cc5)C6=O)cc4)ccc3nc2-c2ccccc2)cc1,293.0,267.87628173828125,32.9269905090332,-25.12371826171875
*CC(*)(C)C(=O)OCC(C)(C)C,38.0,-8.9766845703125,51.527435302734375,-46.9766845703125
*CC(*)C(=O)OCCCCCCC,-60.0,-27.046798706054688,47.793704986572266,32.95320129394531
*c1ccc2c(c1)C(=O)N(c1ccc(Oc3ccc(-c4ccc(Oc5ccc(N6C(=O)c7ccc(C(*)(C(F)(F)F)C(F)(F)F)cc7C6=O)cc5)cc4)cc3)cc1)C2=O,288.0,313.9543762207031,48.86790084838867,25.954376220703125
*CC(O)CN(*)c1ccc(/N=N/c2ccc([N+](=O)[O-])cc2C)cc1,156.0,119.92582702636719,44.11823654174805,-36.07417297363281
*Oc1ccc(/C=N/N=C/c2ccc(Oc3ccc(C(C)(C)c4ccc(*)cc4)cc3)cc2)cc1,163.0,212.394775390625,84.81916809082031,49.394775390625
*CC(*)C(=O)OCCCCCCOC(=O)c1ccc(OC(=O)c2ccc(C#N)cc2)cc1,30.0,65.41838073730469,17.544967651367188,35.41838073730469
*c1cc(OCCCCCCCC)cc(N2C(=O)c3ccc(Oc4ccc5c(c4)C(=O)N(*)C5=O)cc3C2=O)c1,185.0,160.58140563964844,44.320030212402344,-24.418594360351562
*N=P(*)(Oc1ccc(C)c(C)c1)Oc1ccc(C)c(C)c1,-1.5,26.93346405029297,46.92256546020508,28.43346405029297
*c1ccc(S(*)(=O)=O)cc1,219.5,191.6409912109375,64.24919128417969,-27.8590087890625
*c1ccc2c(c1)C(=O)N(c1ccc(C(=O)Nc3ccc(C(c4ccc(NC(=O)c5ccc(N6C(=O)c7ccc(C(*)(C(F)(F)F)C(F)(F)F)cc7C6=O)c(C)c5)cc4)(C(F)(F)F)C(F)(F)F)cc3)cc1C)C2=O,344.0,289.98284912109375,54.3038444519043,-54.01715087890625
*CC(*)c1ccccc1C(=O)OCCCC,66.0,68.35712432861328,41.444007873535156,2.3571243286132812
*C(=O)Nc1ccc(Oc2ccc(Oc3ccc(NC(=O)c4ccc5c(c4)C(=O)N(c4ccc(Oc6ccc(C7(c8ccc(Oc9ccc(N%10C(=O)c%11ccc(*)cc%11C%10=O)cc9)cc8)NC(=O)c8ccccc87)cc6)cc4)C5=O)cc3)cc2)cc1,300.0,300.20819091796875,42.55183792114258,0.20819091796875
*CCOC(=O)c1ccc(C(=O)O*)c2ccccc12,64.0,102.67820739746094,42.78904724121094,38.67820739746094
*c1nnc(-c2sc(-c3nnc(-c4cc(OCCCCCCCC)c(*)cc4OCCCCCCCC)o3)cc2CCCCCCCC)o1,124.30000305175781,67.56900787353516,61.061397552490234,-56.730995178222656
*c1ccc(C(c2ccc(N3C(=O)c4ccc(Oc5ccc6c(c5)C(=O)N(*)C6=O)cc4C3=O)cc2)(C(F)(F)F)C(F)(F)F)cc1,305.0,289.3780517578125,58.27602767944336,-15.6219482421875
*CCCCCNc1nc(NCCCCCc2nc3cc(-c4ccc5[nH]c(*)nc5c4)ccc3[nH]2)nc(N(CC)CC)n1,190.0,132.74827575683594,62.04368591308594,-57.25172424316406
*Nc1ccccc1CCc1ccc(NC(=O)Nc2ccc(CCc3ccc(NC(*)=O)cc3)cc2)cc1,217.0,210.056396484375,86.50939178466797,-6.943603515625
*Oc1ccc(C(c2ccc(OC(*)=O)cc2)C(Cl)Cl)cc1,165.0,163.40985107421875,47.09291458129883,-1.59014892578125
*c1ccc(Oc2ccc(C(=O)c3cccc(C(=O)c4ccc(Oc5ccc(-c6c7c(c(*)c8ccccc68)C(=O)N(CCCCCCCCCCCC)C7=O)cc5)cc4)c3)cc2)cc1,140.0,172.94293212890625,54.9010124206543,32.94293212890625
*c1ccc(Oc2ccc(C(=O)c3ccc(Oc4ccc(-c5nc(-c6cccc(-c7nc(*)c(-c8ccccc8)[nH]7)c6)[nH]c5-c5ccccc5)cc4)cc3)cc2)cc1,282.0,262.4317932128906,57.71378707885742,-19.568206787109375
*/C=C(\C#N)C(=O)OCCCCCCCCCCOC(=O)/C(C#N)=C/c1ccc2c(c1)c1cc(*)ccc1n2CCCCCCCCCCCCCC,35.0,79.32158660888672,61.04819107055664,44.32158660888672
*Oc1cccc(Oc2cccc(*)c2)c1C#N,145.0,143.30747985839844,45.63859176635742,-1.6925201416015625
*c1ccc(-c2nc3ccc(-c4ccc5nc(*)c(-c6ccccc6)nc5c4)cc3nc2-c2ccccc2)cc1,354.5,313.24041748046875,55.235595703125,-41.25958251953125
*CC(*)P(=O)(OCC)N(C)C,32.0,-63.04112243652344,48.33098220825195,-95.04112243652344
*Oc1ccc(C(=O)c2ccccc2)c(-c2cc(Oc3ccc(-c4ccc(*)cc4)cc3)ccc2C(=O)c2ccccc2)c1,174.0,189.16847229003906,39.01590347290039,15.168472290039062
*c1cc(C(c2ccc(OCCN(c3ccccc3)c3ccc(/C=C/C4=CC(=C(C#N)C#N)CC(C)(C)C4)cc3)c(N3C(=O)c4ccc(Oc5ccc6c(c5)C(=O)N(*)C6=O)cc4C3=O)c2)(C(F)(F)F)C(F)(F)F)ccc1OCCN(c1ccccc1)c1ccc(/C=C/C2=CC(=C(C#N)C#N)CC(C)(C)C2)cc1,220.0,202.9460906982422,57.01774978637695,-17.053909301757812
*c1ccc(C(c2ccccc2)c2ccc(N(*)c3ccc(C)cc3)cc2)cc1,199.0,163.01895141601562,63.963417053222656,-35.981048583984375
*N=P(N=P(/N=S(/*)Oc1ccc(-c2ccccc2)cc1)(Oc1ccc(-c2ccccc2)cc1)Oc1ccc(-c2ccccc2)cc1)(Oc1ccc(-c2ccccc2)cc1)Oc1ccc(-c2ccccc2)cc1,69.0,129.96859741210938,55.19160461425781,60.968597412109375
*CCCCCCNC(=O)CCCCCCCCCCCCCCCCC(=O)N*,47.0,38.48382568359375,22.351552963256836,-8.51617431640625
*Cc1ccc(CNC(=O)CC(C)(C)CC(C)C(=O)N*)cc1,125.0,136.55487060546875,57.59846878051758,11.55487060546875
*CC(*)(C)C(=O)OCCCCCCCCCCCCCCC(=O)NC1OC(CO)C(OC2OC(CO)C(O)C(O)C2O)C(O)C1O,133.0,-29.52801513671875,49.471683502197266,-162.52801513671875
*Nc1cccc(NC(=O)c2cc(C(*)=O)cc(S(=O)(=O)c3ccccc3)c2)c1,277.0,245.05978393554688,80.16961669921875,-31.940216064453125
*CC(*)(C)C(=O)Oc1ccc(C#N)cc1,155.0,154.83494567871094,93.95413208007812,-0.1650543212890625
*Oc1ccc(C(c2ccc(Oc3ccc(C(=O)c4cccc(-c5cccc(C(=O)c6ccc(*)cc6)c5)c4)cc3)cc2)(C(F)(F)F)C(F)(F)F)cc1,159.0,190.9416961669922,27.485820770263672,31.941696166992188
*/C=C/C(C)C(*)C(=O)OC,53.0,51.105323791503906,50.31936264038086,-1.8946762084960938
*CCCC(CCNC(=O)c1ccc(C(=O)N*)cc1)C(C)C,150.0,136.55487060546875,57.59846878051758,-13.44512939453125
*CC(*)(C)C(=O)OCCCCCCCC,-11.0,-48.8408203125,43.84632873535156,-37.8408203125
*CC#CC#CCOc1ccc(C(=O)OCCN(CCOC(=O)c2ccc(O*)cc2)c2ccc(/N=N/c3ccc(C#N)cc3)cc2)cc1,121.0,199.39988708496094,65.71583557128906,78.39988708496094
*Oc1ccc(C2(c3ccc(OC(=O)OC4C(C)(C)C(OC(*)=O)C4(C)C)cc3)CC3CCC2C3)cc1,184.0,57.5235595703125,33.851192474365234,-126.4764404296875
*Oc1ccc(CC(NC(=O)Cc2ccc(OC(=O)CCCC(*)=O)cc2)C(=O)OCCCCCCCC)cc1,38.0,38.32915496826172,18.150320053100586,0.32915496826171875
*c1ccc(Oc2ccc(C(c3ccc(Oc4ccc(-c5nc(-c6ccccn6)nnc5*)cc4)cc3)(C(F)(F)F)C(F)(F)F)cc2)cc1,224.0,253.3468017578125,49.980079650878906,29.3468017578125
*CC(*)c1cc[n+](CCCCCCCC)cc1,206.1999969482422,132.00003051757812,80.91203308105469,-74.19996643066406
*O[Si](C)(C)C#Cc1ccc(C#C[Si](*)(C)C)cc1,126.0,51.288658142089844,40.49336242675781,-74.71134185791016
*CCCCCCCCc1nc2cc(NC(=O)CCCCC(=O)Nc3ccc4oc(*)nc4c3)ccc2o1,92.0,98.43441772460938,58.536293029785156,6.434417724609375
*Nc1ccc(C(c2ccc(NC(=O)c3cccc(C(*)=O)c3)cc2)(C(F)(F)F)C(F)(F)F)cc1,272.0,311.41656494140625,62.684146881103516,39.41656494140625
*Oc1ccc(NC(=O)c2cc(C(=O)Nc3ccc(*)cc3)c(C(=O)O)cc2C(=O)O)cc1,207.39999389648438,231.64573669433594,87.53190612792969,24.245742797851562
*Oc1ccc(C(=O)Nc2cc(NC(=O)c3ccc(*)cc3)cc(C(=O)OCCOC(=O)/C=C/c3ccc(N(C)C)cc3)c2)cc1,182.0,164.27230834960938,43.512176513671875,-17.727691650390625
*Nc1ccc(Cc2ccc(NC(=O)NCCCCCCNC(*)=O)cc2)cc1,78.0,118.77286529541016,63.34300994873047,40.772865295410156
*C(=O)Nc1ccc(Oc2ccc(Oc3ccc(N4C(=O)c5ccc(*)cc5C4=O)cc3)cc2)cc1,250.0,305.498291015625,51.6324577331543,55.498291015625
*c1ccc(Oc2ccc(Oc3ccc(-n4c(=O)c5cc6c(=O)n(*)c(=O)c6cc5c4=O)cc3)cc2C(C)(C)C)cc1,314.0,233.75222778320312,51.78847122192383,-80.24777221679688
*O[Si](C)(C)CCC/N=C1\c2ccccc2/C(=N\CCC[Si](*)(C)C)c2c(O)ccc(O)c21,7.5,38.42180633544922,50.467864990234375,30.92180633544922
*c1[nH]c(*)c(OC)c1OC,-26.0,107.59768676757812,51.15605545043945,133.59768676757812
*CCNC(=O)c1ccccc1O*,84.0,97.13966369628906,35.16754150390625,13.139663696289062
*CCCCCCN1C(=O)c2ccc(-c3ccc(-c4ccc5c(c4)C(=O)N(*)C5=O)cc3)cc2C1=O,141.0,216.06939697265625,82.37932586669922,75.06939697265625
*c1ccc(Oc2ccc(-c3nc4cc(-c5ccc6nc(*)c(-c7ccccc7)nc6c5)ccc4nc3-c3ccccc3)cc2)cc1,292.5,290.2580261230469,50.5239372253418,-2.241973876953125
*CCCOCCCCOCCCN1C(=O)c2ccc(C(=O)Oc3ccc(OC(=O)c4ccc5c(c4)C(=O)N(*)C5=O)c(-c4ccccc4)c3)cc2C1=O,71.0,92.51512145996094,33.60015869140625,21.515121459960938
*SC(C)C(*)=O,12.0,21.452392578125,39.83028793334961,9.452392578125
*CC(*)(C)C(=O)OCCOc1ccc(C(=O)Oc2ccc(OCCCC)cc2)cc1,137.0,49.945152282714844,36.19710159301758,-87.05484771728516
*c1cc(CCOc2ccc(/N=N/c3ccc(C#N)cc3)cc2)c(*)s1,73.0,150.06832885742188,61.31247329711914,77.06832885742188
*Oc1ccc(P(C)(=O)c2ccc(Oc3ccc(C(C)(C)c4ccc(*)cc4)cc3)cc2)cc1,192.0,143.68577575683594,87.75682067871094,-48.31422424316406
*CCCCCCCCCCCNC(=O)CCCCCCCCC(=O)N*,40.0,38.116676330566406,22.391929626464844,-1.8833236694335938
*C(=O)Oc1ccc(C2(c3ccc(OC(=O)c4ccc5c(c4)C(=O)N(c4ccc(-c6ccc(N7C(=O)c8ccc(*)cc8C7=O)cc6C)c(C)c4)C5=O)cc3)CCCCCCCCCCC2)cc1,204.0,250.565673828125,74.77685546875,46.565673828125
*c1ccc(C(=O)OCCCCCCOc2ccc(/C=C3\CCC/C(=C\c4ccc(OCCCCCCOC(=O)c5ccc(-c6nnc(*)o6)cc5)cc4)C3=O)cc2)cc1,71.0,103.44441223144531,67.82181549072266,32.44441223144531
*Sc1ccc(C(=O)CNCCCCCCCCNCC(=O)c2ccc(*)cc2)cc1,231.0,91.42941284179688,57.44697189331055,-139.57058715820312
*Oc1ccc(C(=O)c2ccc(Oc3ccc(C(c4ccc(*)cc4)(C(F)(F)F)C(F)(F)F)cc3)cc2)c2ccccc12,190.0,172.84396362304688,24.698871612548828,-17.156036376953125
*c1cc(C(C)C)c(Oc2ccc(S(=O)(=O)c3ccc(Oc4cc(C)c(C5(*)OC(=O)c6ccccc65)cc4C(C)C)cc3)cc2)cc1C,230.0,219.41748046875,79.54451751708984,-10.58251953125
*CC#C/C(C#CCOC(=O)CCCCCCCCC(=O)O*)=C\c1ccc(C#Cc2ccc(C=C(C#Cc3ccccc3)C#Cc3ccccc3)cc2)cc1,60.0,166.62611389160156,53.42021560668945,106.62611389160156
*Oc1ccc(C2(c3ccc(Oc4ccc(C(=O)c5cccc6cccc(C(=O)c7ccc(*)cc7)c56)cc4)cc3)c3ccccc3-c3ccccc32)cc1,269.0,239.57615661621094,34.042442321777344,-29.423843383789062
*C1CC(*)(C#N)C1,220.0,179.80917358398438,116.25778198242188,-40.190826416015625
*c1ccc2c(c1)C(=O)N(c1ccc(C3(c4ccc(N5C(=O)c6ccc(C(*)(C(F)(F)F)C(F)(F)F)cc6C5=O)cc4)c4ccccc4-c4ccccc43)cc1)C2=O,370.0,336.85797119140625,48.67374801635742,-33.14202880859375
*Oc1ccc(OC(=O)c2cc(OCCCCCCCCOCC3CCCN3c3ccc([N+](=O)[O-])cc3)c(C(*)=O)cc2OCCCCCCCCOCC2CCCN2c2ccc([N+](=O)[O-])cc2)cc1,41.0,41.034141540527344,26.344057083129883,0.03414154052734375
*/C=C(/*)C(CCCCCCC)[Si](C)(C)C,150.0,93.72738647460938,112.2363052368164,-56.272613525390625
*c1ccc(Oc2ccc(Oc3ccc(-c4cnc5ccc(-c6ccc7nc(*)cnc7c6)cc5n4)cc3)cc2)cc1,235.0,242.7611846923828,59.75046920776367,7.7611846923828125
*O[Si](C)(C)c1ccc([Si](C)(C)O[SiH](*)CCC(F)(F)F)cc1,-37.0,-43.45561218261719,47.52619552612305,-6.4556121826171875
*CC(*)N1CCCCCC1=O,174.60000610351562,74.3115005493164,75.75101470947266,-100.28850555419922
*OC(F)(F)C(*)(F)F,-48.0,-3.5157928466796875,47.97939682006836,44.48420715332031
*CCCCCCCCCOC(=O)Nc1ccc(Cc2ccc(NC(=O)O*)cc2)cc1,72.0,76.18144226074219,57.05191421508789,4.1814422607421875
*CC(O)CN(C)S(=O)(=O)c1cccc(S(=O)(=O)N(C)CC(O)COc2ccc(C3(c4ccc(O*)cc4)c4ccccc4-c4ccccc43)cc2)c1,127.0,155.67247009277344,51.917625427246094,28.672470092773438
*CC(*)c1ccc(COC)cc1,77.0,80.5631103515625,48.61326217651367,3.5631103515625
*c1cc(C(=O)OCCCCCCCCCCOc2ccc(-c3ccc(OC(=O)c4ccc(OCC(F)CCCCCC)cc4)cc3)cc2)c(*)s1,151.0,128.10206604003906,57.03196716308594,-22.897933959960938
*CCCCCCOC(=O)OCCCOC(=O)OCCCCCCN1C(=O)c2ccc(C(=O)c3ccc4c(c3)C(=O)N(*)C4=O)cc2C1=O,61.0,53.45872497558594,18.019245147705078,-7.5412750244140625
*CC(*)(CC(=O)OCC)C(=O)O,135.0,56.8516845703125,94.83271789550781,-78.1483154296875
*CCCCCCOc1ccc(C(=O)N(C(=O)c2ccc(O*)cc2)c2ccccc2)cc1,100.0,100.63897705078125,77.04108428955078,0.63897705078125
*O[Si](C)(C)c1c(F)c(F)c(F)c([Si](*)(C)C)c1F,-28.5,-49.749725341796875,46.033348083496094,-21.249725341796875
*c1ccc(OCCCCCCCCCCCOC(=O)c2cccc(C(=O)OCCCCCCCCCCCOc3cccc(-c4nnc(*)s4)c3)c2)cc1,39.0,63.11046600341797,46.39262771606445,24.11046600341797
*CC(*)c1ccccc1COCCc1ccccc1,63.0,131.0018768310547,65.65204620361328,68.00187683105469
*O[Si](*)(C)CCc1cc(-c2nnc(-c3ccc(OCCCCCCCCCCCC)cc3)o2)ccc1-c1nnc(-c2ccc(OCCCCCCCCCCCC)cc2)o1,156.0,105.984375,65.17024993896484,-50.015625
*CCCCCOc1ccc(/C=C/C(=O)OCCN(CCOC(=O)/C=C/c2ccc(O*)cc2)c2ccc(/N=N/c3ccc([N+](=O)[O-])cc3)cc2)cc1,92.0,134.87403869628906,48.38874435424805,42.87403869628906
*C(=O)Nc1ccc(-c2ccc(NC(=O)c3ccc4c(c3)C(=O)N(c3ccc(Oc5ccc(N6C(=O)c7ccc(*)cc7C6=O)cc5)cc3)C4=O)cc2)cc1,315.0,274.4728088378906,39.14147186279297,-40.527191162109375
*c1ccc(-c2ccc(N(*)c3cc(C(F)(F)F)cc(C(F)(F)F)c3)cc2)cc1,209.0,205.470458984375,66.26081848144531,-3.529541015625
*CC(*)(C)C(=O)OCCOCC[N+](CC)(CC)CCCCS(=O)(=O)O,95.0,23.998878479003906,53.706886291503906,-71.0011215209961
*C(=O)Oc1ccc(OC(=O)c2ccc3c(c2)C(=O)N(c2ccc(S(=O)(=O)c4ccc(N5C(=O)c6ccc(*)cc6C5=O)cc4)cc2)C3=O)c(C(C)(C)C)c1,179.0,214.3179931640625,40.52756118774414,35.3179931640625
*CC(*)c1c(F)c(F)c(OCC(F)(F)C(F)(F)F)c(F)c1F,61.0,52.15947723388672,40.92426681518555,-8.840522766113281
*OC(F)(F)COC(=O)c1cccc(C(F)(F)C(F)(F)C(F)(F)c2cccc(C(=O)OCC(*)(F)F)c2)c1,30.0,21.688499450683594,26.256975173950195,-8.311500549316406
*CC(*)(C)C(=O)OCCCCCCOc1ccc(/C=N/c2ccc(C#N)cc2)cc1,35.0,123.28977966308594,75.37869262695312,88.28977966308594
*CC1CCC(COC(C)OC(=O)c2ccc(C(=O)OC(C)O*)c3ccccc23)CC1,60.0,49.733924865722656,27.546167373657227,-10.266075134277344
*CC(*)C(=O)Nc1ccc(Cl)cc1,76.0,54.029441833496094,42.00473403930664,-21.970558166503906
*c1ccc(OCCN(CC)c2ccc(-c3ccc(C(=C(C#N)C#N)c4ccc(N(CC)CC)cc4)s3)cc2)c(-c2cc(-c3ccccc3)c3cc(Oc4ccc5nc(*)cc(-c6ccccc6)c5c4)ccc3n2)c1,215.0,200.5393524169922,47.37794876098633,-14.460647583007812
*Oc1ccc2cc(Oc3ccc4c(=O)n5c6cc(-c7ccc8c(c7)nc7c9ccc(*)c%10cccc(c(=O)n87)c%109)ccc6nc5c5cccc3c45)ccc2c1,413.0,410.52801513671875,62.35997772216797,-2.47198486328125
*C(*)C(=O)OC(C)C,70.0,7.051025390625,63.72222137451172,-62.948974609375
*Oc1cc(OCCOC)c(OC(=O)c2ccc(C(*)=O)cc2OCCOCC)cc1OCCOC,99.0,30.99140167236328,34.74505615234375,-68.00859832763672
*CCCCCCCCc1nc2ccc(-c3ccc4nc(*)oc4c3)cc2o1,223.5,163.88209533691406,80.99073028564453,-59.61790466308594
*c1ccc(C2(c3ccc(-c4cc(-c5ccccc5)c5cc(Oc6ccc7nc(*)cc(-c8ccccc8)c7c6)ccc5n4)cc3)c3ccccc3-c3ccccc32)cc1,310.0,323.2738952636719,45.36569595336914,13.273895263671875
*Oc1ccc(C(c2ccccc2)c2ccc(OC(*)=O)cc2C)c(C)c1,182.0,166.28115844726562,49.933387756347656,-15.718841552734375
*c1c(C)cc(Cc2cc(C)c(N3C(=O)c4cccc(Oc5c(C)cc(-c6cc(C)c(Oc7cccc8c7C(=O)N(*)C8=O)c(C)c6)cc5C)c4C3=O)c(C)c2)cc1C,289.0,273.0655212402344,72.6030044555664,-15.934478759765625
*C(=O)c1ccc2c(c1)C(=O)N(c1cc(C(=O)O)cc(N3C(=O)c4ccc(*)cc4C3=O)c1)C2=O,314.0,338.26922607421875,55.50894546508789,24.26922607421875
*OC(=O)C(CCSC)NC(=O)CCCCCCCCC(=O)NC(CCSC)C(=O)OC1COC2C(*)COC12,61.0,57.11888885498047,54.23606491088867,-3.8811111450195312
*C(=O)Nc1cccc(NC(=O)c2ccc3c(c2)C(=O)N(c2cc(-c4nc5ccccc5s4)cc(N4C(=O)c5ccc(*)cc5C4=O)c2)C3=O)n1,358.0,304.12896728515625,53.099422454833984,-53.87103271484375
*Oc1ccc(C(=O)c2ccc(NC(=O)c3ccc(C(=O)Nc4ccc(C(=O)c5ccc(*)cc5)cc4)cc3)cc2)cc1,187.0,227.03762817382812,66.68045043945312,40.037628173828125
*C(=O)c1ccc2c(c1)C(=O)N(c1ccc(Oc3ccc(C(=O)c4ccc(C(=O)c5ccc(C(=O)c6ccc(Oc7ccc(N8C(=O)c9ccc(*)cc9C8=O)cc7)cc6)cc5)cc4)cc3)cc1)C2=O,233.0,217.79275512695312,23.2510986328125,-15.207244873046875
*c1ccc(Oc2ccc(Oc3ccc(N4C(=O)C5CCC6C(=O)N(*)C(=O)C6C5C4=O)cc3)cc2)cc1,274.0,274.2510986328125,74.64073181152344,0.2510986328125
*Oc1ccc(Oc2ccc(OC(=O)c3cccc(C(*)=O)c3)cc2)cc1,164.5,137.238525390625,39.89393615722656,-27.261474609375
*CC(*)C(=O)NC(C)(C)CC(C)=O,72.5,55.08378601074219,56.34063720703125,-17.416213989257812
*Oc1ccc(/N=C(\C)c2ccc(Oc3ccc(C(C)(C)c4ccc(Oc5ccc(/C(C)=N/c6ccc(*)cc6)cc5)cc4)cc3)cc2)cc1,141.0,243.98971557617188,75.16768646240234,102.98971557617188
*CCC[Si](*)(c1ccc(C)cc1)c1ccc(C)cc1,38.0,50.911720275878906,46.409881591796875,12.911720275878906
*c1ccc2c(c1)C(=O)N(c1ccc(Oc3ccc(N4C(=O)c5ccc(C(*)(C(F)(F)F)C(F)(F)F)cc5C4=O)cc3)cc1)C2=O,303.0,289.3780517578125,58.27602767944336,-13.6219482421875
*C1C2CC(C(=O)OCCc3ccc(N(c4ccccc4)c4cccc5ccccc45)cc3)C(C2)C1*,333.0,196.8079833984375,92.3504409790039,-136.1920166015625
*c1ccc(Oc2ccc(C(c3ccc(Oc4ccc(-c5nnc(*)n5-c5ccc(C)cc5)cc4)cc3)(C(F)(F)F)C(F)(F)F)cc2)cc1,213.0,289.0433349609375,58.142337799072266,76.0433349609375
*c1ccc(Oc2ccc(C(=O)c3ccc(Oc4ccc(-c5c6c(c(*)c7ccccc57)C(=O)N(c5ccc(F)cc5)C6=O)cc4)cc3)cc2)cc1,290.0,288.0108337402344,44.08332824707031,-1.989166259765625
*Oc1ccc(S(=O)(=O)c2ccc(Oc3ccc(C4(c5ccc(*)cc5)CCCCC4)cc3)cc2)cc1,226.0,231.39369201660156,75.5079345703125,5.3936920166015625
*Oc1cccc(OC2(F)C(*)(F)C(F)(F)C2(F)F)c1,32.0,35.45458984375,29.9581356048584,3.45458984375
*CCN(CCOC(=O)c1ccc(C(=O)O*)c(OCCCCC)c1)c1ccc(/N=N/c2nc(C#N)c(C#N)[nH]2)cc1,131.0,138.92372131347656,35.76190948486328,7.9237213134765625
*CC(C)(C)C1C(=O)N(c2c(C)cccc2C)C(=O)C1*,237.0,99.38970947265625,57.567771911621094,-137.61029052734375
*c1ccc(Nc2ccc(C3(c4ccc(Nc5ccc(S(*)(=O)=O)cc5)cc4)c4ccccc4-c4ccccc43)cc2)cc1,221.0,235.61407470703125,54.4127197265625,14.61407470703125
*Sc1ccc(C(=O)c2ccc(C(c3ccc(C(=O)c4ccc(*)cc4)cc3)(C(F)(F)F)C(F)(F)F)cc2)cc1,175.0,168.39697265625,45.12390899658203,-6.60302734375
*CCCCCCCCCCCCOc1ccc(C(C)Cc2ccc(-c3ccc(O*)cc3)cc2)cc1,40.0,30.50092315673828,42.573421478271484,-9.499076843261719
*CCC(*)=O,15.0,30.645339965820312,29.06087875366211,15.645339965820312
*CC(*)(C)C(=O)Oc1ccc(C(=O)/C=C/c2ccc(Cl)cc2)cc1,127.0,160.36102294921875,52.27935791015625,33.36102294921875
*CCCNC(=O)C(Cc1ccccc1)NC(=O)CCCCCCCCC(=O)NC(Cc1ccccc1)C(=O)NCCCOCCOCCO*,44.0,61.39417266845703,57.32865905761719,17.39417266845703
*CCCC(=O)Nc1ccc(NC(=O)CCCN2C(=O)c3ccc(C(=O)c4ccc5c(c4)C(=O)N(*)C5=O)cc3C2=O)cc1,209.0,165.83128356933594,52.09619903564453,-43.16871643066406
*CC(COc1ccc(C2CCCC(CC)(c3ccc(O*)cc3)C2)cc1)OC(C)=O,107.0,48.54338836669922,37.38896942138672,-58.45661163330078
*O[Si](*)(C)CCCOc1ccc(C(=O)Oc2ccc(OCCCCCC)cc2)cc1,15.0,-3.7063446044921875,36.83562469482422,-18.706344604492188
*c1cc(CCCCCCCCCC)c(*)s1,-33.0,27.384559631347656,52.98444747924805,60.384559631347656
*CC(*)C1CCCC(C)C1,141.0,110.17831420898438,86.79756164550781,-30.821685791015625
*Nc1ccccc1CCc1ccc(NC(*)=O)cc1,198.0,176.4981689453125,76.85871887207031,-21.5018310546875
*CCCCCCN(C)C(=O)CCC(=O)N(*)C,7.5,48.56403350830078,37.13083267211914,41.06403350830078
*CCCCCCOc1ccc(-c2cc(-c3ccccc3)c(-c3ccc(NC(=O)c4ccc(C(=O)Nc5ccc(-c6c(-c7ccccc7)cc(-c7ccc(O*)cc7)cc6-c6ccccc6)cc5)cc4)cc3)c(-c3ccccc3)c2)cc1,127.0,157.84909057617188,49.426151275634766,30.849090576171875
*CC(O)CN(CC(O)COc1ccc(C(C)(C)c2ccc(O*)cc2)cc1)c1ccc(/C=C/c2ccc([N+](=O)[O-])cc2)cc1,320.0,112.66594696044922,68.93148803710938,-207.33405303955078
*Oc1ccc(NC(=O)NC2CC(C)(C)CC(C)(CNC(=O)Nc3ccc(*)cc3)C2)cc1,274.0,140.4920654296875,78.06649780273438,-133.5079345703125
*CC(*)(C)C(=O)OCCC(C)(C)C,45.0,-27.046798706054688,47.793704986572266,-72.04679870605469
*NC1CCC(CC2CCC(NC(=O)CCCCCCCCCCCCC(*)=O)CC2)CC1,131.0,69.53465270996094,31.33709716796875,-61.46534729003906
*CC(CCl)(CCl)CO*,6.5,22.936447143554688,39.40263366699219,16.436447143554688
*Oc1ccc(NC(=O)c2ccc(C(=O)Nc3ccc(*)cc3)cc2)cc1,240.5,300.4652404785156,69.9245834350586,59.965240478515625
*CNC(=O)OC(c1ccco1)C(OC(=O)NCc1ccc(C(C)(C)c2ccc(*)o2)o1)c1ccco1,45.0,72.82463073730469,31.184703826904297,27.824630737304688
*CC(*)(C)C(=O)OC1CCOCC1,153.5,39.955780029296875,70.43334197998047,-113.54421997070312
*c1ccc2c(c1)C(=O)N(c1ccc(C3(c4ccc(N5C(=O)c6ccc(C(*)(C(F)(F)F)C(F)(F)F)cc6C5=O)c(C(C)C)c4)c4ccccc4-c4ccccc43)cc1C(C)C)C2=O,299.0,279.1072082519531,54.114845275878906,-19.892791748046875
*C(=O)OCCN(CCOC(=O)c1ccc2c(c1)C(=O)N(c1cccc(N3C(=O)c4ccc(*)cc4C3=O)c1)C2=O)c1ccc(/N=N/c2ccc([N+](=O)[O-])cc2)cc1,210.0,186.8953399658203,32.00990295410156,-23.104660034179688
*Oc1ccc(C2(c3ccc(OC(=O)c4ccc(C(*)=O)cc4)cc3)CCc3ccccc32)cc1,312.0,190.55636596679688,48.98397445678711,-121.44363403320312
*c1ccc(Oc2ccc(-c3ccc(Oc4ccc(N5C(=O)CC(=O)N(*)C5=S)cc4)cc3)cc2)cc1,158.5,245.87147521972656,78.20618438720703,87.37147521972656
*CC(*)n1c2ccccc2c2cc3ccccc3cc21,253.0,223.27264404296875,55.58650588989258,-29.72735595703125
*Cc1ccc(CNC(=O)CCCCCCCCC(=O)N*)cc1,115.0,139.40292358398438,63.22921371459961,24.402923583984375
*Nc1ccccc1CCc1ccccc1NC(=O)Nc1ccc(CCc2ccc(NC(*)=O)cc2)cc1,235.0,210.056396484375,86.50939178466797,-24.943603515625
*OC(C)COC(=O)c1ccc(C(*)=O)cc1,98.0,52.93103790283203,31.01031494140625,-45.06896209716797
*c1cccc(C(=O)Nc2ccc(Oc3ccc(Oc4ccc(Oc5ccc(NC(=O)c6cccc(N7C(=O)c8ccc(-c9cccc%10c9C(=O)N(*)C%10=O)cc8C7=O)c6)cc5)cc4)cc3)cc2)c1,260.0,270.7115783691406,41.349815368652344,10.711578369140625
*O[Si](*)(C)CCCCCCOc1ccc(C(=O)Oc2ccc(OCCCCCC)cc2)cc1,12.0,0.267333984375,39.474021911621094,-11.732666015625
*Nc1ccc(NC(=O)c2cc(C(*)=O)cc(S(=O)(=O)c3ccccc3)c2)cc1,308.0,245.05978393554688,80.16961669921875,-62.940216064453125
*Oc1ccc(C(C)(C)c2ccc(Oc3ccc(C(=O)c4ccc(P(=O)(c5ccccc5)c5ccc(C(=O)c6ccc(*)cc6)cc5)cc4)cc3)cc2)cc1,195.0,187.45079040527344,36.44856643676758,-7.5492095947265625
*CCCCCCCCOc1ccc(C(c2ccc(O*)cc2)(C(F)(F)F)C(F)(F)F)cc1,27.799999237060547,38.34233856201172,34.54575729370117,10.542339324951172
*CC(C)(C)CS*,-49.29999923706055,-61.822357177734375,37.553035736083984,-12.522357940673828
*C(=O)c1ccc(Oc2c(C)cc(-c3cc(C)c(Oc4ccc(C(=O)c5ccc6nc(*)ccc6c5)cc4)c(C)c3)cc2C)cc1,180.0,206.308837890625,57.865848541259766,26.308837890625
*CCN(CCOC(=O)c1ccc([Si](C)(C)c2ccc(C(=O)O*)cc2)cc1)c1ccc(/C=C/c2ccc([N+](=O)[O-])cc2)cc1,127.0,157.69956970214844,71.54190063476562,30.699569702148438
*OC(COC(=O)c1ccc(C)cc1C(*)=O)COc1ccc(/N=N/c2ccc(C#N)cc2)cc1,124.0,238.35406494140625,80.29206085205078,114.35406494140625
*Oc1c(C)cc(-c2cc(C)c(OC(=O)CCCCC(*)=O)c(C)c2)cc1C,108.0,46.66291809082031,46.57136535644531,-61.33708190917969
*CC(O)COc1ccc(C(C)(C)c2ccc(OCC(O)COc3cccc(O*)c3)cc2)cc1,83.0,66.55425262451172,30.906965255737305,-16.44574737548828
*c1cc(OCCCC)c(*)cc1OCCCC,37.0,76.95916748046875,73.32942962646484,39.95916748046875
*C(=O)c1ccc2c(c1)C(=O)N(c1cccc(C(=O)c3ccc(Oc4ccc(N5C(=O)c6ccc(*)cc6C5=O)cc4)cc3)c1)C2=O,251.0,241.44371032714844,30.29912567138672,-9.556289672851562
*CC(*)C(=O)OC,10.0,33.640403747558594,50.64239501953125,23.640403747558594
*Oc1cccc(N(c2ccccc2)c2ccc(-c3ccc(N(c4ccccc4)c4cccc(OC(=O)OCCOCCOC(*)=O)c4)cc3)cc2)c1,113.0,242.61746215820312,75.49645233154297,129.61746215820312
*CC(*)OC(C)=O,32.0,33.640403747558594,50.64239501953125,1.6404037475585938
*Oc1ccc(C2(c3ccc(Oc4ccc(C(=O)Oc5c(C)cc(C(C)(C)c6cc(C)c(OC(=O)c7ccc(*)cc7)c(C)c6)cc5C)cc4)cc3)CCC(C(C)(C)C)CC2)cc1,176.0,204.48629760742188,62.94453430175781,28.486297607421875
*c1cccc(C(=O)Nc2ccc(Oc3ccc(-c4ccc(Oc5ccc(NC(=O)c6cccc(N7C(=O)c8ccc(-c9ccc%10c(c9)C(=O)N(*)C%10=O)cc8C7=O)c6)cc5)cc4)cc3)cc2)c1,270.0,269.2757873535156,52.31336212158203,-0.724212646484375
*Oc1ccc(C(=O)OCCCCCCCOC(=O)c2ccc(OC(=O)c3ccc(C(*)=O)cc3)cc2)cc1,70.0,59.909217834472656,22.1207218170166,-10.090782165527344
*C(=O)c1cc(C(=O)c2ccc3c(c2)C(=O)N(c2ccc(C(c4ccc(N5C(=O)c6ccc(*)cc6C5=O)cc4)(C(F)(F)F)C(F)(F)F)cc2)C3=O)cc(C(C)(C)C)c1,267.5,256.5072021484375,44.23186111450195,-10.9927978515625
*CCCCCCCCCCCCNC(=O)CCCCCCCCCCCCCCC(=O)N*,46.0,39.33488464355469,23.237319946289062,-6.6651153564453125
*OC(COCCCC)COC(*)=O,-22.0,9.689193725585938,66.06818389892578,31.689193725585938
*CC(=O)Nc1ccc(Oc2ccc(NC(=O)CN3C(=O)c4ccc(C(=O)c5ccc6c(c5)C(=O)N(*)C6=O)cc4C3=O)cc2)cc1,235.0,217.22470092773438,43.69081115722656,-17.775299072265625
*CC(*)c1ccc(CCCCCCCCCC)cc1,-65.0,-27.939178466796875,57.09416961669922,37.060821533203125
*Oc1ccc(C(C)c2ccc(OC(*)=S)cc2)cc1,107.0,121.09618377685547,43.5457763671875,14.096183776855469
*c1ccc(NC(=O)Nc2ccc(NC(=O)Nc3ccc(-c4nc(-c5ccc([N+](=O)[O-])cc5)[nH]c4*)cc3)cc2)cc1,292.0,260.5731201171875,69.72940063476562,-31.4268798828125
*CCCCCCCCNC(=O)c1ccc(C(=O)N*)c(Sc2ccccc2)c1,110.0,94.55172729492188,50.417911529541016,-15.448272705078125
*Oc1ccc(Cc2ccc(OC(*)=O)cc2)cc1,133.5,111.36482238769531,49.73065185546875,-22.135177612304688
*Oc1cccc(Oc2ccc(C(=O)c3ccc(P(=O)(c4ccccc4)c4ccc(C(=O)c5ccc(*)cc5)cc4)cc3)cc2)c1,201.0,210.0837860107422,41.973388671875,9.083786010742188
*c1ccc2c(c1)C(=O)N(c1ccc(Oc3ccc(N4C(=O)c5ccc(C(*)(C(F)(F)F)C(F)(F)F)cc5C4=O)cc3Br)c(Br)c1)C2=O,299.0,302.118896484375,58.65189743041992,3.118896484375
*Oc1cc(Br)c(C(C)(C)c2c(Br)cc(OC(*)=O)cc2Br)c(Br)c1,267.0,240.39727783203125,53.779911041259766,-26.60272216796875
*c1ccc(Oc2ccc(C(c3ccc(Oc4ccc(-n5c(=O)c6cc7c(=O)n(*)c(=O)c7cc6c5=O)cc4C(F)(F)F)cc3)(C(F)(F)F)C(F)(F)F)cc2)c(C(F)(F)F)c1,253.0,259.13665771484375,41.41315841674805,6.13665771484375
*C(*)F,102.0,112.40843963623047,30.414583206176758,10.408439636230469
*CC(*)(C)C(=O)OCCBr,52.0,49.79774475097656,42.557762145996094,-2.2022552490234375
*CCCOC(=O)CCCCCCC(=O)O*,-52.5,-25.256317138671875,74.61042785644531,27.243682861328125
*CCN(CCOC(=O)NCCCCCCNC(=O)O*)c1ccccc1,31.899999618530273,50.797515869140625,44.828819274902344,18.89751625061035
*CCCS(=O)(=O)CCCCS(=O)(=O)CCCOC(=O)c1cccc(C(=O)O*)c1,65.0,85.39930725097656,45.29616165161133,20.399307250976562
*Oc1ccc(NC(=O)c2ccc(NC(=O)c3ccc([Si](C)(C)c4ccc(C(=O)Nc5ccc(C(=O)Nc6ccc(*)cc6)cc5)cc4)cc3)cc2)cc1,304.0,299.1315612792969,62.513519287109375,-4.868438720703125
*CC(*)(C)C(=O)OCCCCCc1ccc(/N=N/c2ccc(OC(F)(F)F)cc2)cc1,202.5,149.01731872558594,65.14601135253906,-53.48268127441406
*c1ccc(Oc2ccc(-c3ccc(Oc4ccc(N5C(=O)c6cccc(Oc7c(C)cc(-c8cc(C)c(Oc9cccc%10c9C(=O)N(*)C%10=O)c(C)c8)cc7C)c6C5=O)cc4)cc3)cc2)cc1,290.0,245.8753662109375,49.45661926269531,-44.1246337890625
*CC(*)(C)C(=O)OCC(C)Oc1ccc(-c2ccc(-c3ccc(C#N)cc3)cc2)cc1,140.0,103.60163879394531,70.47201538085938,-36.39836120605469
*c1ccc(-c2ccc(N3C(=O)c4ccc(-c5cccc6c5C(=O)N(*)C6=O)cc4C3=O)cc2C(F)(F)F)c(C(F)(F)F)c1,346.0,315.62396240234375,57.078182220458984,-30.37603759765625
*c1ccc(Oc2ccc(N3C(=O)C(c4ccccc4)=C(c4ccc(C5=C(c6ccccc6)C(=O)N(*)C5=O)cc4)C3=O)cc2)cc1,293.0,293.7099609375,70.34737396240234,0.7099609375
*c1ccc2c(c1)C(=O)N(c1ccc(Oc3ccc(C(=O)c4ccc(Oc5ccc(N6C(=O)c7ccc(C(*)(C(F)(F)F)C(F)(F)F)cc7C6=O)cc5)cc4)cc3)cc1)C2=O,266.0,252.177978515625,34.26294708251953,-13.822021484375
*CC(OC)C1C(=O)N(c2ccc(N(C)C)cc2)C(=O)C1*,221.0,128.36778259277344,60.55290603637695,-92.63221740722656
*c1cccc(-c2cc(C(=O)Nc3ccc(OC(=O)c4cc(OCCCCCCCCCCCC)c(OCCCCCCCCCCCC)c(OCCCCCCCCCCCC)c4)cc3)cc(-c3cccc(N4C(=O)CC(C5C=C(C)C6C(=O)N(*)C(=O)C6C5)C4=O)c3)c2)c1,270.0,118.19520568847656,78.37330627441406,-151.80479431152344
*CC(*)C(=O)OCC(F)(F)C(F)(F)OC(F)(F)C(F)(F)C(F)(F)F,-68.0,-39.05137634277344,42.105552673339844,28.948623657226562
*c1ccc(Sc2ccc(Sc3ccc(Sc4ccc(S(*)=O)cc4)cc3)cc2)cc1,133.0,157.1208953857422,48.71637725830078,24.120895385742188
*Oc1ccc(S(=O)(=O)c2ccc(Oc3ccc(C(=O)c4cc(C(=O)c5ccc(*)cc5)cc(C(C)(C)C)c4)cc3)cc2)cc1,198.0,214.90853881835938,57.545677185058594,16.908538818359375
*CCCCCOC(=O)NCCCCCCNC(=O)O*,33.0,38.3795166015625,45.78053665161133,5.3795166015625
*c1ccc(OCCOc2cccc(N3C(=O)c4ccc(Oc5ccc6c(c5)C(=O)N(*)C6=O)cc4C3=O)c2)cc1,178.5,250.86602783203125,68.0073013305664,72.36602783203125
*Nc1cc(NC(=O)c2ccc3cc(C(*)=O)ccc3c2)cc(C(=O)OCCOc2ccc(/C=C/C(=O)c3ccccc3)cc2)c1,247.0,218.189208984375,56.191097259521484,-28.810791015625
*CCCNC(=O)CCCCC(=O)NCCCO*,34.0,37.487403869628906,40.77781677246094,3.4874038696289062
*Oc1c(-c2ccccc2)cc(*)cc1-c1ccc(C(C)(C)C)cc1,240.0,164.96267700195312,74.07139587402344,-75.03732299804688
*CCN(CCN1C(=O)c2ccc(C(c3ccc4c(c3)C(=O)N(*)C4=O)(C(F)(F)F)C(F)(F)F)cc2C1=O)c1ccc(/N=N/c2ccc([N+](=O)[O-])cc2)cc1,210.0,208.57254028320312,46.73320007324219,-1.427459716796875
*c1c(C)cc(C)c(N2C(=O)c3cccc(Oc4c(C)cc(-c5cc(C)c(Oc6cccc7c6C(=O)N(*)C7=O)c(C)c5)cc4C)c3C2=O)c1C,325.0,276.60430908203125,63.91615676879883,-48.39569091796875
*Oc1ccc(C2(c3ccc(OC(*)=O)cc3)CC3CCC2C3)cc1,235.0,172.90478515625,71.35201263427734,-62.09521484375
*c1ccc(Oc2ccc(-c3c4ccccc4c(-c4ccc(Oc5ccc(-c6c7c(c(*)c8ccccc68)C(=O)N(c6ccccc6)C7=O)cc5)c(C(F)(F)F)c4)c4ccccc34)cc2C(F)(F)F)cc1,361.0,321.31597900390625,48.716224670410156,-39.68402099609375
*C(=O)c1ccc2c(c1)C(=O)N(c1ccc(Oc3ccc(S(=O)(=O)c4ccc(C)cc4)cc3)c(N3C(=O)c4ccc(*)cc4C3=O)c1)C2=O,293.0,275.241943359375,55.74553680419922,-17.758056640625
*c1ccc(Oc2ccc(Oc3ccc(N4C(=O)c5ccc(-c6cccc7c6C(=O)N(*)C7=O)cc5C4=O)cc3)cc2)cc1,285.0,252.80935668945312,33.26912307739258,-32.190643310546875
*CCOC(=O)Nc1ccc(C)c(NC(=O)OCCOc2cc([N+](=O)[O-])ccc2/N=N/c2cn(*)c3ccc(-c4ccc5c(c4)c4ccccc4n5CCCC)cc23)c1,160.0,162.46925354003906,50.809356689453125,2.4692535400390625
*CCCCCCCN1C(=O)c2ccc(C(=O)Oc3ccc(-c4ccc(OC(=O)c5ccc6c(c5)C(=O)N(*)C6=O)cc4)cc3)cc2C1=O,117.0,128.8491668701172,43.02167510986328,11.849166870117188
*N/C(C#N)=C(\C#N)NC(=O)c1ccc(C(*)=O)cc1,232.0,225.22006225585938,72.84175109863281,-6.779937744140625
*Oc1ccc(/C(=C/c2ccc(-c3ccc(/C=C(\c4ccccc4)c4ccc(OC(=O)CCCCC(*)=O)cc4)cc3)cc2)c2ccccc2)cc1,128.0,170.16831970214844,46.72798538208008,42.16831970214844
*/C=N/c1ccc(C(=O)OCCCCOCCCCOCCCCOC(=O)c2ccc(/N=C/c3ccc(*)s3)cc2)cc1,25.0,93.08543395996094,53.263797760009766,68.08543395996094
*C(=O)c1ccc2c(c1)C(=O)N(c1ccc3c(c1)C(=O)c1cc(N4C(=O)c5ccc(*)cc5C4=O)ccc1-3)C2=O,331.0,322.3013000488281,53.16354751586914,-8.698699951171875
*CCC(C(=O)OC)C(*)C(=O)OC,31.200000762939453,24.16504669189453,82.16097259521484,-7.034954071044922
*N(C)[Si](*)(C)C=C,-20.0,-26.799407958984375,53.77815628051758,-6.799407958984375
*Oc1ccc(OC(=O)c2ccc(C(*)=O)cc2Sc2ccccc2)cc1-c1ccccc1,130.0,148.0413818359375,41.86177444458008,18.0413818359375
*CC(*)(C)C(=O)OCc1ccc(Cl)cc1Cl,19.399999618530273,24.467575073242188,27.349140167236328,5.067575454711914
*c1ccc(OCCCCCCCCCCCCCCCC)c(N2C(=O)CC(C3C=C(C)C4C(=O)N(*)C(=O)C4C3)C2=O)c1,186.0,87.651123046875,82.4587631225586,-98.348876953125
*CC(*)C(=O)OCCN(CC)c1ccc(/N=N/c2ccc([N+](=O)[O-])cc2Cl)cc1,87.0,115.72954559326172,38.50827407836914,28.72954559326172
*CC(*)(C)C(=O)OCC(F)(F)C(F)(F)C(F)(F)C(F)(F)C(F)(F)C(F)(F)C(F)(F)C(F)F,-15.0,9.311843872070312,31.941736221313477,24.311843872070312
*c1ccc(Oc2ccc(N3C(=O)c4ccc([Si](C)(C)O[Si](C)(C)c5ccc6c(c5)C(=O)N(c5ccc(Oc7ccc(-c8nnc(*)o8)cc7)cc5)C6=O)cc4C3=O)cc2)cc1,190.5,198.88705444335938,64.9173355102539,8.387054443359375
*c1ccc(Oc2ccc(C(=O)c3ccc(C(=O)c4ccc(C(=O)c5ccc(Oc6ccc(-c7nc(-c8ccccc8)[nH]c7*)cc6)cc5)cc4)cc3)cc2)cc1,239.0,240.81112670898438,54.53383255004883,1.811126708984375
*Oc1ccc(Sc2ccc(OC(=O)OC3C(C)(C)C(OC(*)=O)C3(C)C)cc2)cc1,107.0,127.83346557617188,42.854496002197266,20.833465576171875
*Oc1ccc(CC(NC(=O)CCc2ccc(OC(=O)COCC(*)=O)cc2)C(=O)OCCCC)cc1,64.0,60.58708953857422,12.968748092651367,-3.4129104614257812
*CC(*)c1ccc(/C(Cc2ccccc2)=N/O)cc1,111.0,142.96109008789062,66.1463394165039,31.961090087890625
*CCC([2H])C(*)([2H])C,-47.5,-36.73036193847656,39.282413482666016,10.769638061523438
*NNC(=O)c1ccc(C(*)=O)cc1OCC,240.0,205.90524291992188,93.53780364990234,-34.094757080078125
*Oc1ccc(NC(=O)c2ccc(S(=O)(=O)c3ccc(C(=O)Nc4ccc(Oc5ccc(C6(c7ccc(*)cc7)C7CC8CC(C7)CC6C8)cc5)cc4)cc3)cc2)cc1,252.0,256.9703369140625,69.85513305664062,4.9703369140625
*c1ccc(Oc2cccc(Oc3ccc(N4C(=O)c5ccc(Oc6ccc(-c7ccc(Oc8ccc9c(c8)C(=O)N(*)C9=O)cc7)cc6)cc5C4=O)cc3)c2)cc1,205.0,213.1094970703125,23.451101303100586,8.1094970703125
*c1ccc(-c2cc(-c3ccc(-c4ccccc4)cc3)cc(-c3ccc(N4C(=O)c5ccc(NC(=O)Nc6ccc(NC(=O)Nc7ccc8c(c7)C(=O)N(*)C8=O)cc6)cc5C4=O)cc3)n2)cc1,243.0,245.46083068847656,41.085121154785156,2.4608306884765625
*CCC(=O)Nc1ccc(NC(=O)CCN2C(=O)c3ccc(C(=O)c4ccc5c(c4)C(=O)N(*)C5=O)cc3C2=O)cc1,237.0,203.17962646484375,49.84091567993164,-33.82037353515625
*C(=O)Nc1ccc(Oc2cccc(Oc3ccc(NC(=O)c4ccc5c(c4)C(=O)N(c4ccc(Sc6ccc(Oc7ccc(Sc8ccc(N9C(=O)c%10ccc(*)cc%10C9=O)cc8)cc7)cc6)cc4)C5=O)cc3)c2)cc1,179.0,294.260498046875,49.39535903930664,115.260498046875
*CCN(*)C(=O)c1ccc2ccccc2c1,130.0,178.6342010498047,75.18482208251953,48.63420104980469
*N=P(*)(OCC(F)(F)C(F)(F)C(F)(F)C(F)(F)C(F)(F)C(F)(F)C(F)(F)F)OCC(F)(F)C(F)(F)C(F)(F)C(F)(F)C(F)(F)C(F)(F)C(F)(F)F,-40.0,-48.347381591796875,36.39894485473633,-8.347381591796875
*C(=O)c1cc(C(=O)c2ccc3c(c2)C(=O)N(c2cccc(N4C(=O)c5ccc(*)cc5C4=O)c2)C3=O)cc(-c2ccccc2)c1,266.5,262.97607421875,33.51921463012695,-3.52392578125
*Oc1cc(OC(=O)c2ccc(OC)cc2)c(OC(=O)CCCC(*)=O)cc1OC(=O)c1ccc(OC)cc1,88.0,58.486480712890625,40.58486557006836,-29.513519287109375
*CC(*)OC(=O)CCl,20.450000762939453,53.964561462402344,75.04090881347656,33.51456069946289
*Oc1ccc2cc(Oc3ccc(S(=O)(=O)c4ccc(*)cc4)cc3)ccc2c1,231.0,197.89028930664062,64.55305480957031,-33.109710693359375
*CC(C)(CC)CO*,-47.0,-51.61833190917969,37.2789192199707,-4.6183319091796875
*CC(CC)C(CC)COC(=O)c1ccc(C(=O)O*)cc1,32.0,41.46294403076172,30.207836151123047,9.462944030761719
*Oc1ccc(OC(=O)c2ccc(C(C)(C)c3ccc(C(*)=O)cc3)cc2)cc1,195.0,154.77999877929688,44.21649169921875,-40.220001220703125
*c1cccc(P(C)(=O)c2cccc(N3C(=O)c4ccc(Oc5ccc(C(C)(C)c6ccc(Oc7ccc8c(c7)C(=O)N(*)C8=O)cc6)cc5)cc4C3=O)c2)c1,228.0,246.34657287597656,48.82145309448242,18.346572875976562
*Oc1ccc(NC(=O)c2ccc(S(=O)(=O)c3ccc(C(=O)Nc4ccc(Oc5ccc(C6(c7ccc(*)cc7)CC7CCC6C7)cc5)cc4)cc3)cc2)cc1,287.0,252.45730590820312,61.84821701049805,-34.542694091796875
*c1cc(C(c2ccc(O)c(N3C(=O)c4ccc(Oc5ccc6c(c5)C(=O)N(*)C6=O)cc4C3=O)c2)(C(F)(F)F)C(F)(F)F)ccc1O,266.0,254.32159423828125,49.2577018737793,-11.67840576171875
*c1cc(Br)c(-c2c(Br)cc(N3C(=O)c4ccc(-c5ccc6c(c5)C(=O)N(*)C6=O)cc4C3=O)cc2C(=O)OCCCCCCCC)c(C(=O)OCCCCCCCC)c1,135.5,140.5041046142578,45.716915130615234,5.0041046142578125
*C1c2cccc3cccc(c23)C1*,250.0,230.11705017089844,81.29444122314453,-19.882949829101562
*c1ccc2c(c1)C(=O)N(c1ccc(Oc3ccc(C(=O)c4cccc(C(=O)c5ccc(Oc6ccc(N7C(=O)c8ccc(C(*)(C(F)(F)F)C(F)(F)F)cc8C7=O)cc6)cc5)c4)cc3)cc1)C2=O,236.0,240.74334716796875,31.149871826171875,4.74334716796875
*Oc1cccc(Oc2ccc(C(=O)c3ccc(NC(=O)c4cccc(C(=O)Nc5ccc(C(=O)c6ccc(*)cc6)cc5)c4)cc3)cc2)c1,214.0,224.4720458984375,45.8221435546875,10.4720458984375
*C(F)(F)C(=O)NCCCCCCNS(*)(=O)=O,52.0,51.948204040527344,47.608123779296875,-0.05179595947265625
*Oc1ccc(NC(=O)c2cc(C(=O)Nc3ccc(*)cc3)cc(C(C)(C)C)c2)cc1,268.0,202.26531982421875,97.67085266113281,-65.73468017578125
*OC(COC(=O)c1c(F)c(F)c(-c2c(F)c(F)c(C(*)=O)c(F)c2F)c(F)c1F)COc1ccc(/N=N/c2ccc(C#N)cc2)cc1,112.0,215.58236694335938,61.71646499633789,103.58236694335938
*Oc1cc(C(C)(C)C)c(Oc2ccc(C(=O)Nc3ccc(C(C)(C)c4ccc(NC(=O)c5ccc(*)cc5)c(C)c4)cc3C)cc2)cc1C(C)(C)C,275.0,176.00726318359375,80.16710662841797,-98.99273681640625
*CCCc1ccc(-c2c(-c3ccccc3)cc(-c3ccc(-c4cc(-c5ccccc5)c(-c5ccc(*)cc5)c(-c5ccccc5)c4-c4ccccc4)cc3)c(-c3ccccc3)c2-c2ccccc2)cc1,290.0,239.94873046875,46.07966232299805,-50.05126953125
*CC(*)(C)C(=O)OCCCCCCCCCCOc1ccc(OC(=O)c2ccc(OC)cc2)cc1,21.0,26.391563415527344,29.99047088623047,5.391563415527344
*c1ccc(Cc2ccc(N3C(=O)CC(Nc4ccc(N(c5ccc(NC6CC(=O)N(*)C6=O)cc5)c5ccc([N+](=O)[O-])cc5)cc4)C3=O)cc2)cc1,276.0,215.7936553955078,48.054786682128906,-60.20634460449219
*CC(*)c1ccc(COCCOCC)cc1,0.0,81.07159423828125,77.46072387695312,81.07159423828125
*N=P(*)(Oc1ccc(Br)cc1)Oc1ccc(Br)cc1,20.649999618530273,4.892974853515625,36.10941696166992,-15.757024765014648
*CCCCCCCCCCCC(=O)Oc1ccc(C(C)(C)c2ccc(C(C)(C)c3ccc(OC(=O)c4ccc5c(c4)C(=O)N(*)C5=O)cc3)cc2)cc1,97.0,98.64418029785156,60.42789840698242,1.6441802978515625
*CCCC1(C)CCN(C(=O)CC(C)C(=O)N2CCC(*)(C)CC2)CC1,72.0,86.75560760498047,50.289085388183594,14.755607604980469
*C(=O)OCC(C)(C)CS(=O)(=O)CC(C)(C)COC(=O)N1CC(C)N(*)CC1C,85.0,56.45982360839844,51.05426788330078,-28.540176391601562
*CC(*)(F)C(=O)OC,142.0,98.17787170410156,91.76397705078125,-43.82212829589844
*/C=C/C1CC(*)C2CC=CC12,101.0,73.07160186767578,51.65895080566406,-27.92839813232422
*Oc1ccccc1C(=O)OC(=O)c1ccccc1OC(=O)C(C)C(C)C(*)=O,45.0,57.18794250488281,30.009868621826172,12.187942504882812
*O[Si](C)(C)O[Si](C)(C)Oc1c(C)cc(-c2cc(C)c(*)c(C)c2)cc1C,55.0,5.049957275390625,39.974151611328125,-49.950042724609375
*c1ccc2c(c1)C(CCCCCCCC)(CCCCCCCC)c1cc(-c3ccc4c(c3)C(c3ccc(-c5nnc(-c6ccc(C(C)(C)C)cc6)o5)cc3)(c3ccc(-c5nnc(-c6ccc(C(C)(C)C)cc6)o5)cc3)c3cc(*)ccc3-4)ccc1-2,213.0,190.55868530273438,64.95613861083984,-22.441314697265625
*c1ccc(Oc2ccc(N3C(=O)C(Cl)=C(Oc4ccc(C(C)(C)c5ccc(OC6=C(Cl)C(=O)N(*)C6=O)cc5)cc4)C3=O)cc2)cc1,175.0,225.04379272460938,54.226810455322266,50.043792724609375
*c1ccc(Oc2ccc(-n3c(=O)c4cc5c(=O)n(-c6ncc(*)s6)c(=O)c5cc4c3=O)cc2)cc1,328.79998779296875,316.05816650390625,56.915645599365234,-12.7418212890625
*c1ccc(C(=O)OCCCCCCOC(=O)c2ccc(-c3nnc(*)s3)cc2)cc1,125.0,142.7664031982422,53.081302642822266,17.766403198242188
*CC(*)C#N,95.0,81.08056640625,37.85806655883789,-13.91943359375
*C(=O)Nc1ccc(-c2ccc(NC(=O)N3CC(C)N(*)CC3C)cc2)cc1,250.0,159.0739288330078,64.3026351928711,-90.92607116699219
*Oc1ccc(NC(=O)Nc2cc(NC(=O)Nc3ccc(*)c(-c4ccc(Oc5ccccc5)cc4)c3)ccc2C)cc1-c1ccc(Oc2ccccc2)cc1,279.0,254.80746459960938,68.49992370605469,-24.192535400390625
*CCCCCCOc1ccc(C(C)(C)c2ccc(O*)cc2)cc1,36.0,78.98514556884766,66.73756408691406,42.985145568847656
*C(=O)c1ccc2c(c1)C(=O)N(c1cccc(Cc3ccc(C(=O)c4cccc(N5C(=O)c6ccc(*)cc6C5=O)c4)cc3)c1)C2=O,265.5,279.1456298828125,43.335227966308594,13.6456298828125
*Oc1ccc(NC(=C(C#N)C#N)c2ccc3cc(C(Nc4ccc(*)cc4)=C(C#N)C#N)ccc3c2)cc1,280.0,280.492919921875,45.93588638305664,0.492919921875
*c1ccc2c(c1)C(=O)N(c1ccc(S(=O)(=O)c3ccc(S(=O)(=O)c4ccc(N5C(=O)c6ccc(C(*)(C(F)(F)F)C(F)(F)F)cc6C5=O)cc4)cc3)cc1)C2=O,331.0,238.66464233398438,44.28797912597656,-92.33535766601562
*c1cccc(P(=O)(c2ccccc2)c2cccc(-n3c(=O)c4cc5c(=O)n(*)c(=O)c5c(-c5cc(C(F)(F)F)cc(C(F)(F)F)c5)c4c3=O)c2)c1,299.0,298.9269714355469,51.736637115478516,-0.073028564453125
*CC1CCC(COC(=O)c2cccc(C(=O)O*)c2)CC1,70.0,52.65763854980469,29.890399932861328,-17.342361450195312
*c1cc2c(cc1C)-c1cc(C)c(N3C(=O)c4ccc(-c5ccc6c(c5)C(=O)N(*)C6=O)cc4C3=O)cc1S2(=O)=O,490.0,320.9161376953125,57.29509735107422,-169.0838623046875
*CCN(*)C(=O)CC12CC3CC(CC(C3)C1)C2,139.0,75.73165893554688,66.92510223388672,-63.268341064453125
*Oc1c(C)cc(C(C)(C)c2cc(C)c(OC(=O)c3cccc(C(*)=O)c3)c(C)c2)cc1C,187.0,162.97970581054688,97.0550765991211,-24.020294189453125
*O[Si](*)(C)CCCOc1ccc(-c2ccc(OC(=O)CCCCC(=O)OC3CC(C)CCC3C(C)C)cc2)cc1,43.29999923706055,12.526199340820312,40.82191848754883,-30.773799896240234
*N=P(*)(Oc1cccc(Cl)c1)Oc1cccc(Cl)c1,-24.0,-21.877304077148438,38.8543586730957,2.1226959228515625
*CCOC(=O)CCCCCCCCCCC(=O)OCCOC(=O)c1ccc(C(=O)O*)cc1,-8.0,11.00860595703125,33.6782112121582,19.00860595703125
*CC(*)C(=O)Oc1ccccc1C(=O)OC,46.0,52.93103790283203,31.01031494140625,6.931037902832031
*Oc1ccc(Oc2ccc(C(=O)c3ccc(*)cc3)cc2)cc1C(C)(C)C,177.0,160.054931640625,50.16057205200195,-16.945068359375
*CCCCP(C)(=O)CCCNC(=O)CCCCC(=O)N*,59.0,47.01818084716797,39.646854400634766,-11.981819152832031
*CCCCCCCCNC(=O)CCCCC(=O)N*,50.0,50.69470977783203,28.597917556762695,0.6947097778320312
*Oc1ccc2ccc(Oc3ccc(/C(=N/c4ccc(/N=C(\c5ccccc5)c5ccc(*)cc5)cc4)c4ccccc4)cc3)cc2c1,171.0,238.0616455078125,55.987491607666016,67.0616455078125
*CCOCCOCCN1C(=O)c2ccc(C(=O)Oc3ccc(OC(=O)c4ccc5c(c4)C(=O)N(*)C5=O)c(-c4ccccc4)c3)cc2C1=O,105.0,104.46688842773438,30.83993911743164,-0.533111572265625
*C(=O)Nc1ccc(Oc2ccc(Oc3ccc(NC(=O)c4ccc5c(c4)C(=O)N(c4ccc(S(=O)(=O)c6ccc(N7C(=O)c8ccc(*)cc8C7=O)cc6)cc4)C5=O)cc3)cc2)cc1,243.0,244.76873779296875,35.006961822509766,1.76873779296875
*Oc1c(Cl)cc(C2(c3cc(Cl)c(OC(*)=O)c(Cl)c3)CC3CCC2C3)cc1Cl,290.0,221.94459533691406,67.77216339111328,-68.05540466308594
*Oc1ccc(C(c2ccc(Oc3ccc(C(=O)c4ccc(P(=O)(c5ccccc5)c5ccc(C(=O)c6ccc(*)cc6)cc5)cc4)cc3)cc2)(C(F)(F)F)C(F)(F)F)cc1,207.0,195.3887176513672,31.597002029418945,-11.611282348632812
*CC1(C)CC(N2C(=O)c3ccc(-c4ccc5c(c4)C(=O)N(*)C5=O)cc3C2=O)CC(C)(C)C1,311.0,178.9730682373047,108.32923126220703,-132.0269317626953
*c1cc(N2C(=O)c3ccc(P(=O)(c4ccccc4)c4ccc5c(c4)C(=O)N(*)C5=O)cc3C2=O)cc(C(F)(F)F)c1,317.0,329.7603454589844,50.92272186279297,12.760345458984375
*CC(CC)O*,-71.5,-51.440277099609375,50.651920318603516,20.059722900390625
*c1cccc(Oc2ccc(S(=O)(=O)c3ccc(Oc4cccc(-n5c(=O)c6cc7c(=O)n(*)c(=O)c7cc6c5=O)c4)cc3)cc2)c1,223.14999389648438,272.93182373046875,47.98826599121094,49.781829833984375
*c1ccc(Oc2ccc(C(C)(C)c3ccc(Oc4ccc(N5C(=O)C6CCC7C(=O)N(*)C(=O)C7C6C5=O)cc4)cc3)cc2)cc1,263.5,219.48886108398438,78.24968719482422,-44.011138916015625
*Oc1ccc(Cc2ccc(OC(*)=S)cc2)cc1,95.0,103.55530548095703,54.860836029052734,8.555305480957031
*CC(*)OC(F)(C(F)(F)F)C(F)(F)F,65.0,57.17283630371094,43.7748908996582,-7.8271636962890625
*OCC(F)(F)C(F)(F)C(F)(F)COc1nc(F)c(F)c(OCC(F)(F)C(F)(F)C(F)(F)COc2c(F)c(*)nc(F)c2F)c1F,-10.0,-21.635498046875,43.29526138305664,-11.635498046875
*Nc1cccc2c(NC(=O)c3cc(NC(=O)C(CCSC)N4C(=O)c5ccccc5C4=O)cc(C(*)=O)c3)cccc12,198.0,219.69903564453125,61.48635482788086,21.69903564453125
*Oc1ccc(OC(=O)c2cc(OCCCCCCCOCC3CCCN3c3ccc([N+](=O)[O-])cc3)c(C(*)=O)cc2OCCCCCCCOCC2CCCN2c2ccc([N+](=O)[O-])cc2)cc1,50.0,53.52525329589844,26.687376022338867,3.5252532958984375
*Nc1ccc(Cc2ccc(NC(=O)NCCCCCCCCCCNC(*)=O)cc2)cc1,46.0,54.31364440917969,42.92279052734375,8.313644409179688
*C(=O)Nc1ccc(Oc2ccc(NC(=O)c3ccc4c(c3)C(=O)N(c3ccc(Oc5ccc(N6C(=O)c7ccc(*)cc7C6=O)cc5-c5ccccc5)c(-c5ccccc5)c3)C4=O)cc2)cc1,345.0,269.2757873535156,52.31336212158203,-75.72421264648438
*CCCCCCNC(=O)CCCCCCCC(=O)N*,42.29999923706055,54.78417205810547,28.098360061645508,12.484172821044922
*CC(OCC(C)C)C(C)(C(=O)OC)C(*)(C)C(=O)OC,125.5,-23.068222045898438,73.7944564819336,-148.56822204589844
*Oc1ccc(C(c2ccccc2)(c2ccccc2)c2ccc(Oc3ccc4c(=O)n5c6cc(-c7ccc8c(c7)nc7c9ccc(*)c%10cccc(c(=O)n87)c%109)ccc6nc5c5cccc3c45)cc2)cc1,357.0,339.18804931640625,45.91115188598633,-17.81195068359375
*O[Si](C)(CCC(F)(F)F)CCC(F)(F)CC[Si](*)(C)CCC(F)(F)F,-38.0,-57.837982177734375,37.21332931518555,-19.837982177734375
*C1C=CC(*)CC1,125.5,16.110252380371094,130.4316864013672,-109.3897476196289
*c1ccc(OC(=O)c2cccc(C(=O)Oc3ccc(C4(*)C(=O)Nc5ccccc54)cc3)c2)cc1,256.0,297.3266906738281,51.82639694213867,41.326690673828125
*c1ccc(Oc2ccc(C(C)(C)c3ccc(Oc4ccc(-c5nc(*)nc(-c6ccccc6)n5)cc4)cc3)cc2)cc1,228.0,210.283935546875,53.458831787109375,-17.716064453125
*Oc1c(C)cc(*)cc1C,212.0,126.85299682617188,73.63426208496094,-85.14700317382812
*Oc1ccc(OC(=O)c2ccc(OCCCCCCOc3ccc(C(*)=O)cc3)cc2)cc1/N=N/c1ccc(C#N)cc1,98.0,178.87161254882812,63.98786926269531,80.87161254882812
*CC(*)(C)C(=O)Oc1ccc(C(=O)Oc2ccc(Oc3ccccc3)cc2)cc1,74.0,97.64704895019531,38.41018295288086,23.647048950195312
*CCCCCCOC(=O)CCCCC(=O)O*,-69.0,-18.820602416992188,67.35779571533203,50.17939758300781
*CCCN1C(=O)c2ccc(C(c3ccc4c(c3)C(=O)N(*)C4=O)(C(F)(F)F)C(F)(F)F)cc2C1=O,190.0,267.546630859375,82.35933685302734,77.546630859375
*O[Si](C)(C)O[Si](C)(C)O[Si](C)(C)O[Si](C)(C)O[Si](C)(C)O[Si](C)(C)OC1=C(*)c2cccc3cccc1c23,-93.0,-75.13023376464844,37.82588577270508,17.869766235351562
*CCCCCCOP(=O)(/N=N/c1ccc(-c2ccc(/N=N/P(=O)(O*)OC)cc2)cc1)OC,37.0,37.57051086425781,30.720094680786133,0.5705108642578125
*OC(COC(*)=O)COC(C)(C)C,18.0,9.689193725585938,66.06818389892578,-8.310806274414062
*C(=O)c1ccc2c(c1)C(=O)N(c1cccc(P(=O)(c3ccc(Oc4ccc(C56CC7CC(CC(C7)C5)C6)cc4)cc3)c3cccc(N4C(=O)c5ccc(*)cc5C4=O)c3)c1)C2=O,305.0,283.08819580078125,56.46222686767578,-21.91180419921875
*c1ccc(Oc2ccc(Oc3ccc(-c4cnc5cc(-c6ccc7nc(*)cnc7c6)ccc5n4)cc3)cc2)cc1,195.0,242.7611846923828,59.75046920776367,47.76118469238281
*OC(=O)CNC(=O)CNC(=O)CCCCCCCCC(=O)NCC(=O)NCC(=O)OC1COC2C(*)COC12,47.0,36.732025146484375,39.8508186340332,-10.267974853515625
*Nc1ccc(C(c2ccc(NC(=O)c3ccc(-c4ccc(C(*)=O)cc4)cc3)cc2)(P2(=O)Oc3ccccc3-c3ccccc32)P2(=O)Oc3ccccc3-c3ccccc32)cc1,251.0,243.95762634277344,48.25217819213867,-7.0423736572265625
*c1ccc(Oc2ccc(-c3ccc(Oc4ccc(N5C(=O)c6ccc(Oc7c(C)cc(C(C)(C)c8cc(C)c(Oc9ccc%10c(c9)C(=O)N(*)C%10=O)c(C)c8)cc7C)cc6C5=O)cc4)cc3C)c(C)c2)cc1,257.0,240.47486877441406,49.10667037963867,-16.525131225585938
*c1ccc(Oc2cccc(N3C(=O)c4ccc(Oc5cccc6c(Oc7ccc8c(c7)C(=O)N(*)C8=O)cccc56)cc4C3=O)c2)cc1,235.0,235.22174072265625,27.84184455871582,0.22174072265625
*CC(*)(C)C(=O)Oc1ccc(C(=O)/C=C/c2ccc(OC)c(OC)c2)cc1,137.0,57.76783752441406,32.65214157104492,-79.23216247558594
*c1ccc2c(c1)C(=O)N(c1c(CC)cc(Cc3cc(CC)c(N4C(=O)c5ccc(C(*)(C(F)(F)F)C(F)(F)F)cc5C4=O)c(CC)c3)cc1CC)C2=O,266.0,289.9564208984375,73.33234405517578,23.9564208984375
*CC(*)C(=O)Oc1ccc(Cl)cc1,330.0,91.80570220947266,76.33370208740234,-238.19429779052734
*/C(=C/c1cc(OC)c(/C=C(\c2ccc(F)cc2)c2ccc3cc(*)ccc3c2)cc1OC)c1ccc(F)cc1,208.0,207.82261657714844,45.328121185302734,-0.1773834228515625
*c1cccc(Oc2cccc(Oc3cccc(N4C(=O)c5ccc(Oc6ccc7c(c6)C(=O)N(*)C7=O)cc5C4=O)c3)c2)c1,199.0,238.34805297851562,31.407907485961914,39.348052978515625
*c1cccc(-c2nc3cc(-c4ccc5[nH]c(*)nc5c4)ccc3[nH]2)c1,410.0,386.10211181640625,69.05011749267578,-23.89788818359375
*c1cccc(-c2nc3ccc(-c4ccc5nc(*)[nH]c5c4)cc3[nH]2)c1,420.0,386.10211181640625,69.05011749267578,-33.89788818359375
*Oc1ccc(C2(c3ccc(Oc4ccc(C(=O)C(=O)c5ccc(*)cc5)cc4)cc3)c3ccccc3-c3ccccc32)cc1,242.0,198.55691528320312,39.51870346069336,-43.443084716796875
*/C=C/CC(C*)(C(=O)OC12CC3CC(CC(C3)C1)C2)C(=O)OC12CC3CC(CC(C3)C1)C2,34.0,48.36833953857422,76.77183532714844,14.368339538574219
*C1C(*)C2CC1C(C(=O)OCCC1CC3CCC1C3)C2C(=O)OCCC1CC2CCC1C2,260.0,32.279701232910156,89.29717254638672,-227.72029876708984
*CCO*,-56.0,-23.935562133789062,36.882530212402344,32.06443786621094
*C1Oc2ccccc2C1*,65.19999694824219,108.38829803466797,50.27021026611328,43.18830108642578
*C(=O)Nc1c(C)cc(Cc2cc(C)c(NC(=O)c3ccc4c(c3)C(=O)N(c3ccc(/N=N/c5ccc(F)cc5)c(N5C(=O)c6ccc(*)cc6C5=O)c3)C4=O)c(C)c2)cc1C,279.0,250.39105224609375,51.43125915527344,-28.60894775390625
*O[Si](C)(C)O[Si](C)(C)O[Si](C)(C)O[Si](C)(C)c1cccc([Si](*)(C)C)c1,-75.0,-87.05412292480469,50.10908508300781,-12.054122924804688
*CCCCCCOC(=O)OCCCCOC(=O)OCCCCCCOc1ccc(C(=O)c2ccc(O*)cc2)cc1,2.0999999046325684,-5.944000244140625,29.983081817626953,-8.044000148773193
*C(=O)Nc1ccc(Oc2ccc(C(c3ccc(Oc4ccc(NC(=O)c5ccc6c(c5)C(=O)N(c5ccc(Oc7cccc8c(Oc9ccc(N%10C(=O)c%11ccc(*)cc%11C%10=O)cc9)cccc78)cc5)C6=O)cc4)cc3)(C(F)(F)F)C(F)(F)F)cc2)cc1,231.0,276.53326416015625,40.89058303833008,45.53326416015625
*CC(c1ccccc1)C1C(=O)OC(=O)C1*,212.0,115.86174774169922,66.58728790283203,-96.13825225830078
*C(=O)c1ccc2c(c1)C(=O)N(c1ccc(Oc3ccccc3N3C(=O)c4ccc(*)cc4C3=O)cc1)C2=O,282.5,278.8404846191406,41.42307662963867,-3.659515380859375
*CCN(CCOC(=O)c1cc(OCCN(C)c2ccc(S(=O)(=O)C(F)(F)C(F)(F)C(F)(F)C(F)(F)C(F)(F)C(F)(F)C(F)(F)C(F)(F)F)cc2)cc(C(=O)O*)c1)c1ccc(S(=O)(=O)C(F)(F)C(F)(F)C(F)(F)C(F)(F)C(F)(F)C(F)(F)C(F)(F)C(F)(F)F)cc1,83.0,58.86150360107422,41.91154861450195,-24.13849639892578
*Oc1ccc(Oc2ccc(C(=O)Nc3ccc(Oc4ccc(S(=O)(=O)c5ccc(Oc6ccc(NC(=O)c7ccc(*)cc7)cc6)cc5)cc4)cc3)cc2)cc1-c1ccccc1,231.0,229.2357177734375,49.41301345825195,-1.7642822265625
*Nc1ccc(Cc2ccc(NC(=O)NCCCCCCCCCCCCNC(*)=O)cc2)cc1,51.0,52.03589630126953,47.434505462646484,1.0358963012695312
*c1ccc(NC(=O)c2ccc(NC(=O)c3ccc([Si](C)(C)c4ccc(C(=O)Nc5ccc(C(=O)Nc6ccc(S(*)(=O)=O)cc6)cc5)cc4)cc3)cc2)cc1,315.0,278.02093505859375,67.42958068847656,-36.97906494140625
*Oc1ccc(C2(c3ccc(Oc4ccc5c(=O)n6c7cc(-c8ccc9c(c8)nc8c%10ccc(*)c%11cccc(c(=O)n98)c%11%10)ccc7nc6c6cccc4c56)cc3)c3ccccc3-c3ccccc32)cc1,421.0,389.6687927246094,56.40822219848633,-31.331207275390625
*CC(*)(C)C(=O)OCc1cc(Cl)ccc1Cl,27.799999237060547,24.467575073242188,27.349140167236328,-3.3324241638183594
*CCCCOC(=O)c1ccc(C(=O)O*)cc1,48.400001525878906,48.15898132324219,23.736961364746094,-0.24102020263671875
*c1ccc2cc(-c3nc4ccc(-c5ccc6nc(*)[nH]c6c5)cc4[nH]3)ccc2c1,403.0,384.76458740234375,56.1960334777832,-18.23541259765625
*Oc1ccc(C(=O)c2cccc(C(=O)c3ccc(*)c(C(C)C)c3)c2)cc1CC,136.0,152.8648223876953,59.31608963012695,16.864822387695312
*CC(*)(C)C(=O)OCC[N+](C)(C)CCCCCCC,-44.0,-27.700759887695312,28.307559967041016,16.299240112304688
*Oc1ccc(OC(=O)c2ccc(-c3ccc(C(*)=O)cc3)cc2-c2ccccc2)cc1C,133.0,157.6228485107422,40.48714828491211,24.622848510742188
*Oc1ccc(Oc2ccc(C(=O)c3cccc4cccc(C(=O)c5ccc(*)cc5)c34)cc2)cc1C(C)(C)C,230.0,164.7214813232422,41.71194076538086,-65.27851867675781
*CC(*)NC(=O)OC(C)(C)C,120.0,47.88091278076172,72.67711639404297,-72.11908721923828
*CCOCCOC(=O)C(CCC)C(=O)O*,-38.0,-5.7015380859375,74.83708190917969,32.2984619140625
*N=P(*)(OC1COCCOCCOCCOCCOC1)OC1COCCOCCOCCOCCOC1,-3.8499999046325684,-48.581573486328125,44.949039459228516,-44.73157358169556
*CC(OC(=O)Oc1ccc(C(=O)OC)cc1)C(COC(=O)O*)OC(=O)Oc1ccc(C(=O)OC)cc1,90.9000015258789,56.528770446777344,44.45272445678711,-34.37123107910156
*Oc1ccc(C(c2ccc(OC(=O)c3ccccc3-c3ccccc3C(*)=O)cc2)(C(F)(F)F)C(F)(F)F)cc1,162.0,143.21710205078125,43.65950393676758,-18.78289794921875
*c1ccc(Oc2ccc(-c3cc(-c4ccccc4)c4cc(Oc5ccc6nc(*)cc(-c7ccccc7)c6c5)ccc4n3)cc2)cc1,266.0,268.4065856933594,57.42718505859375,2.406585693359375
*CCCCOCCCCOCCCCOC(=O)c1ccc(/N=C/c2cc(OCCC(C)CCCC(C)C)c(/C=N/c3ccc(C(=O)O*)cc3)cc2OCCC(C)CCCC(C)C)cc1,-4.800000190734863,33.69944763183594,43.07022476196289,38.4994478225708
*CCC1CC(*)C2C3CC(CC)C(C3)C12,138.0,58.8541259765625,135.8865203857422,-79.1458740234375
*CC(*)O[N+](=O)[O-],37.5,32.94951629638672,33.1876335144043,-4.550483703613281
*N=P(*)(Oc1ccc(OC)cc1)Oc1ccc(OC)cc1,11.300000190734863,1.34173583984375,41.43301010131836,-9.958264350891113
*NNC(=O)c1ccc(C(*)=O)cc1OCCCCC,234.0,141.3116912841797,68.1549301147461,-92.68830871582031
*CC(c1ccccc1)C1C(=O)N(CCCCCCCCCCCC)C(=O)C1*,70.0,49.468406677246094,39.12147521972656,-20.531593322753906
*Oc1ccc(S(=O)(=O)c2ccc(Oc3ccc(C(C)(C)c4ccc(*)cc4)cc3)c([N+](=O)[O-])c2)cc1[N+](=O)[O-],206.0,190.17401123046875,86.43985748291016,-15.82598876953125
*CN1C(=O)c2ccc(C(c3ccc4c(c3)C(=O)N(Cc3nnc(-c5ccc(-c6nnc(*)o6)c(Oc6ccccc6)c5)o3)C4=O)(C(F)(F)F)C(F)(F)F)cc2C1=O,208.0,206.13926696777344,35.12742614746094,-1.8607330322265625
*c1cc(CCOC(=O)C(C)Br)c(*)s1,49.0,35.23729705810547,42.87126541137695,-13.762702941894531
*CC(*)c1ccccc1C(=O)N(C)C,190.0,115.46354675292969,62.125099182128906,-74.53645324707031
*CC(*)C(=O)OC(C)(C)C,40.0,11.611724853515625,76.7361068725586,-28.388275146484375
*c1ccc(Oc2ccc(C(C)(C)c3ccc(Oc4ccc(-c5nc(-c6ccccn6)nnc5*)cc4)cc3)cc2)cc1,220.0,202.1356201171875,53.80691146850586,-17.8643798828125
*CC(O)COC(=O)CCCCC(=O)OCC(O)COc1ccc(/C=C(\C)c2ccc(O*)cc2)cc1,33.0,37.772491455078125,24.81220245361328,4.772491455078125
*Cc1cccc(CNC(=O)/C=C(\C)C(=O)N*)c1,135.0,155.48033142089844,67.02672576904297,20.480331420898438
*c1ccc(-c2nc3cc(S(=O)(=O)c4ccc5nc(-c6ccccc6)c(-c6ccc(-n7c(=O)c8cc9c(=O)n(*)c(=O)c9cc8c7=O)cc6)nc5c4)ccc3nc2-c2ccccc2)cc1,186.0,224.92919921875,37.53602981567383,38.92919921875
*C(=O)c1ccc2c(c1)C(=O)N(c1ccc(Cc3ccc(C(=O)c4ccc(N5C(=O)c6ccc(*)cc6C5=O)cc4)cc3)cc1)C2=O,307.0,279.1456298828125,43.335227966308594,-27.8543701171875
*CCCCCCNC(=O)c1ccc(C(=O)N*)cc1,132.5,129.39889526367188,53.741981506347656,-3.101104736328125
*C(F)(F)C(*)(F)c1c(F)c(F)c(F)c(F)c1F,194.0,147.76821899414062,78.22223663330078,-46.231781005859375
*C(=O)c1ccc2nc(-c3ccccc3)c(-c3ccc(N4C(=O)c5ccc(C(=O)c6ccc7c(c6)C(=O)N(c6ccc(-c8nc9cc(*)ccc9nc8-c8ccccc8)cc6)C7=O)cc5C4=O)cc3)nc2c1,255.0,269.2110900878906,35.961063385009766,14.211090087890625
*CCCCCCCCCCCOC(=O)c1ccc2cc(C(=O)O*)ccc2c1,43.0,44.15361785888672,34.85601806640625,1.1536178588867188
*CCOCCOCCOc1ccc(/C=C(\C)c2ccc(O*)cc2)cc1,16.0,48.59923553466797,38.84574508666992,32.59923553466797
*c1ccc2c(c1)C(=O)N(c1cccc(C(c3ccccc3)(c3cccc(N4C(=O)c5ccc(C(*)(C(F)(F)F)C(F)(F)F)cc5C4=O)c3)C(F)(F)F)c1)C2=O,305.0,305.67047119140625,50.699317932128906,0.67047119140625
*C(=O)c1ccc2c(c1)C(=O)N(c1cccc(Nc3ncnc(Nc4cccc(N5C(=O)c6ccc(*)cc6C5=O)c4)n3)c1)C2=O,290.0,290.0859680175781,58.70762634277344,0.085968017578125
*CC(O)COc1ccc(C(C)(C)c2ccc(OCC(O)COc3cccc(C(=O)Nc4cccc(O*)c4)c3)cc2)cc1,117.0,95.35655212402344,37.48350143432617,-21.643447875976562
*Oc1ccc(CC(NC(=O)CCc2ccc(OC(=O)CCC(C)CC(*)=O)cc2)C(=O)OCc2ccccc2)cc1,55.0,62.14921569824219,24.770036697387695,7.1492156982421875
*Cc1ccc(CO*)cc1,217.0,126.85299682617188,73.63426208496094,-90.14700317382812
*O[Si](C)(CCC(F)(F)F)CCC(F)(F)C(F)(F)C(F)(F)C(F)(F)CC[Si](*)(C)CCC(F)(F)F,-25.0,-39.55537414550781,31.70751953125,-14.555374145507812
*c1ccc(-c2ccc(-c3cc(-c4ccccc4)c4cc(C5(c6ccc7nc(*)cc(-c8ccccc8)c7c6)c6ccccc6C(=O)c6ccccc65)ccc4n3)cc2)cc1,350.0,328.4680480957031,45.936397552490234,-21.531951904296875
*c1ccc2c(c1)C(=O)N(c1cc(N3C(=O)c4ccc(C(*)(C(F)(F)F)C(F)(F)F)cc4C3=O)ccc1C)C2=O,335.0,313.8128662109375,56.369266510009766,-21.1871337890625
*CCCCCC(*)CCC,-68.0,-53.538818359375,48.764347076416016,14.461181640625
*C(=O)c1ccc2c(c1)C(=O)N(c1ccc(Oc3c(C)cc(C(c4cc(C)c(Oc5ccc(N6C(=O)c7ccc(*)cc7C6=O)cc5)c(C)c4)c4cccc5ccccc45)cc3C)cc1)C2=O,272.0,254.47048950195312,52.01103973388672,-17.529510498046875
*OC(COC(=O)NCCCCCCNC(*)=O)c1ccco1,17.0,58.62664794921875,46.34156036376953,41.62664794921875
*c1cccc(N2C(=O)c3ccc(Oc4c(C)cc(Cc5cc(C)c(Oc6ccc7c(c6)C(=O)N(*)C7=O)c(C)c5)cc4C)cc3C2=O)c1,245.0,257.4327087402344,60.271270751953125,12.432708740234375
*CC(*)C=C,-7.0,-29.854690551757812,51.72335433959961,-22.854690551757812
*c1ccc(Oc2cccc(Oc3ccc(N4C(=O)c5cccc(Oc6ccc(-c7ccc(Oc8cccc9c8C(=O)N(*)C9=O)cc7)cc6)c5C4=O)cc3)c2)cc1,224.0,213.1094970703125,23.451101303100586,-10.8905029296875
*Nc1cccc(NC(=O)CCCCCCCCC(=O)Nc2ccc(C(=O)NC(*)=S)cc2)c1,265.0,104.57948303222656,54.702423095703125,-160.42051696777344
*Oc1ccc(Oc2ccc(C(=O)c3ccccc3)c(-c3cc(*)ccc3C(=O)c3ccccc3)c2)cc1,156.0,176.2874755859375,49.21695327758789,20.2874755859375
*C(=O)Nc1ccc(Oc2ccc(C3(c4ccc(Oc5ccc(NC(=O)c6ccc7c(c6)C(=O)N(c6ccc(N8C(=O)c9ccc(*)cc9C8=O)cc6)C7=O)cc5)cc4)NC(=O)c4ccccc43)cc2)cc1,322.0,307.7923583984375,44.95235061645508,-14.2076416015625
*C(=O)c1ccc2c(c1)C(=O)N(c1ccc(/C=C/c3ccc(N4C(=O)c5ccc(*)cc5C4=O)cc3S(=O)(=O)O[Na])c(S(=O)(=O)O[Na])c1)C2=O,229.0,258.5047912597656,61.988006591796875,29.504791259765625
*N=P(*)(CCC)CCC,10.0,-37.93505859375,42.46630096435547,-47.93505859375
*Oc1ccc(Oc2ccc(C(=O)c3ccc(*)cc3)cc2)cc1,147.5,133.4296112060547,30.472158432006836,-14.070388793945312
*Oc1ccc(-c2ccc(OC(*)(Oc3ccccc3)Oc3ccccc3)cc2)cc1,112.0,154.77903747558594,38.46693420410156,42.77903747558594
*CCCCCCNC(=O)CCC(C)CC(=O)N*,17.0,49.29821014404297,34.051239013671875,32.29821014404297
*Oc1ccc(CC(NC(=O)CCc2ccc(OC(=O)CCCCCCCCC(*)=O)cc2)C(=O)OCCCCCCCC)cc1,15.5,22.63245391845703,29.008468627929688,7.132453918457031
*CCCCCOC(=O)OCCCCCN1C(=O)c2ccc(C(=O)c3ccc4c(c3)C(=O)N(*)C4=O)cc2C1=O,77.0,74.3696060180664,23.37348747253418,-2.6303939819335938
*c1ccc(-c2sc(-c3ccc(-c4cc(CCCCCCCC)c(*)s4)cc3)cc2CCCCCCCC)cc1,-4.0,40.545249938964844,52.10209655761719,44.545249938964844
*c1ccc(-c2sc(-c3cc(SCCCCCCCCCCCC)c(*)s3)cc2SCCCCCCCCCCCC)cc1,65.4000015258789,59.82884979248047,71.71988677978516,-5.5711517333984375
*/C=C/C(C(=O)OCC)C(*)C(=O)OCC,6.0,67.57353973388672,69.85218811035156,61.57353973388672
*C(=O)c1ccc2c(c1)C(=O)N(c1ccc(C(=O)Nc3cccc(N4C(=O)c5ccc(*)cc5C4=O)c3)cc1)C2=O,311.0,314.97344970703125,50.620662689208984,3.97344970703125
*C(=O)Nc1ccc2c(c1)-c1cc(NC(=O)c3ccc4c(c3)C(=O)N(c3cccc(P(=O)(c5ccccc5)c5cccc(N6C(=O)c7ccc(*)cc7C6=O)c5)c3)C4=O)ccc1C2,248.0,229.619140625,31.687271118164062,-18.380859375
*c1ccc(-c2ccc3c(c2)C(CCCCCCCC)(CCCCCCCC)c2cc(*)ccc2-3)cc1,81.0,75.56768035888672,69.96766662597656,-5.432319641113281
*Oc1ccc(Oc2ccc(NC(=O)c3cccc(C(=O)Nc4ccc(*)cc4)c3)cc2)cc1C(C)(C)C,208.0,246.59823608398438,95.1527328491211,38.598236083984375
*Oc1ccc(NC(=O)c2ccc(C(=O)Nc3ccc(Oc4ccc(C5(c6ccc(*)cc6)CC6CCC5C6)cc4)cc3)cc2)cc1,281.0,264.64581298828125,77.09259796142578,-16.35418701171875
*Nc1ccc(C(C)(C)c2ccc(C(C)(C)c3ccc(Nc4ccc(C(=O)c5ccc(C(=O)c6ccc(*)cc6)cc5)cc4)cc3)cc2)cc1,157.0,171.75241088867188,72.42085266113281,14.752410888671875
*Oc1c(Br)cc(C(C)(C)c2cc(Br)c(OC(*)=O)c(Br)c2)cc1Br,228.5,240.39727783203125,53.779911041259766,11.89727783203125
*Oc1ccc(/C(=C/c2ccc(-c3ccc(/C=C(\c4ccccc4)c4ccc(OC(=O)c5ccc(C(*)=O)cc5)cc4)cc3)cc2)c2ccccc2)cc1,236.0,218.7300262451172,40.36012268066406,-17.269973754882812
*C(=O)Nc1cccc(C(=O)c2cccc(NC(=O)c3ccc4c(c3)C(=O)N(c3ccc(-c5sc(-c6ccc(N7C(=O)c8ccc(*)cc8C7=O)cc6)c(-c6ccccc6)c5-c5ccccc5)cc3)C4=O)c2)c1,308.0,312.7568359375,46.42799758911133,4.7568359375
*CC(COC(=O)CCCCCCCCCCN1C(=O)C2C3C=CC(C3)C2C1=O)O*,-31.0,25.9505615234375,24.151626586914062,56.9505615234375
*O[Si](*)(C)CCCCOc1ccc(C(=O)Oc2ccc(C#N)cc2)cc1,16.0,27.595626831054688,27.311429977416992,11.595626831054688
*Oc1ccc(OC(=O)c2cc(OCCCCCCOCC3CCCN3c3ccc([N+](=O)[O-])cc3)c(C(*)=O)cc2OCCCCCCOCC2CCCN2c2ccc([N+](=O)[O-])cc2)cc1,56.0,57.405120849609375,27.865997314453125,1.405120849609375
*CCCCCCc1nc2cc(NC(=O)CCCCCCC(=O)Nc3ccc4oc(*)nc4c3)ccc2o1,77.0,98.43441772460938,58.536293029785156,21.434417724609375
*c1ccc(Oc2ccc(-n3c(=O)c4cc5c(=O)n(*)c(=O)c5cc4c3=O)cc2-c2ccccc2)cc1,329.0,308.10260009765625,46.09919357299805,-20.89739990234375
*Cc1ccc(C(C)(CCC)c2ccc(Cn3c(=O)c4cc5c(=O)n(*)c(=O)c5cc4c3=O)o2)o1,134.0,159.8792724609375,93.71153259277344,25.8792724609375
*CC(*)OC(=O)OCC(Cl)(Cl)Cl,74.0,38.408729553222656,67.84542846679688,-35.591270446777344
*CC(*)(C)C(=O)Oc1ccc([N+](=O)[O-])c(C)c1,101.0,112.78616333007812,62.707523345947266,11.786163330078125
*OCCOC(=O)CCCC(=O)OCCOc1nc(-c2ccc(OC)cc2)nc(*)c1-c1ccc(OC)cc1,57.0,59.647552490234375,19.318050384521484,2.647552490234375
*Nc1ccc(NC(=O)c2ccc(NC(=O)CCCCCCCCC(=O)Nc3ccc(C(*)=O)cc3)cc2)cc1C(=O)OCCCCCCCCCCCCCCCC,220.0,187.70504760742188,66.95557403564453,-32.294952392578125
*CCCCCOC(=O)CCCCCCCCCCN1C(=O)c2ccc(-c3ccc(-c4ccc5c(c4)C(=O)N(CCCCCCCCCCC(=O)OCCCCCN4C(=O)c6ccc(-c7ccc8c(c7)C(=O)N(*)C8=O)cc6C4=O)C5=O)cc3)cc2C1=O,41.0,71.93095397949219,43.836578369140625,30.930953979492188
*O[Si](*)(C)CC,-133.0,-94.11402893066406,41.601539611816406,38.88597106933594
*O[Si](*)(C)CCCCCOc1ccc(/C=C/c2ccc(OC)cc2)cc1,52.0,42.95896911621094,44.972415924072266,-9.041030883789062
*CCCCCOC(=O)OCCCCCN1C(=O)c2ccc(-c3ccc4c(c3)C(=O)N(*)C4=O)cc2C1=O,84.0,81.64405059814453,26.33417320251465,-2.3559494018554688
*C(=O)Nc1ccc(C2(c3ccc(N4C(=O)c5ccc(*)cc5C4=O)cc3)CCC(C)CC2)cc1,322.0,221.4058837890625,89.45903778076172,-100.5941162109375
*CC(*)(C)C(=O)Nc1ccc(C(=O)/C=C/c2ccc(OC)cc2)cc1,35.0,62.240966796875,59.77599334716797,27.240966796875
*Nc1ccc(Cc2ccc(NC(=O)c3ccc(P(=O)(c4ccccc4)c4ccc(C(*)=O)cc4)cc3)cc2)cc1,307.0,265.19561767578125,73.86381530761719,-41.80438232421875
*O[Si](C)(C)OC(CCl)COc1ccc(C(C)(C)c2ccc(OCC(*)CCl)cc2)cc1,24.0,15.579940795898438,49.16606140136719,-8.420059204101562
*c1ccc(Oc2cccc(Oc3ccc(N4C(=O)c5cccc(Oc6ccc(C(=O)c7ccc(Oc8cccc9c8C(=O)N(*)C9=O)cc7)cc6)c5C4=O)cc3)c2)cc1,216.0,208.662841796875,24.21333885192871,-7.337158203125
*c1ccc(-c2ccc(-c3ccc(-c4ccc(-c5cc(-c6ccccc6)c6cc(Oc7ccc8nc(*)cc(-c9ccccc9)c8c7)ccc6n5)cc4)cc3)cc2)cc1,310.0,322.14794921875,47.09275817871094,12.14794921875
*Cc1ccc(CNC(=O)CCCCCCCCCC(=O)N*)cc1,110.0,134.53053283691406,68.63216400146484,24.530532836914062
*c1ccc(OC(=O)c2cccc(C(=O)Oc3ccc(C4(*)NC(=O)c5ccccc54)cc3)c2)cc1,325.0,297.3266906738281,51.82639694213867,-27.673309326171875
*CC(CCCCCCOc1ccc(/N=N/c2ccc(C)cc2)cc1)COC(=O)CCCCC(=O)O*,29.0,42.469207763671875,46.65372848510742,13.469207763671875
*c1cccc(NC(=O)c2ccc(OCCOCCOc3ccc(C(=O)Nc4ccc5[nH]c(*)nc5c4)cc3)cc2)c1,215.0,210.039306640625,68.13310241699219,-4.960693359375
*/C=C/c1ccc2c(c1)C(CCCCCC)(CCCCCC)c1cc(/C=C/c3nc(*)c(C#N)c(/C=C/c4ccc(N(c5ccccc5)c5ccccc5)cc4)c3C#N)ccc1-2,178.0,166.34213256835938,64.22419738769531,-11.657867431640625
*c1ccc(Oc2ccc(C(c3ccc(Oc4ccc(N5C(=O)c6ccc(Oc7ccc8c(c7)C(=O)N(*)C8=O)cc6C5=O)cc4)cc3)(C(F)(F)F)C(F)(F)F)cc2)cc1,264.0,255.708251953125,35.015708923339844,-8.291748046875
*CC(OC1CCCCC1)C1C(=O)OC(=O)C1*,201.0,59.41248321533203,85.99250030517578,-141.58751678466797
*CCOCCOCCOC(=O)CCCCC(=O)O*,-49.0,2.8109893798828125,62.955299377441406,51.81098937988281
*c1ccc(Oc2ccc(N3C(=O)c4ccc(Oc5ccc6c(c5)C(=O)N(c5ncc(*)s5)C6=O)cc4C3=O)cc2)cc1,300.0,325.25921630859375,51.535552978515625,25.25921630859375
*CC(*)C(=O)OC(C)CC,-20.0,11.611724853515625,76.7361068725586,31.611724853515625
*Oc1ccc(C(c2ccc(OP3(Oc4ccc(C(=O)OCCC)cc4)=NP(Oc4ccc(C(=O)OCCC)cc4)(Oc4ccc(C(=O)OCCC)cc4)=NP(*)(Oc4ccc(C(=O)OCCC)cc4)=N3)cc2)(C(F)(F)F)C(F)(F)F)cc1,34.0,43.1632080078125,31.122737884521484,9.1632080078125
*c1ccc(Oc2ccc(S(=O)(=O)c3ccc(C)cc3)cc2)c(-n2c(=O)c3cc4c(=O)n(*)c(=O)c4cc3c2=O)c1,320.0,307.092529296875,65.0411148071289,-12.907470703125
*c1cccc(-c2nc3cc(-c4ccc5nc(*)c(-c6ccc7ccccc7c6)nc5c4)ccc3nc2-c2ccc3ccccc3c2)c1,317.0,324.3836669921875,50.785274505615234,7.3836669921875
*C(=O)c1ccc2c(c1)C(=O)N(c1ccc(C(=O)c3cccc(C(=O)c4ccc(N5C(=O)c6ccc(*)cc6C5=O)cc4)c3)cc1)C2=O,276.0,251.2377471923828,33.4453010559082,-24.762252807617188
*CC(O)CN(C)S(=O)(=O)c1ccc(-c2ccc(S(=O)(=O)N(C)CC(O)COc3ccc(C(C)(C)c4ccc(O*)cc4)cc3)cc2)cc1,101.0,112.99015045166016,45.79134750366211,11.990150451660156
*c1ccc(Oc2ccc(N3C(=O)c4ccc(-c5cccc6c5C(=O)N(*)C6=O)cc4C3=O)cc2)cc1,320.0,308.10260009765625,46.09919357299805,-11.89739990234375
*c1ccc(C(c2ccccc2)(c2ccc(-c3nc4ccc(-c5ccc6nc(*)oc6c5)cc4o3)cc2)C(F)(F)F)cc1,350.0,300.253662109375,65.58235931396484,-49.746337890625
*CC/C=C(/*)c1ccccc1,39.5,89.39439392089844,50.271244049072266,49.89439392089844
*c1ccc(-c2ccc(N3C(=O)c4ccc(Oc5ccc6c(c5)C(=O)N(*)C6=O)cc4C3=O)cc2C)c(C)c1,325.0,333.061279296875,61.297119140625,8.061279296875
*C(=O)NCCN(CCNC(=O)c1ccc(N2C(=O)c3ccc(*)cc3C2=O)cc1)c1ccc(/C=C/c2ccc([N+](=O)[O-])cc2)cc1,178.0,172.60556030273438,59.53291320800781,-5.394439697265625
*/C=C/c1cc(OC)c(/C=C/c2ccc(/C=C(\Oc3ccccc3)c3ccc(/C(=C/c4ccc(*)cc4)c4ccc(Oc5ccccc5)cc4)cc3)cc2)cc1OC,175.0,182.12283325195312,54.458824157714844,7.122833251953125
*CCN(CCOC(=O)CCCCC(=O)O*)c1ccc(/C=N/N(c2ccccc2)c2ccccc2)cc1,54.0,119.984375,71.02236938476562,65.984375
*CC(*)c1cc(C)ccc1C,143.0,73.07160186767578,51.65895080566406,-69.92839813232422
*Cc1ccccc1CSS*,39.0,52.90735626220703,30.689956665039062,13.907356262207031
*OP(=O)(Oc1ccc(C)cc1)Oc1ccc(S(=O)(=O)c2ccc(*)cc2)cc1,66.0,97.374267578125,56.5297737121582,31.374267578125
*/C=C(\F)C(F)(F)C*,-35.0,-12.464065551757812,36.26741409301758,22.535934448242188
*c1ccc(Oc2cccc(N3C(=O)c4ccc(-c5ccc6c(c5)C(=O)N(*)C6=O)cc4C3=O)c2)cc1,259.0,308.10260009765625,46.09919357299805,49.10260009765625
*CCCCCCCCCCOc1ccc(-c2cc(-c3ccc(-c4ccccc4)cc3)c(-c3ccc(NC(=O)c4ccc(C(=O)Nc5ccc(-c6c(-c7ccc(-c8ccccc8)cc7)cc(-c7ccc(O*)cc7)cc6-c6ccc(-c7ccccc7)cc6)cc5)cc4)cc3)c(-c3ccc(-c4ccccc4)cc3)c2)cc1,111.0,112.59711456298828,45.681678771972656,1.5971145629882812
*Oc1ccc(NCC(=O)c2ccc(Sc3ccc(C(=O)CNc4ccc(*)cc4)cc3)cc2)cc1,208.0,221.00820922851562,80.09906768798828,13.008209228515625
*CCCCCOC(=O)Nc1ccc(Cc2ccc(NC(=O)O*)cc2)cc1,95.0,109.64116668701172,43.92490005493164,14.641166687011719
*c1ccc(-c2ccc(N3C(=O)c4ccc(S(=O)(=O)c5ccc6c(c5)C(=O)N(*)C6=O)cc4C3=O)cc2C(F)(F)F)c(C(F)(F)F)c1,320.0,304.5631103515625,57.091636657714844,-15.4368896484375
*OCCOC(=O)CCCC(=O)OCCOc1nc(-c2ccc(OCCCC)cc2)nc(*)c1-c1ccc(OC)cc1,46.0,46.52674865722656,19.92938804626465,0.5267486572265625
*Oc1cccc(NC(=O)CCCCCCC(=O)Nc2ccc(*)cc2)c1,140.0,132.10235595703125,65.13990020751953,-7.89764404296875
*CC(*)(CC(=O)Oc1ccc(OCCC)cc1)C(=O)Oc1ccc(OCCC)cc1,94.5,49.945152282714844,36.19710159301758,-44.554847717285156
*N=P(*)(Cl)Cl,-63.0,-54.66709899902344,42.884765625,8.332901000976562
*Nc1ccc(NC(=O)c2ccc(NC(=O)CCCCCCCCC(=O)Nc3ccc(C(*)=O)cc3)cc2)cc1C(=O)OCCCCCCCCCCCCCCCCCC,280.0,205.6141357421875,59.43482208251953,-74.3858642578125
*c1ccc(Oc2cccc(NC(=O)c3cc(C(=O)Nc4cccc(Oc5ccc(-c6nnc(*)o6)cc5)c4)cc(N4C(=O)c5c(Cl)c(Cl)c(Cl)c(Cl)c5C4=O)c3)c2)cc1,275.0,232.45216369628906,41.30014419555664,-42.54783630371094
*C(=O)Nc1cccc(Oc2ccc(C(=O)c3ccc(Oc4cccc(NC(=O)c5ccc(*)nc5)c4)cc3)cc2)c1,154.0,227.94390869140625,66.69607543945312,73.94390869140625
*CCCCNC(=O)c1cccc(C(=O)N*)c1,141.0,154.81011962890625,63.869441986083984,13.81011962890625
*CC(*)c1cc(Br)ccc1OCCC(C)C,37.0,23.61309814453125,38.680572509765625,-13.38690185546875
*c1ccc(Nc2ccc(C(c3ccc(Nc4ccc(S(*)(=O)=O)cc4)cc3)(C(F)(F)F)C(F)(F)F)cc2)cc1,145.0,219.0775146484375,88.9225082397461,74.0775146484375
*c1ccc(OCCN(CCOc2ccc(-c3nc4ccc(Oc5ccc6nc(*)c(-c7ccccc7)nc6c5)cc4nc3-c3ccccc3)cc2)c2ccc(/N=N/c3ccc([N+](=O)[O-])cc3)cc2)cc1,199.0,196.83941650390625,43.14839172363281,-2.16058349609375
*Oc1ccc(C(CC)(CC)c2ccc(OC(*)=S)cc2)cc1,121.0,136.62171936035156,57.759857177734375,15.621719360351562
*/C=C/c1cc(OCCCCCCCC)c(/C=C/c2ccc(*)c3nsnc23)cc1OCCCCCCCC,153.0,55.59955596923828,52.992523193359375,-97.40044403076172
*N=P(*)(OCC(COCCOCCCC)OCCOCCCC)OCC(COCCOCCCC)OCCOCCCC,-86.0,-78.09483337402344,32.72239685058594,7.9051666259765625
*c1c(C)cc(C(c2cc(C(F)(F)F)cc(C(F)(F)F)c2)c2cc(C)c(N3C(=O)c4ccc(-c5ccc6c(c5)C(=O)N(*)C6=O)cc4C3=O)c(C)c2)cc1C,317.3999938964844,274.1990661621094,47.34469223022461,-43.200927734375
*CC(*)(C)C(=O)OCC1CO1,68.5,59.65525817871094,85.87954711914062,-8.844741821289062
*c1ccc(Oc2ccc3ccc(Oc4ccc(-n5c(=O)c6cc7c(=O)n(*)c(=O)c7cc6c5=O)cc4)cc3c2)cc1,320.79998779296875,336.67669677734375,52.73329544067383,15.876708984375
*c1ccc2c(c1)C(=O)N(c1ccc(Oc3ccc(N4C(=O)c5ccc(C(*)O[Si](C)(C)O[Si](C)(C)O[Si](C)(C)C)cc5C4=O)cc3)cc1)C2=O,167.0,186.173095703125,42.4323844909668,19.173095703125
*Oc1cccc(NC(=O)CCCCCCCCCCC(=O)Nc2ccc(*)cc2)c1,110.0,117.43038940429688,65.67723846435547,7.430389404296875
*CC(O)COC(=O)CCCCCCCCCCC(=O)OCC(O)COc1ccc(C(C)(C)c2ccc(O*)cc2)cc1,25.0,-12.169601440429688,30.083953857421875,-37.16960144042969
*c1ccc(S(=O)(=O)c2ccc(N3C(=O)c4ccc(Oc5ccc(C(C)(C)c6ccc(Oc7ccc8c(c7)C(=O)N(*)C8=O)cc6)cc5)cc4C3=O)cc2)cc1,267.0,243.76007080078125,39.17843246459961,-23.23992919921875
*Oc1ccc(-c2ccc(-c3ccc(Oc4ccc(C(C)(C)c5ccc(*)cc5)cc4)cc3)cc2)cc1,182.0,181.95620727539062,55.57516098022461,-0.043792724609375
*Oc1ccc(Oc2ccc(C(=O)c3cccc(NC(=O)c4ccc(C(=O)Nc5cccc(C(=O)c6ccc(*)cc6)c5)cc4)c3)cc2)cc1,210.0,224.4720458984375,45.8221435546875,14.4720458984375
*O[Si](C)(C)O[Si](C)(C)O[Si](C)(C)O[Si](C)(C)O[Si](C)(C)O[Si](C)(C)Oc1c(*)c2ccccc2c2ccccc12,-68.0,-80.01510620117188,44.88597106933594,-12.015106201171875
*CC(=O)NCCCCCCNC(=O)COC(=O)CCCCCCCCCCC(=O)O*,0.8999999761581421,15.601242065429688,47.4023323059082,14.701242089271545
*CC(*)(C)C(=O)OCCCCCCCOc1ccc2cc(C(=O)Oc3ccccc3)ccc2c1,40.0,73.64200592041016,41.29796600341797,33.642005920410156
*CC(CO*)(CSCCCCC)CSCCCCC,-33.0,-37.72358703613281,33.80811309814453,-4.7235870361328125
*CC#CCOC(=O)CCCCCCCCC(=O)O*,-26.5,37.28932189941406,67.0867919921875,63.78932189941406
*C(=O)Nc1cc(NC(=O)c2ccc3c(c2)C(=O)N(c2cc(-c4nc5ccccc5s4)cc(N4C(=O)c5ccc(*)cc5C4=O)c2)C3=O)cc(-c2nc3ccccc3[nH]2)c1,368.0,293.593994140625,54.17018508911133,-74.406005859375
*Oc1cccc(S(=O)(=O)c2ccc(*)cc2)c1,175.0,183.88108825683594,71.30943298339844,8.881088256835938
*Oc1ccc(C(c2ccc(OC(*)=O)cc2)C2CC3CC2C2C4CCC(C4)C32)cc1,253.0,193.8903045654297,92.9937515258789,-59.10969543457031
*c1ccc(Oc2ccc(-c3cc(-c4ccc(Oc5ccc(-c6cc(*)nc7ccccc67)cc5)cc4)c4ccccc4n3)cc2)cc1,300.0,268.4065856933594,57.42718505859375,-31.593414306640625
*Oc1c(OC)cc(-c2cc(OC)c(OC(=O)c3cccc(C(*)=O)c3)c(OC)c2)cc1OC,252.0,89.89606475830078,68.49663543701172,-162.10393524169922
*N=P(*)(OCCOCCOCCOCCOCCOC)OCCOCCOCCOCCOCCOC,-79.0,-84.34371948242188,42.60521697998047,-5.343719482421875
*c1cccc(P(=O)(c2ccccc2)c2cccc(N3C(=O)c4ccc(NC(=O)OCCOc5ccc(P(=O)(c6ccccc6)c6ccc(OCCOC(=O)Nc7ccc8c(c7)C(=O)N(*)C8=O)cc6)cc5)cc4C3=O)c2)c1,218.0,210.51861572265625,46.93270492553711,-7.48138427734375
*CC(*)(Cl)C(=O)OCCC(F)(F)C(F)(F)C(F)(F)C(F)(F)C(F)(F)C(F)(F)C(F)(F)C(F)(F)F,61.0,52.35853576660156,40.88637924194336,-8.641464233398438
*CC(C)(C)COC(=O)NC(=O)c1ccc(C(=O)NC(=O)O*)cc1,102.0,84.13507080078125,46.38309097290039,-17.86492919921875
*Oc1ccc(SC(=O)Sc2ccc(*)cc2)cc1,117.0,126.06295013427734,47.61895751953125,9.062950134277344
*c1ccc2cc(OC(=O)c3cccc(C(=O)Oc4ccc5cc(-c6nc7ccccc7nc6*)ccc5c4)c3)ccc2c1,151.0,280.1921081542969,75.88227844238281,129.19210815429688
*C[Si](*)(C)CCCn1c2ccccc2c2ccccc21,71.19999694824219,54.17555236816406,43.11488723754883,-17.024444580078125
*Oc1ccc(P(C)(=O)c2ccc(Oc3ccc(P(=O)(c4ccccc4)c4ccc(*)cc4)cc3)cc2)cc1,238.0,232.79360961914062,84.69222259521484,-5.206390380859375
*Nc1c(-c2ccccc2)cc(-c2ccc(-c3cc(-c4ccccc4)c(NC(=O)c4ccc(C(*)=O)cc4)c(-c4ccccc4)c3)cc2)cc1-c1ccccc1,135.0,231.22671508789062,65.79576110839844,96.22671508789062
*CCCCCCCCCCOC(=O)CCCCC(=O)O*,-68.0,-43.760467529296875,49.89191818237305,24.239532470703125
*CC(*)NC=O,150.0,145.0904083251953,70.31456756591797,-4.9095916748046875
*CC(*)(CC(=O)OCc1ccccc1)C(=O)OCc1ccccc1,55.0,58.21880340576172,35.789283752441406,3.2188034057617188
*Oc1ccc(NC(=O)c2cccc(C(=O)Nc3ccc(OC4COC5C(*)COC45)cc3)c2)cc1,218.0,176.71951293945312,99.64485931396484,-41.280487060546875
*CCCCCCNC(=O)c1ccc(C(=O)N*)c(Oc2ccc(Br)cc2)c1,116.0,115.95127868652344,42.24850845336914,-0.0487213134765625
*CC1CCC(COC(C)OC(=O)c2ccc(C(=O)OC(C)O*)cc2)CC1,61.0,29.258445739746094,35.65528106689453,-31.741554260253906
*C(=O)Nc1cccc(P(=O)(c2ccccc2)c2cccc(NC(=O)c3ccc4c(c3)C(=O)N(c3cccc(P(=O)(c5ccccc5)c5cccc(N6C(=O)c7ccc(*)cc7C6=O)c5)c3)C4=O)c2)c1,206.0,228.26641845703125,35.26081085205078,22.26641845703125
*Oc1ccc(Oc2ccc(S(=O)(=O)c3ccc(Oc4ccc(Oc5cccc(*)n5)cc4)cc3)cc2)cc1,158.0,230.23532104492188,78.11038208007812,72.23532104492188
*CC(O)COc1ccc(S(=O)(=O)c2ccc(OCC(O)COc3cccc(O*)c3)cc2)cc1,105.0,114.92937469482422,38.3720703125,9.929374694824219
*CCOCO*,-64.0,-53.85406494140625,58.834712982177734,10.14593505859375
*Oc1ccc(S(=O)(=O)c2ccc(Oc3c(C)cc(C(c4cc(C)c(*)c(C)c4)(C(F)(F)F)C(F)(F)F)cc3C)cc2C(O)(C(F)(F)F)C(F)(F)F)c(C(O)(C(F)(F)F)C(F)(F)F)c1,196.0,183.73092651367188,56.38442611694336,-12.269073486328125
*CC[Si](C)(C)O[Si]1(*)O[Si](C)(C)O[Si](C)(C)O1,-64.0,-83.88847351074219,60.60177993774414,-19.888473510742188
*CC(*)OC(=O)c1ccc(OC(C)=O)cc1,76.0,52.93103790283203,31.01031494140625,-23.06896209716797
*Nc1ccc(C(=O)c2c(C)c(C)c(C(=O)c3ccc(NC(=O)c4ccc(C(*)=O)cc4)cc3)c(C)c2C)cc1,345.0,256.0382995605469,75.40274810791016,-88.96170043945312
*OC(C)COC(=O)c1cccc(C(*)=O)c1,77.0,52.93103790283203,31.01031494140625,-24.06896209716797
*CC(*)(C)C(=O)Oc1ccc(/N=N/c2ccc(C#N)cc2)cc1,185.0,162.223876953125,72.49836730957031,-22.776123046875
*CC(*)(Cl)C(=O)OCCCCCCOc1ccc(C(=O)Oc2ccc(OCCCC)cc2)cc1,112.5,101.9451904296875,41.87818145751953,-10.5548095703125
*Oc1ccc(/N=N/c2ccc(Cc3ccc(/N=N/c4ccc(OC(=O)c5ccc(C(*)=O)cc5)cc4)cc3[N+](=O)[O-])c([N+](=O)[O-])c2)cc1,198.0,197.13368225097656,32.4814453125,-0.8663177490234375
*C(=O)c1ccc(N(*)CCCCCCC)cc1,45.900001525878906,49.25616455078125,50.9500732421875,3.3561630249023438
*CC(*)C(=O)OCCCCCCCCOC(=O)c1ccc(OC(=O)c2ccc(C#N)cc2)cc1,15.0,65.58502197265625,19.999412536621094,50.58502197265625
*CC(*)C1CCCCC1C,186.0,110.17831420898438,86.79756164550781,-75.82168579101562
*CCOCCOCCOCCOCCOCCOC(=O)c1cc(OCCCCCCOc2ccc(-c3ccc(OC)cc3)cc2)cc(C(=O)O*)c1,12.5,5.776885986328125,25.912090301513672,-6.723114013671875
*O[Si](*)(C)CCCCCCCCCCCOc1ccc(/C=C/c2ccc(C#N)cc2)cc1,-55.0,17.95740509033203,29.96390151977539,72.95740509033203
*c1ccc(Sc2ccc(Sc3ccc(Sc4ccc(N5C(=O)c6ccc(-c7ccc8c(c7)C(=O)N(*)C8=O)cc6C5=O)cc4)cc3)cc2)cc1,227.10000610351562,214.784423828125,59.279632568359375,-12.315582275390625
*CCCCCCCCCCCCN1C(=O)c2ccc(C(c3ccc4c(c3)C(=O)N(CCCCCCCCCCCCn3c(=O)c5ccc6c7ccc8c(=O)n(*)c(=O)c9ccc(c%10ccc(c3=O)c5c6%10)c7c89)C4=O)(C(F)(F)F)C(F)(F)F)cc2C1=O,170.0,170.33091735839844,50.76053237915039,0.3309173583984375
*Oc1ccc(OC(=O)c2ccc(C(*)=O)cc2Sc2ccccc2)cc1C,130.0,206.6409912109375,68.561279296875,76.6409912109375
*CCOC(=O)CCCCC(=O)OCCOC(=O)c1ccc(C(=O)O*)cc1,8.0,10.509017944335938,47.812740325927734,2.5090179443359375
*CC(CS(=O)(=O)CC)O*,57.0,54.27625274658203,58.57923126220703,-2.7237472534179688
*CC(*)c1ccccc1COC,89.0,80.5631103515625,48.61326217651367,-8.4368896484375
*Oc1ccc(C(=O)Nc2ccc(Br)cc2-c2ccc(NC(=O)c3ccc(*)cc3)cc2)cc1,249.0,212.00588989257812,73.30680847167969,-36.994110107421875
*c1nc(-c2ccccc2)nc(N(c2ccccc2)c2ncnc(N(*)c3ccccc3)n2)n1,279.0,323.3621826171875,71.31094360351562,44.3621826171875
*CCOc1ccc(S(=O)(=O)c2ccc(OCCOP(=O)(O*)Oc3ccc(OC)cc3)cc2)cc1,52.0,84.73677062988281,40.95611572265625,32.73677062988281
*CC(OCCCC)C1C(=O)OC(=O)C1*,118.0,67.57353973388672,69.85218811035156,-50.42646026611328
*c1ccc(-c2ccc(NC(=O)c3cccc(C(=O)Nc4ccc(-c5ccc(N6C(=O)c7ccc(-c8ccc9c(c8)C(=O)N(*)C9=O)cc7C6=O)cc5)cc4)c3)cc2)cc1,230.0,260.2721252441406,41.66905975341797,30.272125244140625
*C(=O)c1ccc2c(c1)/C(=N\c1cccc(Oc3cccc(Oc4cccc(/N=C5/OC(=O)c6ccc(*)cc65)c4)c3)c1)OC2=O,190.0,239.18605041503906,30.36421775817871,49.18605041503906
*CC(O*)c1ccco1,12.5,28.881874084472656,75.21424102783203,16.381874084472656
*O[Si](C)(C)O[Si](C)(C)O[Si](C)(C)O[Si](C)(C)O[Si](C)(C)c1ccc(Oc2ccc([Si](*)(C)C)cc2)cc1,-65.0,-79.15309143066406,34.7837028503418,-14.153091430664062
*Oc1ccccc1C(=O)OC(=O)c1ccccc1OC(=O)CCCCC(*)=O,55.0,57.18794250488281,30.009868621826172,2.1879425048828125
*Oc1c(OC)cc(*)cc1OC,174.10000610351562,44.82677459716797,68.04293823242188,-129.27323150634766
*CC(*)(C)C(=O)OCCC[Si](OC)(OC)OC,9.0,-58.07301330566406,64.32357788085938,-67.07301330566406
*Oc1ccc(C2(c3ccc(OC(=O)c4ccc(C(*)=O)cc4)cc3)CCC(C(C)(C)C)CC2)cc1,210.0,195.2081298828125,89.6983413696289,-14.7918701171875
*c1ccc(Oc2ccc(N3C(=O)c4ccc(S(=O)(=O)c5ccc6c(c5)C(=O)N(*)C6=O)cc4C3=O)cc2)cc1,283.5,303.04949951171875,52.209251403808594,19.54949951171875
*c1ccc(Oc2ccc(-c3nc4cc(Oc5ccc6nc(*)c(-c7ccccc7)nc6c5)ccc4nc3-c3ccccc3)cc2)cc1,243.0,262.395751953125,56.738868713378906,19.395751953125
*Oc1c(Br)cc(C(C)(C)c2cc(Br)c(OC(=O)c3ccc(OCCCCCCCCCCOc4ccc(C(*)=O)cc4)cc3)c(Br)c2)cc1Br,128.0,138.48373413085938,45.32773208618164,10.483734130859375
*OC(=O)C(C)NC(=O)CCCCCC(=O)NC(C)C(=O)OC1COC2C(*)COC12,45.0,47.30827331542969,40.78868865966797,2.3082733154296875
*CCCCC(=O)Oc1ccc(OC(=O)c2ccc3c(c2)C(=O)N(*)C3=O)c(C)c1,75.76000213623047,70.83270263671875,31.220544815063477,-4.927299499511719
*CCCCCCCNC(=O)CCCCCC(=O)N*,55.0,50.69470977783203,28.597917556762695,-4.305290222167969
*c1ccc(/C=C(\c2ccc(OC)cc2)c2ccc(/C(=C/c3ccc(N(*)c4ccccc4)cc3)c3ccc(OC)cc3)cc2)cc1,197.0,190.13853454589844,62.91879653930664,-6.8614654541015625
*Oc1ccc(OC(=O)c2ccc(C(*)=O)cc2)cc1,267.0,156.0447235107422,58.06095504760742,-110.95527648925781
*CC(CC)(CC)CS*,-36.25,-65.12344360351562,35.42972946166992,-28.873443603515625
*c1ccc2c(c1)C(=O)N(c1cc(C(c3ccc(OC(=O)C45CC6CC(CC(C6)C4)C5)c(N4C(=O)c5ccc(C(*)(C(F)(F)F)C(F)(F)F)cc5C4=O)c3)(C(F)(F)F)C(F)(F)F)ccc1OC(=O)C13CC4CC(CC(C4)C1)C3)C2=O,305.0,242.06442260742188,51.36126708984375,-62.935577392578125
*C1C(=O)N(CCOc2ccc(-c3ccc(C#N)cc3)cc2)C(=O)C1*,150.0,277.017333984375,78.06307983398438,127.017333984375
*Oc1cc2ccccc2cc1OC(=O)c1ccc(Oc2ccc(C(*)=O)cc2)cc1,148.0,156.01832580566406,35.55187225341797,8.018325805664062
*c1ccc(Oc2ccc(N3C(=O)c4ccc(Oc5cc6ccccc6cc5Oc5ccc6c(c5)C(=O)N(*)C6=O)cc4C3=O)cc2)cc1,220.5,235.22174072265625,27.84184455871582,14.72174072265625
*CCCCCC(=O)Oc1ccc(-c2ccc(OC(=O)c3ccc4c(c3)C(=O)N(*)C4=O)cc2)cc1,118.0,154.90609741210938,72.71102142333984,36.906097412109375
*O[Si](C)(C)c1ccc2ccc3c([Si](*)(C)C)ccc4ccc1c2c43,65.0,92.65373229980469,70.82294464111328,27.653732299804688
*Oc1c(-c2ccccc2)cc(Cc2cc(-c3ccccc3)c(OC(=O)CCCCCC(*)=O)c(-c3ccccc3)c2)cc1-c1ccccc1,111.0,154.5098419189453,45.78978729248047,43.50984191894531
*CCN(CCOC(=O)NCC1(C)CC(NC(=O)O*)CC(C)(C)C1)c1ccc(/N=N/c2ccc(B(c3c(C)cc(C)cc3C)c3c(C)cc(C)cc3C)cc2)cc1,146.0,106.78204345703125,54.708377838134766,-39.21795654296875
*NC(CCC(=O)Nc1ccc(N(c2ccccc2)c2ccccc2)cc1)C(*)=O,132.0,204.04714965820312,85.08949279785156,72.04714965820312
*c1ccc2c(c1)C(=O)N(c1ccc(N3C(=O)c4ccc(-c5c(-c6ccccc6)c(-c6ccccc6)c(-c6ccc(Sc7ccc(-c8c(-c9ccccc9)c(-c9ccccc9)c(*)c(-c9ccccc9)c8-c8ccccc8)cc7)cc6)c(-c6ccccc6)c5-c5ccccc5)cc4C3=O)cc1)C2=O,344.0,327.7068176269531,44.8022346496582,-16.293182373046875
*/C=C/C1CC(*)C(C#N)([Si](C)(C)[Si](C)(C)C)C1,120.0,59.238990783691406,74.9460220336914,-60.761009216308594
*Nc1ccc(C(c2ccc(NC(=O)c3ccc(C(*)=O)cc3)cc2)(C(F)(F)F)C(F)(F)F)cc1,290.0,311.41656494140625,62.684146881103516,21.41656494140625
*CC(C)(C)CO*,-50.0,-63.48384094238281,34.04695129394531,-13.483840942382812
*Oc1ccc(NC(=O)c2ccc(-c3ccc(C(=O)Nc4ccc(Oc5ccc(C(C)(C)c6ccc(*)cc6)cc5)cc4)c(C)c3)cc2C)cc1,230.0,262.9044189453125,71.66043090820312,32.9044189453125
*c1ccc(Oc2ccc(-n3c(=O)c4c(Oc5ccc(OCCCCCCCC)cc5)c5c(=O)n(*)c(=O)c5c(Oc5ccc(OCCCCCCCC)cc5)c4c3=O)cc2)cc1,234.5,125.58297729492188,58.792076110839844,-108.91702270507812
*CC(*)n1ccc2ccccc21,19.0,90.61981201171875,46.93968963623047,71.61981201171875
*C1=C(c2ccc(-c3ccc4c(c3)C(CCCCCC)(CCCCCC)c3cc(-c5ccc(*)cc5)ccc3-4)cc2)C(=O)N(CCCCCCCCCCCC)C1=O,100.0,84.12960815429688,64.75262451171875,-15.870391845703125
*c1ccc(Oc2ccc(C(=O)c3ccc(Oc4ccc(-c5c6c(c(*)c7ccccc57)C(=O)N(c5cccc(C(F)(F)F)c5)C6=O)cc4)cc3)cc2)cc1,252.0,272.1092224121094,38.333839416503906,20.109222412109375
*CCOc1ccc(S(=O)(=O)c2ccc(OCCOP(=O)(O*)Oc3ccc([N+](=O)[O-])cc3)cc2)cc1,56.0,67.84603118896484,43.592803955078125,11.846031188964844
*CCCCN1C(=O)c2ccc(C(c3ccc4c(c3)C(=O)N(*)C4=O)(C(F)(F)F)C(F)(F)F)cc2C1=O,190.0,251.77951049804688,73.74148559570312,61.779510498046875
*c1ccc(-c2ccc(N(c3ccc(OC)cc3)c3ccc4ccc(N(*)c5ccc(OC)cc5)cc4c3)cc2)cc1,232.0,217.21127319335938,57.581520080566406,-14.788726806640625
*CCCCCCCCCCCCCCCCOC(=O)Nc1ccc(Cc2ccc(NC(=O)O*)cc2)cc1,40.0,87.7215576171875,90.47099304199219,47.7215576171875
*CCCCOC(=O)CCC(=O)O*,-32.0,24.16504669189453,82.16097259521484,56.16504669189453
*CC(*)c1ccc(COCCCCO)cc1,20.0,81.07159423828125,77.46072387695312,61.07159423828125
*CC(*)(C)C(=O)OCCCCCCCCCCOc1ccc(/N=N/c2ccccc2)cc1,56.0,70.10221862792969,61.55839538574219,14.102218627929688
*C(=O)c1ccc(Oc2ccc(-c3ccc(Oc4ccc(C(=O)c5ccc6c(c5)C(=O)N(c5ccc(Cc7ccc(N8C(=O)c9ccc(*)cc9C8=O)cc7)cc5)C6=O)cc4)cc3)cc2)cc1,241.0,246.47915649414062,45.77574157714844,5.479156494140625
*Oc1ccc(C(c2ccc(OC(*)=O)cc2)C2C3CCC(C3)C2c2ccccc2)cc1,196.0,148.17654418945312,66.20635223388672,-47.823455810546875
*Nc1ccc(CCNC(=O)CCCCC(*)=O)cc1,115.0,129.39889526367188,53.741981506347656,14.398895263671875
*CCCCCOC(=O)NNC(=O)CCCCCCCCC(=O)NNC(=O)O*,20.0,41.67771911621094,40.55352020263672,21.677719116210938
*CCOCCOC(=O)CCCCCCCC(=O)O*,-71.0,-28.366912841796875,61.09965515136719,42.633087158203125
*O[Si](*)(C)CCCOc1ccc(N(c2ccc(C)cc2)c2ccc(-c3ccc(N(c4ccccc4)c4ccc(C)cc4)cc3)cc2)cc1,102.0,156.79837036132812,88.04412078857422,54.798370361328125
*c1ccc2c(c1)C(=O)N(c1cc(C)c(-c3c(C)cc(N4C(=O)c5ccc(C(*)(C(F)(F)F)C(F)(F)F)cc5C4=O)cc3C)c(C)c1)C2=O,346.0,251.78326416015625,77.10887145996094,-94.21673583984375
*CCCCCCCCC(c1ccc(O)cc1)C(*)c1ccc(O)cc1C,-12.0,35.249107360839844,62.30704879760742,47.249107360839844
*OC(=O)c1cccc(C(*)=O)c1,130.0,150.18666076660156,44.96915817260742,20.186660766601562
*c1ccc(NC(=O)Cc2ccc(-c3sc(-c4ccc(CC(=O)Nc5ccc(-c6sc(*)c(-c7ccccc7)c6-c6ccccc6)cc5)cc4)c(-c4ccccc4)c3-c3ccccc3)cc2)cc1,273.0,198.0590362548828,54.77779769897461,-74.94096374511719
*c1ccc(Oc2ccc(-n3c(=O)c4cc5c(=O)n(-c6ccc(Oc7ccc(-c8nc9cc%10sc(*)nc%10cc9s8)cc7)cc6)c(=O)c5cc4c3=O)cc2)cc1,400.0,325.1724853515625,50.7818489074707,-74.8275146484375
*CCCC(C)O[Si](C)(C)O*,-81.0,-97.77200317382812,49.330238342285156,-16.772003173828125
*CC(*)(C)C(=O)OCCC[Si](O[Si](C)(C)C)(O[Si](C)(C)C)O[Si](C)(C)C,72.3499984741211,-98.15345764160156,48.142154693603516,-170.50345611572266
*Nc1ccc(NC(=O)c2ccc(NC(=O)CCCCCCCCCCCCC(=O)Nc3ccc(C(*)=O)cc3)cc2)cc1C(=O)OCCCCCCCCCCCC,199.5,187.70504760742188,66.95557403564453,-11.794952392578125
*CCN(CCOC(=O)c1ccc(C(=O)O*)c(OCCC)c1)c1ccc(-c2nc3ccc([N+](=O)[O-])cc3o2)cc1,119.0,113.98448181152344,38.42070770263672,-5.0155181884765625
*c1ccc2c(c1)C(=O)N(c1cccc(Oc3cccc(N4C(=O)c5ccc(C(F)(F)C(F)(F)C(*)(F)F)cc5C4=O)c3)c1)C2=O,312.0,289.3780517578125,58.27602767944336,-22.6219482421875
*CC(CCCCCCOc1ccc(/N=N/c2ccc(Cl)cc2)cc1)COC(=O)CCCCC(=O)O*,9.0,35.32703399658203,42.633602142333984,26.32703399658203
*/C=C/c1ccc(*)cc1,240.0,246.8517608642578,96.21285247802734,6.8517608642578125
*CC(*)c1ccccc1COCCCC,67.0,39.942176818847656,50.21358108520508,-27.057823181152344
*c1ccc(Oc2ccc(-c3nc4ccc(-c5ccc6nc(*)c(-c7ccccc7)c(-c7ccccc7)c6c5)cc4c(-c4ccccc4)c3-c3ccccc3)cc2)cc1,300.0,322.14794921875,47.09275817871094,22.14794921875
*CCCCCCCCCNC(=O)N*,130.0,57.075355529785156,32.725555419921875,-72.92464447021484
*CC(COc1ccc(-c2ccc(C#N)cc2)cc1)O*,94.1500015258789,141.56808471679688,64.63542938232422,47.41808319091797
*c1ccc(-c2ccc(N3C(=O)c4ccc(Oc5ccc6c(c5)C(=O)N(*)C6=O)cc4C3=O)cc2)cc1,286.0,308.10260009765625,46.09919357299805,22.10260009765625
*CCCCCCOC(=O)OCCCCCOC(=O)OCCCCCCOc1ccc(Oc2ccc(O*)cc2)cc1,-11.0,-4.85760498046875,26.775819778442383,6.14239501953125
*Oc1ccc(-c2ccc(OC(=O)c3cc(OCCCc4ccccc4)c(C(*)=O)cc3OCCCc3ccccc3)cc2)cc1,72.0,162.4428253173828,67.79502868652344,90.44282531738281
*CC(OCCCC)C1(C)C(=O)OC(=O)C1(*)C,197.0,3.994964599609375,72.72396087646484,-193.00503540039062
*Oc1ccc(C2(c3ccc(OC(*)=O)cc3)CCCCC2)cc1,175.0,132.99569702148438,71.08160400390625,-42.004302978515625
*Oc1ccc(C(c2ccc(OC(*)=O)cc2)C2C3CCC(C3)C2C)cc1,232.0,176.1529541015625,82.1654281616211,-55.8470458984375
*Nc1ccc(-c2ccc(NC(=O)c3ccc(NC(=O)c4ccc([Si](C)(C)c5ccc(C(=O)Nc6ccc(C(*)=O)cc6)cc5)cc4)cc3)cc2)cc1,320.0,306.7402038574219,58.77754211425781,-13.259796142578125
*Oc1ccc(N(CC)c2ccc(/C=C(\C#N)C(=O)NC3CCCCC3NC(=O)/C(C#N)=C/c3ccc(N(CC)c4ccc(*)cc4)cc3)cc2)cc1,235.0,185.77972412109375,83.90815734863281,-49.22027587890625
*OC1C(COCO)OC(*)C(O)C1O,208.0,41.254844665527344,109.73563385009766,-166.74515533447266
*CC(*)(C)C(=O)OC(COc1cccc2ccccc12)COc1cccc2ccccc12,80.0,110.80581665039062,83.96202850341797,30.805816650390625
*CCCCCCOc1ccc(OC(=O)c2ccc(C(=O)Oc3ccc(O*)cc3)cc2)cc1,53.0,66.59317016601562,38.20282745361328,13.593170166015625
*CC(*)(F)C(=O)OCC(F)(F)C(F)(F)F,99.0,58.60582733154297,49.2243766784668,-40.39417266845703
*C(=O)c1ccc(Oc2ccc(-c3ccc(Oc4ccc(C(=O)c5ccc6c(c5)C(=O)N(c5ccc(N7C(=O)c8ccc(*)cc8C7=O)cc5)C6=O)cc4)cc3)cc2)cc1,229.0,216.17710876464844,23.35019302368164,-12.822891235351562
*OP(=O)(Oc1ccc(NC(=O)Oc2ccc(-c3ccc(OC(=O)Nc4ccc(*)cc4)cc3)cc2)cc1)c1ccccc1,34.0,125.22087097167969,57.445457458496094,91.22087097167969
*c1cccc(N2C(=O)c3cccc(Oc4c(C)cc(-c5cc(C)c(Oc6cccc7c6C(=O)N(*)C7=O)c(C)c5)cc4C)c3C2=O)c1,311.0,224.93670654296875,59.11253356933594,-86.06329345703125
*C(=O)Oc1ccc(OC(=O)c2ccc3c(c2)C(=O)N(c2ccc(Oc4ccc(N5C(=O)c6ccc(*)cc6C5=O)cc4)cc2)C3=O)c(-c2ccccc2)c1,212.0,226.71363830566406,27.16330337524414,14.713638305664062
*CC(O)COc1c(C)cc(S(=O)(=O)c2cc(C)c(O*)c(C)c2)cc1C,152.5,88.49117279052734,45.81837463378906,-64.00882720947266
*CC(*)C(=O)OC1CCCCC1,25.0,81.76416015625,74.33285522460938,56.76416015625
*c1ccc(C(Cl)(Cl)C(*)Cl)cc1,160.0,151.73629760742188,47.29777145385742,-8.263702392578125
*c1ccc(-c2nc3cc(C(=O)c4ccc5nc(-c6ccccc6)c(-c6ccc(-n7c(=O)c8cc9c(=O)n(*)c(=O)c9cc8c7=O)cc6)nc5c4)ccc3nc2-c2ccccc2)cc1,240.0,266.5299072265625,34.345619201660156,26.5299072265625
*CC(*)(C)C(=O)OCc1ccc2c(c1)c1ccccc1n2CCCCCCCCCCCCCC,26.0,34.5965576171875,30.261640548706055,8.5965576171875
*CC(*)(C)C(=O)OCCOC,24.0,-41.214752197265625,55.444671630859375,-65.21475219726562
*Cc1ccccc1C[Si](*)(C)C,75.0,17.01105499267578,53.114620208740234,-57.98894500732422
*c1ccc2c(c1)C(=O)N(c1ccc(-c3ccc(N4C(=O)c5ccc(C(*)(C(F)(F)F)C(F)(F)F)cc5C4=O)c(O)c3)cc1O)C2=O,358.0,276.32257080078125,53.65622329711914,-81.67742919921875
*C([2H])([2H])C(*)([2H])C([2H])=C([2H])[2H],1.0,-29.854690551757812,51.72335433959961,-30.854690551757812
*CCCCCCOC(=O)Nc1ccc(Cc2ccc(NC(=O)O*)cc2)cc1,71.0,88.03665161132812,49.88241958618164,17.036651611328125
*/C(=C(/*)c1ccc(CCCC)cc1)c1ccccc1,200.0,189.20590209960938,85.05591583251953,-10.794097900390625
*c1cc(C(=O)OCC(F)(F)C(F)(F)C(F)(F)F)c(*)s1,129.0,131.44985961914062,61.727108001708984,2.449859619140625
*c1ccc(C(=O)NNC(=O)c2ccc(C(=O)NNC(=O)c3ccc(C4(*)OC(=O)c5ccccc54)cc3)cc2)cc1,237.0,226.322998046875,49.62920379638672,-10.677001953125
*Oc1ccc(/N=C/C=N/c2ccc(OC(=O)NC3CC(C)(C)CC(C)(CNC(*)=O)C3)cc2)cc1,62.0,99.30032348632812,54.176883697509766,37.300323486328125
*c1ccc(Oc2ccc(-c3ccc(Oc4ccc(N5C(=O)c6ccc(Oc7cc8ccccc8cc7Oc7ccc8c(c7)C(=O)N(*)C8=O)cc6C5=O)cc4)cc3)cc2)cc1,222.5,223.499755859375,24.41446876525879,0.999755859375
*Oc1ccc(-c2ccc(Oc3ccc(C(=O)c4ccc(C(=O)c5ccc(*)cc5)cc4)cc3)cc2)cc1,173.0,176.2874755859375,49.21695327758789,3.2874755859375
*Oc1ccc(Oc2c(F)c(F)c(-c3c(F)c(F)c(*)c(F)c3F)c(F)c2F)cc1S(=O)(=O)O,120.0,142.02157592773438,48.219608306884766,22.021575927734375
*Oc1ccc(C2(c3ccc(OC(=O)c4ccc(C(*)=O)cc4)cc3)c3ccccc3Cc3ccccc32)cc1,342.0,174.83306884765625,45.68401336669922,-167.16693115234375
*c1ccc(-c2ccc(-c3cnc4cc(-c5ccc6nc(*)cnc6c5)ccc4n3)cc2)cc1,345.5,361.5509033203125,55.98966979980469,16.0509033203125
*CCCCOc1ccc(C(=O)OC(=O)c2ccc(O*)cc2)cc1,45.0,52.37079620361328,23.494972229003906,7.370796203613281
*CC(*)(F)C(=O)OCCC(F)(F)C(F)(F)C(F)(F)C(F)(F)F,6.0,-3.0752716064453125,33.0706672668457,-9.075271606445312
*CC1CCC(COP(=O)(/N=N/c2ccc(C(=O)c3ccc(/N=N/P(=O)(O*)OC)cc3)cc2)OC)CC1,52.0,47.24053192138672,24.26766586303711,-4.759468078613281
*Oc1ccc(C2(c3ccc(OC(=O)OC4C(C)(C)C(OC(*)=O)C4(C)C)cc3)CCC(C(C)(C)C)CC2)cc1,172.0,48.695579528808594,37.35319519042969,-123.3044204711914
*CC(*)(C)C(=O)OCCCCl,50.0,47.73115539550781,38.30750274658203,-2.2688446044921875
*CCCCCCOP(=O)(/N=N/c1ccc(C(=O)c2ccc(/N=N/P(=O)(O*)OC)cc2)cc1)OC,31.0,40.51731872558594,25.546205520629883,9.517318725585938
*c1ccc(Sc2ccc(-n3c(=O)c4cc5c(=O)n(*)c(=O)c5cc4c3=O)cc2)cc1,400.0,345.70159912109375,53.52425003051758,-54.29840087890625
*CC(*)CN,190.0,65.13665771484375,88.87300872802734,-124.86334228515625
*CC(c1ccccc1)C1C(=O)NC(=O)C1*,246.0,149.40518188476562,74.28881072998047,-96.59481811523438
*Oc1ccc(S(=O)(=O)c2ccc(Oc3ccc(C(C)(C)c4ccc(OCCCCOc5ccc(C(C)(C)c6ccc(*)cc6)cc5)cc4)cc3)cc2)cc1,140.0,190.95956420898438,70.89767456054688,50.959564208984375
*CC(*)(C)C(=O)OCCC(C)CC(C)(C)C,1.0,-7.021575927734375,55.47978210449219,-8.021575927734375
*c1nc(C)nc(N(CCCCN(*)c2ccccc2)c2ccccc2)n1,85.0,122.20784759521484,60.39647674560547,37.207847595214844
*c1ccc(*)c(C(=O)c2ccc(C)cc2)c1,202.0,228.36090087890625,57.23493194580078,26.36090087890625
*Oc1ccc(OC(=O)c2ccc(C(*)=O)cc2)cc1C1CC2CCC1C2,267.0,100.82362365722656,51.02996826171875,-166.17637634277344
*c1ccc(Oc2ccc(-c3ccc(Oc4ccc(-c5nnc(*)c6c(-c7ccc(F)cc7)c(-c7ccc(F)cc7)c(-c7ccc(F)cc7)c(-c7ccc(F)cc7)c56)cc4)cc3)cc2)cc1,320.0,311.83709716796875,46.936283111572266,-8.16290283203125
*Nc1ccc(Cc2ccc(NC(=O)c3cc(C(*)=O)cc(N4C(=O)C5C6CCC(C6)C5C4=O)c3)cc2)cc1,293.0,238.0504913330078,83.35966491699219,-54.94950866699219
*c1ccc(Oc2ccc(Oc3ccc(Oc4ccc(-c5nc(*)nc(-c6ccccc6)n5)cc4)cc3)cc2)cc1,203.0,231.5247039794922,66.08393859863281,28.524703979492188
*CCOC(=O)/C=C/C(=O)NCCCCCCNC(=O)/C=C/C(=O)O*,89.0,59.63904571533203,43.78276062011719,-29.36095428466797
*ON(C(F)(F)F)C(F)(F)C(*)(F)F,-46.0,-46.363922119140625,27.238161087036133,-0.363922119140625
*CCN(CCOC(=O)c1ccc(C(=O)O*)c(OCCC)c1)c1ccc(/N=N/c2ccc(-c3nc4ccccc4o3)cc2)cc1,117.0,155.93936157226562,43.37367248535156,38.939361572265625
*C(=O)Nc1ccc(Oc2ccc(NC(=O)c3ccc4c(c3)C(=O)N(c3ccc(Oc5ccc(C6(c7ccc(Oc8ccc(N9C(=O)c%10ccc(*)cc%10C9=O)cc8)cc7)CC7CC6C6CCCC76)cc5)cc3)C4=O)cc2)cc1,250.0,223.65928649902344,48.97092819213867,-26.340713500976562
*c1ccc(Oc2ccc(NC(=O)c3cc(C(=O)Nc4ccc(Oc5ccc(-c6nnc(*)o6)cc5)cc4)cc(N4C(=O)c5ccccc5C4=O)c3)cc2)cc1,285.0,256.09442138671875,34.535743713378906,-28.90557861328125
*c1ccc(-c2ccc(-c3ccc4nc(Oc5cc(-c6ccccc6)c6cc(*)ccc6n5)cc(-c5ccccc5)c4c3)cc2)cc1,308.0,317.51373291015625,47.88685607910156,9.51373291015625
*N=P(*)(Cl)Oc1ccc(C)cc1,-5.0,5.1877593994140625,47.42677307128906,10.187759399414062
*CNC(=O)OCC(OC(=O)NCc1ccc(C(C)(C)c2ccc(*)o2)o1)c1ccco1,20.0,62.32592010498047,34.34066390991211,42.32592010498047
*CC(*)OC(=O)c1ccc(C(C)(C)C)cc1,121.0,68.35712432861328,41.444007873535156,-52.64287567138672
*c1ccc(C2(c3ccc(-c4cc(-c5ccccc5)c5cc(C6(c7ccc8nc(*)cc(-c9ccccc9)c8c7)c7ccccc7-c7ccccc76)ccc5n4)cc3)c3ccccc3-c3ccccc32)cc1,390.0,388.78948974609375,62.922515869140625,-1.21051025390625
*C(=O)c1ccc(Oc2ccc(Oc3ccc(C(=O)c4ccc5c(c4)C(=O)N(c4ccc(N6C(=O)c7ccc(*)cc7C6=O)cc4)C5=O)cc3)cc2)cc1,236.0,230.13609313964844,25.934314727783203,-5.8639068603515625
*CCOC(=O)Nc1ccc(CCCCc2ccc(NC(=O)O*)cc2)cc1,105.69999694824219,109.64116668701172,43.92490005493164,3.9411697387695312
*CC(*)C(=O)c1ccc(Br)c(OC)c1,44.0,44.218605041503906,33.982940673828125,0.21860504150390625
*c1ccc2c(c1)C(CCCCCCCC)(CCCCCCCC)c1cc(-c3c(F)c(F)c(*)c(F)c3F)ccc1-2,29.0,77.73828125,60.88721466064453,48.73828125
*CC(*)(C)C(=O)OCCCCCCOc1ccc(/N=N/c2ccc(OC)cc2)cc1,91.0,84.3331069946289,53.753265380859375,-6.666893005371094
*CC(*)(CC(=O)OC1CCCCCC1)C(=O)OC1CCCCCC1,105.0,46.46483612060547,66.27392578125,-58.53516387939453
*CCCCCCOC(=O)OCCCCCCCCCCCCOC(=O)OCCCCCCOc1ccc(C(=O)c2ccc(O*)cc2)cc1,-8.0,-19.947509765625,36.171653747558594,-11.947509765625
*C(=O)Nc1ccc(Oc2cccc(NC(=O)c3ccc4c(c3)C(=O)N(c3ccc(-c5sc(-c6ccc(N7C(=O)c8ccc(*)cc8C7=O)cc6)c(-c6ccccc6)c5-c5ccccc5)cc3)C4=O)c2)cc1,315.0,307.42584228515625,46.12614059448242,-7.57415771484375
*Oc1ccc(CC(NC(=O)CCc2ccc(OC(=O)COCC(*)=O)cc2)C(=O)OCCOCCOCC)cc1,27.0,40.314292907714844,14.963031768798828,13.314292907714844
*OP(=O)(Oc1ccc(NC(=O)OCCCCCCOC(=O)Nc2ccc(*)cc2)cc1)c1ccccc1,-3.0,48.111427307128906,19.920883178710938,51.111427307128906
*c1ccc(-c2ccc(-c3ccc(-c4ccc(*)n4CCCCCCCCCCCC)s3)s2)s1,52.0,63.793304443359375,45.90261459350586,11.793304443359375
*OP(=O)(Oc1ccc(*)cc1)OC1CCCCC1,108.0,79.0624771118164,66.79193878173828,-28.937522888183594
*c1ccc(Cc2ccc(N3C(=O)c4ccc(Oc5ccc(Oc6ccc7c(c6)C(=O)N(*)C7=O)cc5)cc4C3=O)c(C)c2C)c(C)c1C,277.0,257.4327087402344,60.271270751953125,-19.567291259765625
*c1ccc(Oc2ccc(Oc3ccc(N4C(=O)c5cccc(Oc6c(C)cc(Cc7cc(C)c(Oc8cccc9c8C(=O)N(*)C9=O)c(C)c7)cc6C)c5C4=O)c(C)c3)cc2)cc1C,238.0,255.18319702148438,53.39112091064453,17.183197021484375
*C(=O)c1ccc2c(c1)C(=O)N(c1ccc(C(=O)c3ccc(N4C(=O)c5ccc(*)cc5C4=O)cc3)cc1)C2=O,294.0,297.30419921875,46.83018112182617,3.30419921875
*c1ccc(Oc2ccc(P(=O)(c3ccccc3)c3ccc(Oc4ccc(-c5cc(*)[nH]n5)cc4)cc3)cc2)cc1,296.0,268.3035888671875,64.54381561279297,-27.6964111328125
*c1ccc(Oc2ccc(C(=O)c3ccc(-c4ccc(C(=O)c5ccc(Oc6ccc(-c7nc(-c8ccccc8)[nH]c7*)cc6)cc5)cc4)cc3)cc2)cc1,258.0,266.8731384277344,48.668331146240234,8.873138427734375
*Nc1cccc(NC(=O)c2ccc(C(*)=O)cc2)c1,238.0,263.6878967285156,70.32843780517578,25.687896728515625
*C(=O)Nc1cc(NC(=O)c2ccc3[nH]c(-c4cc(-c5nc6cc(*)ccc6[nH]5)cc(N5C(=O)c6ccccc6C5=O)c4)nc3c2)cc(-c2nc3ccccc3[nH]2)c1,334.0,276.04132080078125,49.01774978637695,-57.95867919921875
*c1ccc2oc(-c3cccc(-c4nc5cc(C(*)(C(F)(F)F)C(F)(F)F)ccc5o4)c3)nc2c1,301.0,329.1676025390625,66.54338073730469,28.1676025390625
*N=P(*)(OCC(COCCOCCOC)OCCOCCOC)OCC(COCCOCCOC)OCCOCCOC,-81.0,-86.74259948730469,42.775230407714844,-5.7425994873046875
*OP(=O)(Oc1ccc(C(C)(C)c2ccc(*)cc2)cc1)Oc1c(Cl)c(Cl)c(Cl)c(Cl)c1Cl,130.0,142.7653350830078,34.312461853027344,12.765335083007812
*CCCCCCCn1c2ccccc2c2cc(/C=C(\C#N)C(=O)OCCCCCCOC(=O)/C(C#N)=C/c3ccc4c(c3)c3ccccc3n4*)ccc21,107.80000305175781,169.28793334960938,71.50482940673828,61.48793029785156
*CCCOC(=O)CCC(=O)O*,-34.70000076293945,56.8516845703125,94.83271789550781,91.55168533325195
*CC(OCCCC)C(C)(C(=O)OC)C(*)(C)C(=O)OC,97.5,-23.068222045898438,73.7944564819336,-120.56822204589844
*c1ccc([Si](CCCC)(CCCC)[Si](*)(CCCC)CCCC)s1,-53.0,-59.432403564453125,50.83663558959961,-6.432403564453125
*OCCCCOC1COC2C(OC(=O)CCCCC(=O)OC3COC4C(*)COC34)COC12,114.0,11.362533569335938,44.92393493652344,-102.63746643066406
*CCC(=O)Nc1ccc(Oc2cccc(NC(=O)CCN3C(=O)c4ccc(C(=O)c5ccc6c(c5)C(=O)N(*)C6=O)cc4C3=O)c2)cc1,224.0,222.22959899902344,55.69248580932617,-1.7704010009765625
*CC(*)c1ccccc1COCCCCCCCC,13.0,-14.061264038085938,35.59324645996094,-27.061264038085938
*C(=O)Nc1ccc(Oc2ccc(C(C)(C)c3ccc(Oc4ccc(NC(=O)c5ccc6c(c5)C(=O)N(c5ccc(Oc7ccc8ccc(Oc9ccc(N%10C(=O)c%11ccc(*)cc%11C%10=O)cc9)cc8c7)cc5)C6=O)cc4)cc3)cc2)cc1,250.0,244.71923828125,35.252952575683594,-5.28076171875
*CC(C)(CCC)COC(=O)c1ccc(-c2ccc(C(=O)O*)cc2)cc1,95.0,53.98723602294922,53.56232833862305,-41.01276397705078
*c1cccc(OCCCCCCCCCCCCOc2cccc(N3C(=O)c4ccc(-c5ccc6c(c5)C(=O)N(*)C6=O)cc4C3=O)c2)c1,116.0,158.3384552001953,89.48661804199219,42.33845520019531
*CCOCCOC(=O)CCC(=O)O*,-38.20000076293945,-21.369277954101562,69.4091567993164,16.83072280883789
*Oc1ccc(CC(NC(=O)Cc2ccc(OC(=O)COCCOCC(*)=O)cc2)C(=O)OCCCCCC)cc1,31.0,34.41828918457031,17.20430564880371,3.4182891845703125
*CC(*)C(=O)Oc1ccccc1Cl,318.0,91.80570220947266,76.33370208740234,-226.19429779052734
*CC(C)(C)COC(=O)O*,25.0,4.4546356201171875,56.661170959472656,-20.545364379882812
*CC(O)COc1ccc(C(C)(C)c2ccc(OCC(O)COc3ccc(C(=O)Nc4ccc(O*)cc4)cc3)cc2)cc1,127.0,95.35655212402344,37.48350143432617,-31.643447875976562
*C(=O)c1cc2c(cc1Cl)C(=O)N(c1cc(N3C(=O)c4cc(*)c(Cl)cc4C3=O)cc(C(C)(C)C)c1)C2=O,290.0,283.2311096191406,54.274417877197266,-6.768890380859375
*CC(CSCCC)O*,-61.0,-65.91195678710938,49.41617965698242,-4.911956787109375
*Oc1ccc(-c2ccc(Oc3ccc(-c4ccc(-c5ccc(*)c(C(F)(F)F)c5)cc4)cc3C(F)(F)F)cc2)cc1,203.5,192.6865234375,36.343780517578125,-10.8134765625
*Oc1ccc(Nc2ccc(S(=O)(=O)c3ccc(Nc4ccc(Oc5ccc(C(C)(C)c6ccc(*)cc6)cc5)cc4)cc3)cc2)cc1,145.0,269.2877197265625,65.99638366699219,124.2877197265625
*CC(*)(Cl)C(=O)OCCOc1ccc(C(=O)Oc2ccc(OCCCC)cc2)cc1,153.0,116.33670043945312,42.739864349365234,-36.663299560546875
*C(=O)Nc1cccc(NC(=O)c2ccc3c(c2)C(=O)N(c2ccc(Oc4ccc5ccc(Oc6ccc(N7C(=O)c8ccc(*)cc8C7=O)cc6)cc5c4)cc2)C3=O)c1,286.0,256.13702392578125,30.392608642578125,-29.86297607421875
*C(=O)Nc1ccc(Oc2ccc(C(C)(C)c3cccc(C(C)(C)c4ccc(Oc5ccc(N6C(=O)c7ccc(*)cc7C6=O)cc5)cc4)c3)cc2)cc1,177.0,266.9699401855469,69.00675201416016,89.96994018554688
*CCN(CCOC(=O)CCC#CC#CCCC(=O)O*)c1ccc([N+](=O)[O-])cc1,30.0,74.40364837646484,32.979331970214844,44.403648376464844
*CC(*)(C)c1ccccc1,168.0,75.16049194335938,39.224708557128906,-92.83950805664062
*CC(*)(C)C(=O)OCCCCCCOc1ccc(OC(=O)c2ccc(-c3ccc(OC)cc3)cc2)cc1,57.0,55.200592041015625,33.348148345947266,-1.799407958984375
*OC(CCCCCC)CC(*)=O,-47.0,-8.9766845703125,51.527435302734375,38.0233154296875
*c1ccc2c(c1)C(=O)N(c1ccc(Oc3ccccc3Oc3ccc(N4C(=O)c5ccc(C(*)(C(F)(F)F)C(F)(F)F)cc5C4=O)cc3C(F)(F)F)c(C(F)(F)F)c1)C2=O,247.0,259.13665771484375,41.41315841674805,12.13665771484375
*c1ccc(-c2ccc(-c3ccc(-c4ccc(-c5cc(-c6ccccc6)c6cc(-c7ccc8nc(*)cc(-c9ccccc9)c8c7)ccc6n5)cc4)cc3)cc2)cc1,355.0,399.6387939453125,59.34494400024414,44.6387939453125
*c1cccc(P(=O)(c2cccc(N3C(=O)c4ccc(Oc5ccc6c(c5)C(=O)N(*)C6=O)cc4C3=O)c2)c2cc(C(F)(F)F)cc(C(F)(F)F)c2)c1,228.0,258.24298095703125,40.674171447753906,30.24298095703125
*c1ccc2c(c1)C(=O)N(c1ccc(N(c3ccc(/C=C/c4ccc([N+](=O)[O-])cc4)cc3)c3ccc(N4C(=O)c5ccc(C(*)(C(F)(F)F)C(F)(F)F)cc5C4=O)cc3)cc1)C2=O,290.0,336.04705810546875,50.57588195800781,46.04705810546875
*C1C(=O)N(c2ccc(O[Si](C)(C)C(C)(C)C)cc2)C(=O)C1*,169.0,48.152915954589844,59.022796630859375,-120.84708404541016
*c1ccc(Oc2cccc(Oc3ccc(-n4c(=O)c5cc6c(=O)n(*)c(=O)c6cc5c4=O)cc3)c2)cc1,326.0,277.52197265625,44.779052734375,-48.47802734375
*c1ccc(Oc2ccccc2Oc2ccc(N3C(=O)c4ccc(-c5ccc6c(c5)C(=O)N(*)C6=O)cc4C3=O)cc2)cc1,241.0,252.80935668945312,33.26912307739258,11.809356689453125
*Nc1ccc(Cc2ccc(NC(=O)c3cc(NC(=O)C(C(C)CC)N4C(=O)c5ccccc5C4=O)cc(C(*)=O)c3)cc2)cc1,195.0,205.24578857421875,66.1884536743164,10.24578857421875
*Oc1ccc(C2(c3ccc(OC(=O)CCCCCCCCCCC(*)=O)cc3)c3ccccc3-c3ccccc32)cc1,117.0,183.06480407714844,83.1877212524414,66.06480407714844
*c1ccc(-c2ccc(-c3ccc(-c4cc(-c5ccccc5)c5cc(-c6ccc7nc(*)cc(-c8ccccc8)c7c6)ccc5n4)cc3)cc2)cc1,360.0,377.10089111328125,52.46094512939453,17.10089111328125
*CC(*)(C)C(=O)OCCCCCCn1c2ccccc2c2ccccc21,73.0,56.627960205078125,38.714111328125,-16.372039794921875
*CCCCOC(=O)CCCCC(=O)OCCCCOC(=O)c1ccc(C(=O)O*)cc1,-20.0,16.306320190429688,41.36524963378906,36.30632019042969
*Oc1ccc(S(=O)(=O)c2ccc(*)cc2)c2ccccc12,238.0,173.3026580810547,51.99842834472656,-64.69734191894531
*CN1C(=O)c2ccc(C(c3ccc4c(c3)C(=O)N(Cc3nnc(-c5ccc(-c6nnc(*)o6)cc5)o3)C4=O)(C(F)(F)F)C(F)(F)F)cc2C1=O,214.0,194.79930114746094,37.0152587890625,-19.200698852539062
*Nc1cccc(NC(=C(C#N)C#N)c2cccc(C(*)=C(C#N)C#N)c2)c1,278.0,380.33721923828125,64.50553131103516,102.33721923828125
*Oc1ccc(Oc2ccc(C(=O)Nc3ccc(Oc4ccc(-c5ccc(Oc6ccc(NC(=O)c7ccc(*)cc7)cc6)cc5)cc4)cc3)cc2)cc1C,220.0,266.0223388671875,65.03035736083984,46.0223388671875
*CC(CC)(CC)COC(=O)Nc1ccc(C)c(NC(=O)O*)c1,-60.0,56.451255798339844,45.51578140258789,116.45125579833984
*c1ccc2c(c1)C(=O)N(c1c(C)cc(C3(c4cc(C)c(N5C(=O)c6ccc(C(*)(C(F)(F)F)C(F)(F)F)cc6C5=O)c(C(C)C)c4)c4ccccc4-c4ccccc43)cc1C(C)C)C2=O,335.0,294.25250244140625,57.613643646240234,-40.74749755859375
*c1ccc(Oc2ccccc2Oc2ccc(-n3c(=O)c4cc5c(=O)n(*)c(=O)c5cc4c3=O)cc2)cc1,313.0,277.52197265625,44.779052734375,-35.47802734375
*CCCCCCCCCCc1nc2ccc(-c3ccc4nc(*)oc4c3)cc2o1,64.0,122.4236068725586,73.43115234375,58.423606872558594
*Oc1cc(Cl)c(C(C)(C)c2c(Cl)cc(OC(*)=O)cc2Cl)c(Cl)c1,240.0,228.2345733642578,52.203895568847656,-11.765426635742188
*C(=O)c1ccc2c(c1)C(=O)N(c1ccccc1Cc1ccccc1N1C(=O)c3ccc(*)cc3C1=O)C2=O,285.0,292.4319152832031,41.8394889831543,7.431915283203125
*Oc1ccc(C2(c3ccc(OC(=O)c4ccc(Oc5ccc(C6(c7ccc(Oc8ccc(C(*)=O)cc8)cc7)CCC(C(C)(C)C)CC6)cc5)cc4)cc3)CC3CC2C2CCCC32)cc1,181.0,192.48361206054688,59.833919525146484,11.483612060546875
*c1ccc(Oc2ccc(N3C(=O)c4cccc(Oc5cccc(Oc6cccc7c6C(=O)N(*)C7=O)c5)c4C3=O)cc2)cc1,226.0,238.34805297851562,31.407907485961914,12.348052978515625
*CCC[Si](*)(C)C[Si](C)(C)C,-51.0,-68.98187255859375,72.79194641113281,-17.98187255859375
*N=P(Cl)(Cl)N=P(Cl)(Cl)/N=S(/*)Cl,-40.0,-38.4068603515625,33.9706916809082,1.5931396484375
*Oc1ccc(C(=O)c2cccc(NC(=O)c3ccc(C(=O)Nc4cccc(C(=O)c5ccc(*)cc5)c4)cc3)c2)cc1,189.0,227.03762817382812,66.68045043945312,38.037628173828125
*CC(*)(CC)C(=O)OCC,27.0,11.611724853515625,76.7361068725586,-15.388275146484375
*Oc1ccc(Oc2ccc(C(=O)c3ccc(*)cc3)cc2)cc1-c1ccccc1,157.0,166.64035034179688,38.65647888183594,9.640350341796875
*CCN(*)C(=O)c1cc(F)cc(F)c1,106.0,98.50688171386719,17.265361785888672,-7.4931182861328125
*Oc1cc(OC(=O)c2ccc(OCCCCC)cc2)c(OC(=O)CCCC(*)=O)cc1OC(=O)c1ccc(OCCCCC)cc1,44.0,54.277992248535156,19.317380905151367,10.277992248535156
*Oc1ccccc1S(=O)(=O)c1ccc(*)cc1,221.0,183.88108825683594,71.30943298339844,-37.11891174316406
*c1cccc(Oc2cccc(Oc3cccc(N4C(=O)c5c(c(-c6ccccc6)c(-c6ccc(-c7c(-c8ccccc8)c8c(c(-c9ccccc9)c7-c7ccccc7)C(=O)N(*)C8=O)cc6)c(-c6ccccc6)c5-c5ccccc5)C4=O)c3)c2)c1,280.0,288.4868469238281,34.684810638427734,8.486846923828125
*c1cc(C(=O)OCCCCCC)cc(N2C(=O)CC(C3Cc4ccccc4C4C(=O)N(*)C(=O)C43)C2=O)c1,187.0,134.94114685058594,45.26955795288086,-52.05885314941406
*CCCCCCCCCCCCNC(=O)CCP(C)(=O)CCC(=O)N*,44.0,19.453025817871094,37.307960510253906,-24.546974182128906
*CC(*)(CC(=O)OCCCC)C(=O)OCCCC,24.0,9.061569213867188,78.7374496459961,-14.938430786132812
*CC(OCC)C1C(=O)OC(=O)C1*,146.0,81.62709045410156,81.42375946044922,-64.37290954589844
*Nc1cccc(NC(=O)Cc2cc(C)c(CC(*)=O)cc2C)c1,249.0,145.31658935546875,68.69983673095703,-103.68341064453125
*c1ccc(-c2ccc(-c3cc(-c4ccccc4)c4cc(-c5ccc6nc(*)cc(-c7ccccc7)c6c5)ccc4n3)cc2)cc1,360.0,373.848876953125,54.572303771972656,13.848876953125
*CC(*)C(=O)OCCN(CC)c1ccc(/N=N/c2ccc([N+](=O)[O-])cc2)cc1,102.0,114.94020080566406,42.451316833496094,12.940200805664062
*CC(*)(C)C(=O)OCCCCCCCCCCOc1ccc(OC(=O)c2ccc(OCCCC)cc2)cc1,31.0,11.344635009765625,52.48687744140625,-19.655364990234375
*c1ccc(Oc2ccc(C(=O)c3ccc(C(=O)c4ccc(Oc5ccc(-c6nc(-c7cccc(-c8nc(*)c(-c9ccccc9)[nH]8)c7)[nH]c6-c6ccccc6)cc5)cc4)cc3)cc2)cc1,262.0,257.68634033203125,51.24724197387695,-4.31365966796875
*CCOCCOc1ccc(N/C=N/c2ccc(O*)cc2)cc1,62.0,118.75711059570312,51.979393005371094,56.757110595703125
*CCN(*)C(=O)c1cccc(F)c1F,110.0,98.50688171386719,17.265361785888672,-11.493118286132812
*Oc1c(C(C)C)cc(*)cc1C(C)C,152.39999389648438,71.64604949951172,61.8731575012207,-80.75394439697266
*CC(F)(F)C(F)(F)C(F)(F)COC(=O)c1cccc(-c2cccc(C(=O)O*)c2)c1,45.0,30.185791015625,29.20688819885254,-14.814208984375
*Oc1ccc(C(=O)c2cccc(C(=O)c3ccc(Oc4ccc(Cc5ccc(*)cc5)cc4)cc3)c2)cc1,145.0,163.73025512695312,45.71400833129883,18.730255126953125
*CC(*)C(=O)OCCOCC1(CC)COC1,-16.0,-25.256317138671875,74.61042785644531,-9.256317138671875
*c1ccccc1CCc1ccc(N2C(=O)C(=O)N(c3ccc(C)c(N4C(=O)C(=O)N(*)C4=O)c3)C2=O)cc1,255.0,268.3318176269531,80.70498657226562,13.331817626953125
*c1ccc(Oc2ccc3ccc(Oc4ccc(-c5nc(*)nc(-c6ccccc6)n5)cc4)cc3c2)cc1,255.0,251.63037109375,74.8868179321289,-3.36962890625
*O[Si](C)(C)CCCCCCCC[Si](*)(C)C,-88.0,-76.2802734375,59.10713195800781,11.7197265625
*CCCCC(=O)O*,-66.0,7.051025390625,63.72222137451172,73.051025390625
*Oc1ccc(NC(=O)CCCCCCC(=O)Nc2ccc(*)cc2)cc1,180.0,132.10235595703125,65.13990020751953,-47.89764404296875
*CCCCCCCCOC(=O)Nc1ccc(NC(=O)OCCCCCCCCOc2ccc(-c3ccc(O*)cc3)cc2)c(C)c1,81.0,67.16829681396484,50.79185485839844,-13.831703186035156
*Oc1ccc(S(=O)(=O)c2ccc(Oc3ccc(/C=C4\CCCC/C(=C\c5ccc(Oc6ccc(S(=O)(=O)c7ccc(Oc8ccc(C(C)(C)c9ccc(*)cc9)cc8)cc7)cc6)cc5)C4=O)cc3)cc2)cc1,188.0,189.97378540039062,45.20155334472656,1.973785400390625
*/C=C(/*)C(CCC)[Si](C)(C)c1ccccc1,110.0,29.153182983398438,65.52302551269531,-80.84681701660156
*CCC1CC2C(CC(*)C2OC(=O)CCCCCCCCCCOc2ccc(-c3ccc(C#N)cc3)cc2)C1OC(=O)CCCCCCCCCCOc1ccc(-c2ccc(C#N)cc2)cc1,23.5,45.79888153076172,35.25591278076172,22.29888153076172
*OC1CCC(OC(=O)OCCCCOC(*)=O)CC1,30.0,6.1013946533203125,64.80479431152344,-23.898605346679688
*c1cc(C(c2ccc(OCCN(C)c3ccc(/C=C/C4=CC(=C(C#N)C#N)CC(C)(C)C4)cc3)c(N3C(=O)c4ccc(Oc5ccc6c(c5)C(=O)N(*)C6=O)cc4C3=O)c2)(C(F)(F)F)C(F)(F)F)ccc1OCCN(C)c1ccc(/C=C/C2=CC(=C(C#N)C#N)CC(C)(C)C2)cc1,215.0,204.489013671875,51.80470657348633,-10.510986328125
*c1ccc2c(c1)C(=O)N(c1ccc(-c3ccc(N4C(=O)c5ccc(C(*)(c6ccccc6)C(F)(F)F)cc5C4=O)cc3C(F)(F)F)c(C(F)(F)F)c1)C2=O,280.0,282.27447509765625,46.46031188964844,2.27447509765625
*CCOCCOc1ccc(C(=O)Nc2cc(NC(=O)c3ccc(O*)cc3)cc(-c3nc4ccccc4[nH]3)c2)cc1,230.0,210.039306640625,68.13310241699219,-19.960693359375
*c1ccc(-c2ccc(-c3ccc(-c4cnc5ccc(-c6ccc7ncc(*)nc7c6)cc5n4)cc3)cc2)cc1,305.0,313.24041748046875,55.235595703125,8.24041748046875
*c1cc(Br)c(-c2c(Br)cc(N3C(=O)c4ccc(-c5ccc6c(c5)C(=O)N(*)C6=O)cc4C3=O)cc2C(=O)OCCCCCC)c(C(=O)OCCCCCC)c1,154.0,151.09982299804688,39.452144622802734,-2.900177001953125
*Oc1cccc(NC(=O)c2ccc(C(=O)Nc3ccc(Oc4ccc(C(=O)c5ccc(*)cc5)cc4)cc3)cc2)c1,126.0,228.76808166503906,67.85818481445312,102.76808166503906
*CCC(=O)NCc1c(C)c(C)c(CNC(=O)CCO*)c(C)c1C,191.0,137.51736450195312,65.96966552734375,-53.482635498046875
*CC(*)c1ccc(COC(C)CC)cc1,40.0,39.942176818847656,50.21358108520508,-0.05782318115234375
*=Nc1ccc(Cc2ccc(NC(=*)CCC)cc2)cc1,110.0,114.70367431640625,53.014549255371094,4.70367431640625
*c1ccc(CCc2ccc(N3C(=O)C(=O)N(c4ccc(CCc5ccccc5N5C(=O)C(=O)N(*)C5=O)cc4)C3=O)cc2)cc1,220.0,210.23269653320312,53.663387298583984,-9.767303466796875
*Oc1ccc(NC(=O)c2ccc3cc(C(=O)Nc4ccc(Oc5ccc(C6(c7ccc(*)cc7)C7CC8CC(C7)CC6C8)cc5)cc4)ccc3c2)cc1,266.0,242.40774536132812,69.80951690673828,-23.592254638671875
*OC(CCOc1ccccc1)CC(*)=O,20.0,55.633995056152344,29.73276138305664,35.633995056152344
*c1ccc(C(c2ccc(OCCCC)cc2)c2ccc(N(*)c3ccc(C)cc3)cc2)cc1,170.0,185.47906494140625,71.86116790771484,15.47906494140625
*CC(O)COc1ccc(S(=O)(=O)c2ccc(O*)c(C)c2)cc1C,132.5,129.9073486328125,46.91494369506836,-2.5926513671875
*c1ccc(-c2nnc(-c3cccc(-c4nnc(*)o4)c3)o2)cc1,278.0,307.7489318847656,63.80413818359375,29.748931884765625
*Oc1ccc(C(CCCC)(CCCC)c2ccc(OC(*)=O)cc2)cc1,113.0,98.45783233642578,64.18789672851562,-14.542167663574219
*CC(*)C(=O)Oc1ccccc1C(C)(C)C,72.0,68.35712432861328,41.444007873535156,-3.6428756713867188
*Oc1ccc(C(C)(C)c2cccc(C(C)(C)c3ccc(Oc4ccc(C(=O)Nc5cccc(NC(=O)c6ccc(*)cc6)c5)cc4)cc3)c2)cc1,155.0,237.28433227539062,79.11875915527344,82.28433227539062
*c1ccc(Oc2ccc(-c3ccc(Oc4ccc(-c5nc(*)nc(-c6ccccc6)n5)cc4)cc3)cc2)cc1,241.0,228.67864990234375,64.7956314086914,-12.32135009765625
*c1ccc(C(=O)NCCCCCCCCCCNC(=O)c2ccc(-c3nc4ccccc4nc3*)cc2)cc1,166.0,132.66981506347656,74.60771179199219,-33.33018493652344
*CC(*)(C)C(=O)OCCCCOc1ccc(OC(=O)c2ccc(-c3ccc(OC)cc3)cc2)cc1,77.0,61.31587219238281,29.120548248291016,-15.684127807617188
*c1ccc(Oc2ccc(C(c3ccc(Oc4ccc(-n5c(=O)c6ccc7c(=O)n(*)c(=O)c8ccc(c5=O)c6c78)cc4)c(S(=O)(=O)O)c3)(C(F)(F)F)C(F)(F)F)cc2S(=O)(=O)O)cc1,270.0,229.82015991210938,47.56694793701172,-40.179840087890625
*/C=C(/*)CCCOC(=O)c1cc(-c2ccc(OC)cc2)ccc1-c1ccc(OC)cc1,72.4000015258789,90.8038330078125,77.89752197265625,18.403831481933594
*c1cc(N2C(=O)c3ccc(Oc4cccc5c(Oc6ccc7c(c6)C(=O)N(*)C7=O)cccc45)cc3C2=O)cc(C(F)(F)F)c1,250.0,247.36068725585938,32.49684524536133,-2.639312744140625
*CC(=O)NCCCCCCNC(=O)COC(=O)CCCCCCCCC(=O)O*,2.0,35.739173889160156,48.23155975341797,33.739173889160156
*c1ccc(Oc2cccc(Oc3ccc(N4C(=O)c5ccc(Oc6ccc7c(c6)C(=O)N(*)C7=O)cc5C4=O)cc3)c2)cc1,216.5,238.34805297851562,31.407907485961914,21.848052978515625
*c1ccc(C)c(N2C(=O)c3ccc(S(=O)(=O)c4ccc5c(c4)C(=O)N(*)C5=O)cc3C2=O)c1,348.0,267.8865051269531,83.73368835449219,-80.11349487304688
*CCCCCNC(=S)N*,55.0,28.231094360351562,52.496952056884766,-26.768905639648438
*Oc1ccc(C(C)(C)c2ccc(OC(=O)c3ccc(C(*)=O)cc3)c(Cl)c2)cc1Cl,190.0,176.29124450683594,52.5515022277832,-13.708755493164062
*Oc1ccc(C(=O)c2ccc(Oc3ccc(C(=O)c4cccc(C(=O)c5ccc(*)cc5)c4)cc3)cc2)cc1,152.0,163.44461059570312,44.5367317199707,11.444610595703125
*Oc1ccc(S(=O)(=O)c2ccc(Oc3ccc(C4(c5ccc(*)c(C)c5)CCCCC4)cc3C)cc2)cc1,197.0,202.5994873046875,74.72303771972656,5.5994873046875
*CCOC(=O)Nc1ccc(Cc2ccc(NC(=O)OCCOc3ccc(C4(c5ccc(O*)cc5)c5ccccc5-c5ccccc54)cc3)cc2)cc1,152.0,276.1851806640625,72.48633575439453,124.1851806640625
*c1ccc(Oc2ccccc2-n2c(=O)c3cc4c(=O)n(*)c(=O)c4cc3c2=O)cc1,386.0,364.7781982421875,55.666873931884766,-21.2218017578125
*c1cccc(OCCCCCOc2cccc(N3C(=O)c4ccc(-c5cccc6c5C(=O)N(*)C6=O)cc4C3=O)c2)c1,168.0,207.68914794921875,61.05572509765625,39.68914794921875
*CCCCCCCCCCOc1ccc(N(c2ccccc2)c2ccc(-c3ccc(N(c4ccccc4)c4ccc(O*)cc4)cc3)cc2)cc1,90.0,198.43624877929688,74.20844268798828,108.43624877929688
*Oc1cccc(OC(=O)Oc2ccc(C(C)(C)c3ccc(OC(*)=O)cc3)cc2)c1,83.0999984741211,94.89064025878906,35.275970458984375,11.790641784667969
*CC(*)c1ccc(C(C)(O)CCCC)cc1,90.0,42.29083251953125,45.186485290527344,-47.70916748046875
*O[Si](C)(C)O[Si](C)(C)O[Si](C)(C)OC(C)CCC(*)C,-90.0,-102.99960327148438,41.95101547241211,-12.999603271484375
*C(=O)c1ccc2c(c1)C(=O)N(c1ccc(Oc3ccc(C(=O)c4cccc(C(=O)c5ccc(Oc6ccc(N7C(=O)c8ccc(*)cc8C7=O)cc6C(F)(F)F)cc5)n4)cc3)c(C(F)(F)F)c1)C2=O,225.1999969482422,226.947998046875,30.42706871032715,1.7480010986328125
*Oc1ccc(OC(=O)c2ccc(C(*)=O)cc2Oc2ccc(Oc3ccccc3)cc2)cc1,83.0,113.2170181274414,36.30120849609375,30.217018127441406
*CCCCCCNC(=O)C(OC)C(OC)C(=O)N*,106.0,34.94599151611328,46.11763381958008,-71.05400848388672
*C(=O)Nc1ccc(Oc2ccc(-c3ccc(Oc4ccc(NC(=O)c5ccc6c(c5)C(=O)N(c5ccc(Oc7cccc8c(Oc9ccc(N%10C(=O)c%11ccc(*)cc%11C%10=O)cc9)cccc78)cc5)C6=O)cc4)cc3)cc2)cc1,310.0,302.91363525390625,42.37232971191406,-7.08636474609375
*c1ccc(OC(=O)c2cccc(C(=O)Oc3ccc(C4(*)OC(=O)c5ccccc54)cc3)c2)cc1,282.5,234.88612365722656,70.11592864990234,-47.61387634277344
*CCCOCCCCOCCCN1C(=O)c2ccc(C(=O)Oc3ccc4cc(OC(=O)c5ccc6c(c5)C(=O)N(*)C6=O)ccc4c3)cc2C1=O,68.0,93.98909759521484,27.975330352783203,25.989097595214844
*Oc1ccc(Oc2ccc(C(=O)c3ccc(*)c(S(=O)(=O)O)c3)cc2S(=O)(=O)O)cc1S(=O)(=O)O,248.0,168.2399444580078,58.37338638305664,-79.76005554199219
*CC(*)C(=O)OCCOc1ccc(C(=O)Oc2ccc(OC(=O)c3ccc(OCCCCC)cc3)cc2)cc1,46.0,60.59600830078125,24.412086486816406,14.59600830078125
*O[Si](*)(C)OCCCCCCCCCCCOc1ccc(C2COC(c3ccc(OCC(C)CC)cc3)OC2)cc1,30.0,17.246749877929688,57.104183197021484,-12.753250122070312
*CCCCCCOC(=O)c1ccc(-c2ccc(C(=O)O*)cc2)cc1,51.0,63.20323944091797,44.99553680419922,12.203239440917969
*CC(CO*)(CS(=O)(=O)CC)CS(=O)(=O)CC,84.0,41.596046447753906,67.5047836303711,-42.403953552246094
*CCCCCC(=O)Oc1ccc(OC(=O)CCCCCn2c(=O)c3cc4c(=O)n(*)c(=O)c4cc3c2=O)c(Cl)c1,87.0,71.1562728881836,30.9078369140625,-15.843727111816406
*c1ccc(Oc2ccc(-c3nc(-c4cccc(-c5nnc(-c6ccccc6)c(*)n5)n4)nnc3-c3ccccc3)cc2)cc1,219.0,275.65692138671875,48.78350830078125,56.65692138671875
*CCCCCCNC(=O)CCCCCCC(=O)N*,57.0,50.69470977783203,28.597917556762695,-6.305290222167969
*CC(*)(C)C(=O)Oc1cc(C)cc(C)c1,106.0,96.35717010498047,41.83628845214844,-9.642829895019531
*CCCCCCCCCCCOc1ccc(CCc2ccc(O*)cc2C)cc1,3.9000000953674316,21.858131408691406,34.02067184448242,17.958131313323975
*C(=O)OCCN(CCOC(=O)c1ccc2c(c1)C(=O)N(c1cccc(N3C(=O)c4ccc(*)cc4C3=O)c1)C2=O)c1ccc(/N=N/c2ccc(C)cc2)cc1,171.0,218.79067993164062,38.879547119140625,47.790679931640625
*CC(*)c1ccc(OCCCC)cc1,52.0,71.64604949951172,61.8731575012207,19.64604949951172
*Oc1ccc(Oc2ccc(OC(=O)c3ccccc3-c3ccccc3C(*)=O)cc2)cc1,147.0,146.0537567138672,34.705570220947266,-0.9462432861328125
*Oc1ccc(S(=O)(=O)c2ccc(Oc3ccc(NC(=O)c4ccc(-c5ccc(C(=O)Nc6ccc(*)cc6)c(C)c5)cc4C)cc3)cc2)cc1,251.0,254.01321411132812,67.06401824951172,3.013214111328125
*CC(*)(C)C(=O)Oc1ccc(C(=O)c2ccccc2)c(O)c1,270.0,106.84284973144531,63.584957122802734,-163.1571502685547
*Oc1ccc(S(=O)(=O)c2ccc(Oc3ccc(C(C)(c4ccccc4)c4ccc(*)cc4)cc3)cc2)cc1,207.0,194.60980224609375,49.666603088378906,-12.39019775390625
*CC1CCC(CNC(=O)CCCCCCCCC(=O)N*)CC1,89.0,59.68302917480469,32.741573333740234,-29.316970825195312
*CCCCNC(=O)C(OC)C(OC)C(=O)N*,100.0,57.4766845703125,46.72359085083008,-42.5233154296875
*Oc1ccc(CC(NC(=O)CCc2ccc(OC(=O)CCC(*)=O)cc2)C(=O)OCCCC)cc1,67.0,60.734031677246094,13.358442306518555,-6.265968322753906
*Oc1cc(CCCCCCCCCCC)cc(OC(=O)c2cccc(C(*)=O)c2)c1,34.5,48.54338836669922,37.38896942138672,14.043388366699219
*c1ccc2c(c1)C(=O)N(c1ccc(N(C)CCN(C)c3ccc(N4C(=O)c5ccc(C(*)(C(F)(F)F)C(F)(F)F)cc5C4=O)cc3)cc1)C2=O,227.0,227.82797241210938,62.459224700927734,0.827972412109375
*CC1CCC(COP(=O)(/N=N/c2ccc(-c3ccc(/N=N/P(=O)(O*)OC)cc3)cc2)OC)CC1,58.0,43.05945587158203,27.247373580932617,-14.940544128417969
*Oc1ccc(C(C)(C)c2ccc(OC(=O)c3cccc(C(*)=O)c3)c(C)c2)cc1C,162.0,125.53025817871094,91.9969711303711,-36.46974182128906
*/C=N/c1ccc(C(=O)OCCCCOCCCCOCCCCOC(=O)c2ccc(/N=C/c3ccc4c(c3)c3cc(*)ccc3n4CC(CC)CCCC)cc2)cc1,5.199999809265137,82.72007751464844,55.1237907409668,77.5200777053833
*CCCCCCCCCCOC(=O)O*,-37.0,-42.8985595703125,54.27742004394531,-5.8985595703125
*/C(Cl)=C(/*)CCCCCCCC,90.0,16.40552520751953,74.7618408203125,-73.59447479248047
*Oc1ccc(CC(NC(=O)Cc2ccc(OC(=O)CCCC(*)=O)cc2)C(=O)OCC)cc1,65.0,64.57658386230469,16.122047424316406,-0.4234161376953125
*c1ccc(Oc2cccc(Oc3ccc(N4C(=O)c5cccc(Oc6cccc(Oc7cccc8c7C(=O)N(*)C8=O)c6)c5C4=O)cc3)c2)cc1,193.0,235.51036071777344,32.07434844970703,42.51036071777344
*C(=O)NCCNC(=O)c1ncn(C)c1*,189.0,176.40261840820312,68.03898620605469,-12.597381591796875
*/C=C/CCCCCCCCCC(Cl)CCCCCCCCC*,-37.0,-52.27259826660156,49.03414535522461,-15.272598266601562
*N=P(*)(Oc1cccc(C(F)(F)F)c1)Oc1cccc(C(F)(F)F)c1,-35.0,-20.219650268554688,37.02735137939453,14.780349731445312
*C(=O)Nc1cccc2c(NC(=O)c3ccc4c(c3)C(=O)N(c3ccc(Oc5cccc6c(N7C(=O)c8ccc(*)cc8C7=O)cccc56)cc3)C4=O)cccc12,299.0,271.3858947753906,32.838905334472656,-27.614105224609375
*=Nc1ccc(C(C)(C)c2ccc(C(C)(C)c3ccc(/N=C4/OC(=O)c5ccc(Oc6ccc7c(c6)C(=O)OC7=*)cc54)cc3)cc2)cc1,249.0,255.9393768310547,70.31517791748047,6.9393768310546875
*Oc1ccc(CNC(=O)CCCCC(=O)NCc2ccc(OC3COC4C(*)COC34)cc2)cc1,116.0,78.00159454345703,43.31270980834961,-37.99840545654297
*c1ccc(-c2cc(CCCCCCCC)c(-c3ccc(-c4ccc(-c5sc(-c6ccc([Si](C)(C)[Si](C)(C)[Si](C)(C)[Si](*)(C)C)s6)cc5CCCCCCCC)s4)s3)s2)s1,6.0,0.0294189453125,42.278560638427734,-5.9705810546875
*Oc1cc(OC(=O)c2ccc(C)cc2)c(OC(=O)CCCCCCCCCCCCCCC(*)=O)cc1OC(=O)c1ccc(C)cc1,27.0,53.79816436767578,26.163999557495117,26.79816436767578
*CC(*)(CC(=O)OCC1CCCCC1)C(=O)OCC1CCCCC1,83.0,46.46483612060547,66.27392578125,-36.53516387939453
*CC(O)COc1c(C)cc(C(C)(C)c2cc(C)c(OCC(O)COc3c(C)cc(S(=O)(=O)c4cc(C)c(O*)c(C)c4)cc3C)c(C)c2)cc1C,145.0,108.43758392333984,45.0086555480957,-36.562416076660156
*c1ccc(-c2nc3ccc(Oc4ccc5nc(*)c(-c6ccccc6)c(-c6ccccc6)c5c4)cc3c(-c3ccccc3)c2-c2ccccc2)cc1,345.0,325.16021728515625,46.154022216796875,-19.83978271484375
*CC(*)(C)C(=O)OCCCCCCCCCCOc1ccc(C#Cc2cc(OC)c(/C=C/c3ccncc3)cc2OC)cc1,87.0999984741211,63.22673034667969,38.963401794433594,-23.873268127441406
*CCSCc1ccc(Cc2ccc(CSCCOC(=O)CSCc3ccc(Cc4ccc(CSCC(=O)O*)cc4)cc3)cc2)cc1,14.0,125.6097640991211,71.91899108886719,111.6097640991211
*CCOCCOC(=O)/C=C/C(=O)O*,-8.199999809265137,22.019081115722656,81.09080505371094,30.219080924987793
*CCN(*)C(=O)c1cc(F)c(F)c(F)c1,65.0,95.73660278320312,21.146892547607422,30.736602783203125
*CC(*)c1ccc(C(O)CCN(C)C)cc1,43.0,76.52811431884766,60.5444221496582,33.528114318847656
*CC(*)(C)C(=O)NC(C)c1ccccc1,156.5,110.30790710449219,55.72256851196289,-46.19209289550781
*C(=O)c1ccc2c(c1)C(=O)N(c1c(-c3ccccc3)cc(-c3ccc(-c4cc(-c5ccccc5)c(N5C(=O)c6ccc(*)cc6C5=O)c(-c5ccccc5)c4)cc3)cc1-c1ccccc1)C2=O,265.0,288.150146484375,51.73406982421875,23.150146484375
*c1ccc(Oc2cccc(N3C(=O)c4ccc(-c5cccc6c5C(=O)N(*)C6=O)cc4C3=O)c2)cc1,286.0,308.10260009765625,46.09919357299805,22.10260009765625
*CCCCCCOC(=O)CCC(=O)O*,-50.0,-13.712631225585938,67.37981414794922,36.28736877441406
*c1ccc(C(=O)c2ccc(-n3nc(-c4ccc(Oc5ccc(-c6nn(*)c(=O)c7ccccc67)cc5)cc4)c4ccccc4c3=O)cc2)cc1,301.0,280.2438049316406,55.19331359863281,-20.756195068359375
*CC(*)(C)C(=O)NC(=O)Oc1c(Br)cc(S(=O)(=O)c2cc(Br)c(O)c(Br)c2)cc1Br,116.0,136.97470092773438,63.45671081542969,20.974700927734375
*Oc1ccc2cc(Oc3ccc(S(=O)(=O)c4ccc(Oc5ccc(C(=O)c6ccc(*)cc6)cc5)cc4)cc3)ccc2c1,199.0,199.4893341064453,45.420387268066406,0.4893341064453125
*C(=O)NCCN(CCNC(=O)c1ccc2c(c1)C(=O)N(c1ccc(Oc3ccc(N4C(=O)c5ccc(*)cc5C4=O)cc3)cc1)C2=O)c1ccc(/C=C/c2ccc([N+](=O)[O-])cc2)cc1,224.0,228.86489868164062,42.712501525878906,4.864898681640625
*c1ccc(Oc2ccc(C(=O)c3ccc(C(=O)c4ccc(Oc5ccc(-c6nc7ccccc7n6-c6ccc(-n7c(*)nc8ccccc87)cc6)cc5)cc4)cc3)cc2)cc1,238.0,246.9431610107422,53.54022216796875,8.943161010742188
*c1ccc(Oc2ccc(N3C(=O)c4ccc(Oc5ccccc5Oc5ccc6c(c5)C(=O)N(*)C6=O)cc4C3=O)cc2)cc1,212.0,238.34805297851562,31.407907485961914,26.348052978515625
*c1cccc(N2C(=O)c3ccc(Oc4c(C)cc(-c5cc(C)c(Oc6ccc7c(c6)C(=O)N(*)C7=O)c(C)c5)cc4C)cc3C2=O)c1,295.0,224.93670654296875,59.11253356933594,-70.06329345703125
*CCCCCCCCCCC(=O)N(*)C,-12.0,28.35284423828125,34.801265716552734,40.35284423828125
*O[Si](C)(CCC(F)(F)C(F)(F)C(F)(F)C(F)(F)C(F)(F)C(F)(F)F)O[Si](C)(C)c1ccc([Si](*)(C)C)cc1,-55.0,-56.99620056152344,39.88674545288086,-1.9962005615234375
*CCOC(=O)NC1CCC(CC2CCC(NC(=O)OCCOc3ccc(C4(c5ccc(O*)cc5)c5ccccc5-c5ccccc54)cc3)CC2)CC1,140.0,120.17408752441406,63.38869857788086,-19.825912475585938
*c1ccc(Oc2ccc(N3C(=O)c4ccc(Oc5c(C)cc(Cc6cc(C)c(Oc7ccc8c(c7)C(=O)N(*)C8=O)c(C)c6)cc5C)cc4C3=O)cc2)cc1,266.0,271.10809326171875,61.358306884765625,5.10809326171875
*CCCCNC(=O)CCCCC(=O)N*,58.0,48.233436584472656,39.2724723815918,-9.766563415527344
*c1ccc(Oc2ccc(C3(c4ccc(Oc5ccc(-c6ccc(*)s6)cc5C(F)(F)F)cc4)c4ccccc4-c4ccccc43)cc2)c(C(F)(F)F)c1,169.0,197.56939697265625,37.14882278442383,28.56939697265625
*/C=C/C1=C(*)CC(C(=O)OCC)(C(=O)OCC)C1,27.649999618530273,29.496253967285156,91.99745178222656,1.8462543487548828
*c1ccc2c(c1)C(=O)N(c1cccc(C(=O)Nc3ccc(-c4ccc(NC(=O)c5cccc(N6C(=O)c7ccc(C(*)(C(F)(F)F)C(F)(F)F)cc7C6=O)c5)cc4)cc3)c1)C2=O,324.0,336.04705810546875,50.57588195800781,12.04705810546875
*c1cccc(Oc2ccc(P(=O)(c3ccccc3)c3ccccc3)c(Oc3cccc(N4C(=O)c5ccc(Oc6ccc7c(c6)C(=O)N(*)C7=O)cc5C4=O)c3)c2)c1,212.0,227.6894073486328,30.97797203063965,15.689407348632812
*CC(*)OCCCCC,-66.0,-58.06715393066406,33.667640686035156,7.9328460693359375
*Cc1cccc(CNC(=O)C2=C(C(=O)N*)C3C=CC2C3)c1,291.0,150.51278686523438,70.29808807373047,-140.48721313476562
*CCCCOC(=O)c1ccc(-c2ccc(C(=O)O*)cc2)cc1,70.0,63.407958984375,33.043701171875,-6.592041015625
*Oc1ccc(C2(c3ccc(Oc4ccc(C(=O)Oc5ccc(C(C)(C)c6ccc(OC(=O)c7ccc(*)cc7)cc6)cc5)cc4)cc3)CCC(C(C)(C)C)CC2)cc1,144.0,165.94482421875,61.982643127441406,21.94482421875
*O[Si](*)(C)CCCOCCOCCOc1ccc(COc2ccc3cc(C#N)ccc3c2)cc1,30.0,40.7305908203125,27.332223892211914,10.7305908203125
*c1ccc(N(c2ccc(C#N)cc2)c2ccc(N3C(=O)c4ccc(Oc5ccc(C(C)(C)c6ccc(Oc7ccc8c(c7)C(=O)N(*)C8=O)cc6)cc5)cc4C3=O)cc2)cc1,230.0,244.89785766601562,51.76961898803711,14.897857666015625
*CC(*)[Si](C)(C)C,137.0,43.428192138671875,130.47975158691406,-93.57180786132812
*c1ccc(Oc2ccc(C(C)(C)c3ccc(Oc4ccc(-c5nnc(*)n5-c5ccc(C)cc5)cc4)cc3)cc2)cc1,205.0,212.9903106689453,63.645545959472656,7.9903106689453125
*OC(=O)NC1CCC(CC2CCC(NC(=O)OC3CC4CC(*)CC(C3)O4)CC2)CC1,225.0,38.52478790283203,51.76209259033203,-186.47521209716797
*CCCCC(=O)NCc1ccc(CNC(=O)CCCCS*)cc1,70.0,114.3727035522461,58.21574783325195,44.372703552246094
*c1ccc(OCCCCCCN(CC)c2ccc(C(C#N)=C(C#N)C#N)cc2)c(-c2cc(-c3ccccc3)c3cc(Oc4ccc5nc(*)cc(-c6ccccc6)c5c4)ccc3n2)c1,175.0,192.8052215576172,43.956729888916016,17.805221557617188
*CCCCCCCCCCC(=O)Nc1ccc(Cc2ccc(NC(=O)CCCCCCCCCCN3C(=O)c4ccc(C(=O)c5ccc6c(c5)C(=O)N(*)C6=O)cc4C3=O)cc2)cc1,136.0,131.64462280273438,58.2884521484375,-4.355377197265625
*CCOC(=O)NCCCCCCCCCNC(=O)O*,44.0,38.3795166015625,45.78053665161133,-5.6204833984375
*Oc1cc(Oc2ccc(C(C)(C)c3ccc(*)cc3)cc2)cc([N+](=O)[O-])c1,150.0,137.92044067382812,65.96086120605469,-12.079559326171875
*CCOCCOCCOCCOC(=O)Nc1ccc(Cc2ccc(NC(=O)O*)cc2)cc1,37.0,55.00739288330078,36.06724166870117,18.00739288330078
*N=P(N=P(/N=S(/*)Oc1ccc(C(C)(C)C)cc1)(Oc1ccc(-c2ccccc2)cc1)Oc1ccc(-c2ccccc2)cc1)(Oc1ccc(-c2ccccc2)cc1)Oc1ccc(-c2ccccc2)cc1,54.0,105.34255981445312,60.957435607910156,51.342559814453125
*Oc1ccc(NC(=O)c2ccc(-c3ccc(C(=O)Nc4ccc(Oc5ccc(C6(c7ccc(*)cc7)CC7CCC6C7)cc5)cc4)cc3)cc2)cc1,296.0,258.156494140625,67.97791290283203,-37.843505859375
*Nc1cc(NC(=O)Nc2ccc(Cc3ccc(NC(*)=O)cc3)cc2)cc(C(=O)Nc2ccc3c(c2)C(=O)c2ccccc2C3=O)c1,168.0,214.95184326171875,50.80353546142578,46.95184326171875
*Oc1ccc(S(=O)(=O)c2ccc(Oc3c(C)cc(-c4cc(C)c(*)c(C)c4Br)c(Br)c3C)cc2)cc1,298.20001220703125,243.47543334960938,70.83960723876953,-54.724578857421875
*Oc1ccc(OC(=O)c2ccc(-c3ccc(C(*)=O)cc3)cc2-c2ccccc2)cc1-c1ccccc1,148.0,176.2874755859375,49.21695327758789,28.2874755859375
*C(=O)NNC(=O)c1ccc([Si](c2ccccc2)(c2ccccc2)c2ccc(C(=O)NNC(=O)c3ccc(*)nc3)cc2)cc1,240.0,238.96705627441406,55.99775314331055,-1.0329437255859375
*OC(=O)CCCCCCCCC(*)=O,60.0,49.97676086425781,77.99087524414062,-10.023239135742188
*CCC1CC(*)C2C3CC(c4ccc(COC(C)CC)cc4)C(C3)C12,139.0,27.447776794433594,54.340702056884766,-111.5522232055664
*CC(*)(C)C(=O)Oc1ccc(C(=O)Oc2ccc(OC)cc2)cc1,77.0,52.37079620361328,23.494972229003906,-24.62920379638672
*C(=O)OCCCCCCCCCCCCOC(=O)c1ccc(N2C(=O)c3ccc(*)cc3C2=O)cc1,47.0,54.037567138671875,23.063138961791992,7.037567138671875
*O[Si](C)(C)CCC/N=C1\C=C/C(=N/CCC[Si](*)(C)C)c2c(O)ccc(O)c21,32.900001525878906,40.373573303222656,44.809818267822266,7.47357177734375
*CCC/C=C(/*)c1ccc(OC)cc1,11.0,76.73806762695312,46.44915008544922,65.73806762695312
*CCCCCCN1C(=O)C(=O)N(*)C1=O,55.0,96.96745300292969,63.063819885253906,41.96745300292969
*/C=C/C1CC(*)C(C#N)([Si](C)(C)O[Si](C)(C)O[Si](C)(C)C)C1,47.0,14.479934692382812,44.271846771240234,-32.52006530761719
*C(=O)OCCCCCCCOC(=O)c1ccc(NC(=O)c2ccc(N3C(=O)c4ccc(*)cc4C3=O)cc2)cc1,106.0,100.68141174316406,35.89426803588867,-5.3185882568359375
*CC(C)(C)COC(=O)c1ccc(-c2ccc(-c3ccc(C(=O)O*)cc3)cc2)cc1,100.0,125.53025817871094,91.9969711303711,25.530258178710938
*Oc1ccc(C2(c3ccc(OC4(F)C(*)(F)C(F)(F)C4(F)F)cc3)c3ccccc3-c3ccccc32)cc1,228.0,259.8677673339844,53.60231018066406,31.867767333984375
*Sc1cccc(Sc2ccc(Sc3ccc(*)cc3)cc2)c1,72.0,98.50607299804688,34.852333068847656,26.506072998046875
*Oc1ccc(S(=O)(=O)c2ccc(*)cc2)cc1,225.0,183.88108825683594,71.30943298339844,-41.11891174316406
*CC(*)OC(=O)c1ccc(OC(=O)CCC)cc1,61.0,52.64257049560547,32.340206146240234,-8.357429504394531
*N=P(*)(OCCOc1ccc2cc(I)ccc2c1)OCCOc1ccc2cc(I)ccc2c1,64.80000305175781,74.5835189819336,40.85594940185547,9.783515930175781
*CCOCCOCCOC(=O)/C=C/C(=O)NCCCCCCNC(=O)/C=C/C(=O)O*,65.0,50.51176452636719,38.71839141845703,-14.488235473632812
*CC(*)c1ccc(CC)cc1,71.4000015258789,73.07160186767578,51.65895080566406,1.671600341796875
*Oc1ccc(C(c2ccc(OC(*)=O)cc2)(C(F)(F)F)C(F)(F)F)cc1,176.0,93.36290740966797,47.073081970214844,-82.63709259033203
*CCCO*,-73.5999984741211,-49.54093933105469,40.0849494934082,24.059059143066406
*c1ccc(Oc2ccc(N3C(=O)c4ccc(Oc5ccc(C(c6ccc(Oc7ccc8c(c7)C(=O)N(*)C8=O)cc6)(C(F)(F)F)C(F)(F)F)cc5)cc4C3=O)cc2)cc1,257.0,255.708251953125,35.015708923339844,-1.291748046875
*N=P(*)(OCCCCCCC)OCCCCCCC,-94.0,-74.8311767578125,41.9364128112793,19.1688232421875
*Sc1ccc(C(=O)c2ccc(C(C)(C)c3ccc(C(=O)c4ccc(*)cc4)cc3)cc2)cc1,175.0,158.18048095703125,45.115997314453125,-16.81951904296875
*CCOCCOP(=O)(/N=N/c1ccc(Oc2ccc(/N=N/P(=O)(O*)OC)cc2)cc1)OC,32.0,29.777748107910156,28.64120101928711,-2.2222518920898438
*c1ccc2nc(*)cc(-c3ccccc3)c2c1,415.0,297.1984558105469,72.76866912841797,-117.80154418945312
*CC(*)c1ccc(Cl)c(C)c1,114.0,94.25862884521484,40.96875762939453,-19.741371154785156
*CC(*)(C)C#N,88.5,119.22845458984375,74.4426040649414,30.72845458984375
*c1ccc2cc(OC(=O)c3ccc(C(=O)Oc4ccc5cc(-c6nc7ccccc7nc6*)ccc5c4)cc3)ccc2c1,136.0,280.1921081542969,75.88227844238281,144.19210815429688
*c1ccc(Oc2ccc(C(=O)c3ccc(Oc4ccc(-c5nnc(*)c6c(-c7ccccc7)c(-c7ccc8ccccc8c7)c(-c7ccc8ccccc8c7)c(-c7ccccc7)c56)cc4)cc3)cc2)cc1,312.0,321.42767333984375,42.33020782470703,9.42767333984375
*CC(*)c1ccc(C(=O)Cc2ccccc2)cc1,78.0,89.00927734375,35.94976043701172,11.00927734375
*C(=O)NCCCCCCNC(=O)c1ncn(C)c1*,86.0,96.32427978515625,54.39619064331055,10.32427978515625
*/C(Cl)=C(/*)CCCCCC,150.0,19.83631134033203,82.9161605834961,-130.16368865966797
*O[Si](*)(C)CCCCCCCCCCC(=O)Oc1ccc(OC(=O)c2ccc(OCC(C)CC)cc2)cc1,13.399999618530273,8.383590698242188,41.20136642456055,-5.016408920288086
*CCCCOc1ccc(/C=C2\CC/C(=C\c3ccc(OCCCCOP(=O)(O*)OCC)c(OC)c3)C2=O)cc1OC,79.0,72.81244659423828,48.32415008544922,-6.187553405761719
*C(=O)NCCCCCCNC(=O)c1ccc(N2C(=O)c3ccc(*)cc3C2=O)cc1,225.0,142.1773223876953,59.36372756958008,-82.82267761230469
*CCCCCCCCCCCCC(c1ccc(O)cc1)C(*)c1ccc(O)cc1C,-1.0,8.701583862304688,37.65360641479492,9.701583862304688
*Oc1ccc(C(C)(C)c2ccc(OC(=O)CCCCC(*)=O)cc2)cc1,54.0,53.98723602294922,53.56232833862305,-0.01276397705078125
*CC(O)CN(Cc1ccccc1)CC(O)COc1ccc(C(C)(C)c2ccc(O*)cc2)cc1,94.25,52.61156463623047,32.82979202270508,-41.63843536376953
*c1ccc(Oc2ccc(-c3ccc(Oc4ccc(N5C(=O)c6cccc(Oc7c(C)cc(Cc8cc(C)c(Oc9cccc%10c9C(=O)N(*)C%10=O)c(C)c8)cc7C)c6C5=O)cc4)cc3)cc2)cc1,259.0,256.1222229003906,50.89189147949219,-2.877777099609375
*CCCCCCN1C(=O)c2ccc(C(c3ccc4c(c3)C(=O)N(*)C4=O)(C(F)(F)F)C(F)(F)F)cc2C1=O,155.0,209.447998046875,98.72904205322266,54.447998046875
*CC(*)c1ccc(N(c2ccccc2)c2ccccc2)cc1,123.5,113.2055892944336,56.51081848144531,-10.294410705566406
*c1cccc(N2C(=O)c3ccc(-c4ccc5c(c4)C(=O)N(*)C5=O)cc3C2=O)c1,333.25,365.436279296875,54.209632873535156,32.186279296875
*c1ccc(Oc2ccc(S(=O)(=O)c3ccc(Oc4ccc(-c5c6c(c(*)c7ccccc57)C(=O)N(c5ccc(F)cc5)C6=O)cc4)cc3)cc2)cc1,300.0,276.1143798828125,45.94705581665039,-23.8856201171875
*c1c(C)cc(C)c(-n2c(=O)c3cc4c(=O)n(*)c(=O)c4cc3c2=O)c1C,399.75,262.422607421875,87.21720123291016,-137.327392578125
*c1ccc(CCc2ccccc2N2C(=O)C(=O)N(c3ccc(Cc4ccc(N5C(=O)C(=O)N(*)C5=O)cc4)cc3)C2=O)cc1,198.0,238.7196044921875,69.55345916748047,40.7196044921875
*OP(=O)(Oc1ccccc1)Oc1c(Br)cc(C(c2cc(Br)c(*)c(Br)c2)(C(F)(F)F)C(F)(F)F)cc1Br,140.0,160.74212646484375,31.349538803100586,20.74212646484375
*Oc1ccc(C(CC)(CC)c2ccc(OC(=O)c3ccc(C(*)=O)cc3)cc2)cc1,180.0,125.53025817871094,91.9969711303711,-54.46974182128906
*CC(*)c1ccc(OCCC)cc1,70.0,63.84087371826172,56.45429229736328,-6.159126281738281
*c1cc(-c2ccc(C(=C3C=C(C(C)(C)C)C(=O)C(C(C)(C)C)=C3)c3cc(C(C)(C)C)c(O)c(C(C)(C)C)c3)cc2)c(*)s1,-12.600000381469727,52.26715850830078,57.253028869628906,64.86715888977051
*Oc1c(C)c(C)c(NC(=O)c2ccc(C(=O)Nc3ccc(*)cc3)cc2)c(C)c1C,333.0,202.26531982421875,97.67085266113281,-130.73468017578125
*CC(*)(C)C(=O)OCCN(C)c1ccc(/N=N/c2ccc(/N=N/c3ccc(C#N)cc3)cc2C)cc1,120.0,160.03768920898438,66.47615051269531,40.037689208984375
*CCCC1(CCCNC(=O)CCCCC(=O)N*)c2ccccc2-c2ccccc21,120.0,95.29106140136719,56.64569854736328,-24.708938598632812
*C(=O)Nc1ccc(C(c2ccc(NC(=O)c3ccc4c(c3)C(=O)N(c3ccc(Oc5cccc6c(Oc7ccc(N8C(=O)c9ccc(*)cc9C8=O)cc7)cccc56)cc3)C4=O)cc2)(C(F)(F)F)C(F)(F)F)cc1,283.0,296.2929992675781,39.5492057800293,13.292999267578125
*/C=C/C1CC(*)C(C#N)(CCC)C1,108.0,104.53236389160156,68.38320922851562,-3.4676361083984375
*Oc1ccc(CC(NC(=O)CCc2ccc(OC(=O)CCCCCCCCC(*)=O)cc2)C(=O)OCCCCCC)cc1,22.0,22.578094482421875,23.160192489624023,0.578094482421875
*CC(*)(CC(=O)OCCCCC)C(=O)OCCCCC,2.0,-43.37361145019531,45.00279235839844,-45.37361145019531
*c1ccc(Oc2ccc(C(=O)c3cccc(C(=O)c4ccc(Oc5ccc(-n6c(=O)c7cc8c(=O)n(*)c(=O)c8cc7c6=O)cc5)cc4)n3)cc2)cc1,324.6000061035156,281.447509765625,42.46771240234375,-43.152496337890625
*CC(*)c1ccccc1C(=O)OCCCCCC,45.0,66.76312255859375,59.930763244628906,21.76312255859375
*/C=C/c1cc(OCCCCCC)c(*)cc1OC,60.0,66.76312255859375,59.930763244628906,6.76312255859375
*OC(=O)OCC1OC(C)(C)OC1COC(=O)OC1COC2C(*)COC12,95.5,36.72395324707031,59.45292663574219,-58.77604675292969
*CC(c1ccccc1)C1C(=O)N(c2ccc(C(C)(C)C)cc2)C(=O)C1*,237.0,107.32933044433594,77.19091796875,-129.67066955566406
*CCCCCSS*,-72.0,-72.98054504394531,46.97600555419922,-0.9805450439453125
*Oc1ccc(Oc2ccc(C(=O)c3ccc(*)cc3)cc2)cc1-c1ccc(Oc2ccccc2)cc1,146.0,170.73611450195312,50.67351531982422,24.736114501953125
*C1C=C(CCCCCC)C(*)S1,58.04999923706055,21.335037231445312,60.37346267700195,-36.714962005615234
*Oc1ccc(NC(=O)c2ccc([Si](C)(C)c3ccc(C(*)=O)cc3)cc2)cc1,220.0,216.7921905517578,75.37733459472656,-3.2078094482421875
*CC(*)C(=O)OCCCSC,-65.0,-18.8267822265625,52.227386474609375,46.1732177734375
*Nc1cc([N+](=O)[O-])c(NC(=O)CCCCCCCCCCCCC(*)=O)cc1/C=C/c1ccc(N(C)C)cc1,125.0,116.53631591796875,73.98101043701172,-8.46368408203125
*CCSCc1ccc(Cc2ccc(CSCCOC(=O)CCSCc3ccc(Cc4ccc(CSCCC(=O)O*)cc4)cc3)cc2)cc1,12.0,126.7811508178711,72.1798095703125,114.7811508178711
*c1ccc(Oc2ccc(-c3nc4cc(Oc5ccc(NC(=O)c6ccc7c(c6)C(=O)N(c6ccc(C(c8ccc(N9C(=O)c%10ccc(C(=O)Nc%11ccc(Oc%12ccc%13nc(-c%14ccc([N+](=O)[O-])cc%14)c(*)nc%13c%12)cc%11)cc%10C9=O)cc8)(C(F)(F)F)C(F)(F)F)cc6)C7=O)cc5)ccc4nc3-c3ccc([N+](=O)[O-])cc3)cc2)cc1,303.0,300.8276672363281,40.74721145629883,-2.172332763671875
*C(=O)Nc1cc(C(c2cc(C)c(C)c(NC(=O)c3ccc4c(c3)C(=O)N(c3cccc5c(N6C(=O)c7ccc(*)cc7C6=O)cccc35)C4=O)c2)(C(F)(F)F)C(F)(F)F)cc(C)c1C,250.0,260.46514892578125,58.92454528808594,10.46514892578125
*Oc1ccc(C(C)(C)c2ccc(Oc3ccc(C(=O)c4ccccc4-c4ccccc4C(=O)c4ccc(*)cc4)cc3)cc2)cc1,172.0,187.8726806640625,44.24662780761719,15.8726806640625
*c1cccc(N2C(=O)C(=O)N(CCCCCCN3C(=O)C(=O)N(*)C3=O)C2=O)n1,169.5,136.58126831054688,61.63459014892578,-32.918731689453125
*CCCCOC(=O)CCCCCCCC(=O)O*,-62.5,9.061569213867188,78.7374496459961,71.56156921386719
*CCCCCC(=O)Oc1ccc(Oc2ccc(OC(=O)CCCCCn3c(=O)c4cc5c(=O)n(*)c(=O)c5cc4c3=O)cc2)cc1,91.0,75.2662582397461,19.140682220458984,-15.733741760253906
*CCCCCCCCCCOc1ccc(/C=C/c2ccc(OCCCCCCCCCCOP(=O)(O*)OCCCCCCCCCCOc3ccc(/N=N/c4ccc(C#N)cc4)cc3)cc2)cc1,60.0,52.97663879394531,33.85430145263672,-7.0233612060546875
*CC(*)(C)C(=O)OCCCCC,10.0,-8.9766845703125,51.527435302734375,-18.9766845703125
*c1ccc(Oc2ccc(S(=O)(=O)c3ccc(Oc4ccc(N5C(=O)c6ccc(Oc7ccc(C(C)(C)c8ccc(Oc9ccc%10c(c9)C(=O)N(*)C%10=O)cc8)cc7)cc6C5=O)cc4)cc3)cc2)cc1,200.0,237.6995849609375,35.5904541015625,37.6995849609375
*c1ccc(Oc2ccc(S(=O)(=O)c3ccc(Oc4ccc(-c5nc6ccccc6n5-c5ccc(-n6c(*)nc7ccccc76)cc5)cc4)cc3)cc2)cc1,270.0,278.0709228515625,49.535831451416016,8.0709228515625
*c1cccc(NC(=O)CCCCCCC(=O)Nc2cccc(S(*)(=O)=O)c2)c1,125.0,113.68359375,45.99522399902344,-11.31640625
*c1ccc2c(c1)C(=O)N(c1ccc(N(c3ccc(C#N)cc3)c3ccc(N4C(=O)c5ccc(C(*)(C(F)(F)F)C(F)(F)F)cc5C4=O)cc3)cc1)C2=O,321.0,316.84613037109375,49.27724075317383,-4.15386962890625
*CCCCCCNC(=O)CCCCCCCCCCCCCCC(=O)N*,40.0,41.104103088378906,21.348134994506836,1.1041030883789062
*C(=O)Nc1ccc(Oc2ccc(-c3ccc(Oc4ccc(NC(=O)c5ccc6c(c5)C(=O)N(c5ccc(Oc7ccc(N8C(=O)c9ccc(*)cc9C8=O)cc7)cc5)C6=O)cc4)cc3)cc2)cc1,274.0,270.7115783691406,41.349815368652344,-3.288421630859375
*Oc1c(Cl)cc(C(C)(C)c2cc(Cl)c(OC(=O)c3ccc(OCCCCCCCCCCOc4ccc(C(*)=O)cc4)cc3)c(Cl)c2)cc1Cl,140.0,139.6921844482422,52.24615478515625,-0.3078155517578125
*Nc1cc(NC(=O)Nc2ccc(Cc3ccc(NC(*)=O)cc3)cc2)cc(C(=O)Nc2cccc3c2C(=O)c2ccccc2C3=O)c1,178.0,214.95184326171875,50.80353546142578,36.95184326171875
*=NP(=NP(=NC(=*)Oc1ccccc1)(Oc1ccccc1)Oc1ccccc1)(Oc1ccccc1)Oc1ccccc1,18.0,76.63639068603516,66.57430267333984,58.636390686035156
*CC(CO*)(CSCC)CSCC,-32.0,-48.28077697753906,36.803924560546875,-16.280776977539062
*CC(*)C(=O)OC(C(F)(F)F)C(F)(F)F,42.29999923706055,58.60582733154297,49.2243766784668,16.305828094482422
*CC(*)(C)C(=O)OCc1ccc(OCCOCC)c(OCCOCC)c1,-2.0,13.7803955078125,44.810550689697266,15.7803955078125
*c1cc(-c2sc(-c3cc(CCCCCCCCCC)c(*)s3)cc2CCCCCCCCCC)c2cccccc1-2,22.5,40.36650848388672,47.8265266418457,17.86650848388672
*CC(*)C(=O)OCCCCCCSCC#N,-59.0,32.31085968017578,50.201026916503906,91.31085968017578
*CCOCCOP(=O)(/N=N/c1ccc(C(=O)c2ccc(/N=N/P(=O)(O*)OC)cc2)cc1)OC,33.0,30.30022430419922,28.983903884887695,-2.6997756958007812
*N=P(N=P(N=S(*)(=O)NCC=C)(NCC=C)NCC=C)(NCC=C)NCC=C,-18.0,16.67101287841797,46.25685501098633,34.67101287841797
*CC(C)S*,-43.0,-49.827789306640625,36.027671813964844,-6.827789306640625
*Oc1cc(OC(=O)c2ccc(C(*)=O)cc2)cc(C(=O)OCCN(CC)c2ccc(/N=N/c3ccc([N+](=O)[O-])cc3)cc2)c1,130.0,153.26475524902344,47.67937469482422,23.264755249023438
*Oc1ccc(OC(=O)c2ccc(C(*)=O)cc2Oc2ccc(Cl)cc2)cc1,107.0,107.78392028808594,42.74564743041992,0.7839202880859375
*CC(C)(C)C1C(=O)N(C2CCCCC2)C(=O)C1*,192.0,103.19832611083984,71.71398162841797,-88.80167388916016
*c1ccc(Oc2ccc(-c3nc4ccc(Oc5ccc(N6C(=O)c7ccc(C(c8ccc9c(c8)C(=O)N(c8ccc(Oc%10ccc%11nc(*)c(-c%12ccccc%12)nc%11c%10)cc8)C9=O)(C(F)(F)F)C(F)(F)F)cc7C6=O)cc5)cc4nc3-c3ccccc3)cc2)cc1,267.0,287.36444091796875,35.788997650146484,20.36444091796875
*C1C(*)C2CC1C(C(=O)OCCCc1ccccc1)C2C(=O)OCCCc1ccccc1,200.0,83.6579360961914,65.42550659179688,-116.3420639038086
*CCCCCCOP(=O)(/N=N/c1ccc(Oc2ccc(/N=N/P(=O)(O*)OC)cc2)cc1)OC,25.0,43.72084045410156,27.140953063964844,18.720840454101562
*CC(O)COc1ccc(C(C)(C)c2ccc(OCC(O)CN3CCN(*)CC3)cc2)cc1,100.0,67.43357849121094,61.741539001464844,-32.56642150878906
*c1ccc(Oc2c(F)c(F)c(C(=O)c3c(F)c(F)c(Oc4ccc(C5(*)OC(=O)c6ccccc65)cc4)c(F)c3F)c(F)c2F)cc1,215.0,204.5196075439453,33.30758285522461,-10.480392456054688
*O[Si](C)(C)O[Si](*)(C)CCCCOc1ccc(-c2ccc(C#N)cc2)cc1,-5.5,11.671722412109375,30.202970504760742,17.171722412109375
*CC(C)(C)C1C(=O)N(C(C)C)C(=O)C1*,145.0,94.06520080566406,66.88497924804688,-50.93479919433594
*c1ccc(N2C(=O)CC(C3C=C(C)C4C(=O)N(*)C(=O)C4C3)C2=O)cc1,327.0,169.5518341064453,80.04873657226562,-157.4481658935547
*O[Si](*)(C)CCCOc1ccc(C(=O)Oc2ccc(-c3ccc(OC(=O)CCCCC(=O)OC4CC(C)CCC4C(C)C)cc3)cc2)cc1,56.79999923706055,39.304832458496094,35.37339782714844,-17.495166778564453
*O[Si](C)(C)c1ccc([Si](*)(C)C)cc1,-18.0,2.5522918701171875,69.34565734863281,20.552291870117188
*c1ccc(Oc2ccc(NC(=O)c3cccc(Oc4ccc5c(c4)C(=O)N(*)C5=O)c3)cc2)cc1,231.0,305.498291015625,51.6324577331543,74.498291015625
*Nc1cccc(NC(=O)c2ccc(NC(=O)c3ccc([Si](C)(C)c4ccc(C(=O)Nc5ccc(C(*)=O)cc5)cc4)cc3)cc2)c1,303.0,286.79010009765625,66.21309661865234,-16.20989990234375
*Oc1ccc(CC(NC(=O)CCc2ccc(OC(=O)COCCOCC(*)=O)cc2)C(=O)OC(C)C)cc1,58.0,52.364112854003906,13.805154800415039,-5.635887145996094
*c1ccc2c(c1)C(CCCCCCCC)(CCCCCCCC)c1cc(-c3ccc(*)c4nsnc34)ccc1-2,114.5,94.90782928466797,62.19056701660156,-19.59217071533203
*N=P(*)(OCCC)OCCC,-84.0,-63.04112243652344,48.33098220825195,20.958877563476562
*c1ccc(Oc2ccc(C(c3ccc(Oc4ccc(N5C(=O)c6ccc(Oc7ccccc7Oc7ccc8c(c7)C(=O)N(*)C8=O)cc6C5=O)cc4C(F)(F)F)cc3)(C(F)(F)F)C(F)(F)F)cc2)c(C(F)(F)F)c1,191.0,237.70867919921875,33.71523666381836,46.70867919921875
*CC(*)(C)C(=O)OCCCc1ccc(/N=N/c2ccc(OC(F)(F)F)cc2)cc1,211.5,151.78636169433594,58.94765090942383,-59.71363830566406
*CCOCCOC(=O)C(CCCCC)C(=O)O*,-47.0,10.58123779296875,53.080970764160156,57.58123779296875
*Oc1c(-c2ccccc2)cc(-c2cc(-c3ccccc3)c(OC(=O)CCCCCCCCC(*)=O)c(-c3ccccc3)c2)cc1-c1ccccc1,98.0,134.06341552734375,49.11051940917969,36.06341552734375
*c1cc(CCCCCCOC(=O)COc2ccccc2)c(*)s1,50.0,94.49063873291016,51.37084197998047,44.490638732910156
*CCC1C(=O)N(CCCCCCCCCCCC)C(=O)C1*,55.400001525878906,64.10154724121094,45.55781936645508,8.701545715332031
*CCC(=O)O*,-24.0,37.06700134277344,34.063987731933594,61.06700134277344
*CC(C)O*,-70.19999694824219,-49.54093933105469,40.0849494934082,20.6590576171875
*c1cccc(OCCCCCCCCOc2cccc(N3C(=O)c4ccc(-c5ccc6c(c5)C(=O)N(*)C6=O)cc4C3=O)c2)c1,138.0,172.34426879882812,70.16088104248047,34.344268798828125
*Oc1ccc(OC(=O)c2ccc(C(*)=O)cc2Oc2ccc3ccccc3c2)cc1,102.0,156.01832580566406,35.55187225341797,54.01832580566406
*CC(*)(C)C(=O)OCc1ccc[se]1,56.0,57.98439025878906,33.665924072265625,1.9843902587890625
*CC(*)c1ccc(CCCCCC)cc1,-27.0,75.98155212402344,106.20067596435547,102.98155212402344
*CCCCCCSS*,-74.0,-69.57321166992188,61.21036148071289,4.426788330078125
*CC(*)C(=O)N1CCOCC1,150.0,78.97455596923828,49.81271743774414,-71.02544403076172
*C(=O)c1ccc2c(c1)C(=O)N(c1cccc(C(=O)N(C)c3ccc(N4C(=O)c5ccc(*)cc5C4=O)cc3)c1)C2=O,260.5,287.7123718261719,44.877777099609375,27.212371826171875
*CC(*)c1c(F)c(F)c(P(=O)(O)O)c(F)c1F,330.0,183.6747589111328,68.79553985595703,-146.3252410888672
*c1ccc(Cc2ccc(N3C(=O)c4ccc(S(=O)(=O)c5ccc6c(c5)C(=O)N(*)C6=O)cc4C3=O)c(C(C)(C)C)c2)cc1C(C)(C)C,336.0,232.60873413085938,72.51736450195312,-103.39126586914062
*Oc1ccc(CC(NC(=O)Cc2ccc(OC(=O)CCCCCCC(*)=O)cc2)C(=O)OCCCCCCCC)cc1,22.0,21.87030792236328,22.828699111938477,-0.12969207763671875
*Nc1ccc(C(C)(C)c2ccc(NC(=O)c3cc(NC(=O)c4ccccc4)cc(C(*)=O)c3)cc2)cc1,303.5,236.6151123046875,82.22700500488281,-66.8848876953125
*c1ccc(Cc2ccc(N3C(=O)CC(Nc4ccc(Cc5ccc(NC6CC(=O)N(*)C6=O)cc5)cc4)C3=O)cc2)cc1,239.0,208.76895141601562,60.599090576171875,-30.231048583984375
*Oc1ccc(Oc2ccc(/C=N/c3ccc(/N=C/c4ccc(*)cc4)cc3)cc2)cc1,117.0,198.67941284179688,66.78722381591797,81.67941284179688
*CCCCCCCC(=O)N*,37.0,34.05804443359375,38.231788635253906,-2.94195556640625
*Oc1cccc2ccc(Oc3ccc(NC(=O)c4ccc(S(=O)(=O)c5ccc(C(=O)Nc6ccc(*)cc6)cc5)cc4)cc3)cc12,259.0,246.05929565429688,54.9983024597168,-12.940704345703125
*CC(*)c1ccc([Si](C)(C)O[Si](C)(C)C)cc1,35.5,42.36296844482422,93.26007080078125,6.862968444824219
*C(=O)c1ccc2c(c1)C(=O)N(c1ccc(Oc3cccc(-c4cc(-c5ccccc5)cc(-c5cccc(Oc6ccc(N7C(=O)c8ccc(*)cc8C7=O)cc6)c5)n4)c3)cc1)C2=O,260.0,253.5596923828125,38.65681076049805,-6.4403076171875
*c1cc(-c2ccc(C(=C3C=C(C(C)(C)C)C(=O)C(C(C)(C)C)=C3)c3cc(C(C)(C)C)c(OC(C)=O)c(C(C)(C)C)c3)cc2)c(*)s1,-4.300000190734863,90.6993408203125,75.52191925048828,94.99934101104736
*CC(=O)Nc1ccc(Oc2ccc(-c3ccc(Oc4ccc(NC(=O)CN5C(=O)c6ccc(C(c7ccc8c(c7)C(=O)N(*)C8=O)(C(F)(F)F)C(F)(F)F)cc6C5=O)cc4)cc3)cc2)cc1,245.0,239.73880004882812,38.1097526550293,-5.261199951171875
*C(=O)Nc1ccc(C2(c3ccc(N4C(=O)c5ccc(*)cc5C4=O)cc3)CCC(C(C)(C)C)CC2)cc1,331.0,201.46144104003906,91.23252868652344,-129.53855895996094
*CC(O)C(O)CN(*)c1ccc(N(C)C)cc1,72.0,101.28866577148438,66.63835144042969,29.288665771484375
*c1ccc(OC(=O)Oc2ccc(C3(*)OC(=O)c4ccccc43)cc2)cc1,252.1999969482422,157.71884155273438,39.13323974609375,-94.48115539550781
*c1cccc(NC(=O)c2ccc(OCCOCCOCCOCCOc3ccc(C(=O)Nc4ccc5[nH]c(*)nc5c4)cc3)cc2)c1,155.0,141.48193359375,41.28359603881836,-13.51806640625
*O[Si](C)(C)O[Si](C)(C)O[Si](C)(C)O[Si](C)(C)c1ccc(Oc2ccc([Si](*)(C)C)cc2)cc1,-52.0,-66.54972839355469,47.88060760498047,-14.549728393554688
*C1C(=O)N(C(C)(C)C)C(=O)C1*,195.0,131.09825134277344,71.32667541503906,-63.90174865722656
*CC(=C)COCC(=C)COC(=O)O*,70.5,97.79318237304688,81.71499633789062,27.293182373046875
*c1ccc2c(c1)C(=O)N(c1ccc(Oc3ccc(N4C(=O)c5ccc(C(*)O[Si](C)(C)C)cc5C4=O)cc3)cc1)C2=O,210.0,199.05259704589844,64.3623275756836,-10.947402954101562
*C#C/C(COS(=O)(=O)c1ccc(C)cc1)=C(/*)COS(=O)(=O)c1ccc(C)cc1,-73.0,125.65672302246094,49.49486541748047,198.65672302246094
*CC(CC(*)(C#N)C#N)c1ccc(OC(C)=O)cc1,180.0,171.29513549804688,72.53752136230469,-8.704864501953125
*c1ccc(Oc2ccc(C(C)(C)c3ccc(Oc4ccc(-c5nnc(*)n5-c5cccc(C(F)(F)F)c5)cc4)cc3)cc2)cc1,190.0,243.6744384765625,63.94053268432617,53.6744384765625
*C(=O)c1ccc2c(c1)C(=O)N(c1cccc(N3C(=O)c4ccc(*)cc4C3=O)c1)C2=O,290.0,352.7387390136719,54.36006164550781,62.738739013671875
*c1ccc(Sc2ccc(Sc3ccc(Sc4ccc(-n5c(=O)c6cc7c(=O)n(*)c(=O)c7cc6c5=O)cc4)cc3)cc2)cc1,234.0500030517578,240.6403045654297,66.94002532958984,6.590301513671875
*/C=C(/*)CCCOc1ccc(OC(=O)c2ccc(OC)cc2)cc1,20.0,58.21880340576172,35.789283752441406,38.21880340576172
*CC(C)(C)O*,40.5,-51.440277099609375,50.651920318603516,-91.94027709960938
*CC(*)n1cncn1,165.0,104.31979370117188,120.0991439819336,-60.680206298828125
*c1ccc(Nc2cccc(Nc3ccc(S(*)(=O)=O)cc3)c2)cc1,145.0,150.01895141601562,65.09309387207031,5.018951416015625
*O[Si](C)(C)O[Si](C)(C)O[Si](C)(C)O[Si](C)(C)Oc1c(*)c2ccccc2c2ccccc12,-35.0,-20.2532958984375,48.27762222290039,14.7467041015625
*CC(*)OCCCCCC,-74.0,-59.63871765136719,33.41740417480469,14.361282348632812
*c1ccc2c(c1)C(=O)N(c1ccc(Oc3ccc(N4C(=O)c5ccc(C(F)(F)C(F)(F)C(*)(F)F)cc5C4=O)cc3)cc1)C2=O,222.0,289.3780517578125,58.27602767944336,67.3780517578125
*O[Si](*)(C)CCCOc1ccc(C(=O)Oc2ccc(-c3ccc(OC(=O)c4ccc(OCC)cc4)cc3)cc2)cc1,74.5999984741211,55.92383575439453,28.67089080810547,-18.676162719726562
*CC(CSC)O*,-37.0,-32.52381896972656,43.99918746948242,4.4761810302734375
*Oc1ccc(C(C)(C)c2ccc(OC(=O)c3ccc(Oc4ccc(C(*)=O)cc4)cc3)cc2)cc1,220.0,171.726318359375,45.99153137207031,-48.273681640625
*Oc1ccc(Sc2ccc(Oc3ccc(-c4ccc(-c5ccc(*)c(C(F)(F)F)c5)cc4)cc3C(F)(F)F)cc2)cc1,164.5,170.4943389892578,33.976478576660156,5.9943389892578125
*c1ccc(Oc2ccc(-c3nc4ccc(-c5ccc6nc(*)c(-c7ccccc7)nc6c5)cc4nc3-c3ccccc3)cc2)cc1,306.0,290.2580261230469,50.5239372253418,-15.741973876953125
*C(=O)c1ccc2c(c1)C(=O)N(c1ccc(Oc3cc(C(C)(C)C)c(Oc4ccc(N5C(=O)c6ccc(*)cc6C5=O)cc4)cc3C(C)(C)C)cc1)C2=O,288.0,259.1313171386719,72.7513656616211,-28.868682861328125
*C(=O)Nc1ccc(Oc2ccc(C(C)(C)c3ccc(Oc4ccc(NC(=O)c5ccc6c(c5)C(=O)N(c5ccc(Oc7cccc8c(Oc9ccc(N%10C(=O)c%11ccc(*)cc%11C%10=O)cc9)cccc78)cc5)C6=O)cc4)cc3)cc2)cc1,235.0,244.71923828125,35.252952575683594,9.71923828125
*c1ccc2c(c1)C(=O)N(c1ccc(C(=O)Nc3ccc(Oc4ccc(NC(=O)c5ccc(N6C(=O)c7ccc(C(*)(C(F)(F)F)C(F)(F)F)cc7C6=O)cc5)cc4)cc3)cc1)C2=O,322.0,322.7458190917969,51.69096374511719,0.745819091796875
*Oc1ccc(S(=O)(=O)c2ccc(Oc3ccc(C4CCCC(C(C)c5ccc(*)cc5)C4)cc3)cc2)cc1,230.0,202.5994873046875,74.72303771972656,-27.4005126953125
*N=P(*)(OCC(F)(F)F)OCC(F)(F)F,-66.0,42.26768493652344,53.438072204589844,108.26768493652344
*c1ccc(OC(=O)c2cc(Cl)cc(C(=O)Oc3ccc(C4(*)OC(=O)c5ccccc54)cc3)c2)cc1,313.0,225.51895141601562,46.88471603393555,-87.48104858398438
*CCCP(CCCNC(=O)CCCCC(=O)N*)c1ccccc1,49.0,40.361541748046875,36.98006057739258,-8.638458251953125
*CC(*)(C)C(=O)OCCO[N+](=O)[O-],55.0,79.19673156738281,73.0290298461914,24.196731567382812
*c1ccc([Si](c2ccccc2)(c2ccccc2)c2ccc(-c3nnc(-c4ccc(-c5nnc(*)o5)nc4)o3)cc2)cc1,272.0,271.44940185546875,54.682674407958984,-0.55059814453125
*c1ccc2c(c1)C(=O)N(c1cccc(C(F)(F)C(F)(F)C(F)(F)C(F)(F)C(F)(F)c3cccc(N4C(=O)c5ccc(C(F)(F)C(F)(F)C(F)(F)C(*)(F)F)cc5C4=O)c3)c1)C2=O,144.0,177.75047302246094,72.64093017578125,33.75047302246094
*Oc1ccc(S(=O)(=O)c2ccc(Oc3ccc(C(C)(C)c4ccc(*)c(Cl)c4)cc3Cl)cc2)cc1,205.0,214.39508056640625,66.48160552978516,9.39508056640625
*Oc1ccc(/N=C/CCC/C=N/c2ccc(OC(=O)NCCCCCCNC(*)=O)cc2)cc1,72.0,99.9433822631836,55.57714080810547,27.943382263183594
*c1ccc(Oc2ccc(-c3ccc(Oc4ccc(-n5c(=O)c6cc7c(=O)n(*)c(=O)c7cc6c5=O)cc4)cc3)cc2)cc1,300.0,252.80935668945312,33.26912307739258,-47.190643310546875
*c1ccc2c(c1)C(=O)N(c1cc(C(c3ccc(OCCN(CC)c4ccc(/N=N/c5ccc([N+](=O)[O-])cc5)cc4)c(N4C(=O)c5ccc(C(*)(C(F)(F)F)C(F)(F)F)cc5C4=O)c3)(C(F)(F)F)C(F)(F)F)ccc1OCCN(CC)c1ccc(/N=N/c3ccc([N+](=O)[O-])cc3)cc1)C2=O,199.0,190.41064453125,32.48005294799805,-8.58935546875
*CC(*)(C)C(=O)OC1CCC(C(C)(C)C)CC1,100.0,107.6571044921875,70.50856018066406,7.6571044921875
*c1cccc(Oc2cccc(Oc3cccc(N4C(=O)C5C6C=CC(C7C(=O)N(*)C(=O)C67)C5C4=O)c3)c2)c1,177.0,248.72315979003906,74.35005950927734,71.72315979003906
*Oc1ccc(S(=O)(=O)c2ccc(Oc3ccc(C(=O)c4cc(Br)cc(C(=O)c5ccc(*)cc5)c4)cc3)cc2)cc1,192.0,183.3790283203125,38.69010543823242,-8.6209716796875
*CCCCCCCCCCCCOc1ccc(OCc2ccc(COc3ccc(O*)cc3)cc2)cc1,24.0,69.41577911376953,70.17350006103516,45.41577911376953
*Oc1ccc(/N=C/CCC/C=N/c2ccc(OC(=O)NC3CC(C)(C)CC(C)(CNC(*)=O)C3)cc2)cc1,66.0,99.87738037109375,59.83198928833008,33.87738037109375
*c1ccc(Oc2ccc(-c3ccc(Oc4ccc(N5C(=O)C(c6ccccc6)=C(c6ccc(C7=C(c8ccccc8)C(=O)N(*)C7=O)cc6)C5=O)cc4)cc3)cc2)cc1,282.0,243.85147094726562,53.36575698852539,-38.148529052734375
*CCCCCCCCOC(=O)Nc1ccc(C)c(NC(=O)O*)c1,64.0,66.68038940429688,49.0090217590332,2.680389404296875
*Nc1ccc(NC(=O)c2ccc(NC(=O)CCCCCCCCCCC(=O)Nc3ccc(C(*)=O)cc3)cc2)cc1C(=O)OCCCCCCCCCCCCCCCC,199.5,205.6141357421875,59.43482208251953,6.1141357421875
*c1ccc(Oc2cccc(Oc3ccc(N4C(=O)c5ccc(-c6ccc7c(c6)C(=O)N(*)C7=O)cc5C4=O)cc3)c2)cc1,234.0,252.80935668945312,33.26912307739258,18.809356689453125
*CC(CSCCCC)O*,-65.0,-75.56390380859375,37.58121109008789,-10.56390380859375
*Oc1ccc(C(=O)c2cccc(C(=O)c3ccc(*)cc3)c2)cc1,139.0,139.6734619140625,31.277706146240234,0.6734619140625
*Cc1cc2cc(C(=O)Nc3ccc(Oc4ccc(NC(=O)c5cc6cc(*)c(OC(=O)COc7ccc8ccc(=O)oc8c7)cc6oc5=O)cc4)cc3)c(=O)oc2cc1OC(=O)COc1ccc2ccc(=O)oc2c1,226.0,233.6229705810547,29.552427291870117,7.6229705810546875
*CC(*)(C)CCC,27.0,-3.595458984375,73.96774291992188,-30.595458984375
*CCOCCOCCOC(=O)C1CCC(C(=O)O*)CC1,-25.0,6.0750274658203125,46.53070068359375,31.075027465820312
*Oc1ccc(NC(=O)c2cc(NC(=O)c3ccc(OC(C)=O)cc3)cc(C(=O)Nc3ccc(Oc4ccc(-c5ccc(*)cc5)cc4)cc3)c2)cc1,252.0,240.82611083984375,44.20055389404297,-11.17388916015625
*c1ccc(Cc2ccc(N3C(=O)C4CCC5C(=O)N(*)C(=O)C5C4C3=O)c(C)c2)cc1C,340.0,210.69186401367188,93.69556427001953,-129.30813598632812
*c1cc(C)c(/N=C/c2ccc(OCc3ccccc3COc3ccc(/C=N/c4cc(C)c(-n5c(=O)c6ccc7c8ccc9c(=O)n(*)c(=O)c%10ccc(c%11ccc(c5=O)c6c7%11)c8c9%10)cc4C)cc3)cc2)cc1C,128.0,208.23297119140625,51.91263961791992,80.23297119140625
*c1ccc(C2(c3ccc(N4C(=O)c5ccc(Oc6ccc7c(c6)C(=O)N(*)C7=O)cc5C4=O)cc3)c3ccccc3-c3ccccc32)cc1,373.0,339.60906982421875,57.252071380615234,-33.39093017578125
*Oc1ccc(S(=O)(=O)c2ccc(-c3ccc(-c4ccc(S(=O)(=O)c5ccc(*)cc5)cc4)cc3)cc2)cc1,311.0,189.5569305419922,60.94344711303711,-121.44306945800781
*/C=C/C1CC(*)C(C(=O)OCCCCCCOc2ccc(-c3ccc(C#N)cc3)cc2)C1C(=O)OCCCCCCOc1ccc(-c2ccc(C#N)cc2)cc1,55.79999923706055,145.2241668701172,89.0269546508789,89.42416763305664
*c1ccc2c(c1)C(=O)N(c1ccc(Oc3ccc(N4C(=O)c5ccc(C(F)(F)C(F)(F)C(F)(F)C(*)(F)F)cc5C4=O)cc3)cc1)C2=O,212.0,249.0338134765625,41.60537338256836,37.0338134765625
*Oc1cccc(Oc2ccc(/N=C/c3ccc(N(c4ccccc4)c4ccc(/C=N/c5ccc(*)cc5)cc4)cc3)cc2)c1,174.0,204.91140747070312,50.2807502746582,30.911407470703125
*C(=O)c1cccc(C(=O)c2ccc3c(c2)C(=O)N(c2ccc(C(c4ccc(N5C(=O)c6ccc(*)cc6C5=O)cc4)(C(F)(F)F)C(F)(F)F)cc2)C3=O)c1,262.5,255.8110809326172,37.75813674926758,-6.6889190673828125
*/C(C)=C(/*)c1ccc([Si](C)(C)C)cc1,-5.0,22.791297912597656,49.62416458129883,27.791297912597656
*c1c(C)cc(-c2cc(C)c(N3C(=O)c4ccc(-c5ccc6c(c5)C(=O)N(*)C6=O)cc4C3=O)c(C)c2)cc1C,285.0,250.13394165039062,77.85694885253906,-34.866058349609375
*Oc1ccc(Oc2ccc(NC(=O)c3ccc(-c4ccc(C(=O)Nc5ccc(*)cc5)c(C)c4)cc3C)cc2)cc1,219.0,222.1927490234375,62.66164016723633,3.1927490234375
*c1ccc(Oc2ccc(-c3ccc(Oc4ccc(N5C(=O)c6ccc(Oc7ccc(Sc8ccc(Oc9ccc%10c(c9)C(=O)N(*)C%10=O)cc8)cc7)cc6C5=O)cc4)cc3)cc2)cc1,205.0,192.70928955078125,32.96025466918945,-12.29071044921875
*Oc1ccc(CC(NC(=O)CCc2ccc(OC(=O)COCC(*)=O)cc2)C(=O)OCc2ccccc2)cc1,76.0,68.54454803466797,13.917922019958496,-7.455451965332031
*/C=C/C1CC(*)C(F)(F)C1(F)OC(F)(F)C(F)(F)C(F)(F)F,77.0,62.74073028564453,41.280487060546875,-14.259269714355469
*N=P(*)(OCC1COCCOCCOCCOCCO1)OCC1COCCOCCOCCOCCO1,-40.0,-48.581573486328125,44.949039459228516,-8.581573486328125
*c1ccc(Oc2ccc(C(=O)c3cccc(C(=O)c4ccc(Oc5ccc(N6C(=O)c7ccc(Oc8ccc9c(c8)C(=O)N(*)C9=O)cc7C6=O)cc5C(F)(F)F)cc4)n3)cc2)c(C(F)(F)F)c1,212.1999969482422,231.01431274414062,30.39520263671875,18.814315795898438
*c1ccc(Oc2ccc(-c3cc(-c4ccccc4)c4cc(-c5ccc6nc(*)cc(-c7ccccc7)c6c5)ccc4n3)cc2)cc1,305.0,317.51373291015625,47.88685607910156,12.51373291015625
*CC(*)(C)C(=O)OCCCCC(F)(F)C(F)(F)C(F)(F)C(F)(F)F,23.0,6.5253143310546875,39.364688873291016,-16.474685668945312
*O[Si](*)(C)CCCOc1ccc(C(=O)Oc2ccc(-c3ccc(OC(=O)c4cc(OCC)c(OCC)c(OCC)c4)cc3)cc2)cc1,61.29999923706055,73.94081115722656,33.030311584472656,12.640811920166016
*ON(C(F)(F)F)C(F)(Br)C(*)(F)F,3.0,-17.504638671875,40.07609176635742,-20.504638671875
*CC(*)OCCCC,-51.0,-51.61833190917969,37.2789192199707,-0.6183319091796875
*C(=O)OCC(C)(C)COC(=O)N1CCN(*)CC1,70.0,69.6187973022461,46.773311614990234,-0.38120269775390625
*Oc1cccc(Oc2cccc(NC(=O)c3cccc(Oc4cccc(Oc5cccc(C(=O)Nc6cccc(*)c6)c5)c4)c3)c2)c1,137.5,224.93670654296875,59.11253356933594,87.43670654296875
*C(=O)c1cccc(C(=O)N(*)c2ccccc2)c1,148.0,165.948486328125,57.44369888305664,17.948486328125
*CC(*)(C)C(=O)OCCCCc1ccc(/N=N/c2ccc(OC(F)(F)F)cc2)cc1,203.5,164.05075073242188,69.05620574951172,-39.449249267578125
*c1ccc(-c2cnc3cc(-c4ccc5nc(*)cnc5c4)ccc3n2)cc1,350.0,375.38427734375,54.8635139465332,25.38427734375
*Oc1ccc(/N=C/c2ccc(N(c3ccccc3)c3ccc(/C=N/c4ccc(*)cc4)cc3)cc2)cc1,162.0,210.42718505859375,59.54802703857422,48.42718505859375
*CC(*)C(=O)c1ccccc1,72.75,112.77489471435547,46.923675537109375,40.02489471435547
*CC(*)(C)C(=O)OCCCCCCCCCCCn1c2ccccc2c2ccccc21,31.0,35.84711456298828,27.215259552001953,4.847114562988281
*c1ccc(Oc2ccc(C(c3ccc(Oc4ccc(N5C(=O)CC(=O)N(*)C5=S)cc4)cc3)(C(F)(F)F)C(F)(F)F)cc2)cc1,147.0,263.09722900390625,69.77082061767578,116.09722900390625
*CCCCCCS(=O)(=O)c1ccc(/N=N/c2ccc(N(C)CCCCCC(=O)O*)cc2)cc1,60.5,82.5594482421875,60.76759338378906,22.0594482421875
*CCCCCCCCCCC(=O)NCCc1ccc(CCNC(=O)CCCCCCCCCCS*)cc1,58.0,43.70252990722656,26.199146270751953,-14.297470092773438
*C(=O)c1ccc(Oc2ccc(C(C)(C)c3ccc(Oc4ccc(C(=O)c5ccc6c(c5)C(=O)N(c5ccc(Oc7ccc(N8C(=O)c9ccc(*)cc9C8=O)cc7)cc5)C6=O)cc4)cc3)cc2)cc1,217.0,235.90811157226562,34.24363327026367,18.908111572265625
*c1ccc(C(c2ccc(N3C(=O)c4ccc(Oc5cccc6c(Oc7ccc8c(c7)C(=O)N(*)C8=O)cccc56)cc4C3=O)cc2)(C(F)(F)F)C(F)(F)F)cc1,276.0,292.7735290527344,46.182559967041016,16.773529052734375
*c1ccc(-c2nc3cc4nc(-c5ccccc5)c(*)nc4cc3nc2-c2ccccc2)cc1,395.0,361.5509033203125,55.98966979980469,-33.4490966796875
*c1ccc(Cc2ccc(N3C(=O)c4ccc([Si](C)(C)O[Si](C)(C)c5ccc6c(c5)C(=O)N(*)C6=O)cc4C3=O)cc2)cc1,232.0,220.98236083984375,81.6021957397461,-11.01763916015625
*C(=O)c1cccc(C(=O)c2ccc3c(c2)C(=O)N(c2ccc(Oc4ccc(N5C(=O)c6ccc(*)cc6C5=O)cc4)cc2)C3=O)c1,244.0,241.44371032714844,30.29912567138672,-2.5562896728515625
*c1c(C)cc(C(c2cccnc2)c2cc(C)c(N3C(=O)CC(Nc4ccc(NC5CC(=O)N(*)C5=O)cc4)C3=O)c(C)c2)cc1C,231.0,218.95895385742188,90.00436401367188,-12.041046142578125
*CC(*)(C)C(=O)OC1CCCCC1C,85.0,86.24723815917969,66.7872543334961,1.2472381591796875
*C(=O)c1ccc2c(c1)C(=O)N(c1cccc(Cc3ccc(Cc4ccc(Cc5cccc(N6C(=O)c7ccc(*)cc7C6=O)c5)cc4)cc3)c1)C2=O,235.5,244.68617248535156,46.193016052246094,9.186172485351562
*c1ccc(-c2nnc(*)o2)c(OCCCCC)c1,205.0,155.48033142089844,67.02672576904297,-49.51966857910156
*CC(*)(C)C(=O)OC(OCC)C(F)(F)F,60.0,0.51678466796875,54.505733489990234,-59.48321533203125
*Oc1ccc(CC(NC(=O)CCc2ccc(OC(=O)CCC(*)=O)cc2)C(=O)OC)cc1,91.5,62.2384033203125,17.215803146362305,-29.2615966796875
*Oc1ccc(C(=O)c2ccc(Oc3ccc(C4(c5ccc(*)cc5)c5ccccc5-c5ccccc54)cc3)cc2)c2ccccc12,260.0,250.05625915527344,41.63145446777344,-9.943740844726562
*Sc1ccc(Nc2ccc(Nc3ccc(*)cc3)cc2)cc1,114.0,116.03431701660156,58.471805572509766,2.0343170166015625
*CCCCCCCCCCCCOC(=O)NCc1ccc(CNC(=O)O*)cc1,45.0,51.33903503417969,51.84742736816406,6.3390350341796875
*CCCOC(=O)c1cccc(C(=O)O*)c1,36.0,52.93103790283203,31.01031494140625,16.93103790283203
*C(=O)Nc1ccc(C(=O)c2ccc(NC(=O)c3ccc4c(c3)C(=O)N(c3cccc(P(=O)(c5ccccc5)c5cccc(N6C(=O)c7ccc(*)cc7C6=O)c5)c3)C4=O)cc2)cc1,238.0,214.9986114501953,29.09967613220215,-23.001388549804688
*c1cccc(P(=O)(c2ccccc2)c2cccc(-n3c(=O)c4c(-c5cc(C(F)(F)F)cc(C(F)(F)F)c5)c5c(=O)n(*)c(=O)c5c(-c5cc(C(F)(F)F)cc(C(F)(F)F)c5)c4c3=O)c2)c1,324.0,294.7969055175781,52.12962341308594,-29.203094482421875
*/C(Cl)=C(/*)CCCC,190.0,30.476119995117188,68.79776000976562,-159.5238800048828
*CC(*)(C)C(=O)OCCCCCCCCCCOc1ccc(OC(=O)c2ccc(OCCCCCCCC)cc2)cc1,12.0,-1.86346435546875,52.228416442871094,-13.86346435546875
*CCNC(=O)c1ccc([Si](C)(C)c2ccc(C(=O)NCCN(*)c3ccc(/C=C/c4ccc([N+](=O)[O-])cc4)cc3)cc2)cc1,150.0,153.42710876464844,63.191986083984375,3.4271087646484375
*CC(*)c1ccncc1,150.0,109.74821472167969,60.75927734375,-40.25178527832031
*c1ccc2c(c1)C(=O)N(c1ccc(C(c3ccccc3)(c3ccc(N4C(=O)c5ccc(C(*)(C(F)(F)F)C(F)(F)F)cc5C4=O)cc3)C(F)(F)F)cc1)C2=O,305.0,305.67047119140625,50.699317932128906,0.67047119140625
*C(=O)c1ccc2c(c1)C(=O)N(c1ccc(C3(C)CC(C)(C)c4ccc(N5C(=O)c6ccc(*)cc6C5=O)cc43)cc1)C2=O,320.0,238.65679931640625,65.17031860351562,-81.34320068359375
*CCCCCCN1C(=O)c2ccc(C(=O)Nc3ccc(S(=O)(=O)c4cccc(NC(=O)c5ccc6c(c5)C(=O)N(*)C6=O)c4)cc3)cc2C1=O,190.0,198.5571746826172,54.163692474365234,8.557174682617188
*CC(*)C1CCCC1,75.0,60.140968322753906,104.6829605102539,-14.859031677246094
*Oc1ccc(CC(NC(=O)CCc2ccc(OC(=O)COCCOCC(*)=O)cc2)C(=O)OCCCCCCCC)cc1,16.0,19.52039337158203,20.569011688232422,3.5203933715820312
*Oc1ccc(S(=O)(=O)c2ccc(Oc3ccc(C(c4ccc(*)cc4)C(C)C)cc3)cc2)cc1,200.0,213.75518798828125,69.37281799316406,13.75518798828125
*c1ccc(Nc2ccc(C3(c4ccc(Nc5ccc(S(*)(=O)=O)cc5)c(C)c4)c4ccccc4-c4ccccc43)cc2C)cc1,269.0,238.625,59.793155670166016,-30.375
*CC(*)CCCCCCC,-47.0,-53.538818359375,48.764347076416016,-6.538818359375
*OC(=O)c1ccc(CCCCCCc2ccc(C(*)=O)cc2)cc1,20.0,145.3242645263672,87.98563385009766,125.32426452636719
*N=P(*)(OCCCOC1COCCOCCOCCOCCOC1)OCCCOC1COCCOCCOCCOCCOC1,-19.600000381469727,-80.41716003417969,46.8453369140625,-60.81715965270996
*c1ccc(-c2ccc(N3C(=O)c4ccc(Oc5c(C)cc(C(C)(C)c6cc(C)c(Oc7ccc8c(c7)C(=O)N(*)C8=O)c(C)c6)cc5C)cc4C3=O)cc2C(F)(F)F)c(C(F)(F)F)c1,262.0,259.62408447265625,55.560081481933594,-2.37591552734375
*/C=C/CCCCCC*,-78.0,77.8951416015625,88.58174896240234,155.8951416015625
*CC(*)(CC(=O)O)C(=O)O,141.0,86.14857482910156,96.80384826660156,-54.85142517089844
*O[Si](C)(C)O[Si](C)(C)O[Si](C)(C)O[Si](C)(C)OC(C)CCCCC(*)C,-98.0,-97.1253662109375,49.609737396240234,0.8746337890625
*CC(*)(C)C(=O)OCCN(C)C,28.6200008392334,22.946327209472656,58.359737396240234,-5.673673629760742
*c1cccc(C(=O)Nc2ccc(Oc3ccc(Oc4ccc(NC(=O)c5cccc(N6C(=O)c7ccc(-c8cccc9c8C(=O)N(*)C9=O)cc7C6=O)c5)cc4)cc3)cc2)c1,268.0,257.30255126953125,31.927452087402344,-10.69744873046875
*CCOCCOCCOc1ccc(/C=C/c2cc(OC)c(/C=C/c3ccc(O*)c4ccccc34)cc2OC)c2ccccc12,79.5,160.93511962890625,79.96311950683594,81.43511962890625
*CC(*)F,41.0,37.46979522705078,46.223636627197266,-3.5302047729492188
*CC(=O)Nc1ccc(Oc2ccc(NC(=O)c3ccc4c(c3)C(=O)N(*)C4=O)cc2)cc1,262.0,287.5855712890625,73.31489562988281,25.5855712890625
*CCOCCOC(=O)CCCCCCCCCCC(=O)O*,-71.0,-40.30859375,55.17015075683594,30.69140625
*CC(*)(F)C(=O)OCCC,62.0,82.61201477050781,58.249202728271484,20.612014770507812
*CCCC(C)(C)CCCNC(=O)c1ccc(C(=O)N*)cc1,152.0,136.55487060546875,57.59846878051758,-15.44512939453125
*Nc1ccc(Cc2ccc(NC(=O)c3cc(NC(=O)c4ccncc4)cc(C(*)=O)c3)cc2)cc1,302.0,276.026123046875,78.6680908203125,-25.973876953125
*Oc1ccc(CC(NC(=O)Cc2ccc(OC(=O)CCCCC(*)=O)cc2)C(=O)OCCCCCCCC)cc1,28.0,33.155487060546875,18.218870162963867,5.155487060546875
*c1ccc(-c2ccc(-c3cc(-c4ccc(Oc5ccc(-c6cc(*)nc7ccccc67)cc5)cc4)c4ccccc4n3)cc2)cc1,326.0,317.51373291015625,47.88685607910156,-8.48626708984375
*c1ccc(S(=O)(=O)c2ccc(-n3nccc3-c3ccc(-c4ccnn4*)cc3)cc2)cc1,266.0,217.61090087890625,78.73493957519531,-48.38909912109375
*CCc1ccc(*)s1,26.0,50.27991485595703,33.36317825317383,24.27991485595703
*CCCCCCCCCCOC(=O)c1ccc(C(=O)O*)cc1,10.5,10.6600341796875,35.16417694091797,0.1600341796875
*c1ccc(Sc2ccc(Sc3ccc(Sc4ccc(N5C(=O)c6ccc(Sc7ccc(Sc8ccc(Sc9ccc%10c(c9)C(=O)N(*)C%10=O)cc8)cc7)cc6C5=O)cc4)cc3)cc2)cc1,176.4499969482422,184.22552490234375,42.33988571166992,7.7755279541015625
*c1ccc(-c2ccc(-c3ccc(-c4ccc(-c5ccc6c(c5)C(=O)N(c5ccc(Oc7ccc(N8C(=O)c9ccc(*)cc9C8=O)cc7)cc5)C6=O)cc4)cc3)cc2)cc1,244.0,261.4427795410156,57.425655364990234,17.442779541015625
*c1cccc(N2C(=O)c3ccc(Oc4ccc5c(c4)C(=O)N(*)C5=O)cc3C2=O)c1,280.0,364.7781982421875,55.666873931884766,84.7781982421875
*c1sc(*)c(CCCCCCN(CC)c2ccc(/N=N/c3ccc([N+](=O)[O-])cc3)cc2)c1CCCCCC,17.0,56.872467041015625,46.01805877685547,39.872467041015625
*CC(*)c1ccc(C(=O)N2CCCCC2)cc1,114.0,96.45317840576172,46.780120849609375,-17.54682159423828
*CCN(*)C(=O)CCCCC,7.0,34.05804443359375,38.231788635253906,27.05804443359375
*C(F)(F)C1(F)C(F)(F)C(*)(F)C(F)(F)C(F)(Cl)C1(F)F,147.0,144.01463317871094,52.93102264404297,-2.9853668212890625
*c1ccc(Oc2ccc(-c3ccc(Oc4ccc(N5C(=O)c6cccc(Oc7cc(C(C)(C)C)c(Oc8cccc9c8C(=O)N(*)C9=O)cc7C(C)(C)C)c6C5=O)cc4)cc3)cc2)cc1,275.0,257.62078857421875,53.328731536865234,-17.37921142578125
*Nc1cc(NC(=O)c2ccc(C(*)=O)cc2)cc(C(=O)OCCOC(=O)/C=C/c2ccc(N(C)C)cc2)c1,198.0,155.98658752441406,39.57435607910156,-42.01341247558594
*c1ccc(N(c2ccc(C#N)cc2)c2ccc(N3C(=O)c4ccc(Oc5ccc(C6(c7ccc(Oc8ccc9c(c8)C(=O)N(*)C9=O)cc7)CCCCC6)cc5)cc4C3=O)cc2)cc1,243.0,243.2484588623047,62.09702682495117,0.2484588623046875
*CC(*)C(=O)OCCCSCC,-76.0,-40.770843505859375,45.29877471923828,35.229156494140625
*O[Si](c1ccccc1)(c1ccccc1)c1cccc(*)c1,62.0,103.98112487792969,41.8216552734375,41.98112487792969
*c1ccc(C(c2ccccc2)c2ccc(N(c3ccc(C)cc3)c3ccc(-c4ccc(N(*)c5ccc(C)cc5)cc4)cc3)cc2)cc1,239.0,191.4149169921875,69.2453384399414,-47.5850830078125
*CC(*)C(=O)OCCCCCC(=O)Oc1ccc(-c2ccc(C#N)cc2)cc1,38.0,60.73290252685547,49.96003341674805,22.73290252685547
*CCCOCCCOC(=O)c1ccc(-c2ccc(C(=O)O*)cc2)cc1,18.5,54.094444274902344,33.049957275390625,35.594444274902344
*CCCCNC(=O)Cc1ccc(C(=O)N*)cc1,84.0,148.35951232910156,61.204551696777344,64.35951232910156
*CCCCCCCCOC(=O)NNC(=O)CCCCCCCCC(=O)NNC(=O)O*,38.0,29.126976013183594,45.55754852294922,-8.873023986816406
*CC(*)c1cc(Br)ccc1OCCC,54.0,40.21307373046875,37.68173599243164,-13.78692626953125
*CCOCCOC(=O)CC(=O)O*,-41.5,2.3682403564453125,82.9525375366211,43.86824035644531
*C(=O)Oc1c(C)cc(C(C)(C)c2cc(C)c(OC(=O)c3ccc4c(c3)C(=O)N(c3ccc(-c5ccc(N6C(=O)c7ccc(*)cc7C6=O)cc5C)c(C)c3)C4=O)c(C)c2)cc1C,182.0,243.04055786132812,58.35603332519531,61.040557861328125
*/N=N/c1ccc(Nc2ccc(C(=O)c3ccc(C(=O)c4ccc(Nc5ccc(*)cc5)cc4)cc3)cc2)cc1,203.0,228.07554626464844,61.065391540527344,25.075546264648438
*Oc1ccc(C(C)(C)c2ccc(Oc3ccc(C(=O)Nc4ccc(-c5ccc(NC(=O)c6ccc(*)cc6)cc5C(F)(F)F)c(C(F)(F)F)c4)cc3)cc2)cc1,250.0,254.50765991210938,55.263851165771484,4.507659912109375
*c1ccc(CC(=O)Nc2cccc(NC(=O)Cc3ccc(-c4sc(*)c(-c5ccccc5)c4-c4ccccc4)cc3)c2)cc1,228.0,212.216796875,56.91128158569336,-15.783203125
*O[Si](*)(CCCOCCOCCOCCOC)CCCOCCOCCOCCOC,-69.19999694824219,-78.65708923339844,39.17239761352539,-9.45709228515625
*CCOP(=O)(/N=N/c1ccc(Oc2ccc(/N=N/P(=O)(O*)OCC)cc2)cc1)OCC,22.0,33.57023620605469,25.838638305664062,11.570236206054688
*c1ccc(Oc2ccc(S(=O)(=O)c3ccc(Oc4ccc(-c5nc(-c6ccc(-c7nc(*)c(-c8ccccc8)[nH]7)cc6)[nH]c5-c5ccccc5)cc4)cc3)cc2)cc1,301.0,257.48516845703125,55.61452865600586,-43.51483154296875
*C/C=C/COC(=O)NCCCCCCNC(=O)O*,-41.5,43.68296813964844,47.07483673095703,85.18296813964844
*c1ccc(Oc2ccc(C(C)(C)c3ccccc3)cc2)c(-n2c(=O)c3cc4c(=O)n(*)c(=O)c4cc3c2=O)c1,340.0,232.2470245361328,77.41240692138672,-107.75297546386719
*c1cccc(C(=O)Nc2ccc(Oc3cccc(Oc4ccc(NC(=O)c5cccc(N6C(=O)c7ccc(-c8cccc9c8C(=O)N(*)C9=O)cc7C6=O)c5)cc4)c3)cc2)c1,253.0,257.30255126953125,31.927452087402344,4.30255126953125
*C(=O)c1ccc2c(c1)C(=O)N(c1ccc(Sc3ccc(N4C(=O)c5ccc(*)cc5C4=O)cn3)nc1)C2=O,246.0,295.0655517578125,58.775718688964844,49.0655517578125
*Sc1ccc2c(c1)Sc1ccc(*)cc1S2,209.89999389648438,201.69627380371094,46.02757263183594,-8.203720092773438
*OP(=O)(Oc1cccc2c(*)cccc12)OC1CCCCC1,134.0,60.01033020019531,36.820899963378906,-73.98966979980469
*CCCC(C)(C)CNC(=O)CCCCC(=O)N*,77.0,49.29821014404297,34.051239013671875,-27.70178985595703
*O[Si](*)(C)CCCOc1ccc(C(=O)OC2CCC3(C)C(=CCC4C3CCC3(C)C(C(C)CCCC(C)C)CCC43)C2)cc1,67.07499694824219,33.304405212402344,37.768733978271484,-33.770591735839844
*CC(*)c1ccccc1C(=O)OCCC(C)C,68.0,68.42546844482422,51.02984619140625,0.42546844482421875
*Oc1cccc(OC(=O)CCC(*)=O)c1,38.20000076293945,67.73926544189453,34.11367416381836,29.539264678955078
*c1cc(/C=N/C(=S)Nc2ccc(-n3c(=O)c4cc5c(=O)n(*)c(=O)c5cc4c3=O)cc2)ccc1Cl,276.0,273.040771484375,62.593772888183594,-2.959228515625
*CCCCCCCCCCOc1ccc(/C=C/c2ccc(OCCCCCCCCCCOP(=O)(O*)OCCCCCCCCCCOc3ccc(/N=N/c4ccc([N+](=O)[O-])cc4)cc3)cc2)cc1,50.0,52.55693054199219,34.2316780090332,2.5569305419921875
*CCCCCCCC(c1ccc(O)cc1)C(*)c1ccc(O)cc1C,4.0,35.93669891357422,53.8542366027832,31.93669891357422
*c1ccc(Oc2ccc(NC(=O)c3cc(NC(=O)c4ccc(OC(C)=O)cc4)cc(C(=O)Nc4ccc(Oc5ccc(-c6nnc(*)o6)cc5)cc4)c3)cc2)cc1,270.0,232.52760314941406,40.83659744262695,-37.47239685058594
*Oc1ccc(S(=O)(=O)c2ccc(Oc3ccc(/C=N/c4ccc(Oc5ccc(-c6ccc(Oc7ccc(/N=C/c8ccc(*)cc8)cc7)cc6)cc5)cc4)cc3)cc2)cc1,127.0,237.1453857421875,63.055477142333984,110.1453857421875
*C(=O)c1ccc2c(c1)C(=O)N(c1ccc(OCCOCCOc3ccc(N4C(=O)c5ccc(*)cc5C4=O)cc3)cc1)C2=O,235.0,170.59332275390625,65.3019027709961,-64.40667724609375
*CCCCCCOC(=O)c1cc(/N=N/c2ccc(OCC)cc2)ccc1-c1ccc(/N=N/c2ccc(OCC)cc2)cc1C(=O)O*,83.0,138.38919067382812,60.27218246459961,55.389190673828125
*C(=O)c1ccc2c(c1)C(=O)N(c1ccc(-c3ccc(NC(=O)c4cccc(C(=O)Nc5ccc(-c6ccc(N7C(=O)c8ccc(*)cc8C7=O)cc6)cc5)c4)cc3)cc1)C2=O,238.0,260.06671142578125,36.78738021850586,22.06671142578125
*CCCCNC(=O)c1ccc(C(C)(CC)c2ccc(C(=O)N*)cc2)cc1,182.0,97.57264709472656,53.43549728393555,-84.42735290527344
*O[Si](C)(C)c1cccc(C(F)(F)C(F)(F)c2cccc([Si](*)(C)C)c2)c1,-2.0,0.57257080078125,31.76785659790039,2.57257080078125
*CCCCCCOC(=O)OCCCCCCCCCCCCOC(=O)OCCCCCCOc1ccc(Oc2ccc(O*)cc2)cc1,-22.0,-15.266204833984375,42.79931640625,6.733795166015625
*c1ccc(Oc2cccc(-n3c(=O)c4cc5c(=O)n(*)c(=O)c5cc4c3=O)c2)cc1,397.0,364.7781982421875,55.666873931884766,-32.2218017578125
*OC(=O)Nc1ccc(C)c(NC(=O)OC2CCN(c3ccc(/C=C/C4=CC(=C(C#N)C#N)C=C(/C=C/c5ccc(N6CCC(*)CC6)s5)O4)s3)CC2)c1,212.0,190.65347290039062,66.43291473388672,-21.346527099609375
*O[Si](C)(C)O[Si](C)(C)O[Si](C)(C)c1ccc([Si](*)(C)C)cc1,-62.0,-86.10102844238281,52.0305290222168,-24.101028442382812
*Oc1ccc(CC(NC(=O)CCc2ccc(OC(=O)COCCOCC(*)=O)cc2)C(=O)OCc2ccccc2)cc1,55.0,59.2041015625,12.771052360534668,4.2041015625
*c1cccc(-c2nc3cc(-c4ccc5c(c4)nc(*)n5C)ccc3[nH]2)c1,346.6600036621094,327.1474304199219,57.27886199951172,-19.5125732421875
*Oc1ccc(C(C)(c2ccccc2)c2ccc(Oc3ccc(C(=O)C(=O)c4ccc(*)cc4)cc3)cc2)cc1,177.0,169.21046447753906,39.71261978149414,-7.7895355224609375
*c1ccc(Oc2ccc(-c3cc(-c4ccccc4)c4cc(C5(c6ccc7nc(*)cc(-c8ccccc8)c7c6)c6ccccc6C(=O)c6ccccc65)ccc4n3)cc2)cc1,320.0,319.6647033691406,46.45237350463867,-0.335296630859375
*C1CCC(CC2CCC(N3C(=O)C4C5C=CC(C6C(=O)N(*)C(=O)C56)C4C3=O)C(C)C2)CC1C,241.0,81.47534942626953,63.52878189086914,-159.52465057373047
*Oc1ccc(/N=C/CCC/C=N/c2ccc(OC(=O)Nc3cc(NC(*)=O)ccc3C)cc2)cc1,69.0,159.31460571289062,68.31390380859375,90.31460571289062
*Oc1ccc(-c2ccc(OC(=O)CCCCCCCCCCCCC(*)=O)cc2)cc1,95.0,50.93269348144531,43.67284393310547,-44.06730651855469
*c1c(C)cc(Cc2cc(C)c(N3C(=O)c4ccc(Oc5cccc6c(Oc7ccc8c(c7)C(=O)N(*)C8=O)cccc56)cc4C3=O)c(C)c2)cc1C,281.0,258.6219482421875,50.348228454589844,-22.3780517578125
*c1cccc(N2C(=O)c3ccc(-c4cccc5c4C(=O)N(*)C5=O)cc3C2=O)c1,341.0,365.436279296875,54.209632873535156,24.436279296875
*CC(*)(C)C(=O)OCCCCCCN1CCN(c2ccc(/N=N/c3ccc(C=C(C#N)C#N)cc3)cc2)CC1,83.0,91.34921264648438,45.77935028076172,8.349212646484375
*C1CCCC(S(*)(=O)=O)C1,108.0,66.56929779052734,40.79845428466797,-41.430702209472656
*CC(*)C(=O)OCC(F)(F)C(F)(F)OC(F)(F)C(F)(F)C(F)(F)C(F)(F)F,-68.0,-33.75114440917969,55.663604736328125,34.24885559082031
*CC(*)C1CCC(C(C)(C)C)CC1,131.0,40.89954376220703,95.28660583496094,-90.10045623779297
*CC(*)c1c(F)c(F)c(OCC(F)(F)C(F)(F)C(F)(F)C(F)(F)C(F)(F)C(F)(F)C(F)(F)F)c(F)c1F,21.0,23.42737579345703,27.030046463012695,2.4273757934570312
*c1cccc(P(=O)(c2ccccc2)c2cccc(-n3c(=O)c4c(-c5ccccc5)c5c(=O)n(*)c(=O)c5c(-c5ccccc5)c4c3=O)c2)c1,342.0,266.1553955078125,48.82292556762695,-75.8446044921875
*CCC(CC)CC(C)CNC(=O)c1ccc(C(=O)N*)cc1,139.0,136.55487060546875,57.59846878051758,-2.44512939453125
*CCOCCOC(=O)c1ccccc1C(=O)O*,-50.0,26.204627990722656,56.2388801574707,76.20462799072266
*Oc1ccc(CC(NC(=O)Cc2ccc(OC(=O)CCCCCCC(*)=O)cc2)C(=O)OCC)cc1,54.0,54.040008544921875,15.35721206665039,0.040008544921875
*c1cc(C)c(Cc2cc(C)c(N3C(=O)c4ccc(Oc5ccc(Oc6ccc7c(c6)C(=O)N(*)C7=O)cc5)cc4C3=O)cc2C)cc1C,278.0,257.4327087402344,60.271270751953125,-20.567291259765625
*CC(CCCCCCCCCCCCCCCC)C1C(=O)N(CCCCNC(=O)C(F)(F)C(F)(F)C(F)(F)C(F)(F)C(F)(F)C(F)(F)C(F)(F)F)C(=O)C1*,63.0,38.51447296142578,41.831172943115234,-24.48552703857422
*CCCCCCOC(=O)NCCCCCCNC(=O)O*,168.0,50.724342346191406,44.08173751831055,-117.2756576538086
*Nc1ccc(NC(=O)c2cc(-c3ccc(C(=O)O)c(C(*)=O)c3)ccc2C(=O)O)cc1,248.39999389648438,209.56246948242188,99.64904022216797,-38.8375244140625
*CCN(*)C(=O)CCCCCC,10.0,45.175994873046875,31.223834991455078,35.175994873046875
*CC(*)C(=O)OC1CC(C)CC(C)(C)C1,15.0,29.48101043701172,84.05224609375,14.481010437011719
*CC(*)(C)C(=O)OCC(F)(F)C(F)(F)C(F)(F)C(F)(F)C(F)(F)C(F)F,12.5,-0.1644287109375,28.824968338012695,-12.6644287109375
*c1ccc(-c2sc(-c3cc(CCCCCCCCCCCC)c(*)s3)cc2CCCCCCCCCCCC)cc1,59.599998474121094,45.77582550048828,33.93137741088867,-13.824172973632812
*CCCCCCN1C(=O)C(=O)N(c2ccc(Cc3ccc(N4C(=O)C(=O)N(*)C4=O)cc3)cc2)C1=O,158.0,148.0587615966797,60.74764633178711,-9.941238403320312
*c1ccc(Oc2ccc(-c3ccc(Oc4ccc(N5C(=O)c6ccc(Oc7ccc8cc(Oc9ccc%10c(c9)C(=O)N(*)C%10=O)ccc8c7)cc6C5=O)cc4)cc3)cc2)cc1,230.0,223.499755859375,24.41446876525879,-6.500244140625
*Oc1ccc2ccc(Oc3ccc(C(=O)Nc4ccc(Oc5ccc(C(C)(C)c6ccc(C(C)(C)c7ccc(Oc8ccc(NC(=O)c9ccc(*)cc9)cc8)cc7)cc6)cc5)cc4)cc3)cc2c1,166.0,207.32211303710938,51.74424743652344,41.322113037109375
*Oc1ccc(S(=O)(=O)c2ccc(Oc3c(C)cc(C(C)(C)c4cc(C)c(*)c(C)c4)cc3C)cc2C(O)(C(F)(F)F)C(F)(F)F)c(C(O)(C(F)(F)F)C(F)(F)F)c1,187.0,188.71701049804688,52.571128845214844,1.717010498046875
*CC(*)c1ccc([Si](C)(C)O[Si](C)(C)O[Si](C)(C)C)cc1,-27.0,-36.47648620605469,42.746131896972656,-9.476486206054688
*c1c(C)cc(-c2cc(C)c(N3C(=O)c4cccc(Oc5c(C)cc(Cc6cc(C)c(Oc7cccc8c7C(=O)N(*)C8=O)c(C)c6)cc5C)c4C3=O)c(C)c2)cc1C,276.0,273.0655212402344,72.6030044555664,-2.934478759765625
*c1ccc2c(c1)C(=O)N(c1ccc(Oc3ccc(N4C(=O)c5ccc(C(F)(F)C(F)(F)C(F)(F)C(F)(F)C(F)(F)C(F)(F)C(F)(F)C(*)(F)F)cc5C4=O)cc3)cc1)C2=O,186.0,158.86904907226562,54.501953125,-27.130950927734375
*c1cc(C)c(/N=C/c2ccc(OCc3ccc(COc4ccc(/C=N/c5cc(C)c(-n6c(=O)c7ccc8c9ccc%10c(=O)n(*)c(=O)c%11ccc(c%12ccc(c6=O)c7c8%12)c9c%10%11)cc5C)cc4OC)cc3)c(OC)c2)cc1C,145.0,219.14443969726562,49.408836364746094,74.14443969726562
*O[Si](*)(C)CCCOc1ccc(C(=O)OCCOc2ccc(C(=O)OC3CCC4(C)C(=CCC5C4CCC4(C)C(C(C)CCCC(C)C)CCC54)C3)cc2)cc1,42.0,12.863815307617188,42.78078079223633,-29.136184692382812
*c1ccc(C(=O)OCCCCCCCCCCCCOC(=O)c2ccc(-c3nnc(*)s3)cc2)cc1,68.0,88.68937683105469,59.16203689575195,20.689376831054688
*CC1CC(*)OCO1,68.0,7.051025390625,63.72222137451172,-60.948974609375
*Cc1ccc(C(C)(C)c2ccc(CN3C(=O)c4ccc(C(c5ccc6c(c5)C(=O)N(*)C6=O)(C(F)(F)F)C(F)(F)F)cc4C3=O)o2)o1,134.0,210.92584228515625,60.47334289550781,76.92584228515625
*Oc1ccc(CC(NC(=O)CCc2ccc(OC(=O)CCCC(*)=O)cc2)C(=O)OCCCC)cc1,56.0,54.040008544921875,15.35721206665039,-1.959991455078125
*c1ccc(N(c2ccc(C#N)cc2)c2ccc(-n3c(=O)c4cc5c(=O)n(*)c(=O)c5cc4c3=O)cc2)cc1,353.0,348.92022705078125,52.15449142456055,-4.07977294921875
*c1cc(Br)c(OC(=O)c2ccc(C(=O)Oc3c(Br)cc(C4(*)OC(=O)c5ccccc54)cc3Br)cc2)c(Br)c1,319.0,265.49395751953125,54.729461669921875,-53.50604248046875
*CCCCOCC(O)CN(CC(O)CO*)c1ccc(N(C)C)cc1,31.0,45.05097961425781,46.87980270385742,14.050979614257812
*c1ccc([Si](c2ccccc2)(c2ccccc2)c2ccc(-c3nnc(-c4ccc(-c5nnc(*)o5)cc4)o3)cc2)cc1,274.0,261.8135986328125,50.375667572021484,-12.1864013671875
*CC(*)(C)C(=O)OC(COc1cc2ccccc2c2ccccc12)COc1cc2ccccc2c2ccccc12,112.0,154.30104064941406,49.41252136230469,42.30104064941406
*CC(*)c1ccc2ccccc2c1,146.5,162.43177795410156,68.9632339477539,15.931777954101562
*C(=O)Nc1ccc(C2(c3ccc(NC(=O)c4ccc5c(c4)C(=O)N(c4cccc(N6C(=O)c7ccc(*)cc7C6=O)c4)C5=O)cc3)c3ccccc3-c3ccccc32)cc1,209.0,262.39019775390625,40.21652603149414,53.39019775390625
*CC(*)(C)C(=O)OC1CCC2CCCCC2C1,145.0,138.0568389892578,71.1599349975586,-6.9431610107421875
*Oc1ccc(Oc2ccc(Nc3ccc(S(=O)(=O)c4ccc(Nc5ccc(*)cc5)cc4)cc3)cc2)cc1,144.60000610351562,256.9319763183594,83.57469177246094,112.33197021484375
*CC(CSCC)O*,-57.0,-66.62542724609375,39.01249694824219,-9.62542724609375
*Nc1ccc(C(C)(C)c2ccc(NC(=O)c3cc(C(*)=O)cc(N4C(=O)C5CC=CCC5C4=O)c3)cc2)cc1,308.0,254.6903076171875,88.14087677001953,-53.3096923828125
*c1ccc(S(=O)(=O)c2ccc(-n3nc(-c4ccc(Oc5ccc(-c6nn(*)c(=O)c7ccccc67)cc5)cc4)c4ccccc4c3=O)cc2)cc1,295.0,283.6960754394531,50.64509582519531,-11.303924560546875
*Oc1ccc2cc(C(*)=O)ccc2c1,147.0,138.5240020751953,27.520421981811523,-8.475997924804688
*c1cccc(P(=O)(c2ccc(C(F)(F)F)cc2)c2cccc(-n3c(=O)c4c(-c5cc(C(F)(F)F)cc(C(F)(F)F)c5)c5c(=O)n(*)c(=O)c5c(-c5cc(C(F)(F)F)cc(C(F)(F)F)c5)c4c3=O)c2)c1,311.0,299.0538330078125,53.88032150268555,-11.9461669921875
*CC(*)(C)c1ccc(C(C)C)cc1,140.0,123.48905181884766,89.39392852783203,-16.510948181152344
*Oc1ccc(NC(=O)c2cc(NC(=O)c3ccccc3)cc(C(=O)Nc3ccc(*)cc3)c2)cc1,294.5,281.8388977050781,63.58793258666992,-12.661102294921875
*CC(C)(CO*)COCC(F)(F)F,-41.0,-17.92706298828125,51.32891845703125,23.07293701171875
*c1ccc2c(c1)C(CCCCCC)(CCCCCC)c1cc(-c3cc(CCCCCC)c(*)cc3CCCCCC)ccc1-2,78.80000305175781,74.63455200195312,45.85548400878906,-4.1654510498046875
*CC(*)c1ccc(CCCCCCCC)cc1,-45.0,52.79418182373047,109.24391174316406,97.79418182373047
*=Nc1cccc(/N=C(\c2ccccc2)c2ccc(C(=*)c3ccccc3)cc2)c1,179.0,194.90499877929688,58.40047073364258,15.904998779296875
*Oc1cccc2c(OC3(F)C(*)(F)C(F)(F)C3(F)F)cccc12,138.0,130.07577514648438,42.8075065612793,-7.924224853515625
*Oc1ccc(C(C)(C)c2ccc(Oc3ccc(C(=O)c4ccc(C(c5ccc(C(=O)c6ccc(*)cc6)cc5)(C(F)(F)F)C(F)(F)F)cc4)cc3)cc2)cc1,181.0,176.14266967773438,23.950899124145508,-4.857330322265625
*CCc1ccc(*)c(CC)c1,25.0,73.07160186767578,51.65895080566406,48.07160186767578
*Sc1ccc(Sc2ccc(Sc3ccc4c(c3)C(=O)N(N3C(=O)c5cccc(*)c5C3=O)C4=O)cc2)cc1,242.0,326.6210021972656,55.63811492919922,84.62100219726562
*CCCCOCCCCOCCCCOC(=O)c1ccc(/N=C/c2cc(OCCCCCC)c(/C=C/c3cc(OCCCCCC)c(/C=C/c4cc(OCCCCCC)c(/C=N/c5ccc(C(=O)O*)cc5)cc4OCCCCCC)cc3OCCCCCC)cc2OCCCCCC)cc1,14.300000190734863,56.746315002441406,77.19132995605469,42.44631481170654
*Oc1ccc(Oc2ccc(S(=O)(=O)c3ccc(*)cc3)cc2)cc1,210.0,152.58258056640625,52.04863357543945,-57.41741943359375
*C/C=C/C[Si](*)(C)C,-57.5,-54.172576904296875,57.46616744995117,3.327423095703125
*C(=O)c1ccc2c(c1)C(=O)N(c1ccc(Oc3cc4ccccc4cc3Oc3ccc(N4C(=O)c5ccc(*)cc5C4=O)cc3)cc1)C2=O,246.0,234.6051788330078,27.068260192871094,-11.394821166992188
*CCN(CCOC(=O)c1ccc(C(=O)O*)c(OC)c1)c1ccc(/N=N/c2ccc(-c3nc4ccc([N+](=O)[O-])cc4n3CC)cc2)cc1,146.0,152.32107543945312,40.073219299316406,6.321075439453125
*Nc1cccc(NC(=O)c2cc(NC(=O)c3ccccc3)cc(C(*)=O)c2)c1,300.0,296.36248779296875,66.63619995117188,-3.63751220703125
*CCOC(=O)NCC1(C)CC(NC(=O)O*)CC(C)(C)C1,84.0,44.53058624267578,41.875938415527344,-39.46941375732422
*CC(C)(C)COC(=O)CCC(=O)O*,-18.0,25.685890197753906,51.68767166137695,43.685890197753906
*OC(=O)c1ccc(C(=O)OC2COC3C(*)COC23)o1,192.5,132.56019592285156,113.44068908691406,-59.93980407714844
*CC(*)(C)C(=O)Oc1ccc(C(=O)Oc2ccc(-c3ccccc3)cc2)cc1,100.0,154.77999877929688,44.21649169921875,54.779998779296875
*C(=O)c1ccc2c(c1)C(=O)N(c1ccc(OCCOCCOCCOc3ccc(N4C(=O)c5ccc(*)cc5C4=O)cc3)cc1)C2=O,200.0,109.81539154052734,34.499576568603516,-90.18460845947266
*c1ccc(-c2nc3ccc(S(=O)(=O)c4ccc5nc(*)c(-c6ccccc6)nc5c4)cc3nc2-c2ccccc2)cc1,345.0,261.16558837890625,50.29313659667969,-83.83441162109375
*C(=O)c1ccc2ncc(-c3ccc(-c4cnc5ccc(*)cc5n4)cc3)nc2c1,318.0,345.22467041015625,48.25697708129883,27.22467041015625
*CCN(CCOC(=O)Nc1ccc(C)c(NC(=O)O*)c1)c1ccc(-c2nc3ccc([N+](=O)[O-])cc3o2)cc1,156.0,133.2605743408203,40.804847717285156,-22.739425659179688
*CC(CC)(CO*)COC(=O)C(=C)C,40.0,49.97676086425781,77.99087524414062,9.976760864257812
*CC(C)CCC(C)CNC(=O)c1cc(C(=O)N*)cc(C(C)(C)C)c1,149.0,110.14080810546875,69.06173706054688,-38.85919189453125
*Oc1ccc(C(C)(C)c2ccc(OC(=O)CN(CC(*)=O)c3ccc(/N=N/c4ccc([N+](=O)[O-])cc4)cc3)cc2)cc1,152.0,157.87716674804688,47.92563247680664,5.877166748046875
*CCN(*)C(=O)c1ccc(F)cc1F,108.0,98.50688171386719,17.265361785888672,-9.493118286132812
*c1cccc(CCCOc2cccc(N3C(=O)c4cccc(-c5ccc6c(c5)C(=O)N(*)C6=O)c4C3=O)c2)c1,178.0,232.2470245361328,77.41240692138672,54.24702453613281
*C(=O)Nc1cccc(NC(=O)c2ccc3[nH]c(-c4cccc(-c5nc6cc(*)ccc6[nH]5)c4)nc3c2)c1,297.5,295.49237060546875,58.88594436645508,-2.00762939453125
*c1ccc2c3ccc(-c4ccc(-c5ccc(-c6ccc(*)s6)c6nccnc56)s4)cc3n(C(CCCCCCCC)CCCCCCCC)c2c1,116.0,156.52984619140625,83.49911499023438,40.52984619140625
*CCCCCCCCCCOc1ccc(/C=C/c2ccc(OCCCCCCCCCCOP(=O)(O*)OCCCCCCCCCCOc3ccc(/N=N/c4ccc(-c5ccccc5)cc4)cc3)cc2)cc1,50.0,29.106796264648438,34.134376525878906,-20.893203735351562
*OP(=O)(Oc1c(Cl)cc(Cl)cc1Cl)Oc1c(Cl)c(Cl)c(*)c(Cl)c1Cl,127.0,83.55203247070312,65.31231689453125,-43.447967529296875
*c1cc(Br)c(-c2c(Br)cc(N3C(=O)c4ccc(-c5ccc6c(c5)C(=O)N(*)C6=O)cc4C3=O)cc2C(=O)OCCCC)c(C(=O)OCCCC)c1,196.0,200.4598388671875,48.79481887817383,4.4598388671875
*=Nc1ccc(Cc2ccc(NC(=*)CC)cc2)cc1,130.0,139.93592834472656,62.027854919433594,9.935928344726562
*C(=O)Nc1ccc(NC(=O)c2ccc3c(c2)C(=O)N(c2ccc(Oc4cccc5c(N6C(=O)c7ccc(*)cc7C6=O)cccc45)cc2)C3=O)cc1,307.0,271.55023193359375,37.22938919067383,-35.44976806640625
*/C(C#N)=C(\C#N)n1c(=O)c2cc3c(=O)n(*)c(=O)c3cc2c1=O,210.0,234.78875732421875,64.4017562866211,24.78875732421875
*Oc1ccc(Oc2ccc(C(=O)c3ccc(-c4ccc(C(=O)c5ccc(*)cc5)cc4)cc3)cc2)cc1-c1ccc(S(=O)(=O)O)c(C)c1,182.0,218.563232421875,39.95825958251953,36.563232421875
*CC(*)(C)C(=O)Oc1ccc(C(=O)Oc2ccccc2)cc1,99.0,106.84284973144531,63.584957122802734,7.8428497314453125
*c1ccc(Oc2ccc(C(=O)c3ccc(Oc4ccc(-c5c6c(c(*)c7ccccc57)C(=O)N(c5ccc(Cl)cc5)C6=O)cc4)cc3)cc2)cc1,272.0,284.9769287109375,50.57474136352539,12.9769287109375
*c1cccc(P(=O)(c2ccccc2)c2cccc(-n3c(=O)c4cc5c(=O)n(*)c(=O)c5c(-c5ccccc5)c4c3=O)c2)c1,325.0,272.47064208984375,44.13456344604492,-52.52935791015625
*c1cccc(Oc2ccc(P(=O)(c3ccccc3)c3ccccc3)c(Oc3cccc(N4C(=O)c5ccc(-c6ccc7c(c6)C(=O)N(*)C7=O)cc5C4=O)c3)c2)c1,234.0,236.0608367919922,32.30779266357422,2.0608367919921875
*Oc1ccc(/N=C/c2ccc(Oc3ccc(C(C)(C)c4ccc(Oc5ccc(/C=N/c6ccc(Oc7ccc(-c8ccc(*)cc8)cc7)cc6)cc5)cc4)cc3)cc2)cc1,120.0,203.39993286132812,63.40757369995117,83.39993286132812
*c1ccc(C(*)C)cc1,93.0,96.61127471923828,42.59022521972656,3.6112747192382812
*c1ccc2c(c1)C(=O)N(c1ccc(Oc3cc(C(C)(C)C)c(Oc4ccc(N5C(=O)c6ccc(C(*)(C(F)(F)F)C(F)(F)F)cc6C5=O)cc4)cc3C(C)(C)C)cc1)C2=O,277.0,279.24920654296875,67.91378021240234,2.24920654296875
*c1ccc(Oc2ccc(-c3nc4cc(-c5ccc6nc(-c7ccccc7)c(*)nc6c5)ccc4nc3-c3ccccc3)cc2)cc1,300.0,290.2580261230469,50.5239372253418,-9.741973876953125
*SC1CCCC(*)C1,-52.0,-56.373077392578125,50.162410736083984,-4.373077392578125
*CC(*)C(=O)OC([2H])([2H])[2H],35.0,33.640403747558594,50.64239501953125,-1.3595962524414062
*c1cccc(Oc2ccc(Oc3cccc(N4C(=O)c5ccc(Oc6ccc7c(c6)C(=O)N(*)C7=O)cc5C4=O)c3)cc2)c1,204.0,238.34805297851562,31.407907485961914,34.348052978515625
*Oc1ccc(CC(NC(=O)CCc2ccc(OC(=O)CCC(*)=O)cc2)C(=O)OC(C)C)cc1,82.0,65.39974975585938,15.831583023071289,-16.600250244140625
*c1ccc(Oc2ccc(C(C)(C)c3ccc(Oc4ccc(N5C(=O)C6CCC(C7CCC8C(=O)N(*)C(=O)C8C7)CC6C5=O)cc4)cc3)cc2)cc1,225.0,198.39266967773438,91.51742553710938,-26.607330322265625
*CC(*)OC(=O)CC,11.899999618530273,7.051025390625,63.72222137451172,-4.848974227905273
*C(=O)Nc1ccc(Oc2cccc(Oc3ccc(NC(=O)c4ccc5c(c4)C(=O)N(c4ccc(Oc6ccc(C7(c8ccc(Oc9ccc(N%10C(=O)c%11ccc(*)cc%11C%10=O)cc9)cc8)NC(=O)c8ccccc87)cc6)cc4)C5=O)cc3)c2)cc1,288.0,300.20819091796875,42.55183792114258,12.20819091796875
*Oc1ccc(C2(c3ccc(OC(=O)c4ccc(C(*)=O)cc4)cc3)CCC3CCCCC3C2)cc1,275.0,191.3765869140625,92.59374237060547,-83.6234130859375
*OP(=O)(Oc1ccc(C(C)(C)c2ccc(*)cc2)cc1)Oc1c(Cl)cc(Cl)cc1Cl,94.0,115.98368072509766,52.6367301940918,21.983680725097656
*Oc1ccc(C2(c3ccc(Oc4nc(*)nc(OC)n4)cc3)CCCCC2)cc1,200.0,179.8817901611328,92.90917205810547,-20.118209838867188
*CCCCOC(=O)Nc1ccc(Cc2ccc(NC(=O)O*)cc2)cc1,109.0,103.15837860107422,37.738365173339844,-5.841621398925781
*c1ccc(Oc2ccc(Oc3ccc(N4C(=O)c5cccc(Oc6cccc7c6C(=O)N(*)C7=O)c5C4=O)cc3)cc2)cc1,258.0,238.34805297851562,31.407907485961914,-19.651947021484375
*c1cccc(-c2ccc3[nH]c(S(=O)(=O)c4nc5ccc(*)cc5[nH]4)nc3c2)c1,290.0,255.86676025390625,74.8552017211914,-34.13323974609375
*c1ccc(Cc2ccc(N3C(=O)c4c(c(-c5ccccc5)c(-c5ccc(Oc6ccc(-c7c(-c8ccccc8)c8c(c(-c9ccccc9)c7-c7ccccc7)C(=O)N(*)C8=O)cc6)cc5)c(-c5ccccc5)c4-c4ccccc4)C3=O)cc2)cc1,356.0,334.53680419921875,42.861236572265625,-21.46319580078125
*O[Si](C)(CCC(F)(F)F)CCC(F)(F)C(F)(F)C(F)(F)C(F)(F)C(F)(F)C(F)(F)C(F)(F)C(F)(F)C(F)(F)C(F)(F)CC[Si](*)(C)CCC(F)(F)F,-11.0,-34.40306091308594,28.338199615478516,-23.403060913085938
*c1ccc(C(=O)Nc2cccc(S(=O)(=O)c3cccc(NC(=O)c4ccc(N5C(=O)c6ccc(-c7ccc8c(c7)C(=O)N(*)C8=O)cc6C5=O)cc4)c3)c2)cc1,256.0,268.3978576660156,35.11845016479492,12.397857666015625
*CCCOC(=O)c1ccc(C(=O)O*)cc1,52.0,52.93103790283203,31.01031494140625,0.9310379028320312
*c1ccc(CC(=O)Nc2ccc(-c3ccc(NC(=O)Cc4ccc(-c5sc(*)c(-c6ccccc6)c5-c5ccccc5)cc4)cc3)cc2)cc1,272.0,234.77919006347656,51.21055221557617,-37.22080993652344
*Oc1ccc(C(C)(C)c2ccc(Oc3ccc(C(=O)c4ccc5cc(C(=O)c6ccc(*)cc6)ccc5c4)cc3)cc2)cc1,185.0,171.70169067382812,42.92171096801758,-13.298309326171875
*Oc1ccc(C2(c3ccc(OC(*)=O)c(C)c3)CCCCC2)cc1C,137.5,154.73153686523438,85.075439453125,17.231536865234375
*CC(*)(C)C(=O)OCCOCC,-16.0,-25.499557495117188,64.2695083618164,-9.499557495117188
*c1ccc(Cc2cccc(-n3c(=O)c4cc5c(=O)n(*)c(=O)c5cc4c3=O)c2)cc1,339.0,364.84735107421875,49.40495300292969,25.84735107421875
*CC(C)(CO*)COCCCCCCCCCCOc1ccc(-c2ccc(C#N)cc2)cc1,7.0,27.247909545898438,31.60361099243164,20.247909545898438
*Oc1ccc(CC(NC(=O)CCc2ccc(OC(=O)CCCCC(*)=O)cc2)C(=O)OC)cc1,70.0,65.39974975585938,15.831583023071289,-4.600250244140625
*CC(*)c1ccc(C(=O)c2ccccc2)cc1,98.0,105.60379028320312,33.19624328613281,7.603790283203125
*C(=O)c1ccc2nc(-c3ccccc3)c(-c3ccc(-c4nc5ccc(*)cc5nc4-c4ccccc4)cc3)nc2c1,320.0,302.9671325683594,51.277183532714844,-17.032867431640625
*CCCCCCCCCCC(=O)Oc1ccc(-c2ccc(OC(=O)c3ccc4c(c3)C(=O)N(*)C4=O)cc2)cc1,61.0,58.154090881347656,20.657913208007812,-2.8459091186523438
*c1ccc(-c2ccc(C3(*)c4ccccc4-c4ccccc43)cc2)cc1,297.0,286.47747802734375,53.09251022338867,-10.52252197265625
*c1ccc(C(=O)Nc2ccc(Oc3ccc(NC(=O)c4ccc(-n5c(=O)c6cc7c(=O)n(*)c(=O)c7cc6c5=O)cc4)cc3)cc2)cc1,360.0,259.2093505859375,38.435916900634766,-100.7906494140625
*CC(CC)(CC)CO*,-30.0,-58.06715393066406,33.667640686035156,-28.067153930664062
*Oc1ccc(CCNC(=O)c2cccc(C(*)=O)c2)cc1,152.0,145.28610229492188,77.78353881835938,-6.713897705078125
*c1ccc(Oc2ccc(C(=O)c3ccc(Oc4ccc(N5C(=O)c6ccc(-c7ccc8c(c7)C(=O)N(*)C8=O)cc6C5=O)cc4)cc3)cc2)cc1,253.0,254.37069702148438,30.765342712402344,1.370697021484375
*CCCCOC(=O)C1CCC(C(=O)O*)CC1,-10.5,3.994964599609375,72.72396087646484,14.494964599609375
*c1ccc(Sc2ccc(Sc3ccc(N4C(=O)c5ccc(Sc6ccc(Sc7ccc(Sc8ccc9c(c8)C(=O)N(*)C9=O)cc7)cc6)cc5C4=O)cc3)cc2)cc1,190.75,201.55703735351562,34.56886291503906,10.807037353515625
*CCC(C)C(*)C,-26.0,-3.595458984375,73.96774291992188,22.404541015625
*O[Si](C)(C)O[Si](C)(C)O[Si](C)(C)c1ccc(Oc2ccc([Si](*)(C)C)cc2)cc1,-37.0,-50.39518737792969,51.86383819580078,-13.395187377929688
*c1cc(-n2c(=O)c3cc4c(=O)n(*)c(=O)c4cc3c2=O)c(O)cc1O,362.0,345.8819580078125,66.527099609375,-16.1180419921875
*C(=O)Nc1ccc(S(=O)(=O)c2ccc(NC(=O)c3ccc(N4C(=O)c5ccc(*)cc5C4=O)cc3)cc2)cc1,252.0,263.6139831542969,69.97364807128906,11.613983154296875
*CC(*)c1ccc(B(O[Si](C)(C)C)O[Si](C)(C)C)cc1,84.0,47.39509582519531,55.00719451904297,-36.60490417480469
*CCc1cc(Cl)c(*)c(Cl)c1,110.0,142.91885375976562,47.72939682006836,32.918853759765625
*Nc1ccc(Cc2ccc(NC(=O)c3cc(C(*)=O)cc(N4C(=O)C5C6C=CC(C6)C5C4=O)c3)cc2)cc1,303.0,250.85205078125,86.81220245361328,-52.14794921875
*c1ccc(Oc2cccc(Oc3ccc(N4C(=O)c5ccc(Oc6cccc(Oc7ccc8c(c7)C(=O)N(*)C8=O)c6)cc5C4=O)cc3)c2)cc1,188.0,235.51036071777344,32.07434844970703,47.51036071777344
*CCCCCCNC(=O)c1ccc(C(=O)N*)c(Oc2ccc(-c3ccccc3)cc2)c1,112.0,157.04193115234375,94.56645202636719,45.04193115234375
*c1ccc(Cc2ccc(NC(=O)c3cccc(Oc4ccc5c(c4)C(=O)N(*)C5=O)c3)cc2)cc1,243.0,249.98861694335938,70.60163879394531,6.988616943359375
*Oc1ccc(S(=O)(=O)c2ccc(Oc3ccc(C4(c5ccc(Oc6ccc(S(=O)(=O)c7ccc(Oc8ccc(/C=C9\CC/C(=C\c%10ccc(*)cc%10)C9=O)cc8)cc7)cc6)cc5)CCCC4)cc3)cc2)cc1,240.0,193.61349487304688,43.85320281982422,-46.386505126953125
*Oc1ccccc1C(=O)OC(=O)c1ccccc1OC(=O)c1ccc(C(*)=O)cc1,120.0,114.9803466796875,42.019168853759766,-5.0196533203125
*c1ccc(C2(c3ccc(-c4cc(-c5ccccc5)c5cc(-c6ccc7nc(*)cc(-c8ccccc8)c7c6)ccc5n4)cc3)c3ccccc3-c3ccccc32)cc1,420.0,404.40997314453125,59.34786605834961,-15.59002685546875
*OC(F)(C(=O)N([Li])S(=O)(=O)C(F)(F)C(*)(F)F)C(F)(F)F,67.0,60.347434997558594,43.5570068359375,-6.652565002441406
*O[Si](*)(C)CCCCCCCC,-92.0,-74.48744201660156,69.30421447753906,17.512557983398438
*c1ccc(-c2ccc3c(c2)C(CCCCCCBr)(CCCCCCBr)c2cc(*)ccc2-3)cc1,122.0,170.38035583496094,90.5727310180664,48.38035583496094
*c1ccc(-c2c(-c3ccc(-c4ccccc4)cc3)cc(-c3ccc(OCCCCCCCCCCOc4ccc(-c5cc(-c6ccc(-c7ccccc7)cc6)c(-c6ccc(-n7c(=O)c8cc9c(=O)n(*)c(=O)c9cc8c7=O)cc6)c(-c6ccc(-c7ccccc7)cc6)c5)cc4)cc3)cc2-c2ccc(-c3ccccc3)cc2)cc1,121.0,116.78009033203125,55.21468734741211,-4.21990966796875
*/C=C/c1cc(OCC2CC3CC2C2CCCC32)c(*)cc1OC,174.0,67.96598815917969,63.831764221191406,-106.03401184082031
*Nc1ccc(-c2ccc(NC(=O)c3cccc(C(*)=O)c3)cc2)cc1,294.0,292.69097900390625,67.33815002441406,-1.30902099609375
*Oc1ccc(S(=O)(=O)c2ccc(-c3ccc(-c4ccc(S(=O)(=O)c5ccc(Oc6ccc(-c7ccc(*)cc7)cc6)cc5)cc4)cc3)cc2)cc1,264.0,213.2410430908203,47.788822174072266,-50.75895690917969
*Cc1ccccc1[Si](*)(c1ccccc1)c1ccccc1,122.0,140.68365478515625,57.351959228515625,18.68365478515625
*CC(*)(Cl)C(=O)OCCC,66.0,53.86961364746094,51.493343353271484,-12.130386352539062
*CCN(*)C(=O)C1CC1,77.0,91.59355163574219,52.898597717285156,14.593551635742188
*c1ccc(Sc2ccc(-c3nn(-c4ccc(S(=O)(=O)c5ccc(-n6nc(*)c7ccccc7c6=O)cc5)cc4)c(=O)c4ccccc34)cc2)cc1,279.0,284.93524169921875,54.300106048583984,5.93524169921875
*Oc1ccc(/N=N/c2c(C)cc(Cc3cc(C)c(/N=N/c4ccc(OC(=O)c5ccc(C(*)=O)cc5)cc4)c(C)c3[N+](=O)[O-])c([N+](=O)[O-])c2C)cc1,203.0,203.8065948486328,36.46532440185547,0.8065948486328125
*CCN(CCOC(=O)NCC1(C)CC(NC(=O)O*)CC(C)(C)C1)c1ccc(/N=N/c2ccc(C#N)cc2)cc1,136.0,132.0189666748047,72.81680297851562,-3.9810333251953125
*C(*)O,134.0,5.51611328125,92.22184753417969,-128.48388671875
*c1cc(/C=N/c2ccc3c(c2)c2cc(/N=C/c4cc(*)c(O)c(*)c4)ccc2n3CCCCCC)ccc1O,327.0,179.78627014160156,74.6737289428711,-147.21372985839844
*OC1CCC(OC(=O)OCCCCCCOC(*)=O)CC1,10.0,6.0750274658203125,46.53070068359375,-3.9249725341796875
*Oc1ccc(NC(=O)c2cc(C(=O)Nc3ccc(*)cc3)cc(C(F)(F)C(F)(F)C(F)(F)C(F)(F)C(F)(F)C(F)(F)C(F)(F)C(F)(F)F)c2)cc1,230.0,201.76895141601562,72.73790740966797,-28.231048583984375
*CC(*)OC(=O)c1cccc(OC)c1,44.0,51.352699279785156,20.033260345458984,7.352699279785156
*Oc1ccc(C2(c3ccc(Oc4ccc(C(=O)c5cccc(C(=O)c6ccc(*)cc6)c5)cc4)c(C)c3)c3ccccc3-c3ccccc32)cc1C,217.0,212.46466064453125,36.968265533447266,-4.53533935546875
*CC(COc1ccc(C(C)(C)c2ccc(O*)cc2)cc1)OC(=O)CC,60.0,48.59923553466797,38.84574508666992,-11.400764465332031
*CCCCCCCCCCSSS*,-70.0,-72.451171875,44.742122650146484,-2.451171875
*CC(OO*)c1ccc(C(C)(C)C)cc1,19.899999618530273,64.64668273925781,58.114070892333984,44.74668312072754
*Oc1ccc(C(C)(C)c2ccc(OC(=O)CCCCC(*)=O)c(C)c2)cc1C,33.5,42.12757110595703,38.35224151611328,8.627571105957031
*C(=O)Nc1ccc(S(=O)(=O)c2ccc(NC(=O)c3ccc4c(c3)C(=O)N(c3ccc(NC(=O)Nc5ccc(N6C(=O)c7ccc(*)cc7C6=O)cc5)cc3)C4=O)cc2)cc1,205.0,201.10845947265625,33.646968841552734,-3.89154052734375
*Oc1ccc(Oc2ccc(OC(=O)c3cccc(Oc4ccc(Oc5cccc(C(*)=O)c5)cc4)c3)cc2)cc1,104.0,113.70529174804688,40.528350830078125,9.705291748046875
*c1ccc2c(c1)C(=O)N(c1c(C)cc(C(c3ccccc3)(c3cc(C)c(N4C(=O)c5ccc(C(*)(C(F)(F)F)C(F)(F)F)cc5C4=O)c(C(C)C)c3)C(F)(F)F)cc1C(C)C)C2=O,289.0,289.01123046875,62.669715881347656,0.01123046875
*C(=O)NC1CCCC(*)O1,145.0,79.25558471679688,55.559661865234375,-65.74441528320312
*CCCCCCCCCCC(=O)Nc1ccc(NC(=O)CCCCCCCCCCN2C(=O)c3ccc(C(=O)c4ccc5c(c4)C(=O)N(*)C5=O)cc3C2=O)cc1,125.0,106.55549621582031,52.535579681396484,-18.444503784179688
*CCCC(=O)Nc1ccc(Oc2ccc(NC(=O)CCCN3C(=O)c4ccc(C(=O)c5ccc6c(c5)C(=O)N(*)C6=O)cc4C3=O)cc2)cc1,198.0,194.99923706054688,46.090240478515625,-3.000762939453125
*C1C(=O)N(CCCCCOc2ccc(-c3ccc(C#N)cc3)cc2)C(=O)C1*,75.0,183.69557189941406,88.12960815429688,108.69557189941406
*CC(*)(C)C(=O)OCc1ccc2c(c1)c1ccccc1n2CCCCCCCCCC,29.0,35.84711456298828,27.215259552001953,6.847114562988281
*Oc1c(-c2ccccc2)cc(Cc2cc(-c3ccccc3)c(OC(=O)CCCCC(*)=O)c(-c3ccccc3)c2)cc1-c1ccccc1,115.0,171.01080322265625,42.463401794433594,56.01080322265625
*COC1OC(*)C(O)C(O)C1O,200.0,104.41015625,115.65745544433594,-95.58984375
*CC(*)N1CCCC1=S,80.0,66.77943420410156,48.33199691772461,-13.220565795898438
*=NP(=NP(=NC(=*)Oc1ccc(C(C)(C)C)cc1)(Oc1ccc(C(C)(C)C)cc1)Oc1ccc(C(C)(C)C)cc1)(Oc1ccc(C(C)(C)C)cc1)Oc1ccc(C(C)(C)C)cc1,74.0,64.09937286376953,34.3419189453125,-9.900627136230469
*C1=C(c2ccc(-c3ccc4c(c3)C(CCCCCC)(CCCCCC)c3cc(-c5ccc(*)cc5)ccc3-4)cc2)C(=O)N(CCCC)C1=O,155.0,141.23678588867188,62.608707427978516,-13.763214111328125
*CCCCCNC(=O)Cc1ccc(C(=O)N*)cc1,103.0,129.39889526367188,53.741981506347656,26.398895263671875
*c1ccc(Oc2ccc(-c3cnc4cc5nc(*)cnc5cc4n3)cc2)cc1,353.0,333.2728271484375,48.79621124267578,-19.7271728515625
*c1cc(C(=O)NCCCCCCCCCCCCCC)cc(N2C(=O)c3ccc(-c4ccc5c(c4)C(=O)N(*)C5=O)cc3C2=O)c1,247.60000610351562,133.97682189941406,78.68280029296875,-113.62318420410156
*c1ccc(Oc2cc(C(C)(C)C)ccc2Oc2ccc(-n3c(=O)c4cc5c(=O)n(*)c(=O)c5cc4c3=O)cc2)cc1,321.0,233.75222778320312,51.78847122192383,-87.24777221679688
*CC(*)(C)C(=O)OCC(=O)N1CCOCC1,128.0,92.81221771240234,53.38640594482422,-35.187782287597656
*c1ccc(-c2nc3cc4sc(*)nc4cc3s2)cc1,25.0,8.301620483398438,36.81208038330078,-16.698379516601562
*c1nnc(-c2ccc(Oc3ccc(/C=C/c4ccc(Oc5ccc(*)c6ccccc56)cc4)cc3)c3ccccc23)o1,238.0,245.563720703125,65.05816650390625,7.563720703125
*CC(*)C(=O)OCCCCCCCCCCCn1c2ccccc2c2ccccc21,15.0,40.48298645019531,31.5936279296875,25.482986450195312
*CCCP(CCCCCCCC)CCCNC(=O)CCCCC(=O)N*,12.0,-13.630477905273438,41.76258850097656,-25.630477905273438
*Oc1ccc(C(=O)NNC(=O)c2ccc(*)cc2)cc1,263.0,249.8072509765625,78.39112854003906,-13.1927490234375
*CCCCCCCCNC(=O)NCc1ccc(CNC(=O)N*)cc1,68.0,75.10485076904297,52.19811248779297,7.104850769042969
*c1ccc(C(C)(C)c2ccc(C(C)(C)c3ccc(N4C(=O)c5ccc(Oc6ccc7cc(Oc8ccc9c(c8)C(=O)N(*)C9=O)ccc7c6)cc5C4=O)cc3)cc2)cc1,246.0,231.51438903808594,70.38052368164062,-14.485610961914062
*c1ccc(Oc2ccc(C(C)(c3ccccc3)c3ccc(Oc4ccc(-c5nc(-c6ccccn6)nnc5*)cc4)cc3)cc2)cc1,232.0,209.99411010742188,48.28281021118164,-22.005889892578125
*Oc1cc(Oc2ccc(C(C)(C)c3ccc(*)cc3)cc2)cc(C(=O)Oc2ccc(/N=N/c3ccc(C#N)cc3)cc2)c1,163.0,234.24087524414062,65.0714340209961,71.24087524414062
*Oc1ccc(C2(c3ccc(Oc4ccc(C(=O)c5c(C(=O)c6ccc(*)cc6)c(-c6ccc(F)cc6)c(-c6ccc(F)cc6)c(-c6ccc(F)cc6)c5-c5ccc(F)cc5)cc4)cc3)c3ccccc3-c3ccccc32)cc1,293.0,327.322265625,47.894840240478516,34.322265625
*C(=O)Nc1cccc(NC(=O)c2ccc3c(c2)C(=O)N(c2ccc(-c4sc(-c5ccc(N6C(=O)c7ccc(*)cc7C6=O)cc5)c(-c5ccccc5)c4-c4ccccc4)cc2)C3=O)c1,334.0,260.4254150390625,52.206111907958984,-73.5745849609375
*CC(*)(C)C(=O)OCC1COC(CP(=O)(OCC)OCC)O1,115.0,19.735671997070312,70.78338623046875,-95.26432800292969
*CC(*)(C)C(=O)OCCCCCCCCCCOc1ccc(/N=N/c2ccc(C3OCC4(CO3)CC3C=CC4C3)cc2)cc1,103.19999694824219,79.40444946289062,59.17440414428711,-23.795547485351562
*c1ccc(Oc2ccc(C3(c4ccc(Oc5ccc(-c6nnc(*)c7c(-c8ccccc8)c(-c8ccc9ccccc9c8)c(-c8ccc9ccccc9c8)c(-c8ccccc8)c67)cc5)cc4)c4ccccc4-c4ccccc43)cc2)cc1,334.0,365.40252685546875,45.610294342041016,31.40252685546875
*/C=C/C1CC(*)C([Si](C)(C)C)C1,113.0,19.892372131347656,111.759033203125,-93.10762786865234
*CC(*)(C)C(=O)OCCCCCCOc1ccc(C(=O)Oc2ccc(/N=N/c3ccc(Br)cc3)c3ccccc23)cc1,46.0,95.64087677001953,75.0536880493164,49.64087677001953
*Oc1cccc(NC(=O)CCCCCCCC(=O)Nc2ccc(*)cc2)c1,120.0,117.76290130615234,59.62687683105469,-2.2370986938476562
*CC(*)(C)C(=O)OCCOCCOCC1(C)COCCOCCOCCOC1,10.0,-26.268768310546875,60.654605865478516,-36.268768310546875
*Oc1ccc(C(=O)Nc2ccc(S(=O)(=O)c3ccc(NC(=O)c4ccc(Oc5ccc(C(=O)c6ccc(S(=O)(=O)c7ccc(C(=O)c8ccc(*)cc8)cc7)cc6)cc5)cc4)cc3)cc2)cc1,260.0,239.19699096679688,44.743370056152344,-20.803009033203125
*CC(c1ccccc1)C1C(=O)N(CCCN(CC)c2ccc(/N=N/c3ccc([N+](=O)[O-])cc3Cl)c(C)c2)C(=O)C1*,149.0,140.842529296875,58.62442398071289,-8.157470703125
*Nc1cccc(NC(=O)CCCCCCCCC(*)=O)c1,110.0,120.59901428222656,61.269039154052734,10.599014282226562
*C(=O)Nc1nc(NC(=O)c2ccc3c(c2)C(=O)N(c2ccc(Oc4cccc5c(N6C(=O)c7ccc(*)cc7C6=O)cccc45)cc2)C3=O)nc(-c2ccccc2)n1,291.0,302.79461669921875,46.5367546081543,11.79461669921875
*CCCOC(=O)Nc1ccc(Cc2ccc(NC(=O)O*)cc2)cc1,119.0,114.29081726074219,41.59511947631836,-4.7091827392578125
*CC(CO*)(CSC(C)C)CSC(C)C,-9.0,-39.362884521484375,29.829816818237305,-30.362884521484375
*c1ccc(Oc2cccc(NC(=O)c3ccc(C(=O)Nc4cccc(Oc5ccc(-c6nnc(*)o6)cc5)c4)c(Oc4ccccc4)c3)c2)cc1,234.0,238.946044921875,45.155216217041016,4.946044921875
*Oc1ccc(S(=O)(=O)c2ccc(Oc3ccc4c(=O)n5c6cc(-c7ccc8c(c7)nc7c9ccc(*)c%10cccc(c(=O)n87)c%109)ccc6nc5c5cccc3c45)cc2)cc1,415.0,357.5485534667969,50.635520935058594,-57.451446533203125
*c1cccc(-c2cccc(C(F)(F)C(F)(F)C(*)(F)F)c2)c1,45.0,70.88143157958984,41.814510345458984,25.881431579589844
*c1ccc(N(c2ccc(C#N)cc2)c2ccc(N3C(=O)c4ccc(Oc5ccc6c(c5)C(=O)N(*)C6=O)cc4C3=O)cc2)cc1,304.0,317.25701904296875,50.3415641784668,13.25701904296875
*Oc1ccc(C2(c3ccc(OC(*)=O)cc3)CCCC2)cc1,166.0,141.4856719970703,61.9246826171875,-24.514328002929688
*/C=C/c1cccc(/C=C/[Si](C)(C)c2ccc([Si](*)(C)C)cc2)c1,39.900001525878906,34.583404541015625,40.871246337890625,-5.316596984863281
*CCCCCCCCCCCCCCCCCCCCC(*)COCCOCCOCCOCCOCc1ccc2ccc3cccc4ccc1c2c34,-21.0,20.657325744628906,66.02840423583984,41.657325744628906
*O[Si](C)(C)O[Si](C)(C)O[Si](C)(C)O[Si](C)(C)O[Si](C)(C)c1ccc([Si](*)(C)C)cc1,-80.0,-95.09707641601562,37.440330505371094,-15.097076416015625
*CC(*)Cl,80.0,43.12140655517578,50.091941833496094,-36.87859344482422
*c1ccc(C(=O)NCCCCCCCCCCCCNC(=O)c2ccc(-c3nc4ccccc4nc3*)cc2)cc1,154.0,115.45172882080078,61.82147979736328,-38.54827117919922
*c1cccc(NC(=O)c2ccc(OCCOc3ccc(C(=O)Nc4ccc5[nH]c(*)nc5c4)cc3)cc2)c1,250.0,223.73641967773438,81.82782745361328,-26.263580322265625
*CC(*)(C)C(=O)OCCCCCCCCCOc1ccc2cc(C(=O)Oc3ccccc3)ccc2c1,18.0,59.560523986816406,48.57753372192383,41.560523986816406
*c1ccc(N2C(=O)c3ccc(Oc4ccc5c(c4)C(=O)N(*)C5=O)cc3C2=O)cc1,385.5,364.7781982421875,55.666873931884766,-20.7218017578125
*CC(*)(F)C(=O)OCC,94.0,106.98272705078125,70.45305633544922,12.98272705078125
*CC(O)COc1c(Cl)cc(C(C)(C)c2cc(Cl)c(OCC(O)COc3ccc(C(C)(C)c4ccc(O*)cc4)cc3)c(Cl)c2)cc1Cl,100.0,140.36671447753906,49.457000732421875,40.36671447753906
*OC(C)C(*)=O,58.400001525878906,37.06700134277344,34.063987731933594,-21.33300018310547
*c1ccc(Oc2ccc(-c3ccc(Oc4ccc(N5C(=O)c6ccc(Oc7ccccc7Oc7ccc8c(c7)C(=O)N(*)C8=O)cc6C5=O)cc4)cc3)cc2)cc1,204.0,213.1094970703125,23.451101303100586,9.1094970703125
*c1c(C)cc(Cc2cc(C)c(N3C(=O)c4cccc(Oc5c(C)cc(Cc6cc(C)c(Oc7cccc8c7C(=O)N(*)C8=O)c(C)c6)cc5C)c4C3=O)c(C)c2)cc1C,243.0,264.0686950683594,77.4251937866211,21.068695068359375
*=Nc1ccc(Cc2ccc(NC(=*)CCCC)cc2)cc1,106.0,109.90057373046875,57.113433837890625,3.90057373046875
*CCOCCOCCOC(=O)c1cc(/N=N/c2ccc(OCC)cc2)ccc1-c1ccc(/N=N/c2ccc(OCC)cc2)cc1C(=O)O*,65.0,139.3654327392578,39.194976806640625,74.36543273925781
*CC(*)(C)C(=O)OCCCCCCCCCCOc1ccc(C(=O)Oc2ccc(C(=O)/C=C/c3c(C)c4ccccc4n3C)cc2)cc1,72.0,59.59278106689453,39.52152633666992,-12.407218933105469
*/C=C/C(C)C(*)C(=O)OCCN(C)c1ccc(N(C)C)cc1,20.5,136.55487060546875,57.59846878051758,116.05487060546875
*Oc1ccc(S(=O)(=O)c2ccc(Oc3ccc(Cc4ccc(*)cc4)cc3)cc2)cc1,189.5500030517578,181.6623077392578,53.23278045654297,-7.8876953125
*CC(OC(C)C)C1C(=O)OC(=O)C1*,142.0,97.79318237304688,81.71499633789062,-44.206817626953125
*CC(*)c1nc(C)nc(C)n1,70.0,96.85575866699219,52.37692642211914,26.855758666992188
*Cc1ccccc1[Si](*)(C)c1ccccc1,93.80000305175781,121.05314636230469,66.00421142578125,27.253143310546875
*O[Si](C)(C)O[Si](C)(C)c1c(F)c(F)c(F)c([Si](*)(C)C)c1F,-61.0,-56.57373046875,51.44553756713867,4.42626953125
*CC(*)Cc1ccccc1C,80.0,73.07160186767578,51.65895080566406,-6.928398132324219
*c1ccc2c(c1)C(=O)N(C1CCC(CC3CCC(N4C(=O)c5ccc(C(*)(C(F)(F)F)C(F)(F)F)cc5C4=O)C(C)C3)CC1C)C2=O,225.0,193.25543212890625,68.47076416015625,-31.74456787109375
*C(=O)c1ccc2c(c1)C(=O)N(c1ccc(Cl)c(N3C(=O)c4ccc(*)cc4C3=O)c1)C2=O,305.0,332.9762268066406,53.73015594482422,27.976226806640625
*c1ccc(OC(=O)c2cccc(C(=O)Oc3ccc(C4(*)OC(=O)c5ccccc54)cc3C)c2)c(C)c1,273.0,143.51663208007812,52.115665435791016,-129.48336791992188
*Nc1cccc2c(NC(=O)Nc3cc(NC(*)=O)cc(C(=O)Nc4ccc5c(c4)C(=O)c4ccccc4C5=O)c3)cccc12,178.0,231.0986328125,52.400672912597656,53.0986328125
*CC(CN1C(=O)C2C3C=CC(C3)C2C1=O)O*,87.5,111.88700103759766,56.8714599609375,24.387001037597656
*c1ccc(Oc2cccc(N3C(=O)c4ccc([Si](C)(C)O[Si](C)(C)c5ccc6c(c5)C(=O)N(c5cccc(Oc7ccc(-c8nnc(*)o8)cc7)c5)C6=O)cc4C3=O)c2)cc1,165.0,198.88705444335938,64.9173355102539,33.887054443359375
*CC(*)c1ccc(C(C)=O)cc1,115.5,106.6031494140625,48.12476348876953,-8.8968505859375
*CC(*)c1cccc(O)c1,169.0,126.85299682617188,73.63426208496094,-42.147003173828125
*CCN(CCOC(=O)Nc1ccc(C)c(NC(=O)O*)c1)c1ccc(/C=C/c2cc[n+](CCCC)cc2)cc1,121.0,99.86337280273438,54.59770965576172,-21.136627197265625
*NC(CCC(=O)OCCCC)C(*)=O,-15.0,61.93236541748047,53.51100158691406,76.93236541748047
*c1ccc(-c2ccc(-c3ccc(-n4c(=O)c5c(C(F)(F)F)c6c(=O)n(*)c(=O)c6c(C(F)(F)F)c5c4=O)cc3)cc2)cc1,364.0,315.62396240234375,57.078182220458984,-48.37603759765625
*C(=O)c1ccc2c(c1)C(=O)N(c1cc(/C=N/C(=S)Nc3ccc(N4C(=O)c5ccc(*)cc5C4=O)cc3)ccc1Cl)C2=O,274.0,304.52032470703125,52.825538635253906,30.52032470703125
*CCN(CCN1C(=O)c2ccc(C(c3ccc4c(c3)C(=O)N(*)C4=O)(C(F)(F)F)C(F)(F)F)cc2C1=O)c1ccc(/N=N/c2ccc([N+](=O)[O-])cc2C)cc1,205.0,204.37469482421875,41.321800231933594,-0.62530517578125
*CCCCCCCCCCOC(=O)c1ccc2cc(C(=O)O*)ccc2c1,50.5,47.88628387451172,32.69941329956055,-2.6137161254882812
*OC(=O)OCCOCCOC(=O)OC1COC2C(*)COC12,46.5,52.97032165527344,49.86103820800781,6.4703216552734375
*c1ccc2c(c1)C(=O)N(c1cccc(C(C)(C)c3ccc(N4C(=O)c5ccc(C(*)(C(F)(F)F)C(F)(F)F)cc5C4=O)cc3)c1)C2=O,260.0,276.5189208984375,68.6016845703125,16.5189208984375
*COC(=O)NCc1ccc(CNC(=O)OCc2ccc(*)o2)o1,75.0,110.14542388916016,62.94357681274414,35.145423889160156
*CCCCCCCCCCCCCCCCCCNC(=O)Cc1ccc(CC(=O)N*)cc1,78.0,80.13681030273438,39.108970642089844,2.136810302734375
*OC(=O)c1ccc(C2(C)CC(C)(C)c3ccc(C(=O)Oc4ccc5c(c4)Oc4cc(*)ccc4C5(C)C)cc32)cc1,297.0,180.2695770263672,80.315673828125,-116.73042297363281
*c1ccc(C(c2ccc(C(=O)OC)cc2)c2ccc(N(*)c3ccc(C)cc3)cc2)cc1,222.0,187.5038299560547,79.97077178955078,-34.49617004394531
*CC(*)(C)C(=O)OCc1cccs1,66.0,57.467140197753906,48.56248092651367,-8.532859802246094
*c1ccc(Oc2ccc(-c3ccc(Oc4ccc(N5C(=O)c6ccc(Oc7ccc(C8(c9ccc(Oc%10ccc%11c(c%10)C(=O)N(*)C%11=O)cc9)CCCCCCCCCCC8)cc7)cc6C5=O)cc4)cc3C)c(C)c2)cc1,257.0,268.4871520996094,63.66900634765625,11.487152099609375
*CCC(C)Oc1ccc(-c2ccc(C(=O)OCC(C)COC(=O)c3ccc(-c4ccc(O*)cc4)cc3)cc2)cc1,84.0,119.96080780029297,75.58233642578125,35.96080780029297
*Oc1ccc(C2(c3ccc(OC(*)=O)cc3)c3cc(N(C)C)ccc3-c3ccc([N+](=O)[O-])cc32)cc1,278.0,278.19744873046875,82.05563354492188,0.19744873046875
*CCCCCCCCCCOc1ccc(OC(=O)c2ccc(OCCOCCOCCOc3ccc(C(=O)Oc4ccc(O*)cc4)cc3)cc2)cc1,64.0,60.192840576171875,21.485332489013672,-3.807159423828125
*CC(*)C(=O)Oc1ccc(C(=O)Oc2ccc(OC(=O)c3ccc(OCCCC)cc3)cc2)cc1,47.0,66.72655487060547,29.944744110107422,19.72655487060547
*c1cccc(N2C(=O)c3ccc(C(c4ccc5c(c4)C(=O)N(c4cccc(N6C(=O)c7ccc(-c8ccc9c(c8)C(=O)N(*)C9=O)cc7C6=O)c4)C5=O)(C(F)(F)F)C(F)(F)F)cc3C2=O)c1,308.0,276.6880187988281,39.54542541503906,-31.311981201171875
*CC(=O)Nc1ccc(Oc2ccc(Oc3ccc(NC(=O)CN4C(=O)c5ccc(C(c6ccc7c(c6)C(=O)N(*)C7=O)(C(F)(F)F)C(F)(F)F)cc5C4=O)cc3)cc2)cc1,242.0,242.8272247314453,39.776580810546875,0.8272247314453125
*c1ccc(Oc2ccc(C(c3ccc(Oc4ccc(N5C(=O)c6ccc(Oc7ccc(C8(c9ccc(Oc%10ccc%11c(c%10)C(=O)N(*)C%11=O)cc9)CCC(C(C)(C)C)CC8)cc7)cc6C5=O)cc4)cc3)(C(F)(F)F)C(F)(F)F)cc2)cc1,227.0,245.8646240234375,49.103614807128906,18.8646240234375
*CC(O)CN(*)c1cc(C)c(/N=N/c2ccc([N+](=O)[O-])cc2C)c(C)c1,149.0,138.31195068359375,64.5116195678711,-10.68804931640625
*C(=O)N1C(=S)N(C(=O)c2ccc3c(c2)C(=O)N(c2ccc(Oc4ccc(N5C(=O)c6ccc(*)cc6C5=O)cc4)cc2)C3=O)C(C)=C(C(=O)OCC)C1c1ccc(OC)cc1OC,165.0,226.35067749023438,51.72431945800781,61.350677490234375
*CCCC(=O)NNC(=O)c1ccc(C(=O)NNC(=O)CCCOc2ccc(O*)c(C)c2)cc1,139.0,114.06851959228516,40.500492095947266,-24.931480407714844
*Oc1ccc(C(C)(C)c2cc(Cl)c(OC(*)=O)c(Cl)c2)cc1,186.0,133.132080078125,47.97810363769531,-52.867919921875
*c1ccc(Cc2ccc(N3C(=O)c4ccc([Si](C)(C)c5ccc6c(c5)C(=O)N(*)C6=O)cc4C3=O)cc2)cc1,280.0,293.7319641113281,57.58734893798828,13.731964111328125
*CC(*)(C)C(=O)OC1CC2CCC1(C)C2(C)C,180.5,138.0568389892578,71.1599349975586,-42.44316101074219
*c1ccc(Oc2ccc(C(=O)c3ccc(Oc4ccc(-c5nc(-c6ccccn6)nnc5*)cc4)cc3)cc2)cc1,223.0,247.95887756347656,60.30813217163086,24.958877563476562
*CCCC(=O)O*,1.5,33.640403747558594,50.64239501953125,32.140403747558594
*Oc1cccc(Oc2cccc(OC(*)=O)c2)c1,71.0,116.34828186035156,43.18679428100586,45.34828186035156
*Nc1cccc2c(NC(=O)c3cccc(C(*)=O)c3)cccc12,325.0,282.8891906738281,77.52144622802734,-42.110809326171875
*/C=C/C1CC(*)C2C(=O)N(CCCCCCCCCCCC)C(=O)C12,50.0,63.97576904296875,51.04452896118164,13.97576904296875
*CC(O)COc1ccc(C(C)(C)c2ccc(OCC(O)COc3ccc(NC(=O)CCCC(=O)Nc4ccc(O*)cc4)cc3)cc2)cc1,105.0,95.81619262695312,39.57573318481445,-9.183807373046875
*Oc1ccc(/N=N/c2ccc(Cc3ccc(/N=N/c4ccc(OC(=O)c5ccc(/N=N/c6ccc(C(*)=O)cc6)cc5)cc4)cc3[N+](=O)[O-])c([N+](=O)[O-])c2)cc1,160.0,197.300048828125,31.139535903930664,37.300048828125
*N=P(*)(C)C,-42.0,-61.85418701171875,37.418148040771484,-19.85418701171875
*OP(=O)(Oc1ccccc1)Oc1ccc(S(=O)(=O)c2ccc(*)cc2)cc1,100.5,97.96388244628906,44.48339080810547,-2.5361175537109375
*Oc1ccc(/C=N/c2ccc(/N=C/c3ccc(Oc4ccc(C(c5ccccc5)(c5ccccc5)c5ccc(*)cc5)cc4)cc3)cc2)cc1,230.0,242.37359619140625,53.304752349853516,12.37359619140625
*CCCCCCCCNC(=O)c1ccc(C(=O)N*)c(Oc2ccccc2)c1,96.0,105.06385803222656,55.84077072143555,9.063858032226562
*CCCCCCNC(=O)NCc1ccc(CNC(=O)N*)cc1,72.0,99.50276184082031,53.819580078125,27.502761840820312
*Oc1cccc(Oc2cccc(NC(=O)c3cc(Oc4ccc(C(=O)O)c(C(=O)Nc5cccc(*)c5)c4)ccc3C(=O)O)c2)c1,176.39999389648438,182.983642578125,74.16506958007812,6.583648681640625
*CC(=O)Nc1cccc2c(NC(=O)COc3ccc4ccccc4c3Sc3c(O*)ccc4ccccc34)cccc12,264.0,263.0447082519531,67.10826110839844,-0.955291748046875
*Oc1ccc(C(=O)c2ccc(Oc3ccc(C(=O)c4c(C(=O)c5ccc(*)cc5)c(-c5ccccc5)c(-c5ccc6ccccc6c5)c(-c5ccc6ccccc6c5)c4-c4ccccc4)cc3)cc2)cc1,290.0,280.904296875,33.532188415527344,-9.095703125
*C(=O)Nc1ccc(Oc2cccc(Oc3ccc(NC(=O)c4ccc5c(c4)C(=O)N(c4cccc(Oc6cccc(Oc7cccc(N8C(=O)c9ccc(*)cc9C8=O)c7)c6C#N)c4)C5=O)cc3)c2)cc1,207.0,253.58001708984375,32.55198287963867,46.58001708984375
*c1ccc2c(c1)C(=O)N(c1c(C)cc(C3(c4cc(C)c(N5C(=O)c6ccc(C(*)(C(F)(F)F)C(F)(F)F)cc6C5=O)c(C)c4)c4ccccc4-c4ccccc43)cc1C)C2=O,361.0,260.465087890625,50.58815383911133,-100.534912109375
*Sc1ccc(Cc2ccc(SC(*)=O)cc2)cc1,117.0,119.53618621826172,52.549686431884766,2.5361862182617188
*Oc1ccc(C2(c3ccc(Oc4ccc(/C=C/C(=O)c5ccc(*)cc5)cc4)cc3)c3ccccc3-c3ccccc32)cc1,195.0,216.10769653320312,42.87545394897461,21.107696533203125
*Oc1c(C)c(C)c(Oc2ccc(NC(=O)c3ccc(C(=O)Nc4ccc(*)cc4)cc3)cc2)c(C)c1C,310.0,246.59823608398438,95.1527328491211,-63.401763916015625
*CCOCCOc1ccc(/C=C(\C)c2ccc(O*)cc2)cc1,39.0,109.67221069335938,79.95747375488281,70.67221069335938
*c1ccc(C(=O)c2ccc(C(=O)c3ccc(Oc4ccc(-c5nn(*)c(=O)c6ccccc56)c(F)c4)cc3)cc2)cc1,287.0,279.91497802734375,63.924354553222656,-7.08502197265625
*CC(*)(C)C(=O)OCCC(F)(F)C(F)(F)C(F)(F)C(F)(F)C(F)(F)C(F)(F)C(F)(F)C(F)(F)F,47.0,6.5569610595703125,28.734495162963867,-40.44303894042969
*Oc1ccc(OC(=O)c2ccc(C(*)=O)cc2)cc1CCC(C)CC,237.0,63.20323944091797,44.99553680419922,-173.79676055908203
*c1ccc(Oc2ccc(C(=O)c3ccc(Oc4ccc(C5(*)OC(=O)c6ccccc65)cc4)cc3)cc2)cc1,218.0,163.44461059570312,44.5367317199707,-54.555389404296875
*CCCCCCOC(=O)OCCCCCCCCCCOC(=O)OCCCCCCn1c(=O)c2cc3c(=O)n(*)c(=O)c3cc2c1=O,-2.0,13.148727416992188,27.066917419433594,15.148727416992188
*c1ccc(Oc2cc3ccccc3cc2Oc2ccc(N3C(=O)c4ccc(S(=O)(=O)c5ccc6c(c5)C(=O)N(*)C6=O)cc4C3=O)cc2)cc1,275.0,287.514404296875,52.165496826171875,12.514404296875
*c1ccc2c(c1)C(=O)N(c1cccc(Oc3ccc(P(=O)(c4ccccc4)c4ccc(Oc5cccc(N6C(=O)c7ccc(C(*)(C(F)(F)F)C(F)(F)F)cc7C6=O)c5)cc4)cc3)c1)C2=O,243.0,246.00900268554688,36.77828598022461,3.009002685546875
*Nc1ccccc1-c1ccc(NC(=O)c2ccc(C(*)=O)cc2)cc1,275.0,292.69097900390625,67.33815002441406,17.69097900390625
*OC(=O)C(Cc1ccccc1)NC(=O)CCCCCCC(=O)NC(Cc1ccccc1)C(=O)OC1COC2C(*)COC12,91.0,52.67076873779297,26.659605026245117,-38.32923126220703
*Oc1ccc(Oc2ccc(C(=O)c3ccc(NC(=O)c4cccc(C(=O)Nc5ccc(C(=O)c6ccc(*)cc6)cc5)c4)cc3)cc2)cc1,198.0,224.4720458984375,45.8221435546875,26.4720458984375
*CCN(*)CCOCCOC,16.0,12.251785278320312,46.73564910888672,-3.7482147216796875
*CCCCCCCC(=O)OCCOC(=O)CCCCCCCC1OCC2(COC(*)OC2)CO1,0.0,-21.766998291015625,52.45863342285156,-21.766998291015625
*CCCCCCCCOC(=O)Nc1ccc(Cc2ccc(NC(=O)O*)cc2)cc1,79.0,84.3331069946289,53.753265380859375,5.333106994628906
*c1cccc(P(=O)(c2ccc(C(F)(F)F)cc2)c2cccc(-n3c(=O)c4cc5c(=O)n(*)c(=O)c5c(-c5ccc(C(F)(F)F)cc5)c4c3=O)c2)c1,303.0,298.9269714355469,51.736637115478516,-4.073028564453125
*C(=O)Oc1ccc(OCCCCCCCCCCCCOc2ccc(OC(=O)c3ccc4c(c3)C(=O)N(c3ccc(S(=O)(=O)c5ccc(N6C(=O)c7ccc(*)cc7C6=O)cc5)cc3)C4=O)cc2)cc1,140.0,111.87430572509766,42.729129791259766,-28.125694274902344
*CC(*)(C)C(=O)OCCCCCCOc1ccc(C(=O)Oc2ccc(C(=O)/C=C/c3c(C)c4ccccc4n3CCCC)cc2)cc1,85.0,68.99010467529297,45.90321350097656,-16.00989532470703
*CC(*)(C)C(=O)OC1CC(C)CCC1C(C)C,147.0,107.6571044921875,70.50856018066406,-39.3428955078125
*/C=C/c1ccc(/C=C/c2ccc3c(c2)Sc2cc(*)ccc2N3c2ccc(OCCCCCCCCCCCC)cc2)cc1,167.0,144.74085998535156,64.31271362304688,-22.259140014648438
*c1ccc(Oc2ccc(C(=O)c3cccc(C(=O)c4ccc(Oc5ccc(-c6c7c(c(*)c8ccccc68)C(=O)N(c6ccc(F)cc6)C7=O)cc5)cc4)c3)cc2)cc1,243.0,256.39111328125,38.628883361816406,13.39111328125
*CC(O)COc1cccc(O*)c1,65.0,48.40210723876953,32.439212799072266,-16.59789276123047
*Oc1ccc(C2(c3ccc(Oc4c(F)c(F)c(C(=O)c5c(F)c(F)c(*)c(F)c5F)c(F)c4F)cc3)c3ccccc3-c3ccccc32)cc1,223.0,237.27456665039062,41.51161193847656,14.274566650390625
*C(=O)OCCCCCCCCCOC(=O)c1ccc(N2C(=O)c3ccc(*)cc3C2=O)cc1,62.0,65.57392883300781,19.510406494140625,3.5739288330078125
*c1ccc(C(=O)OCCCCCCCCOc2ccc(/C=C/C(=O)/C=C/c3ccc(OCCCCCCCCOC(=O)c4ccc(-c5nnc(*)o5)cc4)cc3)cc2)cc1,59.0,95.14564514160156,54.246891021728516,36.14564514160156
*c1ccc(Oc2ccc(-c3cnc4cc(Oc5ccc6nc(*)cnc6c5)ccc4n3)cc2)cc1,382.0,336.21527099609375,56.82577133178711,-45.78472900390625
*CC(*)OC(=O)/C=C/c1ccccc1,127.0,106.1591796875,47.08147430419922,-20.8408203125
*CC(O)COC(=O)/C=C/C(=O)Oc1ccc(C(C)(C)c2ccc(O*)cc2)cc1,32.0,62.21320343017578,38.371971130371094,30.21320343017578
*c1ccc(Cc2ccc(N3C(=O)c4ccc(Oc5ccc(Oc6ccc7c(c6)C(=O)N(*)C7=O)cc5)cc4C3=O)c(OC)c2)cc1OC,269.0,225.55792236328125,65.80955505371094,-43.44207763671875
*CCCCCC(=O)Oc1ccc(OC(=O)CCCCCn2c(=O)c3cc4c(=O)n(*)c(=O)c4cc3c2=O)c(-c2ccccc2)c1,82.0,80.89442443847656,23.20566177368164,-1.1055755615234375
*/C=C/c1ccc(OC(=O)CCCCCCCCC(=O)Oc2cccc(-c3nnc(*)s3)c2)cc1,37.0,134.78012084960938,67.69178009033203,97.78012084960938
*CC(*)C1CCCCC1,119.69999694824219,77.8951416015625,88.58174896240234,-41.80485534667969
*CC(*)(C)c1ccc(C)cc1,176.0,73.07160186767578,51.65895080566406,-102.92839813232422
*CC(*)(C)c1ccc2ccccc2n1,193.0,163.1193389892578,94.84136199951172,-29.880661010742188
*C1CCCCC1S(*)(=O)=O,77.0,66.56929779052734,40.79845428466797,-10.430702209472656
*Oc1ccc(-c2ccc(-c3ccc(Oc4ccc(C(c5ccc(*)cc5)(C(F)(F)F)C(F)(F)F)cc4)c(C(F)(F)F)c3)cc2)cc1C(F)(F)F,207.5,145.5612030029297,46.313377380371094,-61.93879699707031
*Oc1ccc(Oc2ccc(C(=O)c3ccc(C(=O)c4ccc(*)cc4)cc3)cc2)cc1-c1cccc(C)c1,159.0,163.73025512695312,45.71400833129883,4.730255126953125
*/C(OC)=C(\OC)c1ccc(*)s1,91.0,67.91734313964844,44.18277359008789,-23.082656860351562
*C(=O)Nc1ccc(Oc2ccccc2-c2ccccc2Oc2ccc(NC(=O)c3ccc4c(c3)C(=O)N(c3ccc(Oc5ccc(Oc6ccc(N7C(=O)c8ccc(*)cc8C7=O)cc6)cc5)cc3)C4=O)cc2)cc1,238.0,291.5331115722656,41.951107025146484,53.533111572265625
*c1ccc(Oc2ccc(-c3nc4cc(Oc5ccc(NC(=O)c6ccc7c(c6)C(=O)N(c6ccc(C(c8ccc(N9C(=O)c%10ccc(C(=O)Nc%11ccc(Oc%12ccc%13nc(-c%14ccccc%14)c(*)nc%13c%12)cc%11)cc%10C9=O)cc8)(C(F)(F)F)C(F)(F)F)cc6)C7=O)cc5)ccc4nc3-c3ccccc3)cc2)cc1,289.0,284.234130859375,36.04218673706055,-4.765869140625
*/C=C(\C#N)C(=O)OCCCCCCCCCCOC(=O)/C(C#N)=C/c1ccc2c(c1)c1cc(*)ccc1n2CCCCCCC,59.0,93.34190368652344,53.89187240600586,34.34190368652344
*CCCCCCNC(=O)c1cccc(C(=O)N*)c1,120.0,129.39889526367188,53.741981506347656,9.398895263671875
*/C(C)=C(/*)SCCCCCCCCCC,60.0,-4.8183746337890625,61.4919319152832,-64.81837463378906
*Oc1ccc(C2(c3ccc(Oc4ccc(C(=O)c5ccc(*)cc5)cc4)c(C)c3)CCC3CCCCC3C2)cc1C,201.0,205.1632537841797,77.90507507324219,4.1632537841796875
*Oc1ccc(S(=O)(=O)c2ccc(Oc3ccc(-c4ccc(-c5ccc(*)cc5)cc4)cc3)cc2)cc1,251.0,188.49514770507812,54.99564743041992,-62.504852294921875
*CC(*)c1ccc(Cl)c(F)c1,122.0,122.74041748046875,33.21088790893555,0.74041748046875
*CCOCCOC(=O)CCCCC(=O)O*,-51.0,-5.7015380859375,74.83708190917969,45.2984619140625
*CCOCCOCCOc1ccc(/C=C/c2ccc(/C=C/c3ccc(O*)c4ccccc34)cc2)c2ccccc12,83.5,155.20956420898438,67.49420166015625,71.70956420898438
*CCCCCCOC(=O)OCCCCCCCCOC(=O)OCCCCCCn1c(=O)c2cc3c(=O)n(*)c(=O)c3cc2c1=O,8.0,8.578231811523438,26.776233673095703,0.5782318115234375
*Oc1ccc(C(CCC)(CCC)c2ccc(OC(*)=O)c(C)c2)cc1C,101.0,98.45783233642578,64.18789672851562,-2.5421676635742188
*CCCCCCCCCCC(=O)NCCCCCC(=O)N*,25.5,51.52949523925781,24.98706817626953,26.029495239257812
*CCCCCOc1ccc(-c2ccc(O*)c3ccccc23)c2ccccc12,151.0,124.18913269042969,51.31882095336914,-26.810867309570312
*CC(COC(F)(C(F)(F)F)C(F)(F)F)O*,-43.0,-25.672027587890625,37.35274124145508,17.327972412109375
*c1ccc(C(=O)NC(CC)COC(=O)c2ccc(N3C(=O)CC(SCCCCCSC4CC(=O)N(*)C4=O)C3=O)cc2)cc1,91.0,103.88772583007812,43.7376708984375,12.887725830078125
*Oc1ccc(Oc2ccc(C(=O)c3cccc(C(=O)c4ccc(*)cc4)c3)cc2)cc1S(=O)(=O)O,195.0,185.67709350585938,55.78440475463867,-9.322906494140625
*C(=O)c1cc2c(cc1Cl)C(=O)N(c1cc(C(=O)OC)cc(N3C(=O)c4cc(*)c(Cl)cc4C3=O)c1)C2=O,321.0,325.5161437988281,56.31655502319336,4.516143798828125
*c1ccc(-c2ccc(-n3c(=O)c4cc5c(=O)n(*)c(=O)c5cc4c3=O)cc2OC)c(OC)c1,328.0,298.53363037109375,56.954872131347656,-29.46636962890625
*Oc1ccc(C2(c3ccc(OC(=O)c4ccc(C(*)=O)cc4)cc3)c3ccccc3-c3ccccc32)cc1,285.0,172.65753173828125,49.5318489074707,-112.34246826171875
*O[Si](*)(C)CCCCCCOc1ccc(C(=O)Oc2ccc(C(=O)OCC(C)CC)cc2)cc1,-9.0,3.4836578369140625,35.694358825683594,12.483657836914062
*CCC[Sn](C)(C)CCCOC(=O)C(CCCCCCOc1ccc(-c2ccc(OCc3ccc([N+](=O)[O-])cc3)cc2)cc1)C(=O)O*,40.5,34.065460205078125,19.292102813720703,-6.434539794921875
*O[Si](*)(C)CCCCC,-112.0,-93.04373168945312,53.562294006347656,18.956268310546875
*c1ccc(Oc2ccc(N3C(=O)c4ccc(C(c5ccc6c(c5)C(=O)N(c5ncc(*)s5)C6=O)(C(F)(F)F)C(F)(F)F)cc4C3=O)cc2)cc1,268.20001220703125,273.08367919921875,39.54396438598633,4.8836669921875
*CC(*)(C)C(=O)OCCOCCOCC[N+](CC)(CC)CCCCS(=O)(=O)O,27.0,8.137954711914062,42.193241119384766,-18.862045288085938
*c1ccc2c(c1)C(=O)N(c1ccc(Oc3ccc4ccc(Oc5ccc(N6C(=O)c7ccc(C(*)(C(F)(F)F)C(F)(F)F)cc7C6=O)cc5)cc4c3)cc1)C2=O,302.29998779296875,292.7735290527344,46.182559967041016,-9.526458740234375
*C(=O)c1ccc2c(c1)C(=O)N(c1ccc(-c3cc(-c4ccc(OC)cc4)cc(-c4ccc(N5C(=O)c6ccc(*)cc6C5=O)cc4)n3)cc1)C2=O,331.0,302.9559326171875,49.41975021362305,-28.0440673828125
*CC(*)(C)C(=O)OCc1ccc(Cl)cc1,43.599998474121094,38.46611022949219,29.244022369384766,-5.133888244628906
*C(=O)Nc1ccc(Oc2ccc(C3(c4ccc(Oc5ccc(NC(=O)c6ccc7c(c6)C(=O)N(c6ccc(Oc8ccc(N9C(=O)c%10ccc(*)cc%10C9=O)cc8)cc6)C7=O)cc5)cc4)NC(=O)c4ccccc43)cc2)cc1,320.0,315.1341552734375,44.05587387084961,-4.8658447265625
*CC/C(=C(/*)c1ccccc1)c1ccccc1,120.5,96.28793334960938,44.7237663269043,-24.212066650390625
*C(=O)Nc1ccc(Oc2ccc(C3(c4ccc(Oc5ccc(NC(=O)c6ccc7c(c6)C(=O)N(c6ccc(Oc8ccc(Oc9ccc(N%10C(=O)c%11ccc(*)cc%11C%10=O)cc9)cc8)cc6)C7=O)cc5)cc4)NC(=O)c4ccccc43)cc2)cc1,284.0,300.20819091796875,42.55183792114258,16.20819091796875
*CCC(C)CCOC(=O)CCCCC(=O)O*,-78.5999984741211,-18.820602416992188,67.35779571533203,59.779396057128906
*C(=O)Nc1ccc(Oc2ccc(C(c3ccc(Oc4ccc(NC(=O)c5ccc6c(c5)C(=O)N(c5ccc(Oc7ccc8ccc(Oc9ccc(N%10C(=O)c%11ccc(*)cc%11C%10=O)cc9)cc8c7)cc5)C6=O)cc4)cc3)(C(F)(F)F)C(F)(F)F)cc2)cc1,250.0,276.53326416015625,40.89058303833008,26.53326416015625
*CC(F)(F)C(F)(F)C(F)(F)COC(=O)c1ccc(OCCCCC)c(C(=O)O*)c1,9.0,10.515411376953125,27.069515228271484,1.515411376953125
*Oc1ccc(C(C)(C)c2ccc(OC(=O)c3ccc(C(*)=O)cc3)cc2)cc1,201.0,154.77999877929688,44.21649169921875,-46.220001220703125
*CC(*)Cc1cccc(C)c1,40.0,73.07160186767578,51.65895080566406,33.07160186767578
*c1ccc(Oc2ccc(Sc3ccc(Oc4ccc(-c5ccc(*)s5)cc4C(F)(F)F)cc3)cc2)c(C(F)(F)F)c1,142.0,145.65357971191406,50.47873306274414,3.6535797119140625
*CC(*)c1ccccc1C(=O)OCCN(C)C,69.0,117.48445892333984,64.69403839111328,48.484458923339844
*OS(=O)(=O)c1ccc(*)cc1,119.0,132.4491729736328,65.29313659667969,13.449172973632812
*Nc1ccc(-c2ccc(NC(=O)c3cccc(C(*)=O)c3)c(S)c2)cc1S,395.0,291.64306640625,67.061279296875,-103.35693359375
*c1ccc(-c2sc(-c3ccc(-n4c(=O)c5cc6c(=O)n(*)c(=O)c6cc5c4=O)cc3)c(-c3ccccc3)c2-c2ccccc2)cc1,460.0,322.24896240234375,68.75968170166016,-137.75103759765625
*C(=O)Nc1ccc(-c2sc(-c3ccc(NC(=O)c4ccc5c(c4)C(=O)N(c4ccc(Oc6ccc7ccc(Oc8ccc(N9C(=O)c%10ccc(*)cc%10C9=O)cc8)cc7c6)cc4)C5=O)cc3)c(-c3ccccc3)c2-c2ccccc2)cc1,311.0,297.9534912109375,44.860069274902344,-13.0465087890625
*CC(*)(C)C(=O)OCCN(CC)c1ccccc1,37.5,53.95939636230469,58.90660858154297,16.459396362304688
*OC(=O)c1ccc(Cc2ccc(C(*)=O)cc2)cc1,122.0,122.259033203125,46.95676040649414,0.259033203125
*CCCCCCOc1ccc(-c2cc(-c3ccc(-c4ccccc4)cc3)c(-c3ccc(NC(=O)c4ccc(C(=O)Nc5ccc(-c6c(-c7ccc(-c8ccccc8)cc7)cc(-c7ccc(O*)cc7)cc6-c6ccc(-c7ccccc7)cc6)cc5)cc4)cc3)c(-c3ccc(-c4ccccc4)cc3)c2)cc1,121.5,125.69735717773438,52.80803680419922,4.197357177734375
*CC(*)(C)C(=O)OCCCCCC,-5.0,-27.046798706054688,47.793704986572266,-22.046798706054688
*C(=O)Nc1cc(NC(=O)c2cncc(*)c2)cc(-c2nnc(-c3ccccn3)o2)c1,185.0,242.54177856445312,80.81666564941406,57.541778564453125
*c1ccc(Oc2ccc(-n3nc(-c4ccccc4)cc3-c3ccc(-c4cc(-c5ccccc5)nn4*)cc3)cc2)cc1,260.0,252.53396606445312,54.91972732543945,-7.466033935546875
*c1cccc(OCCCCCCCCOc2cccc(N3C(=O)c4ccc(-c5cccc6c5C(=O)N(*)C6=O)cc4C3=O)c2)c1,142.0,172.34426879882812,70.16088104248047,30.344268798828125
*CCCCCCCCCCOC(=O)CCCCCNC(=O)CCCCC(=O)NCCCCCC(=O)O*,-12.0,11.420135498046875,34.546329498291016,23.420135498046875
*CCCCCCCCCCCCCCCCOC(=O)CCCCCCC(=O)O*,-26.0,-54.61540222167969,36.40174102783203,-28.615402221679688
*Oc1ccc(C(c2ccc(Oc3c(F)c(F)c(COC(c4cccc(C(OCc5c(F)c(F)c(*)c(F)c5F)(C(F)(F)F)C(F)(F)F)c4)(C(F)(F)F)C(F)(F)F)c(F)c3F)cc2)(C(F)(F)F)C(F)(F)F)cc1,113.0,83.6815185546875,27.808107376098633,-29.3184814453125
*c1ccc(Oc2ccc(-n3c(=O)c4c(Oc5ccc(OC)cc5)c5c(=O)n(*)c(=O)c5c(Oc5ccc(OC)cc5)c4c3=O)cc2)cc1,303.5,244.656494140625,59.61441421508789,-58.843505859375
*CC(O)CN(C)S(=O)(=O)c1cccc(S(=O)(=O)N(C)CC(O)COc2ccc(O*)cc2)c1,66.0,63.61730194091797,39.348148345947266,-2.3826980590820312
*CCCCCCCCCCOc1ccc(CCc2ccc(O*)cc2C)cc1,-3.0,22.9102783203125,45.6690788269043,25.9102783203125
*c1nnc(-c2ccc(Oc3ccc(/C=C/c4ccc(Oc5ccc(*)c6ccccc56)cc4)c4ccccc34)c3ccccc23)o1,241.0,244.23660278320312,59.522987365722656,3.236602783203125
*c1ccc(Cc2ccc(N3C(=O)c4ccc(Oc5ccc(C(C)(C)c6ccc(Oc7ccc8c(c7)C(=O)N(*)C8=O)cc6)cc5)cc4C3=O)cc2)cc1,217.0,251.08578491210938,48.22518539428711,34.085784912109375
*CCCCOC(=O)/C=C/C(=O)O*,35.5,81.62709045410156,81.42375946044922,46.12709045410156
*CC(*)C(=O)OCc1ccccc1,9.25,62.933631896972656,31.126609802246094,53.683631896972656
*CCCCCCOC(=O)C(CCCCCCCCCCBr)C(=O)OCCCCCCOc1ccc(-n2on2-c2ccc(O*)cc2)cc1,16.0,31.9581298828125,40.092498779296875,15.9581298828125
*N=P(*)(Oc1ccc(I)cc1)Oc1ccc(I)cc1,43.099998474121094,2.4536590576171875,37.446754455566406,-40.646339416503906
*CC(C)C(C)COC(=O)c1ccc(C(=O)O*)cc1,37.5,44.54212188720703,60.81626510620117,7.042121887207031
*c1ccc(-c2nc3cc(-c4ccc5oc(*)nc5c4)ccc3o2)cc1,430.0,397.2301025390625,59.24000930786133,-32.7698974609375
*/C=C(\C#N)C(=O)NC1CCCCC1NC(=O)/C(C#N)=C/c1ccc(/C=C/c2ccc(N(CC)Cc3ccccc3CN(CC)c3ccc(/C=C/c4ccc(*)s4)cc3)cc2)s1,195.0,183.57595825195312,64.47826385498047,-11.424041748046875
*c1ccc(Oc2ccc(Oc3ccc(-n4c(=O)c5cc6c(=O)n(*)c(=O)c6cc5c4=O)cc3)cc2)c(C(F)(F)F)c1,272.20001220703125,309.38897705078125,54.38723373413086,37.18896484375
*CCOCCOC(=O)CCCCCC(=O)O*,-41.5,-17.495986938476562,69.21924591064453,24.004013061523438
*CC1CC(*)C(=O)OC1=O,140.0,95.43669891357422,99.49068450927734,-44.56330108642578
*c1ccc2c(c1)C(=O)N(c1ccc(-c3ccc(N4C(=O)c5ccc(C(*)(C(F)(F)F)C(F)(F)F)cc5C4=O)c(OCCOc4ccc5c(C)cc(=O)oc5c4)c3)cc1OCCOc1ccc3c(C)cc(=O)oc3c1)C2=O,132.0,222.89210510253906,38.36198806762695,90.89210510253906
*c1ccc(NC(=O)c2ccc(OCCOCCOc3ccc(C(=O)Nc4ccc5[nH]c(*)nc5c4)cc3)cc2)cc1,175.0,210.039306640625,68.13310241699219,35.039306640625
*c1ccc2c(c1)C(=O)N(c1c(C)cc(-c3cc(C)c(N4C(=O)c5ccc(C(*)(C(F)(F)F)C(F)(F)F)cc5C4=O)c4ccccc34)c3ccccc13)C2=O,403.0,308.2455139160156,47.38133239746094,-94.75448608398438
*C(=O)Nc1c(CC)cc(Cc2cc(CC)c(NC(=O)c3ccc4c(c3)C(=O)N(c3ccc(/N=N/c5ccc(C)cc5)c(N5C(=O)c6ccc(*)cc6C5=O)c3)C4=O)c(CC)c2)cc1CC,269.0,212.88470458984375,63.17738723754883,-56.11529541015625
*c1ccc(-c2ccc(Oc3ccc(C4(C)CC(C)(C)c5ccc(Oc6ccc(-c7ccc(N8C(=O)c9ccc(Oc%10ccc%11c(c%10)C(=O)N(*)C%11=O)cc9C8=O)cc7)cc6C(F)(F)F)cc54)cc3)c(C(F)(F)F)c2)cc1,249.0,261.5860290527344,41.883052825927734,12.586029052734375
*c1ccc(N/C=N/c2ccc(S(*)(=O)=O)cc2)cc1,163.0,140.6335906982422,52.50835037231445,-22.366409301757812
*Oc1ccc(C2(c3ccc(OC(=O)CCCCC(*)=O)cc3)c3cc(N(C)C)ccc3-c3ccc([N+](=O)[O-])cc32)cc1,150.0,156.87738037109375,46.956932067871094,6.87738037109375
*CCCCCOC(=O)c1ccc(/C=C/c2ccc(C(=O)O*)cc2)cc1,60.0,65.33612060546875,50.118160247802734,5.33612060546875
*Oc1cc(Br)cc(Br)c1*,170.0,182.42364501953125,49.972755432128906,12.42364501953125
*c1ccc(Oc2ccc(C(=O)c3ccc(Oc4ccc(N5C(=O)c6ccc(Oc7ccc8c(c7)C(=O)N(*)C8=O)cc6C5=O)cc4)cc3)cc2)cc1,243.0,227.45755004882812,26.818151473999023,-15.542449951171875
*Oc1c(C)cc(*)cc1C(C)CCCCC,60.0,42.29083251953125,45.186485290527344,-17.70916748046875
*N=P(*)(NCC)NCC,30.0,24.289199829101562,49.76234817504883,-5.7108001708984375
*c1ccc(Oc2ccc(-c3csc(/N=C/c4ccc(OCCCCCCOc5ccc(/C=N/c6nc(*)cs6)cc5)cc4)n3)cc2)cc1,117.0,231.79165649414062,65.27045440673828,114.79165649414062
*C(=O)Nc1ccc(NC(=O)c2ccc3c(c2)C(=O)N(c2c(C)cc(C)c(N4C(=O)c5ccc(*)cc5C4=O)c2C)C3=O)cc1,327.0,238.7196044921875,69.55345916748047,-88.2803955078125
*N=P(*)(OC/C=C/c1ccccc1)OC/C=C/c1ccccc1,1.0,42.96288299560547,40.145137786865234,41.96288299560547
*c1cccc(C(=O)Nc2ccc(Oc3ccc(S(=O)(=O)c4ccc(Oc5ccc(NC(=O)c6cccc(N7C(=O)c8ccc(-c9ccc%10c(c9)C(=O)N(*)C%10=O)cc8C7=O)c6)cc5)cc4)cc3)cc2)c1,258.0,255.06126403808594,34.4367561340332,-2.9387359619140625
*c1cccc(C(=O)c2ccc(Oc3ccc(N4C(=O)c5ccc(Oc6ccc7c(c6)C(=O)N(*)C7=O)cc5C4=O)cc3)cc2)c1,232.0,239.18605041503906,30.36421775817871,7.1860504150390625
*c1cc(CCCCCC)c(*)s1,20.299999237060547,2.6928863525390625,56.68143844604492,-17.607112884521484
*/C=C(/*)C(CCCCC)[Si](C)(C)C,170.0,98.45793914794922,115.43054962158203,-71.54206085205078
*c1ccc2oc(-c3cccc(-c4nc5cc(C(*)(c6ccccc6)C(F)(F)F)ccc5o4)c3)nc2c1,301.0,317.31951904296875,46.741477966308594,16.31951904296875
*CC(*)(C)C(=O)OCCCCCC(=O)Oc1ccc(OC(=O)c2ccc(OC)cc2)cc1,40.0,54.87266540527344,35.285343170166016,14.872665405273438
*/C=C/[Ge](/C=C/[Si](*)(c1ccccc1)c1ccccc1)(c1ccccc1)c1ccccc1,28.0,77.45085906982422,57.462791442871094,49.45085906982422
*CCCCCCCCCCOC(=O)c1cccc(C(=O)O*)c1,-22.5,10.6600341796875,35.16417694091797,33.1600341796875
*ON(C(F)(F)F)C(F)(F)/C(F)=C(\F)C(*)(F)F,-7.0,-10.609115600585938,37.7621955871582,-3.6091156005859375
*c1cccc(-c2nc3cc4nc(-c5ccccc5)c(*)nc4cc3nc2-c2ccccc2)c1,365.0,361.5509033203125,55.98966979980469,-3.4490966796875
*c1ccc(Oc2ccc(C(c3ccc(Oc4ccc(N5C(=O)c6ccc(-c7ccc8c(c7)C(=O)N(*)C8=O)cc6C5=O)cc4)cc3)(C(F)(F)F)C(F)(F)F)cc2)cc1,262.0,313.9543762207031,48.86790084838867,51.954376220703125
*CCCCCCOC(=O)OCCCCCOC(=O)OCCCCCCOc1ccc(C(=O)c2ccc(O*)cc2)cc1,-0.20000000298023224,-15.06085205078125,30.3023738861084,-14.860852047801018
*N=P(*)(Oc1ccc(Cc2ccccc2)cc1)Oc1ccc(Cc2ccccc2)cc1,13.300000190734863,57.67424011230469,49.89897155761719,44.374239921569824
*CC(*)c1ccc(C[Si](C)(C)C)cc1,82.0,74.47710418701172,94.18057250976562,-7.522895812988281
*CCCCCCN1C(=O)C(=O)N(c2ccc(CCc3ccccc3N3C(=O)C(=O)N(*)C3=O)cc2)C1=O,137.0,144.02847290039062,41.39520263671875,7.028472900390625
*Oc1ccc(-c2ccc(Oc3ccc(Oc4ccc(Oc5ccc(*)cc5)cc4)cc3)c3ccccc23)c2ccccc12,147.0,189.16847229003906,39.01590347290039,42.16847229003906
*c1ccc2c(c1)C(=O)N(c1ccc(OCCCCOc3ccc(N4C(=O)c5ccc(C(*)(C(F)(F)F)C(F)(F)F)cc5C4=O)cc3)cc1)C2=O,169.0,211.38116455078125,57.10521697998047,42.38116455078125
*C(=O)OCCCCCCCCCCCCOC(=O)c1ccc(NC(=O)c2ccc(N3C(=O)c4ccc(*)cc4C3=O)cc2)cc1,74.0,116.45799255371094,40.48341751098633,42.45799255371094
*N=P(*)(Oc1ccc(-c2ccccc2)cc1)Oc1ccc(-c2ccccc2)cc1,85.0,177.12557983398438,71.83195495605469,92.12557983398438
*c1ccc(-c2ccc(-n3c(=O)c4c(C(F)(F)F)c5c(=O)n(*)c(=O)c5c(C(F)(F)F)c4c3=O)cc2C(F)(F)F)c(C(F)(F)F)c1,304.0,307.9378662109375,69.75294494628906,3.9378662109375
*Oc1ccc(Oc2ccc(C(=O)c3ccc(C(=O)c4ccc(*)cc4)cc3)cc2)cc1-c1ccc(S(=O)(=O)O)cc1,174.0,178.7642059326172,48.45347213745117,4.7642059326171875
*c1ccc(-c2ccc(N3C(=O)c4ccc(-c5cccc6c5C(=O)N(*)C6=O)cc4C3=O)cc2C)c(C)c1,372.0,331.9639892578125,55.4278678894043,-40.0360107421875
*C(=O)c1ccc2c(c1)C(=O)N(c1cccc(C#Cc3cccc(N4C(=O)c5ccc(*)cc5C4=O)c3)c1)C2=O,294.0,328.75048828125,49.63325119018555,34.75048828125
*CCCCCCCOC(=O)NCCCCCCNC(=O)O*,55.0,47.76310729980469,35.45159912109375,-7.2368927001953125
*c1ccc2c(c1)C(=O)N(c1cccc(C(=O)Nc3ccc(Oc4ccc(NC(=O)c5cccc(N6C(=O)c7ccc(C(*)(C(F)(F)F)C(F)(F)F)cc7C6=O)c5)cc4)cc3)c1)C2=O,298.0,322.7458190917969,51.69096374511719,24.745819091796875
*Oc1ccccc1C(=O)OC(=O)c1ccccc1OC(=O)CCCCCCC(*)=O,28.0,56.344268798828125,33.18299102783203,28.344268798828125
*Nc1ccc(C2(c3ccc(NC(=O)c4cc(NC(=O)C56CC7CC(CC(C7)C5)C6)cc(C(*)=O)c4)cc3)c3ccccc3-c3ccccc32)cc1,370.0,241.02052307128906,85.48418426513672,-128.97947692871094
*C(=O)Nc1cccc(NC(=O)c2ccc3c(c2)C(=O)N(c2cccc(N4C(=O)c5ccc(*)cc5C4=O)c2)C3=O)n1,339.0,315.3224182128906,54.87672805786133,-23.677581787109375
*C(F)C(*)(F)F,31.450000762939453,28.362388610839844,31.3566837310791,-3.0876121520996094
*c1ccc(Oc2ccc(N3C(=O)c4ccc(Oc5cccc6c(Oc7ccc8c(c7)C(=O)N(*)C8=O)cccc56)cc4C3=O)cc2)cc1,240.0,235.22174072265625,27.84184455871582,-4.77825927734375
*c1cccc(N2C(=O)c3cccc(Oc4ccc(Oc5ccc(Oc6cccc7c6C(=O)N(*)C7=O)cc5)cc4)c3C2=O)c1,238.0,238.34805297851562,31.407907485961914,0.348052978515625
*OC(=O)Nc1ccc(Cc2ccc(NC(=O)OC3CC4CC(*)CC(C3)O4)cc2)cc1,200.0,116.42376708984375,52.6337776184082,-83.57623291015625
*c1ccc(Oc2ccc(Oc3ccc(-c4nc(*)nc(-c5ccccc5)n4)cc3)cc2)cc1,244.0,257.7108154296875,69.36042022705078,13.7108154296875
*Oc1ccc(S(=O)(=O)c2ccc(Oc3ccc(C(=O)c4cccc(C(=O)c5ccc(*)cc5)c4)cc3)cc2)cc1,178.0,199.5868682861328,52.381256103515625,21.586868286132812
*Oc1ccc(S(=O)(=O)c2ccc3cc(S(=O)(=O)c4ccc(Oc5c(C)cc(-c6cc(C)c(*)c(C)c6C)c(C)c5C)cc4)ccc3c2)cc1,300.0,219.76956176757812,67.00479125976562,-80.23043823242188
*c1ccc(Cc2ccc(S(*)(=O)=O)cc2)cc1,227.5,152.80450439453125,66.9869384765625,-74.69549560546875
*c1ccc(-c2cc(C(C)(C)C)c(Oc3ccc(N4C(=O)c5ccc(-c6ccc7c(c6)C(=O)N(*)C7=O)cc5C4=O)cc3C(F)(F)F)c(C(C)(C)C)c2)cc1,389.0,311.80560302734375,70.37165069580078,-77.19439697265625
*CC(*)c1cc(Br)ccc1OC(C)C,35.0,40.21307373046875,37.68173599243164,5.21307373046875
*Oc1cc(Oc2cccc(NC(=O)c3cc(Oc4ccc(C(=O)O)c(C(=O)Nc5cccc(*)c5)c4)ccc3C(=O)O)c2)ccc1C#N,195.8000030517578,235.81109619140625,48.35953140258789,40.01109313964844
*C(=O)Nc1ccc2c(c1)Cc1cc(NC(=O)c3ccc4c(c3)C(=O)N(c3ccc(NC(=O)Nc5ccc(N6C(=O)c7ccc(*)cc7C6=O)cc5)cc3)C4=O)ccc1-2,224.0,242.2900390625,31.069826126098633,18.2900390625
*CCOC(=O)c1cc(C(=O)O*)cc(C(C)(C)C)c1,94.0,44.54212188720703,60.81626510620117,-49.45787811279297
*CC1CCC(COC(=O)CCC(=O)O*)CC1,-1.0,3.994964599609375,72.72396087646484,4.994964599609375
*CCS*,-1.5,9.0,32.47488784790039,10.5
*NNC(=O)c1ccc(C(*)=O)cc1OCCCCCCCCCC,193.0,137.51736450195312,65.96966552734375,-55.482635498046875
*CC(*)(C)C(=O)OCCC(F)(F)C(F)(F)C(F)(F)C(F)(F)F,23.0,4.600128173828125,42.1702995300293,-18.399871826171875
*C(CC(C)C)C(=O)Nc1ccc(Oc2ccc(NC(=O)Nc3ccc(Cc4ccc(NC(=O)Nc5ccc(Oc6ccc(NC(=O)C(CC(C)C)n7c(=O)c8cc9c(=O)n(*)c(=O)c9cc8c7=O)cc6)cc5)cc4)cc3)cc2)cc1,181.39999389648438,185.2955322265625,50.218360900878906,3.895538330078125
*Oc1ccc(Oc2ccc(NC(=O)c3ccc(Oc4ccc(Oc5ccc(C(=O)Nc6ccc(*)cc6)cc5)cc4-c4ccccc4)cc3)cc2)cc1-c1ccccc1,200.5,254.91204833984375,62.20096969604492,54.41204833984375
*Nc1ccc(C(=O)c2ccc(NC(=O)c3cccc(C(*)=O)c3)cc2)cc1,253.1999969482422,301.22271728515625,65.34931945800781,48.02272033691406
*CCOCCOC(=O)c1ccccc1-c1ccccc1C(=O)O*,17.0,52.37079620361328,23.494972229003906,35.37079620361328
*Sc1ccc(Sc2ccc(Sc3ccc(P(=O)(c4ccccc4)c4ccc(*)cc4)cc3)cc2)cc1,175.0,193.43211364746094,59.06463623046875,18.432113647460938
*CC1CCCC(CN2C(=O)c3ccc(C(c4ccc5c(c4)C(=O)N(*)C5=O)(C(F)(F)F)C(F)(F)F)cc3C2=O)C1,222.0,232.72982788085938,84.14892578125,10.729827880859375
*c1ccc(C(=O)Oc2c(C)cc(C(c3cccnc3)c3cc(C)c(OC(=O)c4ccc(N5C(=O)CC(Nc6ccc(NC7CC(=O)N(*)C7=O)cc6)C5=O)cc4)c(C)c3)cc2C)cc1,212.0,212.33987426757812,59.05936813354492,0.339874267578125
*CCCCCCCCCCOC(=O)Nc1ccc(Cc2ccc(NC(=O)O*)cc2)cc1,60.0,64.94100952148438,51.80550003051758,4.941009521484375
*CCCCCCOC(=O)OCCCCCCOC(=O)OCCCCCCOc1ccc(-c2ccc(O*)cc2)cc1,16.600000381469727,3.01434326171875,27.21454429626465,-13.585657119750977
*CC(*)c1ccc(C(=O)C(F)(F)F)cc1,95.0,100.62265014648438,24.984939575195312,5.622650146484375
*C(=O)Nc1ccc(Oc2cccc(NC(=O)c3ccc4c(c3)C(=O)N(c3ccc(Oc5ccc(C6(c7ccc(Oc8ccc(N9C(=O)c%10ccc(*)cc%10C9=O)cc8)cc7)NC(=O)c7ccccc76)cc5)cc3)C4=O)c2)cc1,302.0,315.1341552734375,44.05587387084961,13.1341552734375
*CC(c1ccccc1)C1C(=O)N(CCCN(CC)c2ccc(/N=N/c3ccc([N+](=O)[O-])cc3)c(C)c2)C(=O)C1*,137.0,132.92694091796875,61.797691345214844,-4.07305908203125
*/C(C#N)=C/c1ccc(N(CC)Cc2ccccc2CN(CC)c2ccc(/C=C(\C#N)S(*)(=O)=O)cc2)cc1,190.0,231.47616577148438,78.04878234863281,41.476165771484375
*c1cc(C(=O)OCCCC)cc(N2C(=O)CC(C3Cc4ccccc4C4C(=O)N(*)C(=O)C43)C2=O)c1,219.0,149.58624267578125,50.76154708862305,-69.41375732421875
*CC(COCCOCCOC)O*,-57.0,-56.649169921875,61.18972396850586,0.350830078125
*Oc1ccc(OC(=O)c2ccc(-c3ccc(C(*)=O)cc3)cc2-c2ccccc2)cc1,140.0,141.00437927246094,30.22247886657715,1.0043792724609375
*CC(*)c1ccc(Cl)cc1Cl,135.0,142.91885375976562,47.72939682006836,7.918853759765625
*c1ccc(Oc2ccc(C(=O)c3cccc(C(=O)c4ccc(Oc5ccc(-c6nc(-c7ccccn7)nnc6*)cc5)cc4)c3)cc2)cc1,202.0,268.498046875,58.32562255859375,66.498046875
*Oc1ccc(Oc2ccc(Oc3ccc(NC(=O)c4ccc(-c5ccc(C(=O)Nc6ccc(*)cc6)c(C)c5)cc4C)cc3)cc2)cc1,200.0,255.9393768310547,70.31517791748047,55.93937683105469
*CC(*)c1cc(Br)ccc1OCCCCC,49.0,23.61309814453125,38.680572509765625,-25.38690185546875
*CC(*)c1cccc2c1OCO2,119.0,65.24917602539062,36.366886138916016,-53.750823974609375
*O[Si](c1ccccc1)(c1ccccc1)c1ccc(-c2ccc([Si](*)(c3ccccc3)c3ccccc3)cc2)cc1,94.0,140.46327209472656,49.15384292602539,46.46327209472656
*CC(*)C(=O)Oc1cccc(C(=O)OCC)c1,24.0,48.15898132324219,23.736961364746094,24.158981323242188
*CCOP(=O)(/N=N/c1ccc(CCOC(=O)c2cc(C(=O)OCCc3ccc(/N=N/P(=O)(O*)OC)cc3)cc(C(C)(C)C)c2)cc1)OC,84.0,76.51457977294922,35.006446838378906,-7.485420227050781
*C(=O)c1ccc2c(c1)C(=O)N(c1ccc(C(=O)Nc3ccc(N4C(=O)c5ccc(*)cc5C4=O)cc3)cc1)C2=O,300.0,314.97344970703125,50.620662689208984,14.97344970703125
*Oc1c(-c2ccccc2)cc(*)cc1-c1ccccc1-c1ccccc1,211.0,201.87989807128906,46.8998908996582,-9.120101928710938
*CC(*)CCc1ccccc1,10.0,73.07160186767578,51.65895080566406,63.07160186767578
*Oc1ccc(C(CC)(c2ccccc2)c2ccc(OC(*)=O)cc2)cc1,147.0,166.28115844726562,49.933387756347656,19.281158447265625
*c1ccc([Si](c2ccccc2)(c2ccccc2)c2ccc(-c3nnc(-c4cccc(-c5nnc(*)o5)n4)o3)cc2)cc1,265.0,271.44940185546875,54.682674407958984,6.44940185546875
*CCC1C(=O)N(CCCCCCCCCCCCCCCC)C(=O)C1*,65.5999984741211,54.37731170654297,22.0567569732666,-11.222686767578125
*OC(CC(*)=O)C(Cl)(Cl)Cl,163.5,127.2801284790039,58.5206413269043,-36.219871520996094
*CCN(*)C(=O)c1cc(F)ccc1F,112.0,98.50688171386719,17.265361785888672,-13.493118286132812
*O[Si](*)(C)CCCCCCCCCCCOc1ccc(-c2ccc(C(=O)Oc3ccc(C(=O)OC(C)C(=O)OC(C)C(=O)OC(C)C(=O)OCC(C)CC)cc3)cc2)cc1,15.0,18.292770385742188,29.548648834228516,3.2927703857421875
*c1ccc(-c2ccc(-n3c(=O)c4cc5c(=O)n(*)c(=O)c5cc4c3=O)cc2C)c(C)c1,364.5,350.03302001953125,65.92228698730469,-14.46697998046875
*CCCOC(=O)C1CCC(C(=O)O*)CC1,-6.0,24.86634063720703,75.32504272460938,30.86634063720703
*c1ccc(Oc2ccc(C(c3ccc(Oc4ccc(-n5c(=O)c6ccc7c(=O)n(*)c(=O)c8ccc(c5=O)c6c78)cc4)cc3)(C(F)(F)F)C(F)(F)F)cc2)cc1,280.0,292.7735290527344,46.182559967041016,12.773529052734375
*C(C)C(*)C(=O)OCC,157.0,5.457855224609375,76.78147888183594,-151.54214477539062
*c1ccc(C(=O)c2ccc(-n3nc(-c4ccccc4)c4cc(Oc5ccc6c(-c7ccccc7)nn(*)c(=O)c6c5)ccc4c3=O)cc2)cc1,275.5,280.2438049316406,55.19331359863281,4.743804931640625
*CC(C#N)C(CCC(C)(O)C=C)C(*)(C)C,50.0,62.15968322753906,55.30707931518555,12.159683227539062
*CC(*)(CC(=O)OCCCC1CCCCC1)C(=O)OCCCC1CCCCC1,7.0,-25.219802856445312,46.28410720825195,-32.21980285644531
*CCCCCCCCCCCC(c1ccc(O)cc1)C(*)c1ccc(O)cc1C,4.0,21.858131408691406,34.02067184448242,17.858131408691406
*C([2H])([2H])C(*)([2H])C([2H])([2H])[2H],0.0,-0.0222320556640625,35.580078125,-0.0222320556640625
*Cc1ccccc1[Si](*)(C)C,48.0,26.056846618652344,43.90142822265625,-21.943153381347656
*CC(*)c1ccc(Cl)c([N+](=O)[O-])c1,132.89999389648438,100.50186920166016,54.276756286621094,-32.39812469482422
*CCCCCCCCCCN1C(=O)c2ccc(Oc3ccc4c(c3)C(=O)N(*)C4=O)cc2C1=O,91.5,116.46306610107422,63.002410888671875,24.96306610107422
*CC(CCCCCCCCCCCCCCCC)C(CCCCCCCCCCCCCCCC)COC(=O)c1ccc(C(=O)O*)cc1,-26.0,-63.20967102050781,34.372413635253906,-37.20967102050781
*Oc1cc(CCC)cc(OC(=O)c2cccc(C(*)=O)c2)c1,129.0,106.84284973144531,63.584957122802734,-22.157150268554688
*CC(*)(C)C(=O)OCCCCCCOc1ccc(C(=O)Oc2ccc3ccc(=O)oc3c2)cc1,102.0,64.63771057128906,33.125831604003906,-37.36228942871094
*Oc1cc(C(C)(C)C)c(Oc2ccc(C(=O)Nc3ccc(C(C)(C)c4ccc(NC(=O)c5ccc(*)cc5)cc4)cc3)cc2)cc1C(C)(C)C,254.0,221.52330017089844,82.40642547607422,-32.47669982910156
*NC(CCC(=O)OCCCCCC)C(*)=O,-25.0,13.071670532226562,50.74595642089844,38.07167053222656
*CC(*)C(=O)OC(CC)CC,-6.0,14.859832763671875,74.47808074951172,20.859832763671875
*O[Si](C)(C)c1ccc2cc3cc([Si](*)(C)C)ccc3cc2c1,118.0,57.825416564941406,46.35954666137695,-60.174583435058594
*Nc1ccc(CC(C)(C)NC(=O)CCCCC(*)=O)cc1,130.0,120.59901428222656,61.269039154052734,-9.400985717773438
*CC/C=C(/*)[Sn](CCCC)(CCCC)CCCC,-80.0,-51.80857849121094,46.2485237121582,28.191421508789062
*CCCCCCCCCCCCC(=O)N*,41.0,23.612258911132812,38.636871337890625,-17.387741088867188
*Nc1ccc(Cc2ccc(NC(=O)c3cc(NC(=O)c4ccccc4)cc(C(*)=O)c3)cc2)cc1,285.0,253.45187377929688,82.44632720947266,-31.548126220703125
*CC(*)C(=O)Oc1ccc(/N=N/c2ccc([N+](=O)[O-])cc2)cc1,134.0,181.62887573242188,67.37123107910156,47.628875732421875
*CC(O)COc1ccc(O*)cc1,60.0,48.40210723876953,32.439212799072266,-11.597892761230469
*CC(*)OC,-25.799999237060547,-49.54093933105469,40.0849494934082,-23.74094009399414
*c1ccc(Oc2ccc(S(=O)(=O)c3ccc(Oc4ccc(-c5cc(*)n(-c6ccccc6)n5)cc4)cc3)cc2)cc1,235.0,247.3153076171875,59.098873138427734,12.3153076171875
*C(=O)c1ccc(Oc2ccc(C(C)(C)c3ccc(Oc4ccc(*)s4)cc3)cc2)s1,124.0,177.04266357421875,55.851078033447266,53.04266357421875
*CCCCCCN(CC(F)(F)C(F)(F)C(F)(F)C(F)(F)C(F)(F)C(F)(F)C(F)(F)F)C(=O)C(F)(F)C(F)(F)C(F)(F)C(=O)N(*)CC(F)(F)C(F)(F)C(F)(F)C(F)(F)C(F)(F)C(F)(F)C(F)(F)F,187.5,204.2230224609375,54.58779525756836,16.7230224609375
*OP(=O)(Oc1ccc(OC)cc1)Oc1c(Br)cc(C(c2cc(Br)c(*)c(Br)c2)(C(F)(F)F)C(F)(F)F)cc1Br,151.0,157.13470458984375,31.38787841796875,6.13470458984375
*c1cccc(C(=O)Nc2ccc(NC(=O)c3cccc(N4C(=O)c5ccc(-c6cccc7c6C(=O)N(*)C7=O)cc5C4=O)c3)cc2)c1,328.0,290.005126953125,49.33446502685547,-37.994873046875
*CC(F)(F)C(F)(F)C(F)(F)COC(=O)c1cccc(C(F)(F)C(F)(F)C(F)(F)C(F)(F)C(F)(F)c2cccc(C(=O)O*)c2)c1,29.0,30.89691162109375,26.37714195251465,1.89691162109375
*c1ccc2c(c1)C(=O)N(c1ccc(C(=O)Nc3ccc(Oc4cccc(Oc5ccc(NC(=O)c6ccc(N7C(=O)c8ccc(C(*)(C(F)(F)F)C(F)(F)F)cc8C7=O)cc6)cc5)c4)cc3)cc1)C2=O,286.0,278.9925842285156,35.16072463989258,-7.007415771484375
*Oc1cc(Oc2ccc(NC(=O)c3cc(NC(=O)C45CC6CC(CC(C6)C4)C5)cc(C(=O)Nc4ccc(*)cc4)c3)cc2)ccc1C12CC3CC(CC(C3)C1)C2,345.0,176.17367553710938,83.91715240478516,-168.82632446289062
*c1ccc(Oc2ccc(C(=O)c3cccc(C(=O)c4ccc(Oc5ccc(N6C(=O)c7ccc([Si](C)(C)c8ccc9c(c8)C(=O)N(*)C9=O)cc7C6=O)cc5)cc4)c3)cc2)cc1,208.0,236.82249450683594,37.47545623779297,28.822494506835938
*C(=O)Nc1ccc(-c2ccc(N3C(=O)CC(N4C(=O)c5ccc(*)cc5C4=O)C3=O)cc2)cc1,219.0,272.631103515625,52.067874908447266,53.631103515625
*CC(*)OCC(C)(C)CC,9.0,-59.63871765136719,33.41740417480469,-68.63871765136719
*c1ccc(Oc2ccc(Oc3ccc(-n4c(=O)c5cc6c(=O)n(*)c(=O)c6cc5c4=O)cc3)cc2-c2ccccc2)cc1,271.0,252.80935668945312,33.26912307739258,-18.190643310546875
*c1ccc(OCCCCCOc2ccc(N3C(=O)c4ccc(-c5cccc6c5C(=O)N(*)C6=O)cc4C3=O)cc2)cc1,208.0,207.68914794921875,61.05572509765625,-0.31085205078125
*c1ccc2c(c1)C(=O)N(c1ccc(Oc3c(C(C)(C)C)cc(-c4ccc(N5C(=O)c6ccc(C(*)(C(F)(F)F)C(F)(F)F)cc6C5=O)cc4)cc3C(C)(C)C)c(C(F)(F)F)c1)C2=O,362.5,267.1695861816406,59.23127746582031,-95.33041381835938
*OP(=O)(Oc1ccc(OC)cc1)Oc1c(C)cc(S(=O)(=O)c2cc(C)c(*)c(C)c2)cc1C,147.0,120.47215270996094,41.953369140625,-26.527847290039062
*O[Si](*)(C)CCCCCCCCCCC(=O)Oc1ccc(C(=O)OCCOc2ccc(C(=O)OC3CCC4(C)C(=CCC5C4CCC4(C)C(C(C)CCCC(C)C)CCC54)C3)cc2)cc1,25.0,25.27526092529297,38.133399963378906,0.27526092529296875
*C(=O)Nc1ccc(-c2ccc(NC(=O)c3ccc4c(c3)C(=O)N(c3ccc(S(=O)(=O)c5ccc(N6C(=O)c7ccc(*)cc7C6=O)cc5)cc3)C4=O)cc2)cc1,370.0,268.3978576660156,35.11845016479492,-101.60214233398438
*c1cccc(P(C)(=O)c2cccc(N3C(=O)c4ccc(NC(=O)OCCOc5ccc(C(c6ccc(OCCOC(=O)Nc7ccc8c(c7)C(=O)N(*)C8=O)cc6)(C(F)(F)F)C(F)(F)F)cc5)cc4C3=O)c2)c1,204.0,193.5690460205078,37.611289978027344,-10.430953979492188
*C(=O)Nc1ccc(Oc2cccc3c(NC(=O)c4ccc5c(c4)C(=O)N(c4ccc(Oc6cccc7c(N8C(=O)c9ccc(*)cc9C8=O)cccc67)cc4)C5=O)cccc23)cc1,276.0,257.271240234375,30.716157913208008,-18.728759765625
*CC(CCCCCCOc1ccc(/N=N/c2ccc(Br)cc2)cc1)COC(=O)CCCCC(=O)O*,24.0,39.84917449951172,41.55391311645508,15.849174499511719
*CC(*)c1ccc(B(Oc2ccc(-c3ccc(OC)cc3)c3cccnc23)c2ccc(C(C)(C)C)cc2)cc1,220.0,222.8558349609375,65.04446411132812,2.8558349609375
*CC(*)c1ccc(C(C)(O)CC)cc1,190.0,71.64604949951172,61.8731575012207,-118.35395050048828
*CC(*)(C#N)C(=O)OCCCCCCC,102.0,94.06520080566406,66.88497924804688,-7.9347991943359375
*c1cc(C)c(/N=C/c2ccc(OCc3ccccc3COc3ccc(/C=N/c4cc(C)c(-n5c(=O)c6ccc7c8ccc9c(=O)n(*)c(=O)c%10ccc(c%11ccc(c5=O)c6c7%11)c8c9%10)cc4C)cc3OC)c(OC)c2)cc1C,143.0,219.14443969726562,49.408836364746094,76.14443969726562
*O[Si](*)(CCCOCCOC)CCCOCCOC,-55.0,-76.11796569824219,59.81437683105469,-21.117965698242188
*Oc1ccc(OC(=O)c2cccc(Oc3cccc(C(*)=O)c3)c2)cc1,119.0,137.238525390625,39.89393615722656,18.238525390625
*C(=O)OCCOCCOC(=O)c1ccc(N2C(=O)c3ccc(*)cc3C2=O)cc1,101.0,89.58937072753906,51.63334274291992,-11.410629272460938
*Oc1cccc(OC(=O)c2cc(OCCCCC)cc(C(*)=O)c2)c1,96.0,56.58007049560547,32.759674072265625,-39.41992950439453
*O[Si](Oc1ccc(C2(c3ccc(*)cc3)c3ccccc3-c3ccccc32)cc1)(c1ccccc1)c1ccccc1,166.0,178.59934997558594,46.553985595703125,12.599349975585938
*OC(F)(F)COC(=O)c1cc(OCCCCC)cc(C(=O)OCC(*)(F)F)c1,14.0,7.6401519775390625,32.59861373901367,-6.3598480224609375
*c1ccc(Oc2ccc(N3C(=O)c4ccc(Oc5ccc(C(C)(C)c6ccc(Oc7ccc8c(c7)C(=O)N(*)C8=O)cc6)cc5)cc4C3=O)cc2)cc1,215.0,219.4993896484375,33.321895599365234,4.4993896484375
*OC(C)CCCC(C)C(*)=O,-33.0,14.859832763671875,74.47808074951172,47.859832763671875
*CC(O)CN(*)c1ccc(/N=N/c2ccc(Cl)cc2)cc1,160.0,138.44895935058594,50.562721252441406,-21.551040649414062
*Oc1ccc(C(C)(C)c2ccc(OC(=O)c3ccc(C(*)=O)cc3)c(CCCC)c2)cc1CCCC,160.0,142.19873046875,92.00431823730469,-17.80126953125
*CCN(CCOC(=O)Nc1ccc(C)c(NC(=O)O*)c1)c1ccc(/N=N/c2ccc(/N=N/c3cc(OC)c(/N=N/c4ccc([N+](=O)[O-])cc4)cc3OC)c(C)c2)cc1,148.0,138.88082885742188,33.32511901855469,-9.119171142578125
*c1ccc(OCCOCCOCCOc2cccc(N3C(=O)c4ccc(Oc5ccc6c(c5)C(=O)N(*)C6=O)cc4C3=O)c2)cc1,107.0,110.61283874511719,34.260215759277344,3.6128387451171875
*c1ccc2c(c1)C(=O)N(c1cccc(NC(=O)C(F)(F)C(F)(F)C(F)(F)C(F)(F)C(=O)Nc3cccc(N4C(=O)c5ccc(C(*)(C(F)(F)F)C(F)(F)F)cc5C4=O)c3)c1)C2=O,232.0,223.49395751953125,53.370479583740234,-8.50604248046875
*c1ccc(Oc2ccc(-c3ccc(Oc4ccc(N5C(=O)c6cccc(Oc7ccc(C(c8ccc(Oc9cccc%10c9C(=O)N(*)C%10=O)cc8)(C(F)(F)F)C(F)(F)F)cc7)c6C5=O)cc4)cc3)cc2)cc1,234.0,246.59494018554688,30.268156051635742,12.594940185546875
*/C=C(\C#N)C(=O)OCCCCCCOC(=O)/C(C#N)=C/c1ccc2c(c1)c1cc(*)ccc1n2CCCCCCC,87.0,124.86820220947266,72.34999084472656,37.868202209472656
*CCCOc1ccc(-c2ccc(O*)c3ccccc23)c2ccccc12,182.0,156.55545043945312,43.661827087402344,-25.444549560546875
*CC(*)OC(=O)c1ccccc1OC,65.0,51.352699279785156,20.033260345458984,-13.647300720214844
*Oc1ccc(/C=C/c2cc(OCCCCCCCC)c(/C=C/c3ccc(Oc4cc5c(=O)n(CCCCCCCC)c(=O)c6ccc7c8c(*)cc9c(=O)n(CCCCCCCC)c(=O)c%10ccc(c4c7c65)c8c%109)cc3)cc2OCCCCCCCC)cc1,103.0,69.0874252319336,58.17173385620117,-33.912574768066406
*c1ccc(-c2cc(-c3ccc(-c4ccccc4)cc3)cc(-c3ccc(N4C(=O)c5ccc(NC(=O)Nc6ccc(-c7cc(-c8ccc(-c9ccccc9)cc8)cc(-c8ccc(NC(=O)Nc9ccc%10c(c9)C(=O)N(*)C%10=O)cc8)n7)cc6)cc5C4=O)cc3)n2)cc1,272.0,265.2325439453125,38.62433624267578,-6.7674560546875
*c1ccc(Cc2ccc(N3C(=O)c4cc(-c5ccc(C(C)(C)C)cc5)c(-c5cc6c(cc5-c5ccc(C(C)(C)C)cc5)C(=O)N(*)C6=O)cc4C3=O)cc2)cc1,360.0,231.89971923828125,77.65464782714844,-128.10028076171875
*c1ccc(Cc2ccc(-n3nc(-c4ccccc4)cc3-c3ccc(-c4cc(-c5ccccc5)nn4*)cc3)cc2)cc1,252.0,208.61911010742188,50.15925216674805,-43.380889892578125
*Nc1ccc(*)cc1OCCCCCCCCCCCC,87.0,69.86676788330078,40.36031723022461,-17.13323211669922
*CCCCCCOC(=O)C(CCCCCOc1ccc(/N=N/c2ccncc2)cc1)C(=O)OCCCCCCOc1ccc(-c2ccc(O*)cc2)cc1,53.599998474121094,71.13307189941406,44.034912109375,17.53307342529297
*CC(*)(F)C(=O)OCC(F)(F)C(F)(F)C(F)(F)F,75.0,39.93324279785156,49.54613494873047,-35.06675720214844
*O[Si](*)(C)CCCOc1ccc(C(=O)Oc2ccc(C(=O)Oc3ccc(OC)cc3)cc2)cc1,38.0,56.728126525878906,32.586524963378906,18.728126525878906
*C(=O)Nc1ccc(Cc2ccc(NC(=O)c3ccc4c(c3)C(=O)N(c3ccc(Oc5ccc(N6C(=O)c7ccc(*)cc7C6=O)cc5)cc3)C4=O)cc2)cc1,270.0,260.2139587402344,32.92903518676758,-9.786041259765625
*Oc1ccc(Oc2ccc(NC(=C(C#N)C#N)c3ccc(C(Nc4ccc(*)cc4)=C(C#N)C#N)cc3)cc2)cc1,255.0,278.7707214355469,52.489105224609375,23.770721435546875
*Cc1cccc(CNC(=O)c2cc(C(=O)N*)cc(C(C)(C)C)c2)c1,192.0,153.70498657226562,69.17146301269531,-38.295013427734375
*c1ccc(Oc2ccc(C(=O)c3ccc(Oc4ccc(-c5nc(-c6ccccc6)[nH]c5*)cc4)cc3)cc2)cc1,259.0,248.11509704589844,68.36976623535156,-10.884902954101562
*/C=C/C1CC(*)C(C(=O)OCCNC(C)(C)C)C1,29.0,72.1153564453125,77.6302490234375,43.1153564453125
*CCCCCCCCCC(=O)N*,43.0,40.63140106201172,29.692068099975586,-2.3685989379882812
*CC#CCOC(=O)NCCCCCCNC(=O)O*,-45.0,67.2059555053711,45.242557525634766,112.2059555053711
*CC(C)(CO*)COCC(F)(F)C(F)(F)C(F)(F)F,-45.0,-20.156524658203125,63.0097770690918,24.843475341796875
*CCOCCOCCOCCOC(=O)/C=C/C(=O)NCCCCCCNC(=O)/C=C/C(=O)O*,52.0,21.49750518798828,33.52619934082031,-30.50249481201172
*c1ccc(Oc2ccc(-c3c(-c4ccccc4)nc4ccc(Oc5ccc6nc(-c7ccccc7)c(*)c(-c7ccccc7)c6c5)cc4c3-c3ccccc3)cc2)cc1,252.5,308.4441833496094,46.55177307128906,55.944183349609375
*c1cc(CC(=O)OCC)c(*)s1,56.70000076293945,67.91734313964844,44.18277359008789,11.217342376708984
*c1ccc2[nH]c(*)nc2c1,398.0,263.094482421875,106.03146362304688,-134.905517578125
*O[Si](*)(C)CCc1cc(C(=O)Oc2ccc(OCCCCCCCCCCCC)cc2)ccc1-c1ccc(C(=O)Oc2ccc(OCCCCCCCCCCCC)cc2)cc1,76.0,47.69957733154297,41.29414367675781,-28.30042266845703
*CCCCOCO*,-84.0,-65.01397705078125,53.92539596557617,18.98602294921875
*Oc1ccc(C(C)(C)c2ccc(OC(=O)OCCN(CCOC(*)=O)c3ccccc3)cc2)cc1,70.0,63.633934020996094,19.34305191040039,-6.366065979003906
*OC(=O)c1ccc(C(F)(F)C(F)(F)C(F)(F)c2ccc(C(*)=O)cc2)cc1,98.0,102.8873291015625,44.22890853881836,4.8873291015625
*C(=O)OCCN(CCOC(=O)c1ccc2c(c1)C(=O)N(c1c(C)cc(Cc3cc(C)c(N4C(=O)c5ccc(*)cc5C4=O)c(C)c3)cc1C)C2=O)c1ccc(/N=N/c2ccc([N+](=O)[O-])cc2C#N)cc1,216.0,205.5729217529297,50.08142852783203,-10.427078247070312
*CC(*)(C)C(=O)OCc1ccc2c(c1)c1ccccc1n2CCCCCCCCCCCCCCCC,23.0,47.99415588378906,29.96672248840332,24.994155883789062
*CC(CC)(CC)COC(=O)c1ccc(-c2ccc(-c3ccc(C(=O)O*)cc3)cc2)cc1,-20.0,162.97970581054688,97.0550765991211,182.97970581054688
*CCCCCCCCCCCCOc1ccc(N(c2ccccc2)c2ccc(-c3ccc(N(c4ccccc4)c4ccc(O*)cc4)cc3)cc2)cc1,42.5,165.510498046875,64.95853424072266,123.010498046875
*C(=O)c1ccc2c(c1)C(=O)N(c1cc(OCCCCCCCCCCCCCCCC)cc(N3C(=O)c4ccc(*)cc4C3=O)c1)C2=O,179.0,105.54609680175781,60.35028076171875,-73.45390319824219
*C[Si](*)(C)CCCOCCOCCOC,-73.30000305175781,-90.9471435546875,52.36433792114258,-17.647140502929688
*c1ccc(Oc2ccc(Sc3ccc(Oc4ccc(-c5cccc(*)n5)cc4C(F)(F)F)cc3)cc2)c(C(F)(F)F)c1,144.5,266.0228271484375,52.568092346191406,121.5228271484375
*CC(*)(C)C(=O)NC(=O)OCCOc1c(Br)cc(S(=O)(=O)c2cc(Br)c(OCCO)c(Br)c2)cc1Br,110.0,144.0399932861328,63.375675201416016,34.03999328613281
*CCCCCCCCOc1ccc(/C=C/c2cc(OCCCCCCCC)c(/C=C/c3ccc(O*)cc3)cc2OCCCCCCCC)cc1,130.0,48.41387176513672,57.511451721191406,-81.58612823486328
*Oc1ccc(Sc2ccc(Sc3ccc(Sc4ccc(*)cc4)cc3)cc2)cc1,84.0,153.06759643554688,47.046627044677734,69.06759643554688
*Oc1ccc(C(C)(C)c2ccc(OC(=O)c3ccc(OCCCCCCCCCCOc4ccc(C(*)=O)cc4)cc3)cc2)cc1,77.0,93.09842681884766,58.031341552734375,16.098426818847656
*Oc1ccc(-c2ccc(Oc3ccc(C(=O)c4ccc(*)c(S(=O)(=O)O)c4)cc3S(=O)(=O)O)cc2)cc1,225.0,221.27996826171875,61.20610427856445,-3.72003173828125
*c1ccc2c(c1)C(=O)N(c1ccc(C(c3ccc(N4C(=O)c5ccc(C(*)(C(F)(F)F)C(F)(F)F)cc5C4=O)cc3)(C(F)(F)F)C(F)(F)F)cc1)C2=O,315.1000061035156,294.54315185546875,76.23481750488281,-20.556854248046875
*CCCCCCCCCCNC(=O)CCP(C)(=O)CCC(=O)N*,45.5,40.802886962890625,32.68182373046875,-4.697113037109375
*CC(*)CNc1ccc([N+](=O)[O-])c(C(F)(F)F)c1,153.0,155.89927673339844,49.28202819824219,2.8992767333984375
*c1cc(C(=O)NCCCCCCCC)cc(N2C(=O)c3ccc(-c4ccc5c(c4)C(=O)N(*)C5=O)cc3C2=O)c1,245.5,226.2332763671875,88.87865447998047,-19.2667236328125
*Oc1ccc(P(=O)(c2ccccc2)c2ccc(Oc3ccc(C(C)(C)c4ccc(*)cc4)cc3)cc2)cc1,199.0,241.7068328857422,67.57695007324219,42.70683288574219
*Oc1ccc(C(C)(C)c2ccc(OC(=O)Nc3cccc(P(=O)(c4ccccc4)c4cccc(NC(*)=O)c4)c3)cc2)cc1,62.0,81.2269287109375,61.49632263183594,19.2269287109375
*c1ccc(Oc2ccccc2N2C(=O)c3ccc(Oc4ccc5c(c4)C(=O)N(*)C5=O)cc3C2=O)cc1,264.0,277.52197265625,44.779052734375,13.52197265625
*CCC(C)C(*)(C)C(=O)OC,45.0,14.859832763671875,74.47808074951172,-30.140167236328125
*CC(CO)(CO)CO*,99.0,-23.398117065429688,88.88421630859375,-122.39811706542969
*CCN(CCOC(=O)Nc1cccc(NC(=O)O*)c1C)c1ccc(/N=N/c2ccc([N+](=O)[O-])cc2)cc1,147.0,143.9011993408203,33.48072052001953,-3.0988006591796875
*C1OC(C(F)(F)F)(C(F)(F)F)OC1(*)F,256.0,130.44155883789062,138.05772399902344,-125.55844116210938
*c1ccc(OC(=O)c2ccc(C(=O)Oc3ccc(C4(*)c5ccccc5C(=O)N4C)cc3)cc2)cc1,282.0,222.65267944335938,63.45814514160156,-59.347320556640625
*CC(*)P(=O)(c1ccccc1)c1ccccc1,127.5,102.78231811523438,63.18494415283203,-24.717681884765625
*CCOCCOC(=O)c1ccc(-c2ccc(C(=O)O*)cc2)cc1,50.0,52.37079620361328,23.494972229003906,2.3707962036132812
*CCN(CCOC(=O)c1ccc(C(=O)O*)cc1)c1ccc(-c2nc3ccc([N+](=O)[O-])cc3o2)cc1,208.0,175.74337768554688,89.94259643554688,-32.256622314453125
*Nc1cc(NC(=O)c2ccccc2C(*)=O)cc(-c2nnc(-c3ccccn3)o2)c1,90.0,236.42210388183594,76.15719604492188,146.42210388183594
*c1cccc(N2C(=O)c3cccc(Oc4ccc(-c5ccc(Oc6cccc7c6C(=O)N(*)C7=O)cc5)cc4)c3C2=O)c1,275.0,252.80935668945312,33.26912307739258,-22.190643310546875
*O[Si](*)(C)CCCOCC1COC(=O)O1,-25.899999618530273,-33.457672119140625,60.5146484375,-7.557672500610352
*c1cc(C(=O)O)cc(N2C(=O)CC(C3CC4C(=O)N(*)C(=O)C4c4ccccc43)C2=O)c1,360.0,271.5308837890625,79.73236846923828,-88.4691162109375
*O[Si](C)(C)CCCC(=O)Oc1ccc(/C=N/c2ccc(Oc3ccc(/N=C/c4ccc(OC(=O)CCC[Si](*)(C)C)cc4)cc3)cc2)cc1,52.0,56.58384704589844,46.9561653137207,4.5838470458984375
*OC(COC(=O)c1ccc(C(*)=O)c(OC)c1)COc1ccc(/N=N/c2ccc(C#N)cc2)cc1,120.0,201.03428649902344,85.89037322998047,81.03428649902344
*c1cccc(Oc2ccc(C(c3ccc(Oc4cccc(-n5c(=O)c6cc7c(=O)n(*)c(=O)c7cc6c5=O)c4)cc3)(C(F)(F)F)C(F)(F)F)cc2)c1,235.0,264.8164978027344,38.77314376831055,29.816497802734375
*CC(*)c1ccc(OCCC(C)C)cc1,57.0,39.942176818847656,50.21358108520508,-17.057823181152344
*CCCCCCCC(=O)OCC1(C)COC(*)OC1,-26.0,-14.712112426757812,58.160770416259766,11.287887573242188
*O[Si](C)(C)c1ccc([Si](C)(C)Oc2c(C)cc(-c3cc(C)c(*)c(C)c3)cc2C)cc1,67.0,29.260955810546875,38.6693000793457,-37.739044189453125
*Nc1ccc(C(c2ccc(NC(=O)c3cc(NC(=O)C45CC6CC(CC(C6)C4)C5)cc(C(*)=O)c3)cc2)(C(F)(F)F)C(F)(F)F)cc1,365.0,213.71029663085938,90.23551177978516,-151.28970336914062
*Oc1ccc(CC(NC(=O)CCc2ccc(OC(=O)CCCCCCC(*)=O)cc2)C(=O)OC(C)CC)cc1,46.0,38.32915496826172,18.150320053100586,-7.670845031738281
*CC(OCC)C(C)(C(=O)OC)C(*)(C)C(=O)OC,131.0,10.58123779296875,53.080970764160156,-120.41876220703125
*c1ccc(-c2cc(-c3ccc(-c4ccccc4)cc3)cc(-c3ccc(N4C(=O)c5ccc(NC(=O)Nc6ccc(Oc7ccccc7-c7ccccc7Oc7ccc(NC(=O)Nc8ccc9c(c8)C(=O)N(*)C9=O)cc7)cc6)cc5C4=O)cc3)n2)cc1,249.0,274.8427734375,39.55735397338867,25.8427734375
*c1ccc(Oc2ccc(-c3nc4cc(Oc5ccc(NC(=O)c6cc(C(=O)Nc7ccc(Oc8ccc9nc(-c%10ccccc%10)c(*)nc9c8)cc7)cc(N7C(=O)c8c(Cl)c(Cl)c(Cl)c(Cl)c8C7=O)c6)cc5)ccc4nc3-c3ccccc3)cc2)cc1,295.0,275.12847900390625,38.486228942871094,-19.87152099609375
*CCOCCOCCOCCOCCOCCOC(=O)NCCCCCCNC(=O)O*,-31.0,-27.2615966796875,53.8620719909668,3.7384033203125
*CC(*)(C#N)C(=O)OC,147.5,120.58174133300781,86.46886444091797,-26.918258666992188
*/C=C/C1CC(*)C2C(=O)N(CCCCCCC)C(=O)C12,59.0,33.05638885498047,65.48818969726562,-25.94361114501953
*C(=O)c1ccc2c(c1)C(=O)N(c1ccc(OCC(C)(C)COc3ccc(N4C(=O)c5ccc(*)cc5C4=O)cc3)cc1)C2=O,234.0,175.91781616210938,60.998443603515625,-58.082183837890625
*C(=O)c1ccc2c(c1)C(=O)N(c1ccc(N3C(=O)c4ccc(*)cc4C3=O)cc1)C2=O,317.0,352.7387390136719,54.36006164550781,35.738739013671875
*O[Si](*)(C)CCCCCCCCCCC(=O)Oc1ccc2cc(C(=O)OC3CCC4(C)C(=CCC5C4CCC4(C)C(C(C)CCCC(C)C)CCC54)C3)ccc2c1,27.0,29.832855224609375,42.42756271362305,2.832855224609375
*Oc1ccc(OC(=O)c2ccc(C(*)=O)cc2Oc2ccc(-c3ccccc3)cc2)cc1,117.0,146.0537567138672,34.705570220947266,29.053756713867188
*CCCCCCCCCCCCN1C(=O)c2ccc(Oc3ccc4c(c3)C(=O)N(*)C4=O)cc2C1=O,70.0,92.95489501953125,54.69245529174805,22.95489501953125
*CCOc1ccc(S(=O)(=O)c2ccc(OCCOP(=O)(O*)Oc3ccccc3)cc2)cc1,49.0,113.31770324707031,48.5251350402832,64.31770324707031
*c1ccc(Sc2cc3c(cc2Sc2ccc(N4C(=O)C5C6C=CC(C7C(=O)N(*)C(=O)C67)C5C4=O)cc2)C(=O)N(CCN(C)C)C3=O)cc1,310.0,218.6011962890625,75.89143371582031,-91.3988037109375
*Oc1ccc(C(=O)c2ccc(Oc3ccc(C(=O)c4c(C(=O)c5ccc(*)cc5)c(-c5ccc(F)cc5)c(-c5ccc(F)cc5)c(-c5ccc(F)cc5)c4-c4ccc(F)cc4)cc3)cc2)cc1,260.0,253.88165283203125,38.04437255859375,-6.11834716796875
*CCCNC(=O)CNC(=O)C(NC(=O)C(Cc1ccccc1)NC(=O)CCCCCCCCC(=O)NC(Cc1ccccc1)C(=O)NC(C(=O)NCC(=O)NCCCOCCOCCO*)C(C)C)C(C)C,58.0,43.02491760253906,37.54616928100586,-14.975082397460938
*Oc1cccc(Oc2ccc(C(=O)c3ccc(NC(=O)CCCCCCCCC(=O)Nc4ccc(C(=O)c5ccc(*)cc5)cc4)cc3)cc2)c1,143.0,200.8052978515625,93.63372039794922,57.8052978515625
*Oc1ccc(C(c2ccccc2)c2ccc(OC(*)=O)cc2)cc1,170.0,164.0057373046875,40.441219329833984,-5.9942626953125
*c1ccc(-c2cc(C(C)(C)C)c(Oc3ccc(N4C(=O)c5ccc(S(=O)(=O)c6ccc7c(c6)C(=O)N(*)C7=O)cc5C4=O)cc3)c(C(C)(C)C)c2)cc1,354.5,251.71875,70.5908432006836,-102.78125
*CCCCOc1ccc(OCCCCc2nnc(-c3ccc(-c4nnc(*)o4)cc3)o2)c(C)c1,129.0,125.21803283691406,51.78599548339844,-3.7819671630859375
*CC(*)(C)C(=O)OC1CC(C)CC(C)(C)C1,125.0,78.46891784667969,82.84070587158203,-46.53108215332031
*C(=O)Nc1ccc(Cc2ccc(NC(=O)c3ccc4c(c3)C(=O)N(c3cccc(P(=O)(c5ccccc5)c5cccc(N6C(=O)c7ccc(*)cc7C6=O)c5)c3)C4=O)cc2)cc1,233.0,231.77777099609375,37.66715621948242,-1.22222900390625
*C(=O)OCCCCCCOC(=O)c1ccc(NC(=O)c2ccc(N3C(=O)c4ccc(*)cc4C3=O)cc2)cc1,107.0,118.16108703613281,51.78883743286133,11.161087036132812
*c1ccc(Oc2ccc(C(=O)c3cccc(C(=O)c4ccc(Oc5ccc(-c6cc(*)n(-c7ccccc7)n6)cc5)cc4)c3)cc2)cc1,190.0,235.1988525390625,55.268348693847656,45.1988525390625
*O[Si](*)(CCCOCCOCCOCCOCCOCCOCCOC)CCCOCCOCCOCCOCCOCCOCCOC,-68.9000015258789,-89.46170043945312,38.615257263183594,-20.56169891357422
*c1ccc(Sc2cc3c(cc2Sc2ccc(N4C(=O)c5ccc(Oc6ccc7c(c6)C(=O)N(*)C7=O)cc5C4=O)cc2)C(=O)N(CCc2ccccc2)C3=O)cc1,218.0,207.57379150390625,30.069625854492188,-10.42620849609375
*C(=O)Oc1ccc(C2(c3ccc(OC(=O)c4ccc5c(c4)C(=O)N(c4ccc(-c6ccc(N7C(=O)c8ccc(*)cc8C7=O)cc6C)c(C)c4)C5=O)cc3)CCC(C(C)(C)C)CC2)cc1,217.0,269.5178527832031,62.96348571777344,52.517852783203125
*Oc1ccc(-c2ccc(OC(=O)c3cc(/N=N/c4ccc(OCC)cc4)ccc3-c3ccc(/N=N/c4ccc(OCC)cc4)cc3C(*)=O)cc2)cc1,165.0,256.7641906738281,71.35313415527344,91.76419067382812
*CCCCCCN1C(=O)c2ccc(C(=O)Nc3ccc(S(=O)(=O)c4ccc(NC(=O)c5ccc6c(c5)C(=O)N(*)C6=O)cc4)cc3)cc2C1=O,198.0,198.5571746826172,54.163692474365234,0.5571746826171875
*CCCCCCCCCCCCCCNC(=O)NCc1ccc(CNC(=O)N*)cc1,54.0,57.236358642578125,37.06902313232422,3.236358642578125
*CCOCCOC(=O)C(C)C(=O)O*,-29.0,-21.369277954101562,69.4091567993164,7.6307220458984375
*CC(*)(C)C(=O)OCc1ccc2c(c1)c1ccccc1n2CC,136.0,90.38545227050781,79.88384246826172,-45.61454772949219
*OC(COCCOC)COC(*)=O,-50.0,-25.559478759765625,85.77912139892578,24.440521240234375
*c1ccc2c(c1)C(=O)N(c1ccc(Oc3c(C(C)(C)C)cc(-c4ccc(N5C(=O)c6ccc(C(*)(C(F)(F)F)C(F)(F)F)cc6C5=O)cc4)cc3C(C)(C)C)cc1)C2=O,355.0,288.40869140625,68.65850067138672,-66.59130859375
*CCCCOC(=O)CCCCCCCCC(=O)O*,-57.0,-14.712112426757812,58.160770416259766,42.28788757324219
*c1ccc(C(C#N)(C(=O)OCCCC)C(*)(C#N)C(=O)OCCCC)cc1,108.0,109.64116668701172,43.92490005493164,1.6411666870117188
*CCCCCCOC(=O)C(Cc1ccccc1)NC(=O)/C=C/C(=O)NC(Cc1ccccc1)C(=O)O*,92.0,64.22235870361328,44.64601135253906,-27.77764129638672
*CCC(=O)N*,145.5,145.0904083251953,70.31456756591797,-0.4095916748046875
*Oc1ccc(S(=O)(=O)c2ccc(Oc3ccc(C(=O)c4cc(I)cc(C(=O)c5ccc(*)cc5)c4)cc3)cc2)cc1,203.0,215.56021118164062,44.84235382080078,12.560211181640625
*c1ccc2c(c1)C(=O)N(c1ccc(NC(=O)C(F)(F)C(F)(F)C(F)(F)C(F)(F)C(F)(F)C(F)(F)C(=O)Nc3ccc(N4C(=O)c5ccc(C(*)(C(F)(F)F)C(F)(F)F)cc5C4=O)cc3)cc1)C2=O,265.0,245.49722290039062,49.87282180786133,-19.502777099609375
*c1ccc2c(c1)C(=O)N(c1ccc(C(=O)Nc3ccc(Oc4ccc(C(C)(C)c5ccc(Oc6ccc(NC(=O)c7ccc(N8C(=O)c9ccc(C(*)(C(F)(F)F)C(F)(F)F)cc9C8=O)cc7)cc6)cc5)cc4)cc3)cc1)C2=O,266.0,290.49468994140625,48.01237869262695,24.49468994140625
*O[Si](C)(C)O[Si](C)(C)O[Si](C)(C)O[Si](C)(C)O[Si](C)(C)OC(C)CCC(*)C,-106.0,-106.78366088867188,41.571372985839844,-0.783660888671875
*CC(*)n1cc2ccccc2n1,41.5,85.45523071289062,35.8946533203125,43.955230712890625
*CC(F)(F)C(F)(F)C(F)(F)COC(=O)c1cc(C(=O)O*)cc(C(F)(F)C(F)(F)C(F)(F)C(F)(F)C(F)(F)C(F)(F)C(F)(F)F)c1,27.0,13.134017944335938,25.10700225830078,-13.865982055664062
*Oc1ccc(NC(=O)c2ccc3cc(C(=O)Nc4ccc(Oc5ccc(C6(c7ccc(*)cc7)CC7CCC6C7)cc5)cc4)ccc3c2)cc1,276.0,273.7324523925781,61.062984466552734,-2.267547607421875
*c1ccc(-n2ccc(-c3ccc(-c4ccn(*)n4)cc3)n2)cc1,75.0,90.9356689453125,48.68792724609375,15.9356689453125
*OC(=O)c1cccc(C(=O)Oc2ccc3c(c2)Oc2cc(*)ccc2C32OC(=O)c3ccccc32)c1,276.0,291.69342041015625,47.600440979003906,15.69342041015625
*OP(=O)(Oc1ccc(C(C)(C)c2ccc(*)cc2)cc1)OC1CCCCC1,86.0,34.29454803466797,36.135650634765625,-51.70545196533203
*c1ccc(Oc2ccc(-c3ccc(Oc4ccc(N5C(=O)c6ccc(Oc7ccc(C(C)(C)c8ccc(Oc9ccc%10c(c9)C(=O)N(*)C%10=O)cc8)cc7)cc6C5=O)cc4)cc3)cc2)cc1,220.0,236.13034057617188,42.21717834472656,16.130340576171875
*CCCCCCCCCCC(=O)Nc1ccc(Oc2ccc(Oc3ccc(NC(=O)CCCCCCCCCCN4C(=O)c5ccc(C(=O)c6ccc7c(c6)C(=O)N(*)C7=O)cc5C4=O)cc3)cc2)cc1,122.0,108.62216186523438,55.7732048034668,-13.377838134765625
*c1ccc(OCCN(CCOc2ccc(-c3cc(-c4ccccc4)c4cc(Oc5ccc6nc(*)cc(-c7ccccc7)c6c5)ccc4n3)cc2)c2ccc(C(C#N)=C(C#N)C#N)cc2)cc1,175.0,229.3472137451172,52.55299377441406,54.34721374511719
*CCCNC(=O)c1ccc(C(=O)NCCCO*)cc1,72.0,115.61759948730469,55.3478889465332,43.61759948730469
*CC(*)c1cc(C(=O)OCCCCCCCC)ccc1-c1ccc(OCCCCCCCC)cc1,57.0,71.21971893310547,92.37947845458984,14.219718933105469
*CC(C)(C)COC(=O)Cc1ccc(C(=O)O*)cc1,33.0,44.54212188720703,60.81626510620117,11.542121887207031
*Oc1ccc(C(c2ccc(OC(*)=S)cc2)C(CC)CC)cc1,148.0,118.51860046386719,65.94499206542969,-29.481399536132812
*C(=O)Nc1ccc(NC(=O)c2ccc(N3C(=O)c4ccc(*)cc4C3=O)cc2)cc1,297.5,291.5042724609375,58.39061737060547,-5.9957275390625
*Oc1ccc(P(C)(=O)c2ccc(Oc3ccc(C(c4ccccc4)(c4ccc(*)cc4)C(F)(F)F)cc3)cc2)cc1,229.0,236.93609619140625,49.516231536865234,7.93609619140625
*O[Si](C)(C)c1ccc(-c2ccc([Si](*)(C)C)cc2)cc1,67.0,59.458534240722656,48.32146453857422,-7.541465759277344
*CCOCCOCCOC(=O)NCCCCCCNC(=O)O*,-6.5,38.131980895996094,44.27668762207031,44.631980895996094
*Oc1ccc(/C=C/C(=O)c2ccc(Oc3ccc(C(C)(C)c4ccc(*)c(C)c4)cc3C)cc2)cc1,157.0,165.88720703125,70.05999755859375,8.88720703125
*CC(COC)O*,-62.0,-63.45198059082031,46.0261344909668,-1.4519805908203125
*Oc1ccc(S(=O)(=O)c2ccc(Oc3ccc(C(C)(c4ccc(*)cc4)c4ccc(O)cc4)cc3)cc2)cc1,228.0,204.389892578125,49.584136962890625,-23.610107421875
*CCOC(=O)c1ccc(-c2ccc(C(=O)O*)cc2C)c(C)c1,73.0,63.407958984375,33.043701171875,-9.592041015625
*CC(*)OC(=O)OC([2H])([2H])[2H],55.0,28.95787811279297,53.2017707824707,-26.04212188720703
*CC(O)COc1ccc(C2CC(C(C)C)CCC2(C)c2ccc(O*)cc2)cc1,175.0,105.3624267578125,73.38299560546875,-69.6375732421875
*c1ccc(Oc2ccc(S(=O)(=O)c3ccc(Oc4ccc(-c5nc(-c6ccccc6)[nH]c5*)cc4)cc3)cc2)cc1,277.0,247.3153076171875,59.098873138427734,-29.6846923828125
*Oc1ccc(NC(=O)c2cc(NC(=O)CCN3C(=O)c4ccccc4C3=O)cc(C(=O)Nc3ccc(*)cc3)c2)cc1,240.0,216.4149169921875,53.207454681396484,-23.5850830078125
*Oc1ccc(OC(=O)c2ccc(C(*)=O)cc2Sc2ccccc2)cc1,181.0,136.70999145507812,42.0457878112793,-44.290008544921875
*Oc1c(-c2ccccc2)cc(*)cc1-c1ccccc1,220.0,203.2531280517578,43.32639694213867,-16.746871948242188
*CC(CC)(CCl)CO*,20.0,-34.68742370605469,45.28031539916992,-54.68742370605469
*CC(*)C(=O)Oc1c(Cl)c(Cl)c(Cl)c(Cl)c1Cl,145.0,162.1438751220703,43.12791061401367,17.143875122070312
*CCC(*)(C)c1ccccc1,93.0,73.07160186767578,51.65895080566406,-19.92839813232422
*c1ccc2c(c1)C(=O)N(c1cccc(Oc3ccc(S(=O)(=O)c4ccc(Oc5cccc(N6C(=O)c7ccc(C(*)(C(F)(F)F)C(F)(F)F)cc7C6=O)c5)cc4)cc3)c1)C2=O,209.5,235.79129028320312,37.077239990234375,26.291290283203125
*c1cccc(P(=O)(c2ccccc2)c2cccc(N3C(=O)c4ccc(NC(=O)OCCOc5c(Br)cc(C(C)(C)c6cc(Br)c(OCCOC(=O)Nc7ccc8c(c7)C(=O)N(*)C8=O)c(Br)c6)cc5Br)cc4C3=O)c2)c1,201.0,207.86373901367188,51.39182662963867,6.863739013671875
*/C(=C(\[2H])C([2H])([2H])C(*)([2H])[2H])C([2H])([2H])[2H],-58.0,-52.08293151855469,58.135467529296875,5.9170684814453125
*CC(*)(C)C(=O)OCCCCCCCCCCCOc1ccc(C(=O)Oc2ccc(C#N)cc2)cc1,10.0,41.12214660644531,21.934146881103516,31.122146606445312
*CCCCCOC(=O)c1ccc(-c2ccc(-c3ccc(C(=O)O*)cc3)cc2)cc1,40.0,125.53025817871094,91.9969711303711,85.53025817871094
*Nc1ccc(CC(C)(C)NC(=O)CCC(*)=O)cc1,158.0,129.39889526367188,53.741981506347656,-28.601104736328125
*CC(*)(C)C(=O)OCCCCCCCCCC,-64.5,-61.258026123046875,43.28829574584961,3.241973876953125
*O[Si](C)(C)O[Si](C)(C)C#Cc1ccc(C#C[Si](*)(C)C)cc1,104.0,67.4242935180664,59.65766906738281,-36.575706481933594
*CC(*)(C)C(=O)Oc1ccc(C(=O)Oc2ccc(C)cc2)cc1,98.0,63.407958984375,33.043701171875,-34.592041015625
*Oc1ccc(S(=O)(=O)c2ccc3ccc(S(=O)(=O)c4ccc(*)cc4)cc3c2)cc1,250.0,164.7135772705078,49.57822036743164,-85.28642272949219
*CC(*)C(=O)OC12CC3CC(CC(C3)C1)C2,183.0,81.07159423828125,77.46072387695312,-101.92840576171875
*Oc1ccc(C(C)(c2ccccc2)c2ccc(OC(=O)c3ccccc3-c3ccccc3C(*)=O)cc2)cc1,172.0,169.21046447753906,39.71261978149414,-2.7895355224609375
*Oc1ccc(C(C)(C)c2ccc(OC(=O)c3ccc(C(*)=O)cc3)c(C(C)C)c2)cc1C(C)C,140.0,184.69972229003906,94.11632537841797,44.69972229003906
*CC(COCC=C)O*,-75.5,5.457855224609375,76.78147888183594,80.95785522460938
*CC(*)(C)C(=O)OCCCCOc1ccc2cc(C(=O)Oc3ccccc3)ccc2c1,88.0,60.030303955078125,48.293212890625,-27.969696044921875
*CCCCCCCCCCOc1ccc(/C=C/c2ccc(OCCCCCCCCCCOP(=O)(O*)OCCCCCCCCCCOc3ccc(/N=N/c4ccc(Cl)cc4)cc3)cc2)cc1,60.0,37.69133758544922,31.040590286254883,-22.30866241455078
*O[Si](*)(C)CCCC(=O)OCC,-82.0,-65.301513671875,61.93799591064453,16.698486328125
*Oc1ccc(C(C)(C)c2ccc(OC(=O)OCCCCCOC(*)=O)cc2)cc1,49.5,58.21875,35.9544792175293,8.71875
*CCN(*)C(=O)c1c(F)cccc1F,121.5,98.50688171386719,17.265361785888672,-22.993118286132812
*Oc1ccc(C(=O)Nc2ccc(C(c3ccc(NC(=O)c4ccc(OC(=O)c5cccc(C(*)=O)c5)cc4)cc3)(C(F)(F)F)C(F)(F)F)cc2)cc1,227.0,241.89312744140625,51.626949310302734,14.89312744140625
*C1CCOC1*,131.0,39.170692443847656,62.68489074707031,-91.82930755615234
*Oc1ccc(C(C)(C)c2ccc(OC3(F)C(*)(F)C(F)(F)C3(F)F)cc2)cc1,98.0,122.82910919189453,48.71952438354492,24.82910919189453
*c1ccc(Oc2ccc(N3C(=O)c4cccc(Oc5ccc(-c6ccc(Oc7cccc8c7C(=O)N(*)C8=O)cc6)cc5)c4C3=O)cc2)cc1,277.0,248.30404663085938,32.25818634033203,-28.695953369140625
*c1ccc(-c2nc3cc(-c4ccc5nc(*)c(-c6ccc7ccccc7c6)nc5c4)ccc3nc2-c2ccc3ccccc3c2)cc1,333.0,324.3836669921875,50.785274505615234,-8.6163330078125
*c1ccc(-c2cnc3cc4ncc(*)nc4cc3n2)cc1,392.0,360.7427978515625,62.80514144897461,-31.2572021484375
*Oc1cc(OC(=O)c2ccc(OCCCC)cc2)c(OC(=O)CCCCCCCC(*)=O)cc1OC(=O)c1ccc(OCCCC)cc1,38.0,47.299720764160156,20.139751434326172,9.299720764160156
*C(=O)c1ccc2c(c1)C(=O)N(c1cccc(C(=O)Nc3cccc(N4C(=O)c5ccc(*)cc5C4=O)c3)c1)C2=O,287.0,314.97344970703125,50.620662689208984,27.97344970703125
*c1c(C)cc(-c2cc(C)c(N3C(=O)c4ccc(Oc5c(C)cc(Cc6cc(C)c(Oc7ccc8c(c7)C(=O)N(*)C8=O)c(C)c6)cc5C)cc4C3=O)c(C)c2)cc1C,420.0,273.0655212402344,72.6030044555664,-146.93447875976562
*Oc1ccc(C(C)(c2ccccc2)c2ccc(OC(=O)OC3C(C)(C)C(OC(*)=O)C3(C)C)cc2)cc1,149.0,86.17311096191406,48.76286697387695,-62.82688903808594
*CCC[Si](*)(C)O[Si](C)(C)CCCOc1ccc(C#N)cc1,-45.5,-18.97442626953125,53.8034782409668,26.52557373046875
*c1ccc(-c2cc(CCCCCCCC)c(-c3ccc(-c4ccc(-c5sc(-c6ccc([Si](*)(C)C)s6)cc5CCCCCCCC)s4)s3)s2)s1,31.0,57.3533935546875,45.14364242553711,26.3533935546875
*CC(*)(C)C(=O)OCCCCCOc1ccc(-c2ccc(C#N)cc2)cc1,60.0,72.15890502929688,60.92149353027344,12.158905029296875
*c1cccc(N2C(=O)c3ccc(Oc4ccc(Sc5ccc(Oc6ccc7c(c6)C(=O)N(*)C7=O)cc5)cc4)cc3C2=O)c1,209.0,255.5263671875,34.591949462890625,46.5263671875
*c1ccc2c(c1)C(=O)N(c1ccc(Oc3ccc(N4C(=O)c5ccc(C(*)(C(F)(F)F)C(F)(F)F)cc5C4=O)cc3)c(OCCN(CC)c3ccc(/N=N/c4ccc([N+](=O)[O-])cc4)cc3)c1)C2=O,202.0,222.16244506835938,48.29289245605469,20.162445068359375
*CC(*)(C)C(=O)O[Si](C)(C)C,97.5,-68.02458190917969,80.94273376464844,-165.5245819091797
*/C(C)=C(/*)[Si](C)(C)CC[Si](C)(C)C,200.0,5.6067352294921875,140.96788024902344,-194.3932647705078
*c1ccc(Oc2ccc(P(C)(=O)c3ccc(Oc4ccc(C5(*)OC(=O)c6ccccc65)cc4)cc3)cc2)cc1,263.0,220.33657836914062,43.35831069946289,-42.663421630859375
*c1ccc(Oc2ccc(-c3cc(-c4ccccc4)c4cc(C5(c6ccc7nc(*)cc(-c8ccccc8)c7c6)c6ccccc6-c6ccccc65)ccc4n3)cc2)cc1,315.0,323.2738952636719,45.36569595336914,8.273895263671875
*CCCC(C)(C)CNC(=O)CCCCCCCC(=O)N*,63.0,53.41950225830078,25.49032974243164,-9.580497741699219
*Oc1ccc2ccc(Oc3ccc(/C(=N/c4ccc(Oc5ccc(/N=C(\c6ccccc6)c6ccc(*)cc6)cc5)cc4)c4ccccc4)cc3)cc2c1,165.0,265.10516357421875,67.87248229980469,100.10516357421875
*c1cc(-c2sc(-c3cc(CCCCCCCCCCCCCC)c(*)s3)cc2CCCCCCCCCCCCCC)c2cccccc1-2,-10.0,39.46080780029297,36.512184143066406,49.46080780029297
*CC(O)COc1c(C)cc(C(C)(C)c2cc(C)c(OCC(O)COc3ccc(S(=O)(=O)c4ccc(O*)cc4)cc3)c(C)c2)cc1C,145.0,107.23947143554688,42.150997161865234,-37.760528564453125
*c1ccc(C(c2ccc(N3C(=O)c4cc5c(cc4C3=O)C(C(F)(F)F)(C(F)(F)F)c3cc4c(cc3O5)C(=O)N(*)C4=O)cc2)(C(F)(F)F)C(F)(F)F)cc1,430.0,325.286376953125,73.68515014648438,-104.713623046875
*c1ccc(Oc2ccc(P(=O)(c3ccccc3)c3ccc(Oc4ccc(-c5ccc(*)nc5)cc4)cc3)cc2)cc1,257.0,259.4715576171875,54.62031936645508,2.4715576171875
*/C=C(\C#N)C(=O)Nc1cc(-c2ccc(O)c(NC(=O)/C(C#N)=C/c3ccc(/C=C/c4ccc(N(c5ccccc5)c5ccc(N(c6ccccc6)c6ccc(/C=C/c7ccc(*)s7)cc6)cc5)cc4)s3)c2)ccc1O,221.0,245.21926879882812,52.92748260498047,24.219268798828125
*C(=O)Nc1ccc(S(=O)(=O)c2ccc(NC(=O)c3ccc4[nH]c(-c5cccc(-c6nc7cc(*)ccc7[nH]6)c5)nc4c3)cc2)cc1,312.0,245.86874389648438,70.95054626464844,-66.13125610351562
*CCCN(*)C(=O)c1ccccc1,72.0,119.03754425048828,61.09928894042969,47.03754425048828
*CC(*)(C)C(=O)OCCCCCCOc1ccc(C(=O)Oc2ccc(OC)cc2)cc1,46.0,49.733924865722656,27.546167373657227,3.7339248657226562
*c1ccc(-c2nc3cc(-c4ccc5nc(-c6ccccc6)c(-c6ccc(N7C(=O)C8OC9C(=O)N(*)C(=O)C9C8C7=O)cc6)nc5c4)ccc3nc2-c2ccccc2)cc1,230.0,245.03700256347656,36.540138244628906,15.037002563476562
*CCOC(=O)CCSCCC(=O)O*,-43.0,26.26482391357422,54.13317108154297,69.26482391357422
*c1ccc(Oc2ccc(Oc3ccc(NC(=O)c4cccc(Oc5ccc6c(c5)C(=O)N(*)C6=O)c4)cc3)cc2)cc1,213.0,251.99267578125,41.84840774536133,38.99267578125
*CCN(CCOC(=O)c1cc(OCc2cc(OCc3ccccc3)cc(OCc3ccccc3)c2)cc(C(=O)O*)c1)c1ccc(/C=C/c2ccc(/C=C/C3=C(C#N)C(=C(C#N)C#N)OC3(c3ccccc3)C(F)(F)F)s2)cc1,130.0,220.0227813720703,60.158897399902344,90.02278137207031
*CCN(*)C(=O)C(C)C,30.0,17.984153747558594,41.5941162109375,-12.015846252441406
*CCCCCCN(C)c1ccc(C(=O)c2ccc(N(*)C)cc2)cc1,75.5,84.45751953125,50.17943572998047,8.95751953125
*CC(*)c1cccc(B(O[Si](C)(C)C)O[Si](C)(C)C)c1,35.0,47.39509582519531,55.00719451904297,12.395095825195312
*CC(*)(C)C(=O)OCc1ccccc1,54.0,48.01177215576172,40.341487884521484,-5.988227844238281
*CC(*)(CC(=O)OCC(C)C)C(=O)OCC(C)C,125.0,9.061569213867188,78.7374496459961,-115.93843078613281
*CC(*)(C)C,-72.0,-52.215911865234375,36.484649658203125,19.784088134765625
*c1c(C)cc(Cc2cc(C)c(N3C(=O)c4ccc(Oc5c(C)cc(-c6cc(C)c(Oc7ccc8c(c7)C(=O)N(*)C8=O)c(C)c6)cc5C)cc4C3=O)c(C)c2)cc1C,420.0,273.0655212402344,72.6030044555664,-146.93447875976562
*CC(*)C(=O)OCCSCCC#N,-50.0,8.61016845703125,55.73986053466797,58.61016845703125
*Oc1ccc(Oc2ccc(/C(=N\c3ccccc3)c3ccc(Oc4ccc(Oc5cccc(*)n5)cc4)cc3)cc2)cc1,135.0,231.02188110351562,66.63428497314453,96.02188110351562
*CCCCCCNC(=O)CCCCCCCCC(=O)N*,45.0,53.41950225830078,25.49032974243164,8.419502258300781
*c1cccc(-n2nc(-c3ccccc3)c3cc(Oc4ccc(C(C)(C)c5ccc(Oc6ccc7c(-c8ccccc8)nn(*)c(=O)c7c6)cc5)cc4)ccc3c2=O)c1C#N,200.0,239.67153930664062,52.024986267089844,39.671539306640625
*CC(COc1ccc(C(C)(C)c2ccc(O*)cc2)cc1)OC(=O)/C=C/c1ccco1,107.19999694824219,60.030303955078125,48.293212890625,-47.16969299316406
*C(=O)CCCCCCCCC(=O)NC1CCCCN(*)C1,-46.5,66.69559478759766,39.32744216918945,113.19559478759766
*CC(*)c1ccccc1C(=O)OCCC,108.0,96.35717010498047,41.83628845214844,-11.642829895019531
*OC(=O)c1ccc(/N=N/c2ccc(C(=O)OC3COC4C(*)COC34)cc2)cc1,98.0,122.79942321777344,65.4831771850586,24.799423217773438
*c1ccc(-c2ccc(-c3cc(-c4ccccc4)c4cc5c(-c6ccccc6)cc(*)nc5cc4n3)cc2)cc1,392.0,360.69635009765625,57.965702056884766,-31.30364990234375
*CC(*)c1cc(-c2ccc(C(=O)OC(C)CC)cc2)ccc1-c1ccc(C(=O)OC(C)CC)cc1,212.5,191.87286376953125,91.17113494873047,-20.62713623046875
*c1ccc2c(c1)C(=O)N(c1ccc(-c3ccc(N4C(=O)c5ccc(C(*)(C(F)(F)F)C(F)(F)F)cc5C4=O)c(C)c3)cc1C)C2=O,352.0,301.1787109375,55.80306625366211,-50.8212890625
*c1ccc(Oc2cccc(Oc3ccc(N4C(=O)CC(=O)N(*)C4=S)cc3)c2)cc1,145.0,177.84756469726562,70.59700775146484,32.847564697265625
*/C(C)=C(/*)SCC,160.0,13.598663330078125,68.23278045654297,-146.40133666992188
*Cc1c(C)c(C)c(CNC(=O)CCCC(=O)N*)c(C)c1C,192.0,136.55487060546875,57.59846878051758,-55.44512939453125
*CC(*)(C(=O)OC)c1ccccc1,121.0,62.933631896972656,31.126609802246094,-58.066368103027344
*OC1C(COC(C)=O)OC(*)C(OC(C)=O)C1OC(C)=O,178.0,62.780601501464844,85.35580444335938,-115.21939849853516
*Oc1ccc(S(=O)(=O)c2ccc(Oc3ccc(C(c4ccc(*)c([Si](C)(C)C)c4)(C(F)(F)F)C(F)(F)F)cc3[Si](C)(C)C)cc2)cc1,168.60000610351562,190.7845916748047,46.93505859375,22.184585571289062
*C(=O)c1ccc2c(c1)C(=O)N(c1ccc(N3C(=O)c4ccc(*)cc4C3=O)c(S(=O)(=O)O[Na])c1)C2=O,214.0,338.7615966796875,65.649169921875,124.7615966796875
*c1ccc(-c2ccc(-c3ccc([Si](C)(C)[Si](*)(C)C)s3)s2)s1,45.0,80.85607147216797,47.76030731201172,35.85607147216797
*CC(*)(C)C(=O)OCCCCCCOc1ccc(C(=O)Oc2ccc(/N=N/c3ccc(C#N)cc3)c3ccccc23)cc1,41.0,203.8384552001953,100.91339111328125,162.8384552001953
*CCCCCCCCN(C)c1ccc(C(=O)c2ccc(N(*)C)cc2)cc1,50.0,81.4123306274414,56.0376091003418,31.412330627441406
*c1cccc(N2C(=O)c3ccc(Oc4ccc(S(=O)(=O)c5ccc(Oc6ccc7c(c6)C(=O)N(*)C7=O)cc5)cc4)cc3C2=O)c1,265.0,272.93182373046875,47.98826599121094,7.93182373046875
*Oc1ccc(C(CC)(c2ccccc2)c2ccc(OC(=O)c3ccc(C(*)=O)cc3)cc2)cc1,243.0,172.53306579589844,46.45367431640625,-70.46693420410156
*C(=O)c1ccc2c(c1)C(=O)N(c1ccc(Cc3ccc(C(=O)c4cccc(N5C(=O)c6ccc(*)cc6C5=O)c4)cc3)cc1)C2=O,290.0,279.1456298828125,43.335227966308594,-10.8543701171875
*CCOCCOC(=O)CCCCCCCCCCCCCCCCC(=O)O*,-68.0,-65.07058715820312,33.83979797363281,2.929412841796875
*CC(O)COC(=O)C1CCC(C(=O)OCC(O)COc2ccc(C(C)(C)c3ccc(O*)cc3)cc2)CC1,70.0,30.851661682128906,22.942363739013672,-39.148338317871094
*Oc1ccc(/N=C/C=N/c2ccc(OC(=O)NCCCCCCNC(*)=O)cc2)cc1,80.0,117.36000061035156,54.5246696472168,37.36000061035156
*CCCN(C)c1ccc(C(=O)c2ccc(N(*)C)cc2)cc1,101.0,111.59081268310547,54.77959060668945,10.590812683105469
*c1ccc(NC(=O)c2ccc(OCCOCCOCCOCCOc3ccc(C(=O)Nc4ccc5[nH]c(*)nc5c4)cc3)cc2)cc1,140.0,141.48193359375,41.28359603881836,1.48193359375
*CCCCOC(=O)c1cccc(C(=O)O*)c1,19.0,48.15898132324219,23.736961364746094,29.158981323242188
*CCc1ccc(*)cc1,65.0,96.61127471923828,42.59022521972656,31.61127471923828
*/C=C/c1sc(/C=C/c2ccc3c4ccc(*)cc4n(CC(CC)CCCC)c3c2)c(CC(CC)CCCC)c1CC(CC)CCCC,60.0,73.32675170898438,42.98780822753906,13.326751708984375
*Oc1ccc(CC(NC(=O)CCc2ccc(OC(=O)CCCCCCCCC(*)=O)cc2)C(=O)OCC(C)C)cc1,33.0,25.588623046875,18.100887298583984,-7.411376953125
*C(=O)Nc1ccc(Cc2ccc(NC(=O)c3ccc4c(c3)C(=O)N(c3c(C)cc(-c5cc(C)c(N6C(=O)c7ccc(*)cc7C6=O)c(C)c5)cc3C)C4=O)c(C)c2)cc1C,329.0,237.4599609375,70.61532592773438,-91.5400390625
*c1ccc(C(c2ccc(C#N)cc2)c2ccc(N(*)c3ccc(C)cc3)cc2)cc1,230.0,169.30538940429688,56.836524963378906,-60.694610595703125
*Oc1ccc(C(=O)c2ccc(Oc3ccc(C(=O)c4ccc(C(=O)c5ccc(*)cc5)cc4)cc3)cc2)cc1,169.0,163.44461059570312,44.5367317199707,-5.555389404296875
*Oc1ccc(Oc2ccc(C(=O)c3ccc(NC(=O)c4ccc(C(=O)Nc5ccc(C(=O)c6ccc(*)cc6)cc5)cc4)cc3)cc2)cc1,224.0,224.4720458984375,45.8221435546875,0.4720458984375
*/C(C#N)=C/c1cc(OCCCCCCCCCC)c(/C=C(\C#N)c2cc(OCCCCCCCCCC)c(*)cc2OC)cc1OC,198.0,98.84528350830078,81.45990753173828,-99.15471649169922
*CC(OC)C(C)(C(=O)OC)C(*)(C)C(=O)OC,134.0,-17.495986938476562,69.21924591064453,-151.49598693847656
*CC(*)OC(=O)c1ccccc1OC(C)=O,59.5,52.93103790283203,31.01031494140625,-6.568962097167969
*CC(*)(C)C(=O)OCCCCCCCCOc1ccc(/N=N/c2ccc(C3OCC4(CO3)CC3C=CC4C3)cc2)cc1,106.19999694824219,84.064208984375,50.74836730957031,-22.135787963867188
*CC(*)(C)C(=O)Oc1ccc2c(c1)CCC2,113.5,105.57112884521484,55.615699768066406,-7.928871154785156
*CC(*)C(F)(F)F,29.5,33.148345947265625,30.44724464416504,3.648345947265625
*N=P(*)(OCCCCC)OCCCCC,-104.0,-71.71612548828125,51.56878662109375,32.28387451171875
*Oc1cc(CCCCCCCCCCCCC)cc(OC(=O)c2cccc(C(*)=O)c2)c1,25.5,44.98115539550781,44.75053405761719,19.481155395507812
*CC(*)OC(=O)c1ccc(OC)cc1,86.5,51.352699279785156,20.033260345458984,-35.147300720214844
*C(=O)c1ccc2c(c1)C(=O)N(c1ccc(Oc3ccc(N4C(=O)c5ccc(*)cc5C4=O)cc3)cc1)C2=O,275.5,278.8404846191406,41.42307662963867,3.340484619140625
*CC(C)(C)COC(=O)c1ccc(C(=O)O*)cc1,68.0,52.64257049560547,32.340206146240234,-15.357429504394531
*CCCCCCOC(=O)NCCCCNC(=O)O*,16.0,34.94599151611328,46.11763381958008,18.94599151611328
*Oc1ccc(NC(=C(C#N)C#N)c2ccc(-c3ccc(C(Nc4ccc(*)cc4)=C(C#N)C#N)cc3)cc2)cc1,220.0,276.66497802734375,52.291053771972656,56.66497802734375
*C(=O)Oc1ccc(OC(=O)c2ccc3c(c2)C(=O)N(c2ccc(Oc4ccc(N5C(=O)c6ccc(*)cc6C5=O)cc4)cc2)C3=O)c(C(C)(C)C)c1,189.0,191.3579864501953,48.092159271240234,2.3579864501953125
*CC(OC(=O)C(=O)OCC)C(COC(=O)O*)OC(=O)C(=O)OCC,53.79999923706055,29.64978790283203,44.60316467285156,-24.150211334228516
*N=P(*)(NCCCC)NCCCC,27.0,-56.72087097167969,41.1449089050293,-83.72087097167969
*C(=O)Oc1ccc(OC(=O)c2ccc3c(c2)C(=O)N(c2ccc(Cc4ccc(N5C(=O)c6ccc(*)cc6C5=O)cc4)cc2)C3=O)c(C(C)(C)C)c1,160.0,206.46945190429688,32.459049224853516,46.469451904296875
*CCCCCCNC(=O)CCCCCC(=O)N*,54.0,49.29821014404297,34.051239013671875,-4.701789855957031
*C(=O)NCCCCCCNC(=O)c1ccc(*)nc1,80.0,124.35896301269531,51.03641128540039,44.35896301269531
*Oc1ccc(NC(=O)c2ccc(C(=O)Nc3ccc(Oc4ccc(C5(c6ccc(*)cc6)C6CC7CC(C6)CC5C7)cc4)cc3)c3ccccc23)cc1,269.0,242.40774536132812,69.80951690673828,-26.592254638671875
*CC(*)C(=O)OC(OCC)C(F)(F)F,5.0,-24.212692260742188,43.1490364074707,-29.212692260742188
*c1ccc2c(c1)C(=O)N(c1ccc(Oc3ccc(C(=O)c4cccc(C(=O)c5ccc(Oc6ccc(N7C(=O)c8ccc(C(*)(C(F)(F)F)C(F)(F)F)cc8C7=O)cc6C(F)(F)F)cc5)n4)cc3)c(C(F)(F)F)c1)C2=O,206.39999389648438,251.88233947753906,39.459529876708984,45.48234558105469
*CC(*)(C)C(=O)OCC(=O)Nc1cc(C)on1,128.0,108.59489440917969,48.838096618652344,-19.405105590820312
*CCCCCCCCCCCC(=O)N(*)C,-29.0,23.612258911132812,38.636871337890625,52.61225891113281
*Oc1cc(OC(=O)c2ccc(OCC(C)CC)cc2)c(OC(=O)CCCC(*)=O)cc1OC(=O)c1ccc(OCC(C)CC)cc1,60.0,54.277992248535156,19.317380905151367,-5.722007751464844
*Cc1ccc(COC(=O)Cc2ccc(C(=O)O*)cc2)cc1,47.0,106.84284973144531,63.584957122802734,59.84284973144531
*Nc1ccc(C2(c3ccc(NC(=O)c4cc(C(*)=O)cc(C(C)(C)C)c4)cc3)c3ccccc3-c3ccccc32)cc1,284.0,204.0243377685547,71.47975158691406,-79.97566223144531
*CCCCCCNC(=O)CCP(C)(=O)CCC(=O)N*,57.5,-38.40687561035156,54.88286590576172,-95.90687561035156
*CC(*)(C)C(=O)OCCCOc1ccc(C(=O)Oc2ccc3ccc(=O)oc3c2)cc1,68.0,65.4876937866211,37.30235290527344,-2.5123062133789062
*CCCCCCOc1ccc(C(=O)OC(=O)c2ccc(O*)cc2)cc1,47.0,54.094444274902344,33.049957275390625,7.094444274902344
*c1ccc(Sc2cc3c(cc2Sc2ccc(N4C(=O)c5ccc(Oc6ccc7c(c6)C(=O)N(*)C7=O)cc5C4=O)cc2)C(=O)N(CCCCCCCCCCCCCCCC)C3=O)cc1,156.0,178.04483032226562,64.92638397216797,22.044830322265625
*NC(CCC(=O)OCCC)C(*)=O,-10.0,57.384300231933594,60.22904968261719,67.3843002319336
*CC(*)C(=O)OCC(F)(F)C(F)(F)C(F)(F)C(F)(F)C(F)(F)F,-39.0,-6.131072998046875,31.402132034301758,32.868927001953125
*CC(*)(C)C(=O)OCC[N+](C)(C)CCCCS(=O)(=O)O,261.0,57.46122741699219,61.372894287109375,-203.5387725830078
*c1ccc(Oc2cccc(Oc3ccc(-n4c(=O)c5cc6c(=O)n(*)c(=O)c6cc5c4=O)cc3)c2C#N)cc1,328.0,317.5997314453125,52.21543884277344,-10.4002685546875
*C(=O)Nc1cccc(NC(=O)c2ccc3c(c2)C(=O)N(c2ccc(S(=O)(=O)c4ccc(N5C(=O)c6ccc(*)cc6C5=O)cc4)cc2)C3=O)c1,311.0,299.7593688964844,56.34574508666992,-11.240631103515625
*c1ccc(Oc2ccc(-c3ccc(Oc4ccc(N5C(=O)c6ccc(Oc7ccc(Oc8ccc(Oc9ccc%10c(c9)C(=O)N(*)C%10=O)cc8)cc7)cc6C5=O)cc4)cc3)cc2)cc1,211.0,211.06292724609375,25.670082092285156,0.06292724609375
*c1ccc(Oc2ccc3ccccc3c2-c2c(Oc3ccc(N4C(=O)c5ccc(NC(=O)Nc6ccc(Oc7ccccc7-c7ccccc7Oc7ccc(NC(=O)Nc8ccc9c(c8)C(=O)N(*)C9=O)cc7)cc6)cc5C4=O)cc3)ccc3ccccc23)cc1,285.0,293.132080078125,42.2363166809082,8.132080078125
*CC(*)C(=O)OCC(F)(F)C(F)(F)F,-26.0,46.563262939453125,59.681880950927734,72.56326293945312
*Nc1cccc(CCc2ccc(NC(=O)c3cccc(C(*)=O)c3)cc2)c1,203.0,164.08189392089844,58.610225677490234,-38.91810607910156
*N=P(N=P(N=S(*)(=O)NCCC)(NCCC)NCCC)(NCCC)NCCC,6.0,-12.868927001953125,34.99650573730469,-18.868927001953125
*CC(*)c1ccc(Cl)cc1C,145.0,94.25862884521484,40.96875762939453,-50.741371154785156
*c1c(C)cc(C)c(N2C(=O)c3ccc(Oc4ccc(Oc5ccc6c(c5)C(=O)N(*)C6=O)cc4)cc3C2=O)c1C,345.0,248.68228149414062,70.85963439941406,-96.31771850585938
*c1cccc(P(=O)(c2cccc(-n3c(=O)c4cc5c(=O)n(*)c(=O)c5cc4c3=O)c2)c2cc(C(F)(F)F)cc(C(F)(F)F)c2)c1,281.0,292.85028076171875,59.84362030029297,11.85028076171875
*Oc1ccc(NC(=O)Nc2ccccc2CCc2ccccc2NC(=O)Nc2ccc(*)cc2)cc1,232.0,215.51609802246094,76.58383178710938,-16.483901977539062
*CC(*)c1ccc(CCCCCCCCCCCCCCCC)cc1,4.5,-9.648513793945312,44.179386138916016,-14.148513793945312
*CC(*)c1ccc(C(=O)OCCN(CC)CC)cc1,74.0,88.77164459228516,62.2513427734375,14.771644592285156
*=NP(=NP(=NC(=*)Oc1ccc(C(F)(F)F)cc1)(Oc1ccc(C(F)(F)F)cc1)Oc1ccc(C(F)(F)F)cc1)(Oc1ccc(C(F)(F)F)cc1)Oc1ccc(C(F)(F)F)cc1,31.0,44.294898986816406,44.0300407409668,13.294898986816406
*NC(C)CC(*)=O,125.0,98.86822509765625,52.44746780395508,-26.13177490234375
*CC(*)(C)C(=O)OCC#N,91.0,107.59768676757812,51.15605545043945,16.597686767578125
*CCOc1ccc(/C=C2\CC/C(=C\c3ccc(OCCOP(=O)(O*)OCC)c(OC)c3)C2=O)cc1OC,80.0,53.73310089111328,32.99897003173828,-26.26689910888672
*OS(=O)(=O)c1cc(S(=O)(=O)Oc2ccc(C3(c4ccc(*)cc4)CCCCC3)cc2)ccc1C,142.0,140.77651977539062,48.22013473510742,-1.223480224609375
*O[Si](*)(C)CCC(F)(F)F,-69.0,-47.35041809082031,51.23540115356445,21.649581909179688
*=NP(=NP(=NC(=*)Oc1ccc(C(=O)OC)cc1)(Oc1ccc(C(=O)OC)cc1)Oc1ccc(C(=O)OC)cc1)(Oc1ccc(C(=O)OC)cc1)Oc1ccc(C(=O)OC)cc1,52.0,85.28709411621094,48.44442367553711,33.28709411621094
*CCCCC(c1ccc(O)cc1)C(*)c1ccc(O)cc1C,25.0,70.65144348144531,55.25471115112305,45.65144348144531
*CC(CC(C)C)S(*)(=O)=O,23.0,-14.510848999023438,59.67848205566406,-37.51084899902344
*c1ccc(-c2cc(C(C)(C)C)c(Oc3ccc(N4C(=O)c5ccc(Oc6ccc7c(c6)C(=O)N(*)C7=O)cc5C4=O)cc3C(F)(F)F)c(C(C)(C)C)c2)cc1,353.0,304.19915771484375,73.77789306640625,-48.80084228515625
*Oc1ccc(/C(=N/c2ccc(/N=C(\c3ccccc3)c3ccc(Oc4ccc(C(C)(C)c5ccc(*)cc5)cc4)cc3)cc2)c2ccccc2)cc1,161.0,204.2030029296875,65.05911254882812,43.2030029296875
*c1ccc(-c2c(-c3ccc(-c4ccccc4)cc3)cc(-c3ccc(OCCCCCCOc4ccc(-c5cc(-c6ccc(-c7ccccc7)cc6)c(-c6ccc(-n7c(=O)c8cc9c(=O)n(*)c(=O)c9cc8c7=O)cc6)c(-c6ccc(-c7ccccc7)cc6)c5)cc4)cc3)cc2-c2ccc(-c3ccccc3)cc2)cc1,128.5,170.74200439453125,59.30193328857422,42.24200439453125
*CC(*)(C)C(=O)OCc1ccc2c(c1)c1ccccc1n2CCCCCC,73.0,49.917755126953125,30.13847541809082,-23.082244873046875
*CC(*)C(=O)OCCOc1ccc(C(C)(C)c2ccc(OCCO)cc2)cc1,22.0,46.073394775390625,28.28211212158203,24.073394775390625
*C(=S)Nc1ccc(Oc2ccc(NC(=S)n3c(=O)c4cc5c(=O)n(*)c(=O)c5cc4c3=O)cc2)cc1,265.0,273.8052978515625,70.12590026855469,8.8052978515625
*CC(OCC(C)C)C1(C)C(=O)OC(=O)C1(*)C,219.0,3.994964599609375,72.72396087646484,-215.00503540039062
*Cc1cc(CNC(=O)c2cccc(C(=O)N*)c2)cc(C(C)(C)C)c1,188.0,153.70498657226562,69.17146301269531,-34.295013427734375
*Oc1ccc(C(c2ccc(Oc3ccc(C(=O)c4c(C(=O)c5ccc(*)cc5)c(-c5ccc(F)cc5)c(-c5ccc(F)cc5)c(-c5ccc(F)cc5)c4-c4ccc(F)cc4)cc3)cc2)(C(F)(F)F)C(F)(F)F)cc1,253.0,268.8943176269531,38.85334777832031,15.894317626953125
*OC(=O)OC1COC2C(*)COC12,140.0,76.00350189208984,108.8196029663086,-63.996498107910156
*/C(=C(/c1ccc(*)cc1)c1ccc(Oc2ccccc2)cc1)c1ccc(Oc2ccccc2)cc1,163.0,195.0836944580078,49.28030014038086,32.08369445800781
*c1cccc(C(=O)c2c(C)cc(C)c(N3C(=O)c4ccc(-c5ccc6c(c5)C(=O)N(*)C6=O)cc4C3=O)c2C)c1,320.0,238.7423095703125,77.2275161743164,-81.2576904296875
*Oc1ccc(C(C)(C)c2ccc(OC(=O)SCCCSC(*)=O)cc2)cc1,90.0,132.0247344970703,43.50828552246094,42.02473449707031
*/C(=C(/*)c1cccc([Ge](C)(C)C)c1)c1ccccc1,200.0,148.5488739013672,86.9324951171875,-51.45112609863281
*C(=O)OCCCCOC(=O)c1ccc(NC(=O)c2ccc(N3C(=O)c4ccc(*)cc4C3=O)cc2)cc1,130.0,190.4963836669922,85.06573486328125,60.49638366699219
*CCN(CCOC(=O)c1cc(OCCN(C)c2ccc(S(=O)(=O)CCCCCCCC)cc2)cc(C(=O)O*)c1)c1ccc(S(=O)(=O)C(F)(F)C(F)(F)C(F)(F)C(F)(F)C(F)(F)C(F)(F)C(F)(F)C(F)(F)F)cc1,80.0,36.26023864746094,48.433258056640625,-43.73976135253906
*C(=O)Nc1ccc(C(c2ccc(NC(=O)c3ccc4c(c3)C(=O)N(c3ccc(Oc5ccc6ccc(Oc7ccc(N8C(=O)c9ccc(*)cc9C8=O)cc7)cc6c5)cc3)C4=O)cc2)(C(F)(F)F)C(F)(F)F)cc1,292.0,296.2929992675781,39.5492057800293,4.292999267578125
*c1ccc(Oc2ccc(Oc3ccc(N4C(=O)c5ccc(Oc6ccccc6Oc6ccc7c(c6)C(=O)N(*)C7=O)cc5C4=O)cc3C(F)(F)F)cc2)c(C(F)(F)F)c1,197.0,231.24380493164062,33.111507415771484,34.243804931640625
*Oc1cc(OC(=O)c2ccc(OCCC)cc2)c(OC(=O)CCCC(*)=O)cc1OC(=O)c1ccc(OCCC)cc1,72.0,55.190887451171875,23.063034057617188,-16.809112548828125
*Nc1ccccc1CCc1ccc(NC(=O)NCCCCCCNC(*)=O)cc1,150.0,119.4397964477539,66.5800552368164,-30.560203552246094
*C(F)C(*)(F)OC(F)(F)F,-10.0,-27.305862426757812,40.627010345458984,-17.305862426757812
*Oc1ccc(/C(=C/c2cc(OC)c(/C=C(/c3ccc(*)cc3)c3ccc(F)cc3)cc2OC)c2ccc(F)cc2)cc1,187.0,193.6433563232422,42.84733581542969,6.6433563232421875
*C[Si](C)(C)[Si](C)(C)[Si](C)(C)[Si](*)(C)C,-68.0,-78.32809448242188,58.3274040222168,-10.328094482421875
*CCN(CCOC(=O)Nc1ccc(Cc2ccc(NC(=O)O*)cc2)cc1)c1ccc(/N=N/c2ccc([N+](=O)[O-])cc2)cc1,136.39999389648438,140.44430541992188,37.12349319458008,4.0443115234375
*CC(*)c1ccc(F)cc1,95.0,99.64010620117188,34.89122009277344,4.640106201171875
*c1ccc(OC(=O)CCCCCCCCCCCCCCCCCCCCC(=O)Oc2ccc(N3C(=O)c4ccc(-c5ccc6c(c5)C(=O)N(*)C6=O)cc4C3=O)cc2)cc1,140.0,86.86746215820312,48.13248062133789,-53.132537841796875
*CC(*)C(=O)Oc1ccc(C(=O)OCc2ccccc2)cc1,16.25,106.84284973144531,63.584957122802734,90.59284973144531
*CCN(*)C(=O)c1c(F)cc(F)cc1F,135.0,95.73660278320312,21.146892547607422,-39.263397216796875
*CC(*)(C)C(=O)OCCCCCOc1ccc2cc(C(=O)Oc3ccccc3)ccc2c1,48.0,66.9717788696289,62.17404556274414,18.971778869628906
*c1ccc(C(c2ccccc2)(c2ccc(N3C(=O)c4ccc(Oc5ccc6c(c5)C(=O)N(*)C6=O)cc4C3=O)cc2)C(F)(F)F)cc1,293.0,308.722900390625,48.47598648071289,15.722900390625
*C(=O)Oc1ccc(OC(=O)c2ccc3c(c2)C(=O)N(C2CCC(N4C(=O)c5ccc(*)cc5C4=O)CC2)C3=O)cc1,360.0,209.064208984375,83.36408233642578,-150.935791015625
*C(=O)c1ccc2c(c1)C(=O)N(c1ccc(Oc3ccc(Oc4ccc(N5C(=O)c6ccc(*)cc6C5=O)cc4C(F)(F)F)cc3)cc1)C2=O,237.10000610351562,238.29522705078125,31.37948989868164,1.195220947265625
*c1ccc(*)[nH]1,103.0,106.84842681884766,30.355262756347656,3.8484268188476562
*CC(O)CN(*)c1cc(C)c(/N=N/c2ccc([N+](=O)[O-])cc2)c(C)c1,152.0,169.48509216308594,67.65504455566406,17.485092163085938
*C(F)(F)C1(F)C(F)(F)C(*)(F)C(F)(F)C(F)(F)C(F)(F)C1(F)F,198.0,135.48989868164062,70.34234619140625,-62.510101318359375
*C(=O)Nc1ccc(Oc2ccc(C3(c4ccc(Oc5ccc(NC(=O)c6ccc7c(c6)C(=O)N(c6ccc(Oc8ccc(Oc9ccc(N%10C(=O)c%11ccc(*)cc%11C%10=O)cc9)c(C)c8)cc6)C7=O)cc5)cc4)NC(=O)c4ccccc43)cc2)cc1,293.0,294.4161071777344,43.48850631713867,1.416107177734375
*c1cccc(Cc2cccc(N3C(=O)c4ccc([Si](C)(C)O[Si](C)(C)O[Si](C)(C)c5ccc6c(c5)C(=O)N(*)C6=O)cc4C3=O)c2)c1,208.0,204.83050537109375,53.25347137451172,-3.16949462890625
*CC/C(C)=C(/*)C,8.0,-1.6843719482421875,77.23285675048828,-9.684371948242188
*Oc1ccc(C2(c3ccc(Oc4ccc(C(=O)c5cccc(C(=O)c6ccc(*)cc6)c5)cc4)cc3)c3ccccc3-c3ccccc32)cc1,223.0,230.6397705078125,35.80617141723633,7.6397705078125
*CC(*)C(=O)OCCSCCCC#N,-58.0,-0.7696075439453125,49.71268844604492,57.23039245605469
*c1cccc(S(=O)(=O)c2cccc(-n3c(=O)c4cc5c(=O)n(*)c(=O)c5cc4c3=O)c2)c1,360.0,338.921630859375,54.90019226074219,-21.078369140625
*CCCCCC(=O)Nc1ccc(Cc2ccc(NC(=O)CCCCCN3C(=O)c4ccc(C(=O)c5ccc6c(c5)C(=O)N(*)C6=O)cc4C3=O)cc2)cc1,187.0,207.16506958007812,91.848388671875,20.165069580078125
*CC(*)CCI,70.0,4.8282623291015625,60.91582107543945,-65.17173767089844
*Oc1ccc(P(=O)(c2ccccc2)c2ccc(*)cc2)cc1,240.0,210.43128967285156,59.597007751464844,-29.568710327148438
*CCCCCCCCCCCCCCNC(=O)NCCCCCCNC(=O)N*,47.0,39.195701599121094,22.261262893676758,-7.804298400878906
*CC(*)c1cc(C(F)(F)F)cc(C(F)(F)F)c1,116.0,56.175628662109375,34.0207405090332,-59.824371337890625
*Oc1ccc(S(=O)(=O)c2ccc(-c3ccc(S(=O)(=O)c4ccc(Oc5ccc(-c6ccc(-c7ccc(*)cc7)cc6)cc5)cc4)cc3)cc2)cc1,263.0,213.2410430908203,47.788822174072266,-49.75895690917969
*Oc1ccc(C(=O)c2ccc(OC(=O)OC3C(C)(C)C(OC(*)=O)C3(C)C)cc2)cc1,125.0,65.0617446899414,37.41521453857422,-59.938255310058594
*O[Si](C)(C)CCC/N=C/c1cc(Cc2ccc(O)c(/C=N/CCC[Si](*)(C)C)c2)ccc1O,-51.625,9.805130004882812,41.66355514526367,61.43013000488281
*C1C(*)C2CC1C(C(=O)OCCc1ccccc1)C2C(=O)OCCc1ccccc1,254.0,60.962860107421875,76.74607849121094,-193.03713989257812
*c1cccc(NC(=O)CCCCCCCCC(=O)Nc2cccc(S(*)(=O)=O)c2)c1,112.0,97.90327453613281,59.00515365600586,-14.096725463867188
*CC(*)(C)C(=O)OCCCCCCOc1ccc(/N=N/c2ccc(C3OCC4(CO3)CC3C=CC4C3)cc2)cc1,118.5,79.16963195800781,53.91278839111328,-39.33036804199219
*CC/C=C(/*)C,-63.33333206176758,-52.08293151855469,58.135467529296875,11.25040054321289
*CC(*)(C)C(=O)OCC(O)CO,84.4000015258789,-4.2416229248046875,63.15532302856445,-88.6416244506836
*C(=O)Nc1ccc(NC(=O)c2ccc3[nH]c(-c4cc(-c5nc6cc(*)ccc6[nH]5)cc(N5C(=O)c6ccccc6C5=O)c4)nc3c2)cc1,295.0,288.52117919921875,52.778160095214844,-6.47882080078125
*Oc1ccc(CC(NC(=O)Cc2ccc(OC(=O)CC(C)CCC(*)=O)cc2)C(=O)OCCCCCCCC)cc1,30.0,25.588623046875,18.100887298583984,-4.411376953125
*CCCCCCCCc1nc2cc(NC(=O)CCCCCCCCC(=O)Nc3ccc4oc(*)nc4c3)ccc2o1,93.0,126.32687377929688,69.62749481201172,33.326873779296875
*c1ccc(Oc2ccc(NC(=O)CN3C(=O)c4ccc(C(c5ccc6c(c5)C(=O)N(CC(=O)Nc5ccc(Oc7ccc(-c8nnc(*)o8)cc7)cc5)C6=O)(C(F)(F)F)C(F)(F)F)cc4C3=O)cc2)cc1,263.0,241.88961791992188,37.12885284423828,-21.110382080078125
*c1ccc(NC2CC(=O)N(c3ccc(Cc4ccc(N5C(=O)CC(Nc6ccc(-c7nc(-c8ccc(/N=N/c9ccc([N+](=O)[O-])cc9)cc8)[nH]c7*)cc6)C5=O)cc4)cc3)C2=O)cc1,258.0,260.43212890625,58.12794494628906,2.43212890625
*Oc1ccc2ccc(Oc3ccc(C(=O)Nc4cccc(NC(=O)c5ccc(*)cc5)c4)cc3)cc2c1,168.0,238.72959899902344,77.60348510742188,70.72959899902344
*CCC[Si](*)(C)c1cccc(C)c1,-25.0,20.554031372070312,59.42061996459961,45.55403137207031
*O[Si](*)(CCCOCCOCCOCCOCCOCCOC)CCCOCCOCCOCCOCCOCCOC,-69.69999694824219,-87.85057067871094,40.702186584472656,-18.15057373046875
*N=P(Cl)(N=P(Cl)(/N=S(/*)Oc1ccccc1-c1ccccc1)Oc1ccccc1-c1ccccc1)Oc1ccccc1-c1ccccc1,79.0,100.20687866210938,66.0772476196289,21.206878662109375
*Oc1ccc(Oc2ccc(NC(=C(C#N)C#N)c3cccc(C(Nc4ccc(*)cc4)=C(C#N)C#N)c3)cc2)cc1,228.0,278.7707214355469,52.489105224609375,50.770721435546875
*CCCCCCCN1C(=O)c2ccc(-c3ccc(-c4ccc5c(c4)C(=O)N(*)C5=O)cc3)cc2C1=O,135.0,234.04495239257812,86.83724975585938,99.04495239257812
*CC(=O)Nc1ccc(Cc2ccc(NC(=O)CN3C(=O)c4ccc(C(=O)c5ccc6c(c5)C(=O)N(*)C6=O)cc4C3=O)cc2)cc1,233.0,221.05606079101562,44.78450393676758,-11.943939208984375
*N1CCOC1(*)CC,55.0,85.57557678222656,65.87865447998047,30.575576782226562
*C(=O)Nc1ccc(Oc2ccc(C3(c4ccc(Oc5ccc(NC(=O)c6ccc7c(c6)C(=O)N(c6ccc(Oc8cccc(N9C(=O)c%10ccc(*)cc%10C9=O)c8)cc6)C7=O)cc5)cc4)NC(=O)c4ccccc43)cc2)cc1,272.0,315.1341552734375,44.05587387084961,43.1341552734375
*CCCNC(=O)c1ccc(C(=O)N*)cc1,180.0,144.7147216796875,55.939918518066406,-35.2852783203125
*N=P(*)(C)CCCCCC,-69.0,-71.07804870605469,48.97113800048828,-2.0780487060546875
*O[Si](C)(C)O[Si](C)(C)OC(C)CCC(*)C,-83.0,-101.08599853515625,45.309906005859375,-18.08599853515625
*Oc1cccc(OC(=O)c2ccc(C(C)(C)c3ccc(C(*)=O)cc3)cc2)c1,158.0,154.77999877929688,44.21649169921875,-3.220001220703125
*c1ccc(Oc2ccc(NC(=O)c3ccc4c(c3)C(=O)N(c3ccc(Sc5ccc(N6C(=O)c7ccc(C(=O)Nc8ccc(Oc9ccc(C%10(*)NC(=O)c%11ccccc%11%10)cc9)cc8)cc7C6=O)cc5)cc3)C4=O)cc2)cc1,298.0,315.81744384765625,45.69628143310547,17.81744384765625
*Oc1c(-c2ccccc2)cc(Cc2cc(-c3ccccc3)c(OC(=O)CCCCCCCCC(*)=O)c(-c3ccccc3)c2)cc1-c1ccccc1,92.0,154.90533447265625,66.01273345947266,62.90533447265625
*Oc1ccc(-c2cc(-c3ccccc3)c(-c3ccc(OC(=O)c4ccc(C(*)=O)cc4-c4ccccc4)cc3)c(-c3ccccc3)c2-c2ccccc2)cc1,225.0,233.3922576904297,43.78171157836914,8.392257690429688
*C(=O)Nc1ccc(Oc2ccc(Oc3ccc(NC(=O)c4ccc5c(c4)C(=O)N(c4ccc(Oc6ccc(N7C(=O)c8ccc(*)cc8C7=O)cc6)cc4)C5=O)cc3)cc2)cc1,260.0,251.0877227783203,32.12421417236328,-8.912277221679688
*/C=C/C1CC(*)C(C#N)(CCCC)C1,87.0,109.86231231689453,64.63874816894531,22.86231231689453
*CCCCCCOC(=O)C(CCCCCCP(=O)(O)O)C(=O)OCCCCCCOc1ccc(-n2on2-c2ccc(O*)cc2)cc1,21.0,25.37891387939453,30.852447509765625,4.378913879394531
*c1ccc2oc(-c3ccc(Oc4ccc(-c5nc6cc(C(*)(c7ccccc7)C(F)(F)F)ccc6o5)cc4)cc3)nc2c1,299.0,302.073974609375,57.97241973876953,3.073974609375
*CC(*)(C)C(=O)Oc1ccc(/N=N/c2ccc(OC)cc2)cc1,120.0,134.0911102294922,54.51963806152344,14.091110229492188
*/C=C/C1CC(*)C(C(=O)OC)C1,65.0,61.889923095703125,74.44666290283203,-3.110076904296875
*N=P(*)(OCCCCCC)OCCCCCC,-104.0,-89.4058837890625,41.521385192871094,14.5941162109375
*Oc1ccc(C(C)(C)c2ccc(Oc3ccc(C(=O)Nc4ccc(NC(=O)c5ccc(*)cc5)cc4)cc3)cc2)cc1,230.0,239.2067108154297,64.04106903076172,9.206710815429688
*Oc1ccc(C(=O)NNC(=O)c2cccc(C(=O)NNC(=O)c3ccc(OC(=O)c4cccc(C(*)=O)c4)cc3)c2)cc1,180.0,190.6521759033203,45.65371322631836,10.652175903320312
*Oc1ccc(C2(c3ccc(OC(=O)c4ccc(C(*)=O)cc4)c(C)c3)CCC3CCCCC3C2)cc1C,247.0,200.5042266845703,87.56983184814453,-46.49577331542969
*Nc1cc(NC(=O)c2cc(OCCN(C)c3ccc(S(=O)(=O)C(F)(F)C(F)(F)C(F)(F)C(F)(F)C(F)(F)C(F)(F)C(F)(F)C(F)(F)F)cc3)cc(C(*)=O)c2)cc(C(=O)OCCN(C)c2ccc(C#N)cc2)c1,157.0,160.2174835205078,43.59226989746094,3.2174835205078125
*C(=O)Nc1ccc(NC(=O)c2ccc3c(c2)C(=O)N(c2ccc(NC(=O)Nc4ccc(N5C(=O)c6ccc(*)cc6C5=O)cc4)cc2)C3=O)cc1,216.0,224.34640502929688,38.680259704589844,8.346405029296875
*CC(*)C(=O)Oc1ccc(C(=O)Oc2ccc(OC(=O)c3ccc(OCCCCC)cc3)cc2)cc1,48.0,65.56532287597656,29.42946434020996,17.565322875976562
*Oc1ccc(C(C)(C)c2ccc(OC(=O)c3cccc(C(F)(F)C(F)(F)C(F)(F)c4cccc(C(*)=O)c4)c3)cc2)cc1,122.0,131.82188415527344,35.4169921875,9.821884155273438
*C(=O)c1ccc2c(c1)C(=O)N(c1ccc(/C=C/c3ccc(N4C(=O)c5ccc(*)cc5C4=O)cc3)cc1)C2=O,303.0,326.3121032714844,47.33213424682617,23.312103271484375
*N=P(*)(OCC)OCC,-84.0,-32.21885681152344,48.16164016723633,51.78114318847656
*CCCCCCCCCCCOC(=O)Nc1ccc(NC(=O)OCCCCCCCCCCCOc2ccc(-c3ccc(O*)cc3)cc2)c(C)c1,77.0,79.96788024902344,77.97724914550781,2.9678802490234375
*C1C(=O)N(c2cc(Br)c(O[Si](CC)(CC)CC)c(Br)c2)C(=O)C1*,160.0,124.23281860351562,55.95823669433594,-35.767181396484375
*Oc1cc(C(C)(C)c2ccccc2)c(OC(=O)c2ccc(C(*)=O)cc2)cc1C(C)(C)c1ccccc1,170.0,182.28945922851562,70.54844665527344,12.289459228515625
*Oc1c(OC)cc(-c2cc(OC)c(OC(=O)CCCCCCCCC(*)=O)c(OC)c2)cc1OC,94.0,22.298606872558594,28.50814437866211,-71.7013931274414
*c1ccc2c(c1)C(=O)N(c1ccc(C(C)(C)c3ccc(C(C)(C)c4ccc(N5C(=O)c6ccc(C(*)(C(F)(F)F)C(F)(F)F)cc6C5=O)cc4)cc3)cc1)C2=O,235.39999389648438,254.50765991210938,55.263851165771484,19.107666015625
*CC(*)C(F)(F)C(F)(F)F,41.0,60.21049499511719,64.47578430175781,19.210494995117188
*Oc1cc(OCCOC)c(OC(=O)c2ccc(C(*)=O)cc2-c2ccccc2)cc1OCCOC,92.0,61.44309997558594,28.957916259765625,-30.556900024414062
*CC(*)(F)C(=O)OCC(F)(F)C(F)(F)C(F)(F)C(F)(F)F,63.0,21.869369506835938,75.79890441894531,-41.13063049316406
*c1ccc2c(c1)C(=O)N(c1ccc(Oc3ccc(N4C(=O)c5ccc(C(*)(C(F)(F)F)C(F)(F)F)cc5C4=O)cc3)c(O)c1)C2=O,292.0,276.32257080078125,53.65622329711914,-15.67742919921875
*CC(*)C(=O)OCC(F)(F)C(F)(F)OC(F)(F)C(F)(F)F,-49.0,-9.84033203125,35.26633834838867,39.15966796875
*CC(*)(C)C(=O)OCCCCOc1ccc(OC(=O)c2ccc(OCCCCCC)cc2)cc1,34.0,30.211502075195312,29.121379852294922,-3.7884979248046875
*C(=O)c1ccc2c(c1)C(=O)N(c1cccc(Nc3nc(Nc4cccc(N5C(=O)c6ccc(*)cc6C5=O)c4)nc(N(c4ccccc4)c4ccccc4)n3)c1)C2=O,290.0,256.78765869140625,37.494598388671875,-33.21234130859375
*CC(*)c1ccc(CCCCCCCCCCCC)cc1,-52.0,-20.924118041992188,57.8651237487793,31.075881958007812
*Oc1ccc(C(C)(C)c2ccc(Oc3ccc4c(c3)C(=O)N(N3C(=O)c5ccc(*)cc5C3=O)C4=O)cc2)cc1,216.6999969482422,248.68228149414062,70.85963439941406,31.982284545898438
*c1ccc2c(c1)C(=O)N(c1cccc(C(=O)Nc3ccc(NC(=O)c4ccc(NC(=O)c5cccc(N6C(=O)c7ccc(C(*)(C(F)(F)F)C(F)(F)F)cc7C6=O)c5)cc4)cc3)c1)C2=O,328.0,309.39794921875,51.675506591796875,-18.60205078125
*Oc1ccc(S(=O)(=O)c2ccc(Oc3ccc(/C=C/c4ccc(*)cc4)cc3)cc2)cc1,234.5,183.1551513671875,52.64274215698242,-51.3448486328125
*CCC[Si](*)(C[Si](C)(C)c1ccccc1)C[Si](C)(C)c1ccccc1,-36.0,1.1077728271484375,70.43506622314453,37.10777282714844
*N=P(*)(OCc1ccc(Br)cc1)OCc1ccc(Br)cc1,-0.800000011920929,24.422988891601562,63.46405792236328,25.22298890352249
*CC(O)COC(=O)CCCCCCCCCCC(=O)OCC(O)COc1ccc(O*)cc1,10.0,-22.5234375,42.71976852416992,-32.5234375
*CC(c1ccccc1)C1C(=O)N(C)C(=O)C1*,205.0,139.71719360351562,64.55360412597656,-65.28280639648438
*/C=C/C1CC(*)C2C(=O)N(CCC)C(=O)C12,139.0,129.7481231689453,58.1114616394043,-9.251876831054688
*CC(*)(C)C(=O)OCCCCOc1ccc(/N=N/c2ccc(C#N)cc2)cc1,80.0,155.51980590820312,74.7774429321289,75.51980590820312
*C(=O)OCCCSCCCCCCSCCCOC(=O)c1ccc(N2C(=O)c3ccc(*)cc3C2=O)cc1,31.0,53.781898498535156,30.29654312133789,22.781898498535156
*Oc1c(Cl)cc(C(c2cc(Cl)c(OC(*)=O)c(Cl)c2)C(Cl)(Cl)Cl)cc1Cl,273.0,230.16500854492188,58.06028747558594,-42.834991455078125
*N=P(*)(OCC(COC)OC)OCC(COC)OC,-79.0,-59.923370361328125,53.220760345458984,19.076629638671875
*c1ccc2c(c1)C(=O)N(c1ccc(C(=O)Nc3ccc(C(c4ccc(NC(=O)c5ccc(N6C(=O)c7ccc(C(*)(C(F)(F)F)C(F)(F)F)cc7C6=O)cc5)cc4)(C(F)(F)F)C(F)(F)F)cc3)cc1)C2=O,351.0,297.95062255859375,51.69340515136719,-53.04937744140625
*O[Si](C)(C)c1cccc2c([Si](*)(C)C)cccc12,62.0,36.01954650878906,45.46062088012695,-25.980453491210938
*CCCCCCN1C(=O)c2ccc(C(=O)Oc3ccc(-c4ccc(OC(=O)c5ccc6c(c5)C(=O)N(*)C6=O)cc4)cc3)cc2C1=O,133.0,126.62671661376953,43.744056701660156,-6.373283386230469
*CCN(CCOC(=O)Nc1ccc(Cc2ccc(NC(=O)O*)cc2)cc1)c1ccc(/N=N/c2ccc([N+](=O)[O-])cc2C)c(C)c1,130.0,138.67604064941406,40.2186393737793,8.676040649414062
*c1ccc(-c2c(-c3ccccc3)nc3ccc(Oc4ccc5nc(-c6ccccc6)c(*)c(-c6ccccc6)c5c4)cc3c2-c2ccccc2)cc1,311.0,325.16021728515625,46.154022216796875,14.16021728515625
*Oc1ccc(OC(=O)c2cc(OCCCCOCC3CCCN3c3ccc([N+](=O)[O-])cc3)c(C(*)=O)cc2OCCCCOCC2CCCN2c2ccc([N+](=O)[O-])cc2)cc1,68.0,68.5635986328125,24.790576934814453,0.5635986328125
*CCOCCOCCOCCOCCOc1ccc(/C=C(\C)c2ccc(O*)cc2)cc1,17.0,33.07855224609375,27.41791534423828,16.07855224609375
*CCSSCCO*,-53.0,-19.06268310546875,56.375144958496094,33.93731689453125
*C(=O)Oc1ccc(-c2ccc(OC(=O)c3ccc4c(c3)C(=O)N(c3ccc(-c5ccc(N6C(=O)c7ccc(*)cc7C6=O)cc5C)c(C)c3)C4=O)cc2C)c(C)c1,177.0,215.34185791015625,38.903621673583984,38.34185791015625
*c1ccc(C(C)(C)c2ccc(C(C)(C)c3ccc(N4C(=O)c5ccc(Oc6ccc7ccc(Oc8ccc9c(c8)C(=O)N(*)C9=O)cc7c6)cc5C4=O)cc3)cc2)cc1,246.0,231.51438903808594,70.38052368164062,-14.485610961914062
*Oc1ccc(Oc2ccc(NC(=O)c3ccc(Oc4ccc(Oc5ccc(C(=O)Nc6ccc(*)cc6)cc5)cc4)cc3)cc2)cc1,236.0,224.93670654296875,59.11253356933594,-11.06329345703125
*Oc1ccc(CC(*)=O)cc1,117.0,114.7436294555664,46.54819869995117,-2.2563705444335938
*CC(CC(*)(C#N)C#N)c1ccc(F)cc1,180.0,212.2594451904297,62.561378479003906,32.25944519042969
*CC(O)COc1ccc(C(C)(C)c2ccc(OCC(O)COc3ccc(S(=O)(=O)c4ccc(O*)cc4)cc3)cc2)cc1,140.0,125.31210327148438,41.37346649169922,-14.687896728515625
*c1ccc(Oc2ccc(-c3ccc(-c4ccc(Oc5ccc(-c6c7c(c(*)c8ccccc68)C(=O)N(c6ccccc6)C7=O)cc5)c(C(F)(F)F)c4)s3)cc2C(F)(F)F)cc1,287.0,255.71693420410156,43.379425048828125,-31.283065795898438
*Nc1ccc(C(c2ccc(NC(=O)c3ccc(-c4ccc(C(*)=O)c(C)c4)cc3C)cc2)(C(F)(F)F)C(F)(F)F)cc1,289.0,257.85369873046875,69.81090545654297,-31.14630126953125
*CCNC(=O)c1cccc(O*)c1,106.0,97.13966369628906,35.16754150390625,-8.860336303710938
*Oc1ccc(S(=O)(=O)c2ccc(Oc3ccc(C(C)(C)c4ccc(*)c(N)c4)cc3N)cc2)cc1,230.39999389648438,218.6282958984375,86.56822204589844,-11.771697998046875
*Nc1cccc2c(NC(=O)c3ccc(NC(=O)c4ccc([Si](C)(C)c5ccc(C(=O)Nc6ccc(C(*)=O)cc6)cc5)cc4)cc3)cccc12,378.0,307.88970947265625,61.01028823852539,-70.11029052734375
*CC(F)(F)/C(F)=C(/*)Cl,-17.0,-35.17237854003906,48.93858337402344,-18.172378540039062
*CC(C)(C)CS(=O)(=O)CC(C)(C)COC(=O)c1ccc(C(=O)O*)cc1,105.0,83.43232727050781,48.461307525634766,-21.567672729492188
*O[Si](C)(C)[Si](*)(C)C,-119.0,-89.37300109863281,48.609901428222656,29.626998901367188
*c1cc(C(C(=O)OC)C(=O)OC)c(*)s1,-20.100000381469727,39.618995666503906,70.54335021972656,59.71899604797363
*O[Si](C)(C)O[Si](C)(C)O[Si](C)(C)OC(C)CCCCC(*)C,-94.0,-90.01702880859375,50.123046875,3.98297119140625
*C(=O)c1ccc2c(c1)C(=O)N(c1cccc(C(O[Si](C)(C)O[Si](C)(C)O[Si](C)(C)C)c3cccc(N4C(=O)c5ccc(*)cc5C4=O)c3)c1)C2=O,235.0,195.40890502929688,42.727718353271484,-39.591094970703125
*c1ccc2c(c1)C(=O)N(c1ccc(C(C)(C)c3ccc(N4C(=O)c5ccc(C(*)(C(F)(F)F)C(F)(F)F)cc5C4=O)cc3)cc1)C2=O,310.0,276.5189208984375,68.6016845703125,-33.4810791015625
*c1ccc(OC(=O)c2ccc([Si](C)(C)c3ccc(C(=O)Oc4ccc(C5(*)c6ccccc6C(=O)N5c5ccccc5)cc4)cc3)cc2)cc1,255.0,284.34576416015625,55.86760711669922,29.34576416015625
*CC(C)C(*)(C)C,37.0,-3.595458984375,73.96774291992188,-40.595458984375
*Oc1ccc2c(c1)C1(CC2(C)C)CC(C)(C)c2ccc(OC(*)=O)cc21,228.0,176.1529541015625,82.1654281616211,-51.8470458984375
*CC(*)OC=O,37.0,37.06700134277344,34.063987731933594,0.0670013427734375
*C1CCC(N2C(=O)c3ccc(S(=O)(=O)c4ccc5c(c4)C(=O)N(*)C5=O)cc3C2=O)CC1,363.0,235.62222290039062,92.13467407226562,-127.37777709960938
*c1cccc(C(=O)c2cccc(-n3c(=O)c4cc5c(=O)n(*)c(=O)c5cc4c3=O)c2)c1,321.0,352.7387390136719,54.36006164550781,31.738739013671875
*C(=O)Nc1ccc(Oc2ccc(N3C(=O)CC(N4C(=O)c5ccc(*)cc5C4=O)C3=O)cc2)cc1,223.0,240.21417236328125,50.869544982910156,17.21417236328125
*CC(*)n1c2ccccc2c2c3ccccc3ccc21,291.5,223.27264404296875,55.58650588989258,-68.22735595703125
*CC(*)c1cc(C(=O)Oc2ccc(OCCCC)cc2)ccc1C(=O)Oc1ccc(OCCCC)cc1,103.5999984741211,55.200592041015625,33.348148345947266,-48.39940643310547
*O[Si](*)(C)CCCOc1ccc(C(=O)Oc2ccc(C#N)cc2)cc1,57.0,45.659423828125,35.029727935791016,-11.340576171875
*CCCCCCCCCOC(=O)CCC(=O)O*,31.0,9.061569213867188,78.7374496459961,-21.938430786132812
*Cc1ccc(C(C)(C)c2ccc(CN3C(=O)c4ccc(-c5ccc6c(c5)C(=O)N(*)C6=O)cc4C3=O)o2)o1,129.0,250.8316192626953,77.06129455566406,121.83161926269531
*CC(*)(F)C(=O)OCC(F)(F)C(F)F,90.5,46.563262939453125,59.681880950927734,-43.936737060546875
*CCCCCCCCCCCCNC(=O)c1ccc(C(=O)N*)c(Oc2ccccc2)c1,75.0,70.10221862792969,61.55839538574219,-4.8977813720703125
*CC(COC(=O)O*)OCCCCOc1ccc(/C=C/c2ccc([N+](=O)[O-])cc2)cc1,42.0,60.46183776855469,15.977733612060547,18.461837768554688
*c1cccc(Oc2cccc(Oc3cccc(N4C(=O)c5ccc(Oc6ccc(Sc7ccc(Oc8ccc9c(c8)C(=O)N(*)C9=O)cc7)cc6)cc5C4=O)c3)c2)c1,190.5,197.65797424316406,28.229970932006836,7.1579742431640625
*c1cccc(C(O)c2cccc(N3C(=O)c4ccc(Oc5ccc6c(c5)C(=O)N(*)C6=O)cc4C3=O)c2)c1,252.0,283.36309814453125,46.072757720947266,31.36309814453125
*c1ccc(-c2nc3cc(Oc4ccc(NC(=O)CN5C(=O)c6ccc(C(c7ccc8c(c7)C(=O)N(CC(=O)Nc7ccc(Oc9ccc%10nc(-c%11ccccc%11)c(*)nc%10c9)cc7)C8=O)(C(F)(F)F)C(F)(F)F)cc6C5=O)cc4)ccc3nc2-c2ccccc2)cc1,280.0,271.0282897949219,36.74053192138672,-8.971710205078125
*Oc1ccc(S(=O)(=O)c2ccc(Oc3ccc(C(C)(C)c4ccc(*)cc4)cc3)cc2)c(N)c1,202.0,210.07098388671875,83.49333190917969,8.07098388671875
*CC(*)(C)C(=O)OCCCCCCOc1ccc(C(=O)Oc2ccc(OC)cc2)cc1OC,49.0,40.56220245361328,25.934091567993164,-8.437797546386719
*c1cc(N2C(=O)c3ccc(Oc4ccc5ccc(Oc6ccc7c(c6)C(=O)N(*)C7=O)cc5c4)cc3C2=O)cc(C(F)(F)F)c1,235.0,247.36068725585938,32.49684524536133,12.360687255859375
*Oc1ccc(C(=O)Nc2ccc(C(c3ccc(NC(=O)c4ccc(*)cc4)cc3)(P3(=O)Oc4ccccc4-c4ccccc43)P3(=O)Oc4ccccc4-c4ccccc43)cc2)cc1,243.0,243.87472534179688,44.205081939697266,0.874725341796875
*c1cc(C(c2ccc(OCCN(C)c3ccc(/C=C/C4=C/C(=C(/C#N)C(=O)OCc5ccc(Oc6c(F)c(F)c(F)c(F)c6F)cc5)CC(C)(C)C4)cc3)c(N3C(=O)c4ccc(Oc5ccc6c(c5)C(=O)N(*)C6=O)cc4C3=O)c2)(C(F)(F)F)C(F)(F)F)ccc1OCCN(c1ccccc1)c1ccc(/C=C/C2=C/C(=C(/C#N)C(=O)OCc3ccc(Oc4c(F)c(F)c(F)c(F)c4F)cc3)CC(C)(C)C2)cc1,162.0,212.545166015625,44.73851776123047,50.545166015625
*CC(F)(F)CC(*)(C(F)(F)F)C(F)(F)F,132.0,85.30487060546875,46.19374465942383,-46.69512939453125
*Oc1cc(OC(=O)c2ccc(OCC)cc2)c(OC(=O)CCCC(*)=O)cc1OC(=O)c1ccc(OCC)cc1,71.0,58.96827697753906,27.49323272705078,-12.031723022460938
*C(=O)c1ccc2c(c1)C(=O)N(c1c(C)cc(-c3cc(C)c(N4C(=O)c5ccc(*)cc5C4=O)c(C)c3)cc1C)C2=O,310.0,228.76808166503906,67.85818481445312,-81.23191833496094
*OC(CC)C(*)=O,15.0,33.640403747558594,50.64239501953125,18.640403747558594
*CC(F)(F)C(F)(F)COC(=O)NCC(F)(F)C(F)(F)C(F)(F)C(F)(F)CNC(=O)O*,38.0,18.50726318359375,41.93246841430664,-19.49273681640625
*CCCCOC(=O)NCCCCCCNC(=O)O*,33.5,34.94599151611328,46.11763381958008,1.4459915161132812
*OC1C(CO)OC(*)C(NC(C)=O)C1O,154.60000610351562,111.94810485839844,72.028076171875,-42.65190124511719
*c1ccc(Oc2ccc(N3C(=O)c4ccc(Oc5ccc6cc(Oc7ccc8c(c7)C(=O)N(*)C8=O)ccc6c5)cc4C3=O)cc2)cc1,249.0,235.22174072265625,27.84184455871582,-13.77825927734375
*CC(CCCCCCCCCC)O*,-41.0,-44.60026550292969,37.91303634643555,-3.6002655029296875
*c1ccc(Cc2ccc(NC(=O)c3ccc(Oc4cccc5c4C(=O)N(*)C5=O)cc3)cc2)cc1,258.0,249.98861694335938,70.60163879394531,-8.011383056640625
*c1ccc(OCCCCCCCCCCCOC(=O)CCCCC(=O)OCCCCCCCCCCCOc2ccc(-c3nnc(*)s3)cc2)cc1,69.0,66.53382873535156,62.195472717285156,-2.4661712646484375
*c1ccc(Oc2cc(C(C)(C)C)c(Oc3ccc(-n4c(=O)c5cc6c(=O)n(*)c(=O)c6cc5c4=O)cc3)cc2C(C)(C)C)cc1,298.0,172.34426879882812,70.16088104248047,-125.65573120117188
*c1ccc(-c2cc(CCCCCCCC)c(-c3ccc(-c4sc(*)cc4CCCCCCCC)cc3)s2)cn1,16.200000762939453,46.130126953125,42.34218215942383,29.930126190185547
*c1ccc(Oc2ccc(C3(c4ccc(Oc5ccc(-c6nnc(*)c7c(-c8ccc(F)cc8)c(-c8ccc(F)cc8)c(-c8ccc(F)cc8)c(-c8ccc(F)cc8)c67)cc5)cc4)c4ccccc4-c4ccccc43)cc2)cc1,321.0,336.21356201171875,46.08864212036133,15.21356201171875
*c1ccc(Oc2cccc(N3C(=O)c4ccc(Oc5cc6ccccc6cc5Oc5ccc6c(c5)C(=O)N(*)C6=O)cc4C3=O)c2)cc1,226.0,235.22174072265625,27.84184455871582,9.22174072265625
*C(=O)c1ccc2c(c1)C(=O)N(c1ccc(Oc3ccc(C(=O)c4ccc(C(=O)c5ccc(Oc6ccc(N7C(=O)c8ccc(*)cc8C7=O)cc6)cc5)cc4)cc3)cc1)C2=O,233.0,212.33238220214844,25.81396484375,-20.667617797851562
*c1ccc(Oc2ccc(N3C(=O)c4ccc(Oc5ccc6c(c5)C(=O)N(*)C6=O)cc4C3=O)cc2)cc1,265.0,277.52197265625,44.779052734375,12.52197265625
*c1ccc2c(c1)C(=O)N(c1cccc(C(F)(F)C(F)(F)C(F)(F)C(F)(F)C(F)(F)c3cccc(N4C(=O)c5ccc(C(F)(F)C(F)(F)C(F)(F)C(F)(F)C(F)(F)C(F)(F)C(*)(F)F)cc5C4=O)c3)c1)C2=O,108.5,127.48643493652344,61.697574615478516,18.986434936523438
*Oc1ccc(OC(=O)c2cccc(C(*)=O)c2)cc1,186.0,156.0447235107422,58.06095504760742,-29.955276489257812
*C(=O)c1ccc(Oc2ccc(C3(c4ccc(Oc5ccc(*)s5)cc4)c4ccccc4-c4ccccc43)cc2)cc1,195.0,207.1197509765625,46.04343795776367,12.1197509765625
*C(=O)c1cc(C(=O)c2ccc3c(c2)C(=O)N(c2ccc(Oc4ccc(S(=O)(=O)c5ccc(Oc6ccc(N7C(=O)c8ccc(*)cc8C7=O)cc6)cc5)cc4)cc2)C3=O)cc(C(C)(C)C)c1,254.5,238.37564086914062,39.42250061035156,-16.124359130859375
*CC(O)CN(C)S(=O)(=O)c1cccc(S(=O)(=O)N(C)CC(O)COc2ccc(-c3ccc(O*)cc3)cc2)c1,58.0,74.3437728881836,35.619285583496094,16.343772888183594
*CC(*)C(=O)Nc1ccc2c(c1)C(=O)c1ccccc1C2=O,128.0,104.64991760253906,38.98662185668945,-23.350082397460938
*CCCC(C)(C)CNC(=O)CCCC(=O)N*,82.0,48.56403350830078,37.13083267211914,-33.43596649169922
*C1C(=O)N(c2ccccc2C)C(=O)C1*,335.0,154.83494567871094,93.95413208007812,-180.16505432128906
*OC(*)CCCCCC,-116.0,-58.06715393066406,33.667640686035156,57.93284606933594
*c1cccc(P(=O)(c2cccc(-n3c(=O)c4c(-c5ccc(C(F)(F)F)cc5)c5c(=O)n(*)c(=O)c5c(-c5ccc(C(F)(F)F)cc5)c4c3=O)c2)c2cc(C(F)(F)F)cc(C(F)(F)F)c2)c1,310.0,294.7969055175781,52.12962341308594,-15.203094482421875
*Oc1ccc(C(=O)Nc2ccc(S(=O)(=O)c3ccc(NC(=O)c4ccc(Oc5nc(*)nc(Sc6ccccc6)n5)cc4)cc3)cc2)cc1,310.0,209.19882202148438,52.787017822265625,-100.80117797851562
*c1cc(N2C(=O)c3ccc(Oc4cc5ccccc5cc4Oc4ccc5c(c4)C(=O)N(*)C5=O)cc3C2=O)cc(C(F)(F)F)c1,250.0,247.36068725585938,32.49684524536133,-2.639312744140625
*O[Si](*)(C)CCCOc1ccc(C(=O)Oc2ccc(OC(=O)CCCCC(=O)OC3CC(C)CCC3C(C)C)cc2)cc1,45.29999923706055,25.586326599121094,33.76374053955078,-19.713672637939453
*N=P(*)(OCCOCCOCC)OCCOCCOCC,-78.0,-69.32868957519531,50.205970764160156,8.671310424804688
*/C=C/c1ccc(/C=C/[Si](C)(C)c2cccc([Si](*)(C)C)c2)cc1,36.099998474121094,34.583404541015625,40.871246337890625,-1.5165939331054688
*Oc1ccc(C(CC)(c2ccccc2)c2ccc(OC(=O)CCCCCCCCC(*)=O)cc2)cc1,88.0,142.19873046875,92.00431823730469,54.19873046875
*Oc1c(C)cc(*)cc1C(C)CCCCCC,54.0,39.41197967529297,50.380699157714844,-14.588020324707031
*NNC(=O)c1ccc(C(=O)NNC(=O)c2ccc([Si](c3ccccc3)(c3ccccc3)c3ccc(C(*)=O)cc3)cc2)c2ccccc12,270.0,281.77398681640625,61.41114044189453,11.77398681640625
*CCCCCCCC(=O)OCCCCC1COC(*)O1,-44.0,-43.37361145019531,45.00279235839844,0.6263885498046875
*C(=O)Nc1ccc(-c2ccc(NC(=O)c3ccc4c(c3)C(=O)N(c3ccc(Oc5ccc(N6C(=O)c7ccc(*)cc7C6=O)cc5-c5ccccc5)c(-c5ccccc5)c3)C4=O)cc2)cc1,358.0,273.952880859375,53.73554611206055,-84.047119140625
*CC(*)OC(=O)C(F)(F)C(F)(F)C(F)(F)C(F)(F)C(F)(F)F,-9.0,13.201934814453125,62.6541862487793,22.201934814453125
*c1ccc(C(=O)Nc2cccc(-n3c(=O)c4cc5c(=O)n(*)c(=O)c5cc4c3=O)c2)cc1,390.0,348.9060974121094,54.65403747558594,-41.093902587890625
*C(c1ccc(N(C)C)cc1)C(*)c1ccc([N+](=O)[O-])cc1,139.0,149.5205078125,66.98088836669922,10.5205078125
*C(=O)Nc1cccc(NC(=O)c2cccc(NC(=O)c3ccc(-c4nc5cc(*)ccc5[nH]4)cc3)c2)c1,292.0,300.3425598144531,59.243255615234375,8.342559814453125
*CC1CCCC(CNC(=O)c2cc(C(=O)N*)cc(C(C)(C)C)c2)C1,200.0,119.9405517578125,68.54736328125,-80.0594482421875
*CCCCC(=O)Oc1ccc(-c2ccc(OC(=O)c3ccc4c(c3)C(=O)N(*)C4=O)cc2)cc1,123.0,119.77017974853516,42.43400573730469,-3.2298202514648438
*N=P(*)(Oc1ccc2cc(I)ccc2c1)Oc1ccc2cc(I)ccc2c1,90.30000305175781,117.51502227783203,64.91377258300781,27.21501922607422
*C(=O)c1ccc2c(c1)C(=O)N(c1c(C)cc(C(c3cccc(C(F)(F)F)c3)c3cc(C)c(N4C(=O)c5ccc(*)cc5C4=O)c(C)c3)cc1C)C2=O,285.0,248.46917724609375,51.08573913574219,-36.53082275390625
*C(=O)c1cc2c(cc1Cl)C(=O)N(c1c(C)cc(C)c(N3C(=O)c4cc(*)c(Cl)cc4C3=O)c1C)C2=O,371.0,273.24755859375,66.46290588378906,-97.75244140625
*Oc1ccc(/C(C)=N/c2ccc(/N=C(\C)c3ccc(Oc4ccc(C(C)(C)c5ccc(*)cc5)cc4)cc3)cc2)cc1,161.0,175.5357208251953,79.02284240722656,14.535720825195312
*OP(=O)(Oc1ccc([N+](=O)[O-])cc1)Oc1c(C)cc(S(=O)(=O)c2cc(C)c(*)c(C)c2)cc1C,173.0,109.72920227050781,53.784027099609375,-63.27079772949219
*CC(=O)Nc1ccc(Cc2ccc(NC(=O)COc3ccc4ccccc4c3Sc3c(O*)ccc4ccccc34)cc2)cc1,241.0,237.3852996826172,64.99173736572266,-3.6147003173828125
*CCN(*)C(=O)c1cc(F)cc(F)c1F,110.0,95.73660278320312,21.146892547607422,-14.263397216796875
*c1ccc2c(c1)C(=O)N(c1ccc(Oc3ccc(N4C(=O)c5ccc(C(F)(F)C(F)(F)C(F)(F)C(F)(F)C(F)(F)C(*)(F)F)cc5C4=O)cc3)cc1)C2=O,185.0,191.0065155029297,71.80890655517578,6.0065155029296875
*c1ccc(-c2ccc(N(*)c3ccc(C)cc3)cc2)cc1,85.0,103.63154602050781,48.725135803222656,18.631546020507812
*O[Si](*)(C)CCCC(=O)OCCO,-58.0,-36.720794677734375,67.69821166992188,21.279205322265625
*CC(*)C(=O)OCCCCOc1ccc(-c2ccc(C#N)cc2)cc1,30.0,62.240966796875,59.77599334716797,32.240966796875
*c1ccc(OCCCCOc2ccc(-c3nc4ccc(-c5ccc6nc(*)c(-c7ccccc7)nc6c5)cc4nc3-c3ccccc3)cc2)cc1,240.0,232.9735107421875,53.33852005004883,-7.0264892578125
*Nc1ccc(C(c2ccc(NC(=O)c3cc(NC(=O)CCCCCN4C(=O)c5ccccc5C4=O)cc(C(*)=O)c3)cc2)(C(F)(F)F)C(F)(F)F)cc1,225.0,236.61209106445312,46.76179122924805,11.612091064453125
*CC(*)c1ccc(B(Oc2ccc(-c3c(F)c(F)c(F)c(F)c3F)c3cccnc23)c2ccc(C(C)(C)C)cc2)cc1,245.0,252.08895874023438,61.61789321899414,7.088958740234375
*CCC(c1ccccc1)C(*)c1ccccc1,104.30000305175781,133.73316955566406,71.53555297851562,29.43316650390625
*c1ccc2c(c1)Sc1cc(-c3ccc(-c4ccc(*)s4)s3)ccc1N2CCCCCCCCCCCC,150.0,128.62557983398438,74.38387298583984,-21.374420166015625
*CC(*)c1ccccc1F,160.5,99.64010620117188,34.89122009277344,-60.859893798828125
*CC(*)OC(=O)C(F)(F)C(F)(F)C(F)(F)C(F)(F)C(F)(F)C(F)(F)C(F)(F)C(F)(F)C(F)(F)F,-18.0,-3.472625732421875,53.617820739746094,14.527374267578125
*Nc1cccc(NC(=O)c2ccc(C(=O)Nc3ccc(C(=O)NC(*)=S)cc3)cc2)c1,273.0,218.97625732421875,74.27357482910156,-54.02374267578125
*c1ccc2c(c1)C(=O)N(c1ccc(-c3ccc(N4C(=O)c5ccc(C(*)(C(F)(F)F)C(F)(F)F)cc5C4=O)c(OCCN(CC)c4ccc(C(C#N)=C(C#N)C#N)cc4)c3)cc1OCCN(CC)c1ccc(C(C#N)=C(C#N)C#N)cc1)C2=O,222.0,243.55357360839844,43.09416198730469,21.553573608398438
*Oc1ccc(C2(c3ccc(OC(=O)CCCC(*)=O)cc3)c3cc(OC)ccc3-c3ccc([N+](=O)[O-])cc32)cc1,197.0,115.33856201171875,31.1310977935791,-81.66143798828125
*C(=O)Nc1ccc(S(=O)(=O)c2ccc(N3C(=O)CC(N4C(=O)c5ccc(*)cc5C4=O)C3=O)cc2)cc1,145.0,255.56475830078125,65.82659912109375,110.56475830078125
*c1ccc(Oc2cc3ccccc3cc2Oc2ccc(N3C(=O)c4ccc(Oc5cc6ccccc6cc5Oc5ccc6c(c5)C(=O)N(*)C6=O)cc4C3=O)cc2)cc1,222.0,216.17710876464844,23.35019302368164,-5.8228912353515625
*CC(COC(=O)O*)OCCOc1ccc(/C=C/c2ccc([N+](=O)[O-])cc2)cc1,53.0,45.89842224121094,19.754905700683594,-7.1015777587890625
*SC(*)(F)F,-118.0,-44.50233459472656,51.205787658691406,73.49766540527344
*CCCCCOC(=O)O*,-42.95000076293945,4.4546356201171875,56.661170959472656,47.40463638305664
*CC(*)OC(=O)CCCC1CCCCC1,-10.0,29.48101043701172,84.05224609375,39.48101043701172
*c1ccc2c(c1)C(=O)N(c1cccc(C(=O)Nc3ccc(C(c4ccc(NC(=O)c5cccc(N6C(=O)c7ccc(C(*)(C(F)(F)F)C(F)(F)F)cc7C6=O)c5)cc4)(C(F)(F)F)C(F)(F)F)cc3)c1)C2=O,273.5,297.95062255859375,51.69340515136719,24.45062255859375
*Oc1ccc(C2(c3ccc(OC(*)=S)cc3)CCCC2)cc1,79.0,147.26136779785156,51.25352096557617,68.26136779785156
*N=P(*)(Nc1ccccc1)Nc1ccccc1,103.44999694824219,58.88780212402344,30.38949203491211,-44.56219482421875
*CC(OC(=O)C(Cc1ccccc1)NC(=O)OC(C)(C)C)C(COC(=O)O*)OC(=O)C(Cc1ccccc1)NC(=O)OC(C)(C)C,82.4000015258789,16.057083129882812,29.04182243347168,-66.3429183959961
*C*,108.31166076660156,102.46892547607422,33.924068450927734,-5.842735290527344
*CCOC(=O)CCCCCCCCC(=O)O*,-23.0,-18.820602416992188,67.35779571533203,4.1793975830078125
*c1ccc2c(c1)C(=O)N(c1c(C(C)C)cc(Cc3cc(C(C)C)c(N4C(=O)c5ccc(C(*)(C(F)(F)F)C(F)(F)F)cc5C4=O)c(C(C)C)c3)cc1C(C)C)C2=O,278.5,253.30352783203125,77.7414321899414,-25.19647216796875
*O[Si](*)(C)CCCC(=O)OCCCC,-91.0,-70.41361999511719,62.8414192199707,20.586380004882812
*Oc1c(C)cc(C(C)(C)c2cc(C)c(OC(=O)CCCCC(*)=O)c(C)c2)cc1C,93.0,48.54338836669922,37.38896942138672,-44.45661163330078
*c1ccc(-c2ccc([Si](*)(CCCC)CCCC)s2)s1,-10.0,13.742630004882812,45.81690979003906,23.742630004882812
*c1cccc(N2C(=O)c3c(c(-c4ccccc4)c(-c4ccc(-c5c(-c6ccccc6)c6c(c(-c7ccccc7)c5-c5ccccc5)C(=O)N(*)C6=O)cc4)c(-c4ccccc4)c3-c3ccccc3)C2=O)c1,416.0,318.8486633300781,44.80405044555664,-97.15133666992188
*Oc1ccc(P(=O)(c2ccccc2)c2ccc(Oc3ccc(-c4ccc(*)cc4)cc3)cc2)cc1,234.0,210.80612182617188,50.52223205566406,-23.193878173828125
*C(=O)c1ccc2c(c1)C(=O)N(c1ccc(C(=O)Nc3ccc(Oc4ccc(NC(=O)c5ccc(NC(=O)Nc6ccc(Cc7ccc(NC(=O)Nc8ccc(C(=O)Nc9ccc(Oc%10ccc(NC(=O)c%11ccc(N%12C(=O)c%13ccc(*)cc%13C%12=O)cc%11)cc%10)cc9)cc8)cc7)cc6)cc5)cc4)cc3)cc1)C2=O,229.0,247.7120361328125,39.458221435546875,18.7120361328125
*CC(*)OC(=O)CCCC(=O)c1ccccc1,45.0,63.15216827392578,37.87724304199219,18.15216827392578
*c1ccc2c(c1)C(=O)N(c1ccc(C(=O)Nc3ccc(Oc4ccccc4Oc4ccc(NC(=O)c5ccc(N6C(=O)c7ccc(C(*)(C(F)(F)F)C(F)(F)F)cc7C6=O)cc5)cc4)cc3)cc1)C2=O,281.0,278.9925842285156,35.16072463989258,-2.007415771484375
*c1ccc(NC2CC(=O)N(c3ccc(-c4sc(-c5ccc(N6C(=O)CC(Nc7ccc(-c8nc(-c9ccc(-c%10nc(-c%11ccc([N+](=O)[O-])cc%11)c(-c%11ccc([N+](=O)[O-])cc%11)[nH]%10)cc9)[nH]c8*)cc7)C6=O)cc5)c(-c5ccccc5)c4-c4ccccc4)cc3)C2=O)cc1,152.0,242.88580322265625,43.09760665893555,90.88580322265625
*/C=C/c1ccc(*)c(-c2c(OCC(CC)CCCC)ccc3cc(-c4ccccc4)ccc23)c1,141.0,150.80465698242188,54.23606491088867,9.804656982421875
*CC(*)(C)C(=O)OCCCCCCN1CCN(c2ccc(/N=N/c3ccc(C#N)cc3)cc2)CC1,77.0,77.74649047851562,46.632591247558594,0.746490478515625
*c1cccc(P(=O)(c2ccccc2)c2cccc(-n3c(=O)c4cc5c(=O)n(*)c(=O)c5cc4c3=O)c2)c1,331.0,295.8304138183594,42.9461784362793,-35.169586181640625
*C(=O)Nc1ccc(-c2ccc(NC(=O)c3ccc4c(c3)C(=O)N(c3cccc(P(=O)(c5ccccc5)c5cccc(N6C(=O)c7ccc(*)cc7C6=O)c5)c3)C4=O)cc2)cc1,253.0,229.74725341796875,33.301082611083984,-23.25274658203125
*CC(C)C(=O)O*,-25.0,33.640403747558594,50.64239501953125,58.640403747558594
*OP(=O)(Oc1ccc(Cl)cc1)Oc1ccc(C(C)(C)c2ccc(*)cc2)cc1,71.0,102.184326171875,45.3256950378418,31.184326171875
*CCCOC(=O)NNC(=O)CCCCCCCCC(=O)NNC(=O)O*,22.0,32.29145050048828,34.637603759765625,10.291450500488281
*c1ccc(OC(=O)c2cccc(C(=O)Oc3ccc(C4(*)C(=O)Nc5c(Cl)cc(Cl)cc54)cc3)c2)cc1,270.0,287.4660949707031,45.04676818847656,17.466094970703125
*CC(*)(C)C(=O)Oc1ccc(-c2nnc(-c3ccc(C(C)(C)C)cc3)o2)cc1,156.0,154.2779998779297,81.26004791259766,-1.7220001220703125
*CC(*)c1ccc(C(=O)OCCN(C)C)cc1,91.0,117.48445892333984,64.69403839111328,26.484458923339844
*C(=O)c1ccccc1-c1ccccc1C(=O)N1CCN(*)CC1,193.0,155.87156677246094,66.38455963134766,-37.12843322753906
*c1cc(CCOCCOC)c(*)[nH]1,-43.0,87.64950561523438,74.22799682617188,130.64950561523438
*CCCCCCCCCCOc1ccc(-c2cc(-c3ccccc3)c(-c3ccc(NC(=O)c4ccc(C(=O)Nc5ccc(-c6c(-c7ccccc7)cc(-c7ccc(O*)cc7)cc6-c6ccccc6)cc5)cc4)cc3)c(-c3ccccc3)c2)cc1,116.0,143.029541015625,51.47217559814453,27.029541015625
*c1ccc(Oc2ccc(-c3cc(-c4ccccc4)c4cc5c(-c6ccccc6)cc(*)nc5cc4n3)cc2)cc1,380.5,312.6773681640625,50.55945587158203,-67.8226318359375
*CCOC(=O)c1ccc(C2(C)CC(C)(C)c3ccc(C(=O)O*)cc32)cc1,154.0,87.99453735351562,71.11183166503906,-66.00546264648438
*Oc1ccc(C(C)(C)c2ccc(OC(=O)SCCCCCCSC(*)=O)cc2)cc1,58.0,81.97323608398438,49.12016677856445,23.973236083984375
*CC(*)C(=O)OCCOC(F)(F)C(F)F,-22.0,-18.492202758789062,55.88657760620117,3.5077972412109375
*CC(*)C(=O)OCCC(C)OC,-56.0,-25.499557495117188,64.2695083618164,30.500442504882812
*Oc1ccc(C(C)(CC)c2ccc(OC(=O)OC3C(C)(C)C(OC(*)=O)C3(C)C)cc2)cc1,124.0,56.66156005859375,27.380516052246094,-67.33843994140625
*O[Si](*)(C)CCCCCCCCCCCOc1ccc(/C=C/c2ccc(OCCCC)cc2)cc1,-33.0,-0.61700439453125,44.40372085571289,32.38299560546875
*CCCS(=O)(=O)CCCCS(=O)(=O)CCCOC(=O)c1ccccc1C(=O)O*,49.0,85.39930725097656,45.29616165161133,36.39930725097656
*c1ccc(/C=C/c2cc(OCC(CC)CCCC)c(/C=C/c3ccc(N(*)c4ccccc4)cc3)cc2OC)cc1,147.0,168.46609497070312,59.12929916381836,21.466094970703125
*CC(*)c1ccc(C(C)(C)C)cc1,138.0,123.48905181884766,89.39392852783203,-14.510948181152344
*C(=O)c1ccc(C(=O)N(*)c2ccccc2)cc1,179.0,165.948486328125,57.44369888305664,-13.051513671875
*c1ccc(Oc2ccc(N3C(=O)c4ccc(Oc5ccc(C6(c7ccc(Oc8ccc9c(c8)C(=O)N(*)C9=O)cc7)CCC(c7ccccc7)CC6)cc5)cc4C3=O)cc2)cc1,236.0,247.80569458007812,60.28611373901367,11.805694580078125
*c1c(C)cc(C(c2cc(C)c(N3C(=O)c4ccc(-c5ccc6c(c5)C(=O)N(*)C6=O)cc4C3=O)c(C)c2)c2cccc3ccccc23)cc1C,326.0,262.87908935546875,67.75994110107422,-63.12091064453125
*Oc1ccc(CC(NC(=O)Cc2ccc(OC(=O)CC(C)CCC(*)=O)cc2)C(=O)OCC)cc1,63.0,60.734031677246094,13.358442306518555,-2.2659683227539062
*Oc1ccc(C(=C(Cl)Cl)c2ccc(OC(*)=O)cc2)cc1,167.0,136.92848205566406,50.10896682739258,-30.071517944335938
*N=P(*)(OCCOCCOCCOCCOCCOCCOC)OCCOCCOCCOCCOCCOCCOC,-76.0,-86.74259948730469,42.775230407714844,-10.742599487304688
*CC(*)C(=O)OCCCCCCCCCCCCOC(=O)c1ccc(OC(=O)c2ccc(C#N)cc2)cc1,15.0,42.486045837402344,21.42568016052246,27.486045837402344
*Nc1ccc(*)cc1OCCCCCCCCCCOc1ccc(C2CCC(CCCCC)CC2)cc1,64.5,48.40873718261719,29.216215133666992,-16.091262817382812
*c1ccc(Oc2ccc(C(=O)c3ccc(Oc4ccc(C(=O)c5ccc(Oc6ccc(-c7cc(*)n(-c8ccccc8)n7)cc6)cc5)cc4)cc3)cc2)cc1,190.0,241.46163940429688,51.02097702026367,51.461639404296875
*CC(*)C(=O)Oc1ccc(Cl)cc1Cl,60.0,79.21403503417969,38.24702072143555,19.214035034179688
*c1ccc(-c2cc(-c3ccc(-c4ccccc4)cc3)cc(-c3ccc(N4C(=O)c5ccc(NC(=O)Nc6cccc(NC(=O)Nc7ccc8c(c7)C(=O)N(*)C8=O)n6)cc5C4=O)cc3)n2)cc1,248.0,257.879638671875,45.635860443115234,9.879638671875
*Oc1ccc(C(C)(C)c2ccc(Oc3ccc(C(=O)c4ccc(*)cc4)cc3)cc2)cc1,155.0,148.37490844726562,46.5606689453125,-6.625091552734375
*c1ccc(Oc2ccc(-c3cnc4cc5ncc(*)nc5cc4n3)cc2)cc1,353.0,333.2728271484375,48.79621124267578,-19.7271728515625
*C(=O)c1ccc2c(c1)C(=O)N(c1c(C)cc(C)c(N3C(=O)c4ccc(*)cc4C3=O)c1C)C2=O,410.0,300.37640380859375,60.54972457885742,-109.62359619140625
*CC(CCCCCCCCCC)C(CCCCCCCCCC)COC(=O)c1ccc(C(=O)O*)cc1,-38.0,-33.27659606933594,51.56447982788086,4.7234039306640625
*C/C=C/COC(=O)C(Cc1ccccc1)NC(=O)CCCCC(=O)NC(Cc1ccccc1)C(=O)O*,61.0,64.22235870361328,44.64601135253906,3.2223587036132812
*/C(C#N)=C/c1cc(OCCCCCCCCCCCCCCCC)c(/C=C(\C#N)c2cc(OCCCCCCCCCCCCCCCC)c(*)cc2OC)cc1OC,190.0,75.46110534667969,49.458045959472656,-114.53889465332031
*CC(*)CNc1ccc([N+](=O)[O-])cc1C,151.0,159.42247009277344,66.67627716064453,8.422470092773438
*OC1CCC(OC(=O)CCCCC(*)=O)CC1,77.80000305175781,3.994964599609375,72.72396087646484,-73.80503845214844
*Cc1ccc(COP(=O)(/N=N/c2ccc(C(=O)c3ccc(/N=N/P(=O)(O*)OC)cc3)cc2)OC)cc1,48.0,36.544654846191406,40.04690933227539,-11.455345153808594
*CCCCCCCC(=O)OC1COC(*)OC1,6.5,-18.820602416992188,67.35779571533203,-25.320602416992188
*CC(*)c1ccc(COCCC)cc1,22.0,71.64604949951172,61.8731575012207,49.64604949951172
*c1ccc(Sc2ccc(Sc3ccc(Sc4ccc(Sc5ccc(N6C(=O)c7ccc(Oc8ccc9c(c8)C(=O)N(*)C9=O)cc7C6=O)cc5)s4)s3)s2)cc1,158.5,261.24609375,50.43794250488281,102.74609375
*NC1CC(C)(C)CC(C)(CNC(=O)CCCCC(*)=O)C1,150.8000030517578,66.69561767578125,39.327449798583984,-84.10438537597656
*CC(COCC=C)S*,-59.0,8.878433227539062,58.148651123046875,67.87843322753906
*O[Si](*)(C)CCc1ccc(O)cc1,39.0,24.726051330566406,45.55351638793945,-14.273948669433594
*CCN(CCOC(=O)Nc1ccc(C)c(NC(=O)O*)c1)c1ccc(/N=N/c2ccc([N+](=O)[O-])cc2C)c(C)c1,135.0,131.31826782226562,37.735145568847656,-3.681732177734375
*CC(*)(C)C(=O)Oc1c(Cl)c(Cl)c(Cl)c(Cl)c1Cl,110.0,128.86843872070312,39.24320602416992,18.868438720703125
*CCN(CCOC(=O)Nc1ccc(C)c(NC(=O)O*)c1)c1ccc(/N=N/c2ccc(/C=C/c3nc4ccc([N+](=O)[O-])cc4n3CC)cc2)cc1,171.0,155.50535583496094,35.59490966796875,-15.494644165039062
*CC(CS(=O)(=O)CCCCC)O*,39.0,-26.036026000976562,60.45122528076172,-65.03602600097656
*CC(*)C(=O)NCCC[N+](C)(C)CCCS(=O)(=O)O,141.5,55.04840850830078,61.901248931884766,-86.45159149169922
*CCC(Cl)C(*)Cl,70.0,68.77481079101562,39.34506607055664,-1.225189208984375
*c1ccc(S(=O)(=O)c2ccc(NC(=O)c3cccc(C(=O)Nc4ccc(S(=O)(=O)c5ccc(-n6c(=O)c7cc8c(=O)n(*)c(=O)c8cc7c6=O)cc5)cc4)c3)cc2)cc1,286.0,291.8019714355469,51.667842864990234,5.801971435546875
*Oc1ccc(-c2ccc(Oc3ccc(C(=O)c4ccc(*)cc4)cc3)cc2)cc1,167.0,166.64035034179688,38.65647888183594,-0.359649658203125
*c1ccc(Oc2ccc(C(C)(C)c3ccc(Oc4ccc(N5C(=O)CC(=O)N(*)C5=S)cc4)cc3)cc2)cc1,150.0,260.7303161621094,70.9173355102539,110.73031616210938
*=NP(Cl)(Cl)=NP(Cl)(Cl)=NC(=*)Cl,-21.0,-41.62373352050781,32.780921936035156,-20.623733520507812
*c1ccc(-c2ccc(N(c3ccccc3)c3ccc(-c4ccc(N(c5ccccc5)c5ccc(-c6ccc(-n7c(=O)c8cc9c(=O)n(*)c(=O)c9cc8c7=O)cc6)cc5)cc4)cc3)cc2)cc1,220.0,272.7027282714844,44.84190368652344,52.702728271484375
*c1ccc2c(c1)C(=O)N(c1ccc(OCCN(CCOc3ccc(N4C(=O)c5ccc(C(*)(C(F)(F)F)C(F)(F)F)cc5C4=O)cc3)c3ccccc3)cc1)C2=O,170.0,220.56517028808594,43.50755310058594,50.56517028808594
*Nc1ccc(C(C)(C)c2cccc(C(C)(C)c3ccc(Nc4ccc(C(=O)c5ccc(C(=O)c6ccc(*)cc6)cc5)cc4)cc3)c2)cc1,177.0,171.75241088867188,72.42085266113281,-5.247589111328125
*CCCCCCCCn1c2ccccc2c2cc(/C=C(\C#N)C(=O)OCCCCCCOC(=O)/C(C#N)=C/c3ccc4c(c3)c3ccccc3n4*)ccc21,96.69999694824219,169.0703582763672,73.81144714355469,72.370361328125
*Oc1ccc(Oc2ccc(Oc3ccc(C(=O)c4ccc(*)cc4)cc3)cc2)cc1,150.5,145.42417907714844,32.084224700927734,-5.0758209228515625
*C(=O)c1ccc2c(c1)C(=O)N(c1ccc(C(=O)c3ccc(C(=O)c4ccc(N5C(=O)c6ccc(*)cc6C5=O)cc4)cc3)cc1)C2=O,286.0,251.2377471923828,33.4453010559082,-34.76225280761719
*c1ccc(Oc2ccc(-c3cnc4ccc(-c5ccc6ncc(*)nc6c5)cc4n3)cc2)cc1,305.0,333.4421691894531,57.22750473022461,28.442169189453125
*CC(*)C(=O)OCCOCC,-50.0,-41.214752197265625,55.444671630859375,8.785247802734375
*CCN(CCOC(=O)c1cc(OCc2c(F)c(F)c(OC)c(F)c2F)cc(C(=O)O*)c1)c1ccc(/C=C/c2ccc(/C=C/C3=C(C#N)C(=C(C#N)C#N)OC3(c3ccccc3)C(F)(F)F)s2)cc1,140.0,226.33770751953125,63.684871673583984,86.33770751953125
*Oc1ccc(NC(=O)c2cccc(C(=O)Nc3ccc(Oc4ccc(C5(c6ccc(*)cc6)C6CC7CC(C6)CC5C7)cc4)cc3)c2)cc1,273.0,256.9534912109375,74.5947036743164,-16.0465087890625
*C(=O)OC1CC2CC(OC(=O)N3CCN(*)CC3)CC(C1)O2,113.0,58.62664794921875,46.34156036376953,-54.37335205078125
*C(=O)c1ccc(Oc2ccc(C3(c4ccc(Oc5ccc(C(=O)c6ccc7c(c6)C(=O)N(c6ccc(Oc8ccc(N9C(=O)c%10ccc(*)cc%10C9=O)cc8)cc6)C7=O)cc5)cc4)OC(=O)c4ccccc43)cc2)cc1,260.0,240.23486328125,26.619016647338867,-19.76513671875
*C(=O)c1ccc2c(c1)C(=O)N(c1ccc(C(c3ccccc3)(c3ccc(N4C(=O)c5ccc(*)cc5C4=O)cc3)C(F)(F)F)cc1)C2=O,311.0,330.99603271484375,50.69325637817383,19.99603271484375
*/C=C/c1cc(OCCCCCCCC)c(*)cc1OC,58.0,41.12696075439453,72.81902313232422,-16.87303924560547
*/C=C(/*)CCCOc1ccc(OC(=O)c2ccc(OCCCCCCCC)cc2)cc1,42.0,50.93269348144531,43.67284393310547,8.932693481445312
*CCCCCCOC(=O)C(CCCCCCCCCCP(=O)(O)O)C(=O)OCCCCCCOc1ccc(-n2on2-c2ccc(O*)cc2)cc1,16.0,14.424087524414062,28.841472625732422,-1.5759124755859375
*Oc1ccc(Oc2ccc(NC(=O)c3cc(NC(=O)c4ccc(OC(C)=O)cc4)cc(C(=O)Nc4ccc(*)cc4)c3)cc2)cc1,251.0,221.45217895507812,55.04241943359375,-29.547821044921875
*Oc1ccc(Oc2ccc(C(=O)c3ccc(C(=O)c4ccc(*)cc4)c4ccccc34)cc2)cc1,200.02499389648438,177.88572692871094,50.73752975463867,-22.139266967773438
*Oc1ccc(C2(c3ccc(OC(*)=O)c(Cl)c3)CCCCC2)cc1Cl,179.0,164.78543090820312,53.79723358154297,-14.214569091796875
*Oc1ccc(Oc2ccc(Oc3cccc(C(=O)Oc4ccc(-c5ccc(OC(=O)c6cccc(*)c6)cc5)cc4)c3)cc2)cc1,119.0,144.9195098876953,33.95781707763672,25.919509887695312
*OC1CCC(OC(=O)c2ccc(C(*)=O)cc2)CC1,94.30000305175781,65.7844467163086,49.36316680908203,-28.51555633544922
*CC(*)(C)C(=O)OC(C)(C)C,107.0,14.859832763671875,74.47808074951172,-92.14016723632812
*C(=O)c1ccc2c(c1)C(=O)N(c1ccc(Cc3ccc(N4C(=O)c5ccc(*)cc5C4=O)c(C(C)(C)C)c3)cc1C(C)(C)C)C2=O,213.0,265.40325927734375,86.33081817626953,52.40325927734375
*CCC/C=C(/*)c1ccccc1,0.0,109.11036682128906,75.78394317626953,109.11036682128906
*C(=O)Nc1ccc(Oc2ccc(NC(=O)c3ccc4c(c3)C(=O)N(c3ccc(S(=O)(=O)c5ccc(N6C(=O)c7ccc(*)cc7C6=O)cc5)cc3)C4=O)cc2)cc1,281.0,266.29669189453125,41.13082504272461,-14.70330810546875
*N=P(*)(Oc1ccc(Cl)cc1)Oc1ccc(Cl)cc1,4.0,-21.877304077148438,38.8543586730957,-25.877304077148438
*C1C2CC(CCCCCCCCC(=O)OCC)C(C2)C1*,134.0,28.495010375976562,73.39335632324219,-105.50498962402344
*CC(*)(C)C(=O)OCCOCCOCCOCCOCCOCCOCCOCCOC,-58.0,-62.93377685546875,39.61698532104492,-4.93377685546875
*Oc1ccc(S(=O)(=O)c2ccc(Oc3ccc(S(=O)(=O)c4ccc(-c5ccc(S(=O)(=O)c6ccc(*)cc6)cc5)cc4)cc3)cc2)cc1,267.0,231.1409912109375,75.37622833251953,-35.8590087890625
*CCOC(=O)/C=C/C(=O)O*,-10.0,60.45854949951172,79.41820526123047,70.45854949951172
*CCN(CCOC(=O)c1ccc(C(=O)O*)c(OCCC)c1)c1ccc(/N=N/c2nc(C#N)c(C#N)[nH]2)cc1,152.0,145.1935272216797,43.380802154541016,-6.8064727783203125
*C(=O)Nc1ccc(Oc2ccc(Oc3ccc(NC(=O)c4ccc5c(c4)C(=O)N(c4ccc(Oc6ccc(C7(c8ccc(Oc9ccc(N%10C(=O)c%11ccc(*)cc%11C%10=O)cc9)cc8)CC8CC7C7CCCC87)cc6)cc4)C5=O)cc3)cc2)cc1,257.0,263.40814208984375,40.64132308959961,6.40814208984375
*CC(*)c1cccs1,71.0,50.27991485595703,33.36317825317383,-20.72008514404297
*CC(c1ccccc1)C1C(=O)N(C(C)(C)C)C(=O)C1*,178.0,99.38970947265625,57.567771911621094,-78.61029052734375
*CCCCCC(*)CCCC,-69.0,-42.47161865234375,51.10021209716797,26.52838134765625
*CC(O)COc1ccc(C(=O)c2ccc(OCC(O)COc3ccc(C(C)(C)c4ccc(O*)cc4)cc3)cc2)cc1,120.0,99.52021789550781,35.042503356933594,-20.479782104492188
*Oc1ccc(C(C)(C)c2ccc(OC(=O)c3ccc(S(=O)(=O)c4ccc(C(*)=O)cc4)cc3)cc2)cc1,220.0,207.52374267578125,67.31088256835938,-12.47625732421875
*O[Si](*)(C)CCCCCCCCCCC(=O)Oc1ccc(-c2ccc(OC(=O)c3ccc(OCC(C)CC)cc3)cc2)cc1,29.200000762939453,40.299102783203125,35.639373779296875,11.099102020263672
*C(=O)OCCCCCCCCOC(=O)c1ccc(N2C(=O)c3ccc(*)cc3C2=O)cc1,65.0,65.41838073730469,17.544967651367188,0.4183807373046875
*Oc1ccc(Oc2ccc(Oc3ccc(NC(=O)c4cc(C(=O)Nc5ccc(*)cc5)cc(C(C)(C)C)c4)cc3)cc2)cc1,230.0,236.7918701171875,81.9964828491211,6.7918701171875
*Oc1ccc(S(=O)(=O)N(C)CCCCN(C)S(=O)(=O)c2ccc(Oc3ccc(C(C)(C)c4ccc(*)cc4)cc3)cc2)cc1,120.0,121.06269836425781,49.13688659667969,1.0626983642578125
*c1cccc(-c2nc3cc(Oc4ccc5nc(-c6ccccc6)c(*)nc5c4)ccc3nc2-c2ccccc2)c1,270.0,291.4967956542969,52.5438232421875,21.496795654296875
*Oc1ccc(C2(C)CCC(C(C)(C)c3ccc(Oc4ccc(C(=O)c5ccc(*)cc5)cc4)cc3)CC2)cc1,200.0,190.09690856933594,73.30140686035156,-9.903091430664062
*C(=O)Nc1ccc(Oc2ccc(C3(c4ccc(Oc5ccc(NC(=O)c6ccc7c(c6)C(=O)N(c6ccc(Oc8cccc(Oc9ccc(N%10C(=O)c%11ccc(*)cc%11C%10=O)cc9)c8)cc6)C7=O)cc5)cc4)NC(=O)c4ccccc43)cc2)cc1,267.0,300.20819091796875,42.55183792114258,33.20819091796875
*CC(*)(C)C(=O)Oc1ccc(C(C)(C)C)cc1,91.0,68.42546844482422,51.02984619140625,-22.57453155517578
*CCN(CCOC(=O)Nc1ccc(C)c(NC(=O)O*)c1)c1ccc(/N=N/c2ccc(-c3nc4ccccc4o3)cc2)cc1,152.0,165.2978515625,55.84904098510742,13.2978515625
*CC(*)c1ccc(C)nc1,136.0,88.1041259765625,43.69910430908203,-47.8958740234375
*c1ccc2c(c1)C(=O)N(c1ccc(Oc3ccc(Oc4ccc(N5C(=O)c6ccc(C(*)(C(F)(F)F)C(F)(F)F)cc6C5=O)cc4)cc3)c(C(F)(F)F)c1)C2=O,260.79998779296875,244.759521484375,37.572288513183594,-16.04046630859375
*c1ccc(Oc2ccc(-c3nnc(*)o3)cc2)cc1,240.0,249.2949676513672,67.03838348388672,9.294967651367188
*C1C2CC(C1*)C([Si](C)(C)C)C2,303.0,19.892372131347656,111.759033203125,-283.10762786865234
*c1ccc(-c2nc3cc(S(=O)(=O)c4ccc5nc(*)c(-c6ccccc6)nc5c4)ccc3nc2-c2ccccc2)cc1,277.5,261.16558837890625,50.29313659667969,-16.33441162109375
*Oc1ccccc1C(=O)OC(=O)c1ccccc1OC(=O)CCCCCCCCC(*)=O,28.0,56.59849548339844,36.63948059082031,28.598495483398438
*Oc1c(C)cc(-c2cc(C)c(OC(=O)CCCCCC(*)=O)c(C)c2)cc1C,96.0,42.12757110595703,38.35224151611328,-53.87242889404297
*Oc1ccc(C(C)(CCC#N)c2ccc(OC(*)=O)c(C)c2)cc1C,117.0,62.240966796875,59.77599334716797,-54.759033203125
*CC(CC)(CC)C(=O)O*,60.0,11.611724853515625,76.7361068725586,-48.388275146484375
*C(=O)Nc1ccc(Cc2ccc(NC(=O)c3ccc(N4C(=O)c5ccc(*)cc5C4=O)cc3)cc2)cc1,222.0,256.9095153808594,76.66548919677734,34.909515380859375
*c1ccc(Oc2cccc(Oc3ccc(N4C(=O)c5ccc(-c6cccc7c6C(=O)N(*)C7=O)cc5C4=O)cc3)c2)cc1,259.0,252.80935668945312,33.26912307739258,-6.190643310546875
*CCC[Si](*)(C)c1ccccc1,-1.5,17.01105499267578,53.114620208740234,18.51105499267578
*Oc1c(F)c(F)c(S(=O)(=O)c2c(F)c(F)c(Oc3ccc(C(c4ccc(*)cc4)(C(F)(F)F)C(F)(F)F)cc3)c(F)c2F)c(F)c1F,182.0,190.04083251953125,52.18915557861328,8.04083251953125
*Oc1ccc(C(c2ccc(Oc3ccc(C(=O)Nc4ccc(NC(=O)c5ccc(*)cc5)cc4)cc3)cc2)(C(F)(F)F)C(F)(F)F)cc1,218.0,251.78326416015625,77.10887145996094,33.78326416015625
*CCC1C(=O)N(CCCCCCCCCCCCCC)C(=O)C1*,62.400001525878906,49.301612854003906,38.186641693115234,-13.098388671875
*c1ccc(C(c2ccccc2)(c2ccc(-n3c(=O)c4cc5c(=O)n(*)c(=O)c5cc4c3=O)cc2)C(F)(F)F)cc1,436.0,350.19293212890625,56.557106018066406,-85.80706787109375
*c1ccc(Oc2ccc(Oc3ccc(NC(=O)c4ccc(Oc5cccc6c5C(=O)N(*)C6=O)cc4)cc3)cc2)cc1,244.0,251.99267578125,41.84840774536133,7.99267578125
*c1ccc2c(c1)C(=O)N(c1c(C)cc(Cc3cc(C)c(N4C(=O)c5ccc(C(*)(C(F)(F)F)C(F)(F)F)cc5C4=O)c(C(C)C)c3)cc1C(C)C)C2=O,276.0,289.9564208984375,73.33234405517578,13.9564208984375
*C(=O)Nc1ccc(Oc2ccc(C3(c4ccc(Oc5ccc(NC(=O)c6ccc7c(c6)C(=O)N(c6ccc(C)c(N8C(=O)c9ccc(*)cc9C8=O)c6)C7=O)cc5)cc4)NC(=O)c4ccccc43)cc2)cc1,315.0,301.6707763671875,44.47441864013672,-13.3292236328125
*CC(*)C(=O)Oc1ccc(-c2ccccc2)cc1,110.0,127.63011169433594,43.12944030761719,17.630111694335938
*O[Si](*)(c1ccccc1)c1ccc(OC(C)(C)C)cc1,56.0,35.301483154296875,45.01199722290039,-20.698516845703125
*Oc1ccc(C(=O)NNC(=O)c2ccc(C(=O)NNC(=O)c3ccc(OC(=O)c4cccc(C(*)=O)c4)cc3)cc2)cc1,175.0,190.6521759033203,45.65371322631836,15.652175903320312
*Oc1c(C)cc(C2(c3cc(C)c(OC(=O)c4ccc(C(*)=O)cc4)c(C)c3)CCC3CCCCC3C2)cc1C,287.0,191.37554931640625,87.76017761230469,-95.62445068359375
*Oc1ccc(C(=O)OCC(C)(C)COC(=O)c2ccc(*)cc2)cc1,73.0,56.58007049560547,32.759674072265625,-16.41992950439453
*Oc1ccc(C2(c3ccc(Oc4ccc(C(=O)c5cccc(-c6cccc(C(=O)c7ccc(*)cc7)c6)c5)cc4)cc3)c3ccccc3-c3ccccc32)cc1,212.0,228.03155517578125,39.86328125,16.03155517578125
*Oc1cccc(NC(=O)c2cc(C(=O)Nc3ccc(*)cc3)cc(C(F)(F)C(F)(F)C(F)(F)C(F)(F)F)c2)c1,230.0,258.60577392578125,71.87432098388672,28.60577392578125
*c1ccc2c(c1)C(=O)N(c1ccc(Oc3ccc(C(c4ccc(Oc5ccc(N6C(=O)c7ccc(C(*)(C(F)(F)F)C(F)(F)F)cc7C6=O)cc5)cc4)(C(F)(F)F)C(F)(F)F)cc3)cc1)C2=O,260.0,255.8365478515625,43.1963005065918,-4.1634521484375
*c1ccc2c(c1)C(=O)N(c1ccc(Cc3ccc(N4C(=O)c5ccc(C(C)(C)CCCCC(*)(C)C)cc5C4=O)cc3)cc1)C2=O,169.89999389648438,200.4736328125,82.75106811523438,30.573638916015625
*C1C(*)C2CC1C(COCc1ccccc1)C2COCc1ccccc1,176.0,110.11492919921875,97.91749572753906,-65.88507080078125
*CC(*)c1ccc(C(=O)OCCC)cc1,92.0,96.35717010498047,41.83628845214844,4.357170104980469
*CC(C)(CC)CS*,-50.0,-44.667694091796875,36.98027801513672,5.332305908203125
*c1ccc(Oc2ccc(C(=O)c3cccc(C(=O)c4ccc(Oc5ccc(N6C(=O)c7ccc(Oc8ccc9c(c8)C(=O)N(*)C9=O)cc7C6=O)cc5)cc4)c3)cc2)cc1,208.0,210.82057189941406,25.04340934753418,2.8205718994140625
*CC1CC(CNC(=O)c2cccc(C(=O)N*)c2)CC(C(C)(C)C)C1,209.0,119.9405517578125,68.54736328125,-89.0594482421875
*c1ccc(Oc2ccc(C(C)(C)c3ccc(Oc4ccc(-c5nnc(*)n5-c5ccccc5)cc4)cc3)cc2)cc1,207.0,206.00184631347656,55.559959411621094,-0.9981536865234375
*c1ccc2c(c1)C(=O)N(C1CCC(N3C(=O)c4ccc(C(*)(C(F)(F)F)C(F)(F)F)cc4C3=O)CC1)C2=O,346.5,246.95623779296875,61.10581588745117,-99.54376220703125
*CCC(C)O[Si](C)(C)O*,-88.0,-96.565673828125,48.97475814819336,-8.565673828125
*CC(O)COc1ccc(C(C)(C)c2ccc(O*)cc2)cc1,91.0,89.45751953125,62.6000862121582,-1.54248046875
*/C=C/C(C*)OC,-10.5,-4.8089447021484375,51.77245330810547,5.6910552978515625
*Oc1ccc(C(*)=O)cc1CCCCC,50.0,96.35717010498047,41.83628845214844,46.35717010498047
*Oc1ccc(NC(=O)Nc2cc(NC(=O)Nc3ccc(*)cc3)ccc2C)cc1,269.0,192.0997314453125,76.13471984863281,-76.9002685546875
*Oc1ccc(C(=O)Nc2cc(C(c3ccc(C)c(NC(=O)c4ccc(OC(=O)c5cccc(C(*)=O)c5)cc4)c3)(C(F)(F)F)C(F)(F)F)ccc2C)cc1,214.0,220.52108764648438,47.60845947265625,6.521087646484375
*C(=O)c1ccc2c(c1)C(=O)N(c1cccc(P(=O)(c3ccc(C(F)(F)F)cc3)c3cccc(N4C(=O)c5ccc(*)cc5C4=O)c3)c1)C2=O,264.0,288.063720703125,48.60970687866211,24.063720703125
*CC(*)c1ccc(COCCCC)cc1,10.0,39.942176818847656,50.21358108520508,29.942176818847656
*/C=C/c1ccc(N(CC)Cc2ccccc2CN(CC)c2ccc(/C=C/c3ccc(/C=C(\C#N)S(=O)(=O)/C(C#N)=C/c4ccc(*)s4)s3)cc2)cc1,178.0,221.762451171875,78.04750061035156,43.762451171875
*CCN(CCOC(=O)NCC1(C)CC(NC(=O)O*)CC(C)(C)C1)c1ccc(C=C(C#N)C#N)cc1,145.0,127.79013061523438,72.82562255859375,-17.209869384765625
*Oc1ccc(Oc2ccc(C(=O)c3ccc(*)cc3)cc2)cc1S(=O)(=O)O,225.0,167.54312133789062,58.848690032958984,-57.456878662109375
*/C=C(/*)c1c(F)c(F)c(CCCC)c(F)c1F,110.0,76.56515502929688,47.145042419433594,-33.434844970703125
*C(=O)c1ccc(Oc2ccc(C(C)(C)c3ccc(Oc4ccc(*)s4)cc3)cc2)cc1,151.0,170.0040283203125,48.3625373840332,19.0040283203125
*CC(*)C1CCC(C)CC1,132.0,110.17831420898438,86.79756164550781,-21.821685791015625
*CC(O)CN(CCO)CC(O)COc1ccc(C(C)(C)c2ccc(O*)cc2)cc1,87.0999984741211,37.61174011230469,25.755840301513672,-49.488258361816406
*/C=C/C1CC(*)C2C(=O)N(CCCC)C(=O)C12,131.0,117.48445892333984,64.69403839111328,-13.515541076660156
*CC(*)c1cc(-c2ccc(C(=O)OC3CC(C)CCC3C(C)C)cc2)ccc1-c1ccc(C(=O)OC2CC(C)CCC2C(C)C)cc1,217.5,90.42523956298828,80.99372863769531,-127.07476043701172
*Oc1ccc(/N=C/c2ccc(Oc3ccc(C(c4ccc(Oc5ccc(/C=N/c6ccc(Oc7ccc(-c8ccc(*)cc8)cc7)cc6)cc5)cc4)(C(F)(F)F)C(F)(F)F)cc3)cc2)cc1,128.0,253.05984497070312,55.59618377685547,125.05984497070312
*CCCOC(=O)NCCCCCCNC(=O)O*,55.0,54.97523498535156,47.663482666015625,-0.0247650146484375
*c1ccc(Oc2ccc(C(=O)c3ccc(Oc4ccc(-c5nc6ccccc6n5-c5ccc(-n6c(*)nc7ccccc76)cc5)cc4)cc3)cc2)cc1,242.0,262.8719177246094,44.97518539428711,20.871917724609375
*c1ccc(Oc2ccc(S(=O)(=O)c3ccc(Oc4ccc(-c5c6c(c(*)c7ccccc57)C(=O)N(c5cccc(C(F)(F)F)c5)C6=O)cc4)cc3)cc2)cc1,280.5,247.88563537597656,41.64079284667969,-32.61436462402344
*OC(=O)C(C)NC(=O)CCCCCCCCCCC(=O)NC(C)C(=O)OC1COC2C(*)COC12,28.0,28.890029907226562,34.68738555908203,0.8900299072265625
*CN1C(=O)c2ccc(C(c3ccc4c(c3)C(=O)N(Cc3nc5ccc(Cc6ccc7nc(*)oc(=O)c7c6)cc5c(=O)o3)C4=O)(C(F)(F)F)C(F)(F)F)cc2C1=O,218.0,222.5179901123047,32.396610260009766,4.5179901123046875
*c1cccc(N2C(=O)c3ccc(Oc4ccc(Oc5ccc6c(c5)C(=O)N(*)C6=O)cc4)cc3C2=O)c1,255.0,277.52197265625,44.779052734375,22.52197265625
*CCN(CCOC(=O)/C=C/c1ccc(/C=C/C(=O)O*)cc1)c1ccc(/N=N/c2ccc([N+](=O)[O-])cc2)cc1,120.0,151.4591522216797,41.66629409790039,31.459152221679688
*/C=C/c1cc(OCCCCCCC)c(/C=C/c2ccc(*)cc2)cc1OCCCCCCC,46.0,36.48963928222656,36.13480758666992,-9.510360717773438
*Oc1ccc(CC(NC(=O)CCc2ccc(OC(=O)COCCOCC(*)=O)cc2)C(=O)OC(C)CC)cc1,44.0,42.58979797363281,14.664410591125488,-1.4102020263671875
*Oc1ccc(Oc2ccc(C(=O)c3ccc(-c4ccc(C(=O)c5ccc(*)cc5)cc4)cc3)cc2)cc1-c1cccc(C)c1,170.0,189.1505126953125,43.392311096191406,19.1505126953125
*Oc1ccc(C(c2ccccc2)(c2ccccc2)c2ccc(Oc3ccc(C(=O)Nc4ccc(NC(=O)c5ccc(*)cc5)cc4)cc3)cc2)cc1,254.0,256.2648620605469,61.21551513671875,2.264862060546875
*CCCP(CCCNC(=O)CCCCC(=O)N*)CC(C)C,71.0,37.621971130371094,31.815216064453125,-33.378028869628906
*CC(*)OC(=O)c1ccc([Si](C)(C)C)cc1,130.5,81.05331420898438,61.30760192871094,-49.446685791015625
*CCCCNC(=O)C(=O)N*,120.0,92.27275085449219,38.830448150634766,-27.727249145507812
*c1ccc2oc(-c3ccc(C(c4ccccc4)(c4ccc(-c5nc6cc(C(*)(c7ccccc7)C(F)(F)F)ccc6o5)cc4)C(F)(F)F)cc3)nc2c1,330.0,284.15545654296875,45.71220779418945,-45.84454345703125
*Oc1ccc(C(c2ccc(OC(=O)c3ccc(C(c4ccc(C(*)=O)cc4)(C(F)(F)F)C(F)(F)F)cc3)cc2)(C(F)(F)F)C(F)(F)F)cc1,135.0,95.18974304199219,31.850666046142578,-39.81025695800781
*c1ccc2c(c1)C(CCCCCC)(CCCCCC)c1cc(-c3cc(OCCCCCCCC)c(*)cc3OCCCCCCCC)ccc1-2,58.0,32.49626922607422,36.74082946777344,-25.50373077392578
*Oc1ccc(C2(c3ccc(OC(*)=O)c(Cl)c3)CC3CCC2C3)cc1Cl,200.0,190.5457305908203,55.44407272338867,-9.454269409179688
*Oc1ccc(S(=O)(=O)c2ccc(Oc3c(C)cc(C(c4cc(C)c(*)c(C)c4)(C(F)(F)F)C(F)(F)F)cc3C)cc2)cc1,248.0,212.67971801757812,61.706382751464844,-35.320281982421875
*c1ccc(-c2sc(-c3ccc(-c4cc(CCCC)c(*)s4)cc3)cc2CCCC)cc1,58.29999923706055,201.1273193359375,82.37842559814453,142.82732009887695
*CCCCCC(=O)Oc1ccc2ccc(OC(=O)c3ccc4c(c3)C(=O)N(*)C4=O)cc2c1,113.0,102.4339599609375,32.85554885864258,-10.5660400390625
*CC(F)(F)C1(F)CC(CC(O)(C(F)(F)F)C(F)(F)F)CC1*,98.0,30.567184448242188,63.14337158203125,-67.43281555175781
*c1ccc(Oc2ccc(S(=O)(=O)c3ccc(Oc4ccc(N5C(=O)c6ccc(Oc7cccc(Oc8ccc9c(c8)C(=O)N(*)C9=O)c7)cc6C5=O)cc4)cc3)cc2)cc1,201.0,187.9891357421875,29.132936477661133,-13.0108642578125
*Oc1ccc(-c2ccc(Oc3ccc(C(=O)c4ccc(C(=O)c5ccc(*)c(C(F)(F)F)c5)cc4)cc3C(F)(F)F)cc2)cc1,187.0,180.4509735107422,30.970857620239258,-6.5490264892578125
*c1ccc2c(c1)C(=O)N(c1ccc(-c3ccc(N4C(=O)c5ccc(C(*)(C(F)(F)F)C(F)(F)F)cc5C4=O)c(OCCCCCCOc4ccc(/C=C/c5ccc(F)cc5)cc4)c3)cc1OCCCCCCOc1ccc(/C=C/c3ccc(F)cc3)cc1)C2=O,140.0,254.90328979492188,64.79203796386719,114.90328979492188
*OP(=O)(Oc1ccc(NC(=O)Oc2ccc(C(C)(C)c3ccc(OC(=O)Nc4ccc(*)cc4)cc3)cc2)cc1)c1ccccc1,34.0,65.8748550415039,53.32416915893555,31.874855041503906
*CCCCCCN1C(=O)C(=O)N(c2ccc(C)c(N3C(=O)C(=O)N(*)C3=O)c2)C1=O,181.5,129.51190185546875,42.69689178466797,-51.98809814453125
*c1ccc(C(=O)c2ccc(Oc3ccc(-c4nn(*)c(=O)c5ccccc45)cc3)cc2)cc1,263.0,336.4052734375,60.31089401245117,73.4052734375
*=CNc1ccc(CCc2ccc(N=*)cc2)cc1,125.0,135.95046997070312,54.89723205566406,10.950469970703125
*CC(*)(C)C(=O)OCCS(=O)(=O)c1ccc(/N=N/c2ccc(N(CC)CC)cc2)cc1,142.0,80.96455383300781,54.523399353027344,-61.03544616699219
*c1ccc(C(=O)c2ccc(Oc3ccc(-c4nn(*)c(=O)c5ccccc45)c(F)c3)cc2)cc1,253.0,313.00640869140625,52.34966278076172,60.00640869140625
*C(=O)Oc1ccc(OC(=O)c2ccc3c(c2)C(=O)N(c2ccc(Oc4ccc(N5C(=O)c6ccc(*)cc6C5=O)cc4)cc2)C3=O)cc1,270.0,252.4116973876953,37.679893493652344,-17.588302612304688
*CC(*)(C)C(=O)NC(=O)OC(C)COc1ccc(S(=O)(=O)c2ccc(OCC(C)O)cc2)cc1,73.0,56.45252227783203,22.626623153686523,-16.54747772216797
*C(=O)c1ccc2c(c1)C(=O)N(c1cc(C(=O)c3ccccc3)cc(N3C(=O)c4ccc(*)cc4C3=O)c1)C2=O,282.0,297.30419921875,46.83018112182617,15.30419921875
*O[Si](c1ccccc1)(c1ccccc1)c1ccc([Si](*)(c2ccccc2)c2ccccc2)cc1,130.0,135.24021911621094,58.85700607299805,5.2402191162109375
*c1ccc(Oc2cccc(Oc3ccc(N4C(=O)c5cccc(Oc6ccc(Sc7ccc(Oc8cccc9c8C(=O)N(*)C9=O)cc7)cc6)c5C4=O)cc3)c2)cc1,202.0,197.65797424316406,28.229970932006836,-4.3420257568359375
*C(=O)Nc1ccc(Oc2cccc(NC(=O)c3ccc4c(c3)C(=O)N(c3ccc(Oc5ccc6ccc(Oc7ccc(N8C(=O)c9ccc(*)cc9C8=O)cc7)cc6c5)cc3)C4=O)c2)cc1,263.0,257.43695068359375,31.695049285888672,-5.56304931640625
*Oc1ccc(/C=N/N=C/c2ccc(Oc3ccc(C(=O)c4ccc(*)cc4)cc3)cc2)cc1,179.0,240.103759765625,72.15888977050781,61.103759765625
*/C=C/c1ccc(/N=N/c2ccc(N(C)CCOC(=O)Nc3ccc(C)c(NC(=O)OCCN(C)c4ccc(/N=N/c5ccc(/C=C/C6=CC(=C(C#N)C#N)C=C(*)O6)cc5)cc4)c3)cc2)cc1,196.0,179.66209411621094,48.68792724609375,-16.337905883789062
*c1ccc2c(c1)Sc1cc(-c3sc4cc(*)sc4c3CCCCC)ccc1N2CCCCCC,126.0,149.53326416015625,86.33857727050781,23.53326416015625
*Oc1ccc(S(=O)(=O)c2ccc(Oc3c(C)cc(Cc4cc(C)c(*)c(C)c4)cc3C)cc2)cc1,232.0,217.3001708984375,80.63567352294922,-14.6998291015625
*CCCCC(C)CCn1c(=O)c2cc3c(=O)n(*)c(=O)c3cc2c1=O,135.0,114.29081726074219,41.59511947631836,-20.709182739257812
*Nc1ccccc1-c1ccc(NC(=O)c2cccc(C(*)=O)c2)cc1,248.0,292.69097900390625,67.33815002441406,44.69097900390625
*C(=O)Nc1ccc(Oc2ccccc2-c2ccccc2Oc2ccc(NC(=O)c3ccc4c(c3)C(=O)N(c3ccc(Oc5ccccc5-c5ccccc5Oc5ccc(N6C(=O)c7ccc(*)cc7C6=O)cc5)cc3)C4=O)cc2)cc1,227.0,278.390869140625,39.528167724609375,51.390869140625
*CCC(C)C(C)CCNC(=O)c1cc(C(=O)N*)cc(C(C)(C)C)c1,173.0,110.14080810546875,69.06173706054688,-62.85919189453125
*CCCCCCNC(=O)CC(C)c1ccc(C(C)CC(=O)N*)cc1,88.0,110.14080810546875,69.06173706054688,22.14080810546875
*C(=O)c1ccc(Oc2ccc(-c3ccc(Oc4ccc(C(=O)c5ccc6c(c5)C(=O)N(c5ccc(Oc7ccc(N8C(=O)c9ccc(*)cc9C8=O)cc7)cc5)C6=O)cc4)cc3)cc2)cc1,233.0,226.4906005859375,25.084199905395508,-6.5093994140625
*O[Si](*)(C)CCCOc1ccc(C(=O)Oc2ccc(-c3ccc(OC(=O)c4cc(OCCCCC)c(OCCCCC)c(OCCCCC)c4)cc3)cc2)cc1,49.0,44.25597381591797,33.32252502441406,-4.744026184082031
*c1cccc(C(=O)Nc2ccc(Oc3ccc(NC(=O)c4cccc(N5C(=O)c6ccc(-c7ccc8c(c7)C(=O)N(*)C8=O)cc6C5=O)c4)cc3)cc2)c1,253.0,274.4728088378906,39.14147186279297,21.472808837890625
*CCCC1(CCCNC(=O)CCC2(CCC(=O)N*)c3ccccc3-c3ccccc32)c2ccccc2-c2ccccc21,165.0,195.18455505371094,71.12810516357422,30.184555053710938
*NC1CC(C)(C)CC(C)(CNC(=O)c2cc(NC(=O)C(C(C)CC)N3C(=O)c4ccccc4C3=O)cc(C(*)=O)c2)C1,128.0,113.41401672363281,55.89914321899414,-14.585983276367188
*c1ccc(Oc2ccc(/C=C/c3ccc(Oc4ccc(-c5nnc(*)o5)cc4)cc3)cc2)cc1,215.0,247.7759246826172,67.53753662109375,32.77592468261719
*c1ccc(S(=O)(=O)c2ccc(-n3nc(-c4ccccc4)c4cc(Oc5ccc(C(C)(C)c6ccc(Oc7ccc8c(-c9ccccc9)nn(*)c(=O)c8c7)cc6)cc5)ccc4c3=O)cc2)cc1,210.5,233.93441772460938,57.42868423461914,23.434417724609375
*Oc1ccc(S(=O)(=O)c2ccc(Oc3c(C)cc(-c4cc(C)c(*)c(C)c4)cc3C)cc2)cc1,280.20001220703125,213.75518798828125,69.37281799316406,-66.44482421875
*CC(COc1ccc(O*)cc1)OC(C)=O,49.0,45.127906799316406,33.114105224609375,-3.8720932006835938
*C(=O)Oc1ccc(OC(=O)c2ccc3c(c2)C(=O)N(c2ccc(Oc4ccc(Oc5ccc(N6C(=O)c7ccc(*)cc7C6=O)cc5)cc4)cc2)C3=O)cc1,230.0,236.82394409179688,32.522666931152344,6.823944091796875
*CCCC(C)(C)CNC(=O)c1ccc(C(=O)N*)cc1,157.0,136.9494171142578,58.503997802734375,-20.050582885742188
*Oc1ccc(-c2ccc(OC(=O)c3ccc(C(*)=O)cc3)cc2)cc1-c1ccccc1,132.0,141.00437927246094,30.22247886657715,9.004379272460938
*c1ccc(-c2sc(-c3cc(CCCCCCCC)c(*)s3)cc2CCCCCCCC)cc1,50.400001525878906,38.532257080078125,42.234519958496094,-11.867744445800781
*Nc1cccc(/C=C/c2ccc(NC(=O)c3cccc(C(*)=O)c3)cc2)c1,272.0,246.64013671875,63.39387893676758,-25.35986328125
*C([2H])([2H])C(*)([2H])Cl,85.0,43.12140655517578,50.091941833496094,-41.87859344482422
*CCCCOC(=O)c1ccc(-c2ccc(-c3ccc(C(=O)O*)cc3)cc2)cc1,180.0,153.8650360107422,49.212181091308594,-26.134963989257812
*CC(*)(C)C(=O)OCCn1c2ccccc2c2ccccc21,148.0,118.95154571533203,74.95358276367188,-29.04845428466797
*CC(O)COc1c(Cl)cc(C(C)(C)c2cc(Cl)c(O*)c(Cl)c2)cc1Cl,135.0,127.79149627685547,56.102779388427734,-7.208503723144531
*Oc1c(Cl)cc(C(C)(C)c2cc(Cl)c(OC(=O)CCCCC(*)=O)c(Cl)c2)cc1Cl,100.0,113.74005889892578,45.33468246459961,13.740058898925781
*CCCCCCN1C(=O)c2ccc(C(=O)c3ccc4c(c3)C(=O)N(*)C4=O)cc2C1=O,127.0,170.91229248046875,90.41973876953125,43.91229248046875
*Oc1ccc(Oc2cccc(*)n2)c(-c2ccccc2)c1,115.0,115.0820083618164,33.234127044677734,0.08200836181640625
*CC(*)(C)C(=O)OCCCCCCCCCCn1c2ccccc2c2cc(/C=C(\C#N)C(=O)OC)ccc21,58.0,79.2681884765625,55.04080581665039,21.2681884765625
*c1ccc(Oc2ccc(N3C(=O)N4C(c5ccc(OC)cc5)N(*)C(=O)N4C3c3ccc(OC)cc3)cc2)cc1,163.0,180.221923828125,64.45450592041016,17.221923828125
*Oc1ccc(C(C)(C)c2ccc(Oc3ccc4c(=O)n5c6cc(-c7ccc8c(c7)nc7c9ccc(*)c%10cccc(c(=O)n87)c%109)ccc6nc5c5cccc3c45)cc2)cc1,380.0,268.3863525390625,56.01331329345703,-111.6136474609375
*C1C2CCC(C2)C1*,240.0,48.87116241455078,156.70086669921875,-191.12883758544922
*Oc1ccc(S(=O)(=O)c2cccc3c(S(=O)(=O)c4ccc(Oc5c(C)cc(-c6cc(C)c(*)c(C)c6)cc5C)cc4)cccc23)cc1,262.0,218.65182495117188,64.86614990234375,-43.348175048828125
*c1ccc(-c2ccc(-c3ccc(-c4ccc(-c5ccc6c(c5)C(=O)N(c5ccc(Oc7ccc(C(C)(C)c8ccc(Oc9ccc(N%10C(=O)c%11ccc(*)cc%11C%10=O)cc9)cc8)cc7)cc5)C6=O)cc4)cc3)cc2)cc1,236.0,280.9317321777344,53.43107223510742,44.931732177734375
*Oc1cccc(C(*)=O)c1,162.0,172.9584197998047,44.31092834472656,10.958419799804688
*CC(*)(C)C(=O)Oc1c(OC)cc(/C=C/c2ccccc2)cc1OC,140.0,63.20323944091797,44.99553680419922,-76.79676055908203
*CCOCCOC(=O)NCCCCCCNC(=O)O*,17.0,35.02577209472656,48.07632064819336,18.025772094726562
*=Nc1ccc(/N=C(/C=C/C(=*)c2ccccc2)c2ccccc2)cc1,157.0,162.61090087890625,55.636924743652344,5.61090087890625
*OC(COC(=O)C12CC3CC(CC(C(*)=O)(C3)C1)C2)COc1ccc(/N=N/c2ccc(C#N)cc2)cc1,105.0,131.2255401611328,55.78880310058594,26.225540161132812
*Oc1ccc2c(c1)C(C)(c1ccc(OC(=O)c3ccc(C(*)=O)cc3)cc1)CC2(C)C,252.5,148.7100372314453,88.74229431152344,-103.78996276855469
*c1ccc2c3ccc(-c4ccc(-c5ccc(-c6ccc(*)s6)c6nsnc56)s4)cc3n(C(CCCCCCCC)CCCCCCCC)c2c1,126.0,135.41815185546875,80.40982818603516,9.41815185546875
*CCCCOC(=O)CCCC(=O)O*,-36.5,25.685890197753906,51.68767166137695,62.185890197753906
*c1ccc(Oc2ccc(C(=O)c3cccc(C(=O)c4ccc(Oc5ccc(N6C(=O)c7ccc(-c8ccc9c(c8)C(=O)N(*)C9=O)cc7C6=O)cc5)cc4)c3)cc2)cc1,222.0,216.17710876464844,23.35019302368164,-5.8228912353515625
*CC(*)OCC(CC)CCCC,-66.0,-64.76402282714844,40.31635284423828,1.2359771728515625
*CCCCCCCCCCCC(=O)N*,42.0,28.35284423828125,34.801265716552734,-13.64715576171875
*/N=N/c1ccc(NC(=O)CCC(=O)Nc2ccc(*)cc2)cc1,220.0,180.57333374023438,80.21586608886719,-39.426666259765625
*CC(*)OC(=O)c1cccc([Si](C)(C)C)c1,80.0,81.05331420898438,61.30760192871094,1.053314208984375
*Oc1ccc(CC(NC(=O)Cc2ccc(OC(=O)CCCCCCC(*)=O)cc2)C(=O)OCCCCCC)cc1,27.0,33.155487060546875,18.218870162963867,6.155487060546875
*CC(*)OCCCCCCCCCCCOc1ccc(C(=O)Oc2ccc(C#N)cc2)cc1,37.0,46.53157043457031,26.45667266845703,9.531570434570312
*c1ccc(NC2CC(=O)N(c3ccc(Cc4ccc(N5C(=O)CC(Nc6ccc(-c7nc(-c8ccc(/C=C/c9ccc([N+](=O)[O-])cc9)cc8)[nH]c7*)cc6)C5=O)cc4)cc3)C2=O)cc1,250.0,234.57254028320312,65.0182876586914,-15.427459716796875
*c1ccc(Cc2ccccc2-n2c(=O)c3cc4c(=O)n(*)c(=O)c4cc3c2=O)cc1,356.5,364.84735107421875,49.40495300292969,8.34735107421875
*Oc1cccc(Oc2ccc3c(=O)n4c5cc(-c6ccc7c(c6)nc6c8ccc(*)c9cccc(c(=O)n76)c98)ccc5nc4c4cccc2c34)c1,396.5,396.493408203125,56.59946823120117,-0.006591796875
*CCOCCOC(=O)c1ccc(N/C=N/c2ccc(C(=O)O*)cc2)cc1,77.0,82.5526351928711,32.417274475097656,5.552635192871094
*N=P(Cl)(N=P(/N=S(/*)Oc1cccc(-c2ccccc2)c1)(Oc1cccc(-c2ccccc2)c1)Oc1cccc(-c2ccccc2)c1)Oc1cccc(-c2ccccc2)c1,32.0,236.88482666015625,78.97980499267578,204.88482666015625
*Oc1ccc(S(=O)(=O)c2ccc(Oc3ccc(C(c4ccc(*)c([Si](C)(C)C)c4)(C(F)(F)F)C(F)(F)F)cc3[Si](C)(C)C)cc2[Si](C)(C)C)c([Si](C)(C)C)c1,148.89999389648438,119.99208068847656,46.54881286621094,-28.907913208007812
*CC(*)C(=O)OCCCCCCCC,-65.0,-52.694549560546875,46.50930404663086,12.305450439453125
*Oc1ccc(Oc2ccc(C(=O)c3ccc(P(=O)(c4ccccc4)c4ccc(C(=O)c5ccc(*)cc5)cc4)cc3)cc2)cc1,207.0,210.0837860107422,41.973388671875,3.0837860107421875
*NC(CCC(=O)OCCCCC)C(*)=O,-20.0,38.01487731933594,45.657264709472656,58.01487731933594
*C1CCC(CC2CCC(N3C(=O)c4ccc(-c5ccc6c(c5)C(=O)N(*)C6=O)cc4C3=O)C(C)C2)CC1C,260.0,148.7816619873047,92.04491424560547,-111.21833801269531
*c1ccc(Oc2ccc(Oc3ccc(Oc4ccc(N5C(=O)c6ccc(Oc7ccc(Oc8ccc9c(c8)C(=O)N(*)C9=O)cc7)cc6C5=O)cc4)cc3)cc2)cc1,210.0,208.22891235351562,25.001079559326172,-1.771087646484375
*CC(*)(C)C(=O)OCCc1ccc(/N=N/c2ccc(OC(F)(F)F)cc2)cc1,209.5,185.94674682617188,79.69764709472656,-23.553253173828125
*/C=C/c1cccc(/C=C/[Si](C)(CCC(F)(F)F)c2ccc([Si](*)(C)CCC(F)(F)F)cc2)c1,36.849998474121094,34.963768005371094,28.163253784179688,-1.88623046875
*CC(COc1ccc(C(C)(C)c2ccc(O*)cc2)cc1)OC(=O)/C=C/c1ccccc1,100.5999984741211,162.97970581054688,97.0550765991211,62.37970733642578
*C/C=C/COC(=O)C(Cc1ccccc1)NC(=O)CCCCCCCCC(=O)NC(Cc1ccccc1)C(=O)O*,46.0,45.68431854248047,43.10411834716797,-0.31568145751953125
*CC(*)c1ccc(COCCOCCCCCCCC)cc1,-42.0,28.188194274902344,73.16024017333984,70.18819427490234
*CCCCCCOc1ccc(C(=O)N(C(=O)c2ccc(O*)cc2)c2ccc(Oc3ccccc3)cc2)cc1,78.0,77.99308013916016,49.57317352294922,-0.00691986083984375
*CC(COC(=O)CCCCCN1C(=O)C2C3C=CC(C3)C2C1=O)O*,1.0,0.801055908203125,38.56599807739258,-0.198944091796875
*CCCCCCOC(=O)OCCCCCCCCCOC(=O)OCCCCCCOc1ccc(C(=O)c2ccc(O*)cc2)cc1,-6.0,-9.432785034179688,30.459808349609375,-3.4327850341796875
*Oc1ccc(CNC(=O)c2ccc(C(=O)NCc3ccc(OC4COC5C(*)COC45)cc3)cc2)cc1,122.0,146.75445556640625,46.58030319213867,24.75445556640625
*c1cccc(S(=O)(=O)NCCCNS(*)(=O)=O)c1,92.0,130.8955078125,61.1614990234375,38.8955078125
*Oc1ccc(/N=C(\c2ccccc2)c2ccc(Oc3ccc(C(c4ccccc4)(c4ccccc4)c4ccc(Oc5ccc(/C(=N/c6ccc(*)cc6)c6ccccc6)cc5)cc4)cc3)cc2)cc1,177.0,204.8789825439453,49.50933837890625,27.878982543945312
*C(=O)Nc1ccc(Oc2ccc(S(=O)(=O)c3ccc(Oc4ccc(NC(=O)c5ccc6c(c5)C(=O)N(c5ccc(Oc7cccc8c(Oc9ccc(N%10C(=O)c%11ccc(*)cc%11C%10=O)cc9)cccc78)cc5)C6=O)cc4)cc3)cc2)cc1,260.0,286.765380859375,44.092933654785156,26.765380859375
*c1ccc(S(=O)(=O)c2ccc(N3C(=O)C(C)C(SCCOCCSC4C(=O)N(c5ccc(S(=O)(=O)c6ccc(N7C(=O)CC(C)(SCCOCCSC8(C)CC(=O)N(*)C8=O)C7=O)cc6)cc5)C(=O)C4C)C3=O)cc2)cc1,157.0,143.34426879882812,38.28114318847656,-13.655731201171875
*Oc1ccc(CC(NC(=O)Cc2ccc(OC(=O)CCC(*)=O)cc2)C(=O)OCC)cc1,75.5,62.2384033203125,17.215803146362305,-13.2615966796875
*CC(*)(C)C(=O)OCC1(CC)COC1,105.0,49.97676086425781,77.99087524414062,-55.02323913574219
*C(=O)c1ccc2nc(-c3ccc(-c4nc5ccc(*)cc5nc4-c4ccccc4)cc3)c(-c3ccccc3)nc2c1,325.0,302.9671325683594,51.277183532714844,-22.032867431640625
*c1cc(C(=O)Oc2ccc(-c3ccc(O[Si](C)(C)C(C)(C)C)cc3)cc2)cc(N2C(=O)c3ccc(-c4ccc5c(c4)C(=O)N(*)C5=O)cc3C2=O)c1,230.0,230.30897521972656,71.1265869140625,0.3089752197265625
*CCCC(*)(C)C,-20.0,-3.595458984375,73.96774291992188,16.404541015625
*Oc1ccc(C2(c3ccc(OC(=O)c4cccc(C(*)=O)c4)cc3)CCC3CCCCC3C2)cc1,248.0,191.3765869140625,92.59374237060547,-56.6234130859375
*C(=O)Nc1ccc(Oc2ccc(S(=O)(=O)c3ccc(Oc4ccc(NC(=O)c5ccc6c(c5)C(=O)N(c5ccc(Oc7ccc8ccc(Oc9ccc(N%10C(=O)c%11ccc(*)cc%11C%10=O)cc9)cc8c7)cc5)C6=O)cc4)cc3)cc2)cc1,274.0,286.765380859375,44.092933654785156,12.765380859375
*O[Si](C)(C)C#C[Si](C)(C)C#C[Si](C)(C)C#C[Si](C)(C)C#C[Si](C)(C)C#C[Si](*)(C)C,-16.100000381469727,-31.6407470703125,66.40213012695312,-15.540746688842773
*Oc1ccc(Oc2ccc(/C=N/CCCCCCCCCCCC/N=C/c3ccc(*)cc3)cc2)cc1,118.0,70.02104187011719,49.473228454589844,-47.97895812988281
*Oc1ccc(S(=O)(=O)c2ccc3cc(S(=O)(=O)c4ccc(Oc5c(C)cc(-c6cc(C)c(*)c(C)c6)cc5C)cc4)ccc3c2)cc1,280.0,218.65182495117188,64.86614990234375,-61.348175048828125
*c1ccc(Oc2ccc(Oc3ccc(N4C(=O)c5ccc(Oc6ccc(C7(c8ccc(Oc9ccc%10c(c9)C(=O)N(*)C%10=O)cc8)CCC(c8ccccc8)CC7)cc6)cc5C4=O)cc3)c(C(C)(C)C)c2)cc1,236.0,240.37936401367188,46.02108383178711,4.379364013671875
*Oc1c(Cl)cc(C(c2cc(Cl)c(OC(*)=O)c(Cl)c2)C2CC3CCC2C3)cc1Cl,270.0,164.77322387695312,54.006919860839844,-105.22677612304688
*C(=O)c1ccc2c(c1)C(=O)N(c1ccc(-c3cc(C(C)(C)C)c(Oc4ccc(N5C(=O)c6ccc(*)cc6C5=O)cc4C(F)(F)F)c(C(C)(C)C)c3)cc1)C2=O,362.0,303.42559814453125,69.45787811279297,-58.57440185546875
*=CNc1ccc(Cc2ccc(N=*)cc2)cc1,95.5,140.3446502685547,56.849735260009766,44.84465026855469
*CCCCCCCCCCCc1nc2ccc(-c3ccc4nc(*)oc4c3)cc2o1,62.0,113.36295318603516,64.95927429199219,51.362953186035156
*Oc1ccc(C(c2ccc(Oc3ccc(C(=O)c4cc(C(=O)c5ccc(*)cc5)cc(C(C)(C)C)c4)cc3)cc2)(C(F)(F)F)C(F)(F)F)cc1,181.0,166.31529235839844,27.54083824157715,-14.684707641601562
*CCOC(=O)O*,5.0,-13.684326171875,63.380271911621094,-18.684326171875
*c1cccc(Cc2cccc(N3C(=O)c4ccc([Si](C)(C)c5ccc6c(c5)C(=O)N(*)C6=O)cc4C3=O)c2)c1,238.0,293.7319641113281,57.58734893798828,55.731964111328125
*CCC(C)CC(=O)O*,-71.5,5.457855224609375,76.78147888183594,76.95785522460938
*OC(=O)c1ccc(C(=O)Oc2ccc3c(c2)Oc2cc(*)ccc2C32c3ccccc3-c3ccccc32)cc1,290.0,250.99574279785156,60.364601135253906,-39.00425720214844
*Oc1ccc(C(C)(C)c2ccc(Oc3c(F)c(F)c(COC(c4cccc(C(OCc5c(F)c(F)c(*)c(F)c5F)(C(F)(F)F)C(F)(F)F)c4)(C(F)(F)F)C(F)(F)F)c(F)c3F)cc2)cc1,98.0,102.54586791992188,34.5664176940918,4.545867919921875
*c1ccc(Sc2ccc(Sc3ccc(N4C(=O)c5ccc(Oc6ccc7c(c6)C(=O)N(*)C7=O)cc5C4=O)cc3)s2)cc1,218.0,265.24365234375,77.39714050292969,47.24365234375
*CN1C(=O)c2ccc(C(c3ccc4c(c3)C(=O)N(Cc3nnc(-c5ccc(Oc6ccc(-c7nnc(*)o7)cc6)cc5)o3)C4=O)(C(F)(F)F)C(F)(F)F)cc2C1=O,210.0,206.13926696777344,35.12742614746094,-3.8607330322265625
*CCN(*)C(=O)CCCCCCCCCCC,10.0,-13.804550170898438,34.852718353271484,-23.804550170898438
*CC/C=C/C[Si](*)(C)c1ccccc1,-14.899999618530273,22.791297912597656,49.62416458129883,37.69129753112793
*C1C(=O)OC(=O)C1C1C2CC(C(=O)OC(C)CC)C(C2)C1*,175.0,28.314529418945312,63.838294982910156,-146.6854705810547
*CC(*)(C)C(=O)OCc1ccc2c(c1)OCCOCCOCCOCCO2,38.0,31.045066833496094,36.59135055541992,-6.954933166503906
*Oc1ccc(OC(=O)c2ccc(C(*)=O)cc2)cc1C(F)(F)F,159.3000030517578,145.4569854736328,63.73295974731445,-13.843017578125
*C1CC2CC1C(*)C2CCCCCC,252.0,97.86991882324219,118.96859741210938,-154.1300811767578
*CC(*)c1ccc(O)cc1,158.0,126.85299682617188,73.63426208496094,-31.147003173828125
*Cc1ccccc1CN(CC)c1ccc(/C=C/c2ccc(/C=C(\C#N)C(=O)NC3CCCCC3NC(=O)/C(C#N)=C/c3ccc(/C=C/c4ccc(N(*)CC)cc4)cc3)cc2)cc1,201.0,186.39425659179688,61.78876876831055,-14.605743408203125
*CC(COc1ccc(C(C)(C)c2ccc(O*)cc2)cc1)OC(=O)CCl,65.0,94.67494201660156,46.98630142211914,29.674942016601562
*CC(*)C(=O)OCCc1ccccc1,-3.0,48.01177215576172,40.341487884521484,51.01177215576172
*CC(*)C(=O)OCCO,20.700000762939453,11.375595092773438,53.746421813964844,-9.324405670166016
*CCCCCCCCCCCCCCNC(=O)NCCCCCCCCCCNC(=O)N*,40.0,32.671287536621094,23.604494094848633,-7.328712463378906
*CC(CO*)(CS(=O)(=O)CCCC)CS(=O)(=O)CCCC,66.0,43.664710998535156,64.13284301757812,-22.335289001464844
*Oc1ccc(S(=O)(=O)c2ccc(Oc3ccc(C(C)(C)c4ccc(*)c(C)c4)cc3C)cc2)cc1,180.0,217.3001708984375,80.63567352294922,37.3001708984375
*CC(*)(C)C(=O)OCCCCCCOc1ccc(C(=O)Oc2ccc(/N=N/c3ccc(C)cc3)c3ccccc23)cc1,40.0,142.41162109375,90.10924530029297,102.41162109375
*CC(CCCCCCOc1ccc(/N=N/c2ccc(C(F)(F)F)cc2)cc1)COC(=O)CCCCC(=O)O*,44.0,9.630203247070312,43.53327560424805,-34.36979675292969
*CCCCCCOc1ccc(C(=O)N(C(=O)c2ccc(O*)cc2)c2cc(C)cc(C)c2)cc1,75.0,67.76992797851562,51.855350494384766,-7.230072021484375
*c1ccc2c(c1)C(=O)N(c1ccc(OCCOCCOc3ccc(N4C(=O)c5ccc(C(*)(C(F)(F)F)C(F)(F)F)cc5C4=O)cc3)cc1)C2=O,187.5,216.17454528808594,40.62660598754883,28.674545288085938
*OS(=O)(=O)c1cc(S(=O)(=O)Oc2ccc(C3(c4ccc(*)c(C)c4)CCCCC3)cc2C)ccc1C,141.0,125.57398986816406,42.60930633544922,-15.426010131835938
*CC(=O)NCCCCCCNC(=O)COc1ccc(O*)cc1,67.0,56.451255798339844,45.51578140258789,-10.548744201660156
*c1cc(CCCCCC)c(-c2ccc3c4ccc(-c5sc(-c6sc(*)c7nc(CC)c(CC)nc67)cc5CCCCCC)cc4n(CCCCCCCCCCCC)c3c2)s1,89.0,59.4671630859375,51.43281173706055,-29.5328369140625
*CCCCCCCCN1C(=O)c2ccc(Oc3ccc4c(c3)C(=O)N(*)C4=O)cc2C1=O,145.0,145.00509643554688,54.947078704833984,0.005096435546875
*CC(*)(C)C(=O)OCCCCCCOc1ccc(/N=N/c2ccc(C#N)cc2)cc1,61.0,121.37007141113281,65.07940673828125,60.37007141113281
*OC1C(COC(C)=O)OC(*)C(OC(C)=O)C1O,202.0,56.15118408203125,118.32145690917969,-145.84881591796875
*CC(*)C(=O)OCCCCCn1c2ccccc2c2ccccc21,53.0,34.442138671875,47.53105163574219,-18.557861328125
*CC(*)(C)C(=O)OCCCCCCCCCCOc1ccc(C#Cc2cc(C)c(/C=C/c3ccncc3)cc2C)cc1,65.4000015258789,63.188865661621094,44.13456344604492,-2.2111358642578125
*CC(*)(C)C(=O)OCc1ccccc1Cl,54.099998474121094,38.46611022949219,29.244022369384766,-15.633888244628906
*CCCCCCNC(=O)CCCCC(=O)N*,58.20000076293945,48.56403350830078,37.13083267211914,-9.635967254638672
*CC(*)c1ccc(OCCOCCOC(C)=O)cc1,-3.0,23.048492431640625,52.075984954833984,26.048492431640625
*C(*)C(=O)OC,85.75,37.06700134277344,34.063987731933594,-48.68299865722656
*CCOC(=O)Nc1ccc(CCCc2ccc(NC(=O)O*)cc2)cc1,74.0999984741211,103.15837860107422,37.738365173339844,29.058380126953125
*CC(*)P(=O)(O)O,88.0,27.964637756347656,62.675514221191406,-60.035362243652344
*C(=O)c1ccc(C(=O)N(*)c2ccccc2)c(Sc2ccccc2)c1,152.0,139.50973510742188,53.022865295410156,-12.490264892578125
*C(=O)c1ccc(N(*)CCCC)cc1,124.0,115.46354675292969,62.125099182128906,-8.536453247070312
*c1ccc(Oc2ccc(C(C)(C)c3ccc(Oc4ccc(N5C(=O)c6ccc(-c7ccc8c(c7)C(=O)N(*)C8=O)cc6C5=O)cc4)cc3)cc2)cc1,230.0,236.76663208007812,41.761165618896484,6.766632080078125
*CCOCCOC(=O)C1CCC(C(=O)O*)CC1,-12.0,7.322418212890625,51.65472412109375,19.322418212890625
*C(=O)c1cc2c(cc1Cl)C(=O)N(c1cccc(N3C(=O)c4cc(*)c(Cl)cc4C3=O)c1)C2=O,313.0,338.373046875,53.79269027709961,25.373046875
*c1ccc(Oc2ccc(N3C(=O)c4ccc(Oc5cccc6c5C(=O)N(*)C6=O)cc4C3=O)cc2)cc1,285.0,277.52197265625,44.779052734375,-7.47802734375
*CC(F)(F)C(F)(F)C(F)(F)COC(=O)c1cccc(C(F)(F)C(F)(F)C(F)(F)c2cccc(C(=O)O*)c2)c1,24.0,17.55847930908203,28.836965560913086,-6.441520690917969
*C(=O)c1cc(C(=O)c2ccc3c(c2)C(=O)N(c2ccc(Oc4ccc(N5C(=O)c6ccc(*)cc6C5=O)cc4)cc2)C3=O)cc(C(C)(C)C)c1,252.5,231.01632690429688,37.580833435058594,-21.483673095703125
*C(=O)c1cc(C(=O)c2ccc3c(c2)C(=O)N(c2ccc(Oc4ccc(S(=O)(=O)c5ccc(Oc6ccc(N7C(=O)c8ccc(*)cc8C7=O)cc6)cc5)cc4)cc2)C3=O)cc(-c2ccccc2)c1,256.5,215.66558837890625,31.622539520263672,-40.83441162109375
*CC(*)c1ccccc1COC(C)C,88.0,71.64604949951172,61.8731575012207,-16.35395050048828
*c1ccc(Oc2ccc(S(=O)(=O)c3ccc(Oc4ccc(-c5ncc(*)o5)cc4C(F)(F)F)cc3)cc2)c(C(F)(F)F)c1,210.0,235.7130126953125,51.88704299926758,25.7130126953125
*Oc1ccc(-c2ccc(Oc3ccc(*)cc3)c3ccccc23)c2ccccc12,226.0,222.60536193847656,39.2627067565918,-3.3946380615234375
*Oc1ccc(Cc2ccc(OC(=O)CCCCC(*)=O)cc2)cc1,60.5,58.21880340576172,35.789283752441406,-2.2811965942382812
*CC(*)c1c([2H])c([2H])c([2H])c([2H])c1[2H],100.0,96.61127471923828,42.59022521972656,-3.3887252807617188
*c1ccc(Cc2ccc(N3C(=O)c4ccc(OCCN(CCOc5ccc6c(c5)C(=O)N(*)C6=O)c5ccc(/C=C/c6ccc([N+](=O)[O-])cc6)cc5)cc4C3=O)cc2)cc1,160.6999969482422,213.52957153320312,68.49370574951172,52.82957458496094
*C(=O)c1ccc2c(c1)C(=O)N(c1cccc(Nc3nc(Nc4cccc(N5C(=O)c6ccc(*)cc6C5=O)c4)nc(-c4ccccc4)n3)c1)C2=O,292.0,297.5921936035156,46.91181945800781,5.592193603515625
*c1ccc(Oc2ccc(Oc3ccc(Oc4ccc(N5C(=O)c6ccc(Oc7ccc(-c8ccc(Oc9ccc%10c(c9)C(=O)N(*)C%10=O)cc8)cc7)cc6C5=O)cc4)cc3)cc2)cc1,208.0,211.06292724609375,25.670082092285156,3.06292724609375
*CCCCCCCCCCCCCNC(=O)CCCCCCCCCCCC(=O)N*,56.5,42.5328369140625,21.606239318847656,-13.9671630859375
*c1ccc(Oc2ccc(S(=O)(=O)c3ccc(Oc4ccc(C5(*)OC(=O)c6ccccc65)cc4C)cc3)cc2)c(C)c1,245.0,212.444091796875,49.27338409423828,-32.555908203125
*c1ccc(Oc2ccc(Oc3ccc(-c4ccc(Oc5ccc(Oc6ccc(C7(*)OC(=O)c8ccccc87)cc6)cc5)c5ccccc45)c4ccccc34)cc2)cc1,198.0,191.2210693359375,30.749967575073242,-6.7789306640625
*CCCOCCCCOCCCN1C(=O)c2ccc(C(=O)Oc3ccc(C(C)(C)c4ccc(OC(=O)c5ccc6c(c5)C(=O)N(*)C6=O)cc4)cc3)cc2C1=O,60.0,79.58457946777344,36.14690017700195,19.584579467773438
*Cc1ccc(CNC(=O)c2cc(C(=O)N*)cc(C(C)(C)C)c2)cc1,204.0,153.70498657226562,69.17146301269531,-50.295013427734375
*Oc1ccc(S(=O)(=O)c2ccc(Oc3ccc(C4(c5ccc(*)cc5)CCCC4)cc3)cc2)cc1,230.0,215.20884704589844,63.76106262207031,-14.791152954101562
*c1ccc([Si](c2ccccc2)(c2ccccc2)c2ccc(-c3nnc(*)o3)cc2)cc1,262.0,234.58059692382812,63.292442321777344,-27.419403076171875
*/C(=C/c1cc(OC)c(/C=C(\c2ccccc2)c2ccc(-c3ccc(*)cc3)cc2)cc1OC)c1ccccc1,223.0,186.30418395996094,53.67087173461914,-36.69581604003906
*CCCCCCCCCCNC(=O)c1ccc(Cc2ccc(C(=O)N*)cc2)cc1,140.0,81.98655700683594,55.419166564941406,-58.01344299316406
*Oc1ccc(CCNC(=O)c2cccc(C(=O)NCCc3ccc(OC(=O)c4cccc(C(*)=O)c4)cc3)c2)cc1,147.0,188.7783203125,71.49382019042969,41.7783203125
*CCCCCCCCCCCCOc1ccc(C(C)(C)c2ccc(OCOc3ccc(C(C)(C)c4ccc(O*)cc4)cc3)cc2)cc1,37.0,56.851356506347656,64.89332580566406,19.851356506347656
*CC1CCC(COC(=O)C2CCC(C(=O)O*)CC2)CC1,77.0,37.540557861328125,76.83415222167969,-39.459442138671875
*CC(OO*)c1ccc(Br)cc1,9.600000381469727,45.988792419433594,36.5534553527832,36.38879203796387
*CC(*)(C)C(=O)OCCS(=O)CC,25.0,20.23333740234375,62.989715576171875,-4.76666259765625
*CCc1ccc(*)c(C)c1,57.5,75.16049194335938,39.224708557128906,17.660491943359375
*CCCCCCOc1ccc(/C=C2\CC/C(=C\c3ccc(OCCCCCCOP(=O)(O*)OCC)c(OC)c3)C2=O)cc1OC,75.0,42.41371154785156,40.94502639770508,-32.58628845214844
*OS(=O)(=O)c1cc(C)c(*)c(C)c1,153.0,104.7450180053711,60.29240036010742,-48.254981994628906
*c1ccc(Oc2ccc(Sc3ccc(Oc4ccc(N5C(=O)c6ccc(Oc7ccc(Oc8ccc(Oc9ccc%10c(c9)C(=O)N(*)C%10=O)cc8)cc7)cc6C5=O)cc4)cc3)cc2)cc1,194.0,198.50369262695312,31.621644973754883,4.503692626953125
*C(=O)Nc1ccc(-c2ccc(NC(=O)c3ccc4c(c3)C(=O)N(c3ccc(NC(=O)Nc5ccc(N6C(=O)c7ccc(*)cc7C6=O)cc5)cc3)C4=O)cc2)cc1,233.0,230.9052276611328,34.16796875,-2.0947723388671875
*O[Si](*)(C)CCCOCCOCCOC,-90.0999984741211,-72.178955078125,64.81278991699219,17.921043395996094
*c1cc(C(c2ccc(OCCN(c3ccccc3)c3ccc(/C=C/C4=C/C(=C(/C#N)S(C)(=O)=O)CC(C)(C)C4)cc3)c(N3C(=O)c4ccc(Oc5ccc6c(c5)C(=O)N(*)C6=O)cc4C3=O)c2)(C(F)(F)F)C(F)(F)F)ccc1OCCN(c1ccccc1)c1ccc(/C=C/C2=C/C(=C(/C#N)S(C)(=O)=O)CC(C)(C)C2)cc1,234.0,197.47088623046875,56.028114318847656,-36.52911376953125
*Oc1cccc(Oc2ccc(C(=O)O)c(C(=O)Nc3ccc(Oc4ccc(-c5ccc(Oc6ccc(NC(=O)c7cc(*)ccc7C(=O)O)cc6)cc5)cc4)cc3)c2)c1,100.0,187.61541748046875,51.782989501953125,87.61541748046875
*Oc1ccc(C2(c3ccc(OC(*)=O)c(C)c3)CC3CC2C2CCCC32)cc1C,217.0,181.92437744140625,96.19341278076172,-35.07562255859375
*/C=C/c1cc(OCCc2ccccc2)c(*)cc1OC,121.0,134.21514892578125,52.90501403808594,13.21514892578125
*Oc1ccc(CC(NC(=O)CCc2ccc(OC(=O)COCC(*)=O)cc2)C(=O)OCCCCCC)cc1,45.0,48.78357696533203,14.35200309753418,3.7835769653320312
*CC(*)c1ccc(C(=O)N2CCOCC2)cc1,127.0,130.68202209472656,66.01374053955078,3.6820220947265625
*OC(CCCCCCC=C)CC(*)=O,-50.0,86.24723815917969,66.7872543334961,136.2472381591797
*/C=C/CCCCCCCCCC*,-53.0,40.89954376220703,95.28660583496094,93.89954376220703
*Oc1ccc(C(c2ccc(Oc3ccc(C(=O)c4ccc(C(C)(C)c5ccc(C(=O)c6ccc(*)cc6)cc5)cc4)cc3)cc2)(C(F)(F)F)C(F)(F)F)cc1,179.0,176.14266967773438,23.950899124145508,-2.857330322265625
*/C=C/c1ccc(*)c(-c2cc(OCCC(C)C)c(OCCC(C)C)cc2-c2ccccc2)c1,164.0,128.6951141357422,94.08106231689453,-35.30488586425781
*C(=O)c1ccc2c(c1)C(=O)N(c1cccc(NC(=O)c3cccc(C(=O)Nc4cccc(N5C(=O)c6ccc(*)cc6C5=O)c4)c3)c1)C2=O,204.0,260.854736328125,35.66366195678711,56.854736328125
*Oc1ccc(NC(=O)c2cc(NC(=O)c3ccncc3)cc(C(=O)Nc3ccc(*)cc3)c2)cc1,305.0,291.1921691894531,59.629276275634766,-13.807830810546875
*Oc1c(C)cc(-c2cc(C)c(Oc3ccc(C(=O)c4ccccc4-c4ccccc4C(=O)c4ccc(*)cc4)cc3)c(C)c2)cc1C,233.0,187.66307067871094,42.78701400756836,-45.33692932128906
*CC(*)(C)C(=O)OCC(CC)CCCC,-10.0,-48.8408203125,43.84632873535156,-38.8408203125
*c1ccc(-c2ccc(-c3cc(-c4ccccc4)c4cc5nc(*)cc(-c6ccccc6)c5cc4n3)cc2)cc1,383.0,360.69635009765625,57.965702056884766,-22.30364990234375
*c1ccc(-c2ccc(-n3c(=O)c4cc5c(=O)n(*)c(=O)c5c(C(F)(F)F)c4c3=O)cc2C)c(C)c1,373.0,361.1053161621094,58.012386322021484,-11.894683837890625
*O[Si](*)(C)c1ccc(C)cc1,-17.0,22.977691650390625,37.64796829223633,39.977691650390625
*/C=C/C1CC(*)C(C(=O)OCCCCCCCCOc2ccc(/C=C/c3ccc([N+](=O)[O-])cc3)cc2)C1,51.0,43.68877410888672,24.548925399780273,-7.311225891113281
*CC(*)OC(=O)c1ccccc1,70.4000015258789,65.24917602539062,36.366886138916016,-5.150825500488281
*CC1CCC(COC(C)OC(=O)c2cccc(C(=O)OC(C)O*)c2)CC1,30.0,29.258445739746094,35.65528106689453,-0.7415542602539062
*CCCCCCOc1c(OC)cc(/C=C/c2ccc(/C=C/c3cc(OC)c(O*)c(OC)c3)cc2)cc1OC,90.0,78.61082458496094,36.42399215698242,-11.389175415039062
*C(=O)CCC1(CCC(=O)N2CCN(*)CC2)c2ccccc2-c2ccccc21,145.0,152.9590301513672,83.40760803222656,7.9590301513671875
*Oc1ccc(CC(NC(=O)CCc2ccc(OC(=O)CCCCCCC(*)=O)cc2)C(=O)OCCCC)cc1,37.0,38.32915496826172,18.150320053100586,1.3291549682617188
*Nc1ccc(NC(=O)c2ccc(NC(=O)CCCCCCCCCCC(=O)Nc3ccc(C(*)=O)cc3)cc2)cc1C(=O)OCCCCCCCCCCCCCC,199.5,187.70504760742188,66.95557403564453,-11.794952392578125
*Oc1ccc(-c2ccc(OC(=O)Nc3cccc(P(=O)(c4ccccc4)c4cccc(NC(*)=O)c4)c3)cc2)cc1,72.0,147.79164123535156,82.33053588867188,75.79164123535156
*/C=C/c1ccc(-c2nnc(-c3ccc(/C=C/c4ccc5c(c4)c4cc(-c6ccc7c(c6)c6cc(*)ccc6n7CCCCCCCC)ccc4n5CCCCCCCC)cc3)n2-c2ccccc2)cc1,157.0,169.853759765625,62.96015548706055,12.853759765625
*c1cc(/N=N/c2ccc(OC)cc2)cc(*)c1O,134.0,209.17306518554688,74.72701263427734,75.17306518554688
*CC(*)CCCCCCCCCCCCCCCCCC,-88.0,-29.728897094726562,55.540504455566406,58.27110290527344
*c1ccc(Sc2cc3c(cc2Sc2ccc(N4C(=O)C5C6C=CC(C7C(=O)N(*)C(=O)C67)C5C4=O)cc2)C(=O)N(c2ccc(CC)cc2)C3=O)cc1,320.0,249.91390991210938,54.11955642700195,-70.08609008789062
*c1ccc(C(c2ccccc2)c2ccc(-n3c(=O)c4cc5c(=O)n(*)c(=O)c5cc4c3=O)cc2)cc1,321.0,323.87225341796875,49.965545654296875,2.87225341796875
*c1ccc(Oc2ccc(NC(=O)c3ccc(C(=O)Nc4ccc(Oc5ccc(-c6nnc(*)o6)cc5)cc4)c(Oc4ccccc4)c3)cc2)cc1,245.0,238.946044921875,45.155216217041016,-6.053955078125
*C(F)(F)C1(*)OC(F)(F)C(F)(C(F)(F)F)O1,134.3000030517578,116.34559631347656,82.72144317626953,-17.95440673828125
*CC(O)CN(CC(O)COc1ccc(C(C)(C)c2ccc(O*)cc2)cc1)c1ccc(C#N)cc1,100.0,103.94276428222656,67.49772644042969,3.9427642822265625
*c1ccc(Oc2ccc(-n3nccc3-c3ccc(-c4ccnn4*)cc3)cc2)cc1,243.0,276.50909423828125,63.41098403930664,33.50909423828125
*Oc1c(C)cc(-c2cc(C)c(OC(=O)CCCCCCCCC(*)=O)c(C)c2)cc1C,57.0,50.93269348144531,43.67284393310547,-6.0673065185546875
*c1cccc(C(=O)c2ccc(Oc3ccc(N4C(=O)c5ccc(Oc6ccc7c(c6)C(=O)N(*)C7=O)cc5C4=O)cc3C(F)(F)F)cc2)c1,224.0,238.29522705078125,31.37948989868164,14.29522705078125
*CC(OC(C)=O)C(COC(=O)O*)OC(C)=O,58.599998474121094,32.63500213623047,53.4954719543457,-25.964996337890625
*c1ccc(Cc2ccc(-n3nccc3-c3ccc(-c4ccnn4*)cc3)cc2)cc1,202.0,224.44192504882812,54.5075569152832,22.441925048828125
*CCOCCOC(=O)C(=O)O*,-28.0,8.809127807617188,67.00123596191406,36.80912780761719
*C/C=C/C[Si](*)(c1ccccc1)c1ccccc1,34.900001525878906,158.08433532714844,72.88069152832031,123.18433380126953
*C(=O)Nc1ccc(Oc2ccc(Oc3ccc(NC(=O)c4ccc5c(c4)C(=O)N(c4ccc(-c6sc(-c7ccc(N8C(=O)c9ccc(*)cc9C8=O)cc7)c(-c7ccccc7)c6-c6ccccc6)cc4)C5=O)cc3)cc2)cc1,303.0,306.444580078125,45.398902893066406,3.444580078125
*Cc1ccc2oc(=O)c(C(=O)Nc3ccc(Oc4ccc(Oc5ccc(NC(=O)c6cc7cc(*)ccc7oc6=O)cc5)cc4)cc3)cc2c1,290.0,224.87120056152344,39.20602798461914,-65.12879943847656
*CC(*)CCCCCCCCCCCCCCCC,55.0,-26.729049682617188,51.07027816772461,-81.72904968261719
*Oc1ccc(C(C)(C)c2ccc(Oc3ccc(C(=O)c4ccc(Oc5ccc(C(=O)c6ccc(*)cc6)cc5)cc4)cc3)cc2)cc1,162.0,162.8271484375,37.26905822753906,0.8271484375
*C(=O)Nc1ccc(Oc2ccccc2-c2ccccc2Oc2ccc(NC(=O)c3ccc4c(c3)C(=O)N(c3ccc(Oc5ccc(C(C)(C)c6ccc(Oc7ccc(N8C(=O)c9ccc(*)cc9C8=O)cc7)cc6)cc5)cc3)C4=O)cc2)cc1,229.0,244.3521728515625,31.849681854248047,15.3521728515625
*CCCCCCNC(=O)c1ccc(C(=O)N*)c(Oc2ccc(F)cc2)c1,113.0,123.25232696533203,53.47591781616211,10.252326965332031
*/C(=C(/*)c1ccc([Si](C)(C)C)cc1)c1ccccc1,200.0,189.4650421142578,66.60906219482422,-10.534957885742188
*CC(*)(C)C(=O)OC1CCC1,119.0,56.861122131347656,80.736572265625,-62.138877868652344
*c1ccc(NC(=O)Nc2ccc(NC(=O)Nc3ccc(-c4nc(-c5ccc(-c6nc(-c7ccc([N+](=O)[O-])cc7)c(-c7ccc([N+](=O)[O-])cc7)[nH]6)cc5)[nH]c4*)cc3)cc2)cc1,272.0,270.28375244140625,57.057552337646484,-1.71624755859375
*Oc1ccc(C(C)(C)c2ccc(OC(=O)c3ccc(Cc4ccc(C(*)=O)cc4)cc3)cc2)cc1,205.0,183.23951721191406,51.38961410522461,-21.760482788085938
*Nc1ccc(Cc2ccc(NC(=O)c3cc(NC(=O)CCCCCCCCCCN4C(=O)c5ccccc5C4=O)cc(C(*)=O)c3)cc2)cc1,150.0,156.43014526367188,86.15486907958984,6.430145263671875
*N=P(*)(N(C)C)N(C)C,-4.0,24.289199829101562,49.76234817504883,28.289199829101562
*Oc1ccc(CC(NC(=O)CCc2ccc(OC(=O)CC(C)CCC(*)=O)cc2)C(=O)OC(C)CC)cc1,45.0,45.974151611328125,15.538979530334473,0.974151611328125
*Oc1ccc(CC(NC(=O)CCc2ccc(OC(*)=O)cc2)C(=O)OCCCC)cc1,67.0,65.17399597167969,19.608871459960938,-1.8260040283203125
*CCN(CCOC(=O)c1cccc(C(=O)O*)c1)c1ccc(/N=N/c2ccc(-c3nc4ccc([N+](=O)[O-])cc4n3CC)cc2)cc1,147.0,152.28472900390625,42.02468490600586,5.28472900390625
*C(=O)OCCCCCCCCOC(=O)c1ccc(NC(=O)c2ccc(N3C(=O)c4ccc(*)cc4C3=O)cc2)cc1,105.0,89.8408203125,29.884489059448242,-15.1591796875
*c1ccc(Oc2ccc(C(c3ccc(Oc4ccc(-c5ccc(*)s5)cc4C(F)(F)F)cc3)(C(F)(F)F)C(F)(F)F)cc2)c(C(F)(F)F)c1,155.0,163.86376953125,34.16039276123047,8.86376953125
*c1cccc(N2C(=O)c3cccc(Oc4ccc(S(=O)(=O)c5ccc(Oc6cccc7c6C(=O)N(*)C7=O)cc5)cc4)c3C2=O)c1,266.0,272.93182373046875,47.98826599121094,6.93182373046875
*c1ccc(N2C(=O)c3ccc(P(=O)(c4ccccc4)c4ccc5c(c4)C(=O)N(*)C5=O)cc3C2=O)cc1,366.0,295.8304138183594,42.9461784362793,-70.16958618164062
*c1ccc2c(c1)C(=O)N(c1ccc(Cc3ccc(N4C(=O)c5ccc(C(*)(C(F)(F)F)C(F)(F)F)cc5C4=O)cc3)cc1)C2=O,297.0,299.43597412109375,49.901634216308594,2.43597412109375
*CCCCCCOC(=O)OCCOC(=O)OCCCCCCOc1ccc(Oc2ccc(O*)cc2)cc1,-4.0,14.632659912109375,27.041828155517578,18.632659912109375
*Cc1ccc2oc(=O)c(C(=O)Nc3ccc(C(c4ccc(NC(=O)c5cc6cc(*)ccc6oc5=O)cc4)(C(F)(F)F)C(F)(F)F)cc3)cc2c1,329.0,281.848388671875,56.192665100097656,-47.151611328125
*Nc1ccc(*)cc1OCCCCCCCCCCCCCCCC,92.0,72.40994262695312,33.85856628417969,-19.590057373046875
*CC(*)(C)C(=O)OCCCCCCCCCCCOc1ccc(/C=N/c2ccc(C#N)cc2)cc1,23.0,63.43199157714844,55.46454620361328,40.43199157714844
*CC(*)c1ccc(COCCOCCCC)cc1,-38.0,138.04568481445312,75.69206237792969,176.04568481445312
*Oc1ccc(C(c2ccccc2)c2ccc(OC(*)=S)cc2)cc1,179.0,159.55917358398438,47.51930236816406,-19.440826416015625
*Oc1ccc(/C=C2\CCC/C(=C\c3ccc(OC(=O)CCCCCCCCC(*)=O)c(OC)c3)C2=O)cc1OC,48.04999923706055,63.69184875488281,26.857240676879883,15.641849517822266
*C(F)(F)C(*)(F)C(F)(F)F,158.5,109.65192413330078,48.26067352294922,-48.84807586669922
*O[Si](*)(C)CCCCCCCCCCC(=O)OCCC(F)(F)C(F)(F)C(F)(F)C(F)(F)C(F)(F)C(F)(F)C(F)(F)C(F)(F)F,-78.0,-73.77093505859375,38.770809173583984,4.22906494140625
*CCC(C)(C)CC(C)COC(=O)CCCCC(=O)O*,-70.0,-43.37361145019531,45.00279235839844,26.626388549804688
*C(=O)Nc1ccc(Oc2ccc(S(=O)(=O)c3ccc(Oc4ccc(NC(=O)c5ccc6c(c5)C(=O)N(c5ccc(Oc7ccc(C8(c9ccc(Oc%10ccc(N%11C(=O)c%12ccc(*)cc%12C%11=O)cc%10)cc9)NC(=O)c9ccccc98)cc7)cc5)C6=O)cc4)cc3)cc2)cc1,302.0,287.3447265625,42.430824279785156,-14.6552734375
*NC(CCC(=O)OCc1ccc(C(F)(F)F)cc1)C(*)=O,26.56999969482422,18.330062866210938,55.05938720703125,-8.239936828613281
*Oc1ccc(C(=O)c2cccc(NC(=O)c3cccc(C(=O)Nc4cccc(C(=O)c5ccc(*)cc5)c4)c3)c2)cc1,191.0,227.03762817382812,66.68045043945312,36.037628173828125
*c1ccc(Oc2cc(C(C)(C)C)c(Oc3ccc(N4C(=O)c5ccc(S(=O)(=O)c6ccc7c(c6)C(=O)N(*)C7=O)cc5C4=O)cc3)cc2C(C)(C)C)cc1,263.0,235.23092651367188,69.95344543457031,-27.769073486328125
*Oc1ccc(NC(=O)c2cc(NC(=O)C34CC5CC(CC(C5)C3)C4)cc(C(=O)Nc3ccc(*)cc3)c2)cc1,335.0,215.8802490234375,103.33855438232422,-119.1197509765625
*c1ccc(S(=O)(=O)c2ccc(N3C(=O)c4ccc(-c5ccc6c(c5)C(=O)N(*)C6=O)cc4C3=O)cc2)cc1,350.0,292.9444580078125,50.227012634277344,-57.0555419921875
*CC(*)(C)C(=O)OCCCCCCCCOc1ccc(C(=O)Oc2ccc(C(=O)/C=C/c3c(C)c4ccccc4n3C)cc2)cc1,75.0,61.52770233154297,45.96609878540039,-13.472297668457031
*c1cccc(NC(=O)c2cccc(C(=O)Nc3cccc(-n4c(=O)c5cc6c(=O)n(*)c(=O)c6cc5c4=O)c3)c2)c1,338.0,325.29376220703125,53.502193450927734,-12.70623779296875
*CCCCCCCCCCCCCCNC(=O)CCCCCCCCCCCCCCCCC(=O)N*,48.0,31.268875122070312,20.7025203704834,-16.731124877929688
*CC(CO)(CCl)COc1ccc(C(c2ccc(O*)cc2)(C(F)(F)F)C(F)(F)F)cc1,107.0,95.90400695800781,54.8106689453125,-11.095993041992188
*Oc1ccc(Oc2ccc(NC(=O)c3ccc(Oc4ccc(C(C)(C)c5ccc(C(C)(C)c6ccc(Oc7ccc(C(=O)Nc8ccc(*)cc8)cc7)cc6)cc5)cc4)cc3)cc2)cc1,165.0,205.42864990234375,57.63130569458008,40.42864990234375
*CCCN1C(=O)C2C3C=CC(C4C(=O)N(*)C(=O)C34)C2C1=O,210.0,131.10321044921875,52.59459686279297,-78.89678955078125
*/C=C/CCC*,-99.03333282470703,-52.08293151855469,58.135467529296875,46.950401306152344
*Oc1ccc(OC(=O)c2ccc(C(*)=O)cc2Oc2ccc(Br)cc2)cc1,108.0,103.01655578613281,42.53274154663086,-4.9834442138671875
*c1cccc(N2C(=O)C(=O)N(c3ccc(Cc4ccc(N5C(=O)C(=O)N(*)C5=O)cc4)cc3)C2=O)n1,237.0,258.7601318359375,52.0432243347168,21.7601318359375
*c1c(C)cc(-c2cc(C)c(N3C(=O)c4ccc(Oc5cc6ccccc6cc5Oc5ccc6c(c5)C(=O)N(*)C6=O)cc4C3=O)c(C)c2)cc1C,308.0,236.02224731445312,46.4425163269043,-71.97775268554688
*Nc1ccc(Cc2ccc(NC(=O)NCCCCCCCCCNC(*)=O)cc2)cc1,-50.0,65.38105010986328,49.70066452026367,115.38105010986328
*Nc1cccc(NC(=O)CCCCC(=O)Nc2ccc(C(=O)NC(*)=S)cc2)c1,267.0,137.75169372558594,43.80936050415039,-129.24830627441406
*CC(O)COC(=O)c1cccc(C(=O)OCC(O)COc2ccc(C(C)(C)c3ccc(O*)cc3)cc2)c1,97.0,58.88756561279297,25.022510528564453,-38.11243438720703
*c1ccc(-c2ccc(-c3ccc(-c4ccc(-c5ccc6c(c5)C(=O)N(c5cccc(N7C(=O)c8ccc(*)cc8C7=O)c5)C6=O)cc4)cc3)cc2)cc1,237.0,286.7533264160156,53.24584197998047,49.753326416015625
*CC(*)(C)C(=O)OCCC1CC[N+](C)(CCCCCCOc2ccc(/N=N/c3ccc([N+](=O)[O-])cc3)cc2)CC1,57.79999923706055,90.38450622558594,62.65095520019531,32.58450698852539
*CC(F)(F)C(F)(F)C(F)(F)C(F)(F)COC(=O)NCC(F)(F)C(F)(F)C(F)(F)C(F)(F)CNC(=O)O*,20.0,7.1423797607421875,41.318603515625,-12.857620239257812
*c1ccc(Oc2ccc(Oc3ccc(N4C(=O)c5cccc(Oc6ccc(C(C)(C)c7ccc(Oc8cccc9c8C(=O)N(*)C9=O)cc7)cc6)c5C4=O)c(C)c3)cc2)cc1C,222.0,245.8408966064453,56.608985900878906,23.840896606445312
*CC(*)(C)C(=O)OCCCCCCOc1ccc(C(=O)Oc2ccc(/N=N/c3ccccc3)c3ccccc23)cc1,46.0,131.09999084472656,87.90399169921875,85.09999084472656
*Oc1ccc(C(=O)Nc2cc(C(c3ccc(C)c(NC(=O)c4ccc(OC(=O)c5ccc(C(*)=O)cc5)cc4)c3)(C(F)(F)F)C(F)(F)F)ccc2C)cc1,213.0,220.52108764648438,47.60845947265625,7.521087646484375
*NC1CCC(CCC2CCC(NC(=O)CCCCCCCCC(*)=O)CC2)CC1,116.0,67.11859130859375,36.77237319946289,-48.88140869140625
*CC(*)c1ccc(COc2ccc(-c3ccc(C#N)cc3)cc2)cc1,132.0,139.12730407714844,55.32326889038086,7.1273040771484375
*CCCCOc1ccc(-c2ccc(O*)c3ccccc23)c2ccccc12,130.0,140.30934143066406,43.016170501708984,10.309341430664062
*CC(*)c1ccccc1C(=O)Oc1ccccc1,124.0,127.63011169433594,43.12944030761719,3.6301116943359375
*CCCCCCCCOc1c(OC)cc(/C=C/c2cc(CCCCCC)c(/C=C/c3cc(OC)c(O*)c(OC)c3)cc2CCCCCC)cc1OC,21.0,61.688385009765625,60.58964538574219,40.688385009765625
*COc1ccc(C(=O)OC(=O)c2ccc(O*)cc2)cc1,84.0,89.56647491455078,36.97348403930664,5.566474914550781
*NC1CCC(CC2CCC(NC(=O)CCCCC(*)=O)CC2)CC1,185.0,84.578369140625,51.851661682128906,-100.421630859375
*C[Si](*)(CCC)CCC,-41.0,3.1103668212890625,128.29263305664062,44.11036682128906
*Nc1cc(NC(=O)Nc2ccc(CCc3ccccc3NC(*)=O)cc2)ccc1C,227.0,184.72938537597656,90.30052185058594,-42.27061462402344
*CC(*)C(=O)OCCN(C)C,-39.0,47.88091278076172,72.67711639404297,86.88091278076172
*c1ccc(Cc2ccc(-n3nc(-c4ccccc4)cc3-c3cccc(-c4cc(-c5ccccc5)nn4*)c3)cc2)cc1,225.0,208.61911010742188,50.15925216674805,-16.380889892578125
*CCCCCCOC(=O)NCC(F)(F)C(F)(F)C(F)(F)C(F)(F)CNC(=O)O*,5.0,14.97808837890625,60.467384338378906,9.97808837890625
*CC(*)(CC(=O)OC(C)C)C(=O)OC12CC3CC(C)(CC(C)(C3)C1)C2,158.0,28.58721923828125,79.69683837890625,-129.41278076171875
*CC(*)(C)C(=O)OCc1cccc(Cl)c1,18.25,38.46611022949219,29.244022369384766,20.216110229492188
*c1ccc2c(c1)C(=O)N(c1ccc(C(=O)Nc3ccc(Oc4ccc(C(c5ccc(Oc6ccc(NC(=O)c7ccc(N8C(=O)c9ccc(C(*)(C(F)(F)F)C(F)(F)F)cc9C8=O)cc7)cc6)cc5)(C(F)(F)F)C(F)(F)F)cc4)cc3)cc1)C2=O,293.0,306.7694091796875,48.45459747314453,13.7694091796875
*c1ccc(C(C)(C)c2ccc(N3C(=O)c4ccc(Oc5ccc6ccc(Oc7ccc8c(c7)C(=O)N(*)C8=O)cc6c5)cc4C3=O)cc2)cc1,247.0,231.42324829101562,44.309261322021484,-15.576751708984375
*Oc1ccc(/C=C2\CC/C(=C\c3ccc(OC(=O)c4ccc(/N=C/c5ccc(/C=N/c6ccc(C(*)=O)cc6)cc5)cc4)c(OC)c3)C2=O)cc1OC,140.0,253.40196228027344,60.91636657714844,113.40196228027344
*CCCCCCCCOc1cccc(NC(=O)c2ccc(C(=O)Nc3cccc(O*)c3)cc2)c1,122.0,103.94276428222656,67.49772644042969,-18.057235717773438
*CCC1C(=O)N(CCCCCC)C(=O)C1*,41.5,79.53155517578125,70.0941390991211,38.03155517578125
*Oc1ccc(NC(=O)c2ccc(C(c3ccc(C(=O)Nc4ccc(Oc5ccc(C6(c7ccc(*)cc7)C7CC8CC(C7)CC6C8)cc5)cc4)cc3)(C(F)(F)F)C(F)(F)F)cc2)cc1,241.0,292.37762451171875,62.00198745727539,51.37762451171875
*Oc1c(C)cc(C(C)(C)c2cc(C)c(ON3C(=O)c4ccc(Oc5ccc(C6(c7ccc(Oc8ccc9c(c8)C(=O)N(*)C9=O)cc7)CCC(C(C)(C)C)CC6)cc5)cc4C3=O)c(C)c2)cc1C,248.0,214.7151336669922,71.94929504394531,-33.28486633300781
*OCCOC(=O)CCCCC(=O)OCCOc1nc(-c2ccc(OCCCC)cc2)nc(*)c1-c1ccc(OC)cc1,34.0,41.38627624511719,26.250713348388672,7.3862762451171875
*/C=C(\C#N)c1cccc(/C(C#N)=C/c2ccc(/C=C/c3ccc(N(c4ccccc4)c4ccc(N(c5ccccc5)c5ccc(/C=C/c6ccc(*)s6)cc5)cc4)cc3)s2)c1,178.0,244.10049438476562,71.91507720947266,66.10049438476562
*Oc1ccc(C(C)c2ccc(OC(*)=O)cc2)cc1,130.0,139.2198486328125,53.5300178527832,9.2198486328125
*CC(*)(CC(=O)OCCc1ccccc1)C(=O)OCCc1ccccc1,45.0,53.98723602294922,53.56232833862305,8.987236022949219
*CCCCOC(=O)c1ccc(N/C=N/c2ccc(C(=O)O*)cc2)cc1,91.0,120.83372497558594,43.88322067260742,29.833724975585938
*Oc1cccc2ccc(Oc3ccc(NC(=O)c4cccc(C(=O)Nc5ccc(*)cc5)c4)cc3)cc12,256.0,238.72959899902344,77.60348510742188,-17.270401000976562
*CCC(C)(C)CC(C)CNC(=O)c1ccc(C(=O)N*)cc1,148.0,136.55487060546875,57.59846878051758,-11.44512939453125
*Oc1ccc(C(C)(C)c2ccc(Oc3ccc(C(=O)c4c(C)ccc5c(C(=O)c6ccc(*)cc6)c(C)ccc45)cc3)cc2)cc1,222.0,175.4541778564453,49.03578186035156,-46.54582214355469
*OC(=O)C(CCSC)NC(=O)CCCCC(=O)NC(CCSC)C(=O)OC1COC2C(*)COC12,71.0,49.052581787109375,42.869991302490234,-21.947418212890625
*C(=O)Nc1ccc(S(=O)(=O)c2ccc(NC(=O)c3ccc4c(c3)C(=O)N(c3cccc(P(=O)(c5ccccc5)c5cccc(N6C(=O)c7ccc(*)cc7C6=O)c5)c3)C4=O)cc2)cc1,241.0,214.80026245117188,32.795902252197266,-26.199737548828125
*CC(*)(C)C(=O)OCSC,60.0,66.56929779052734,40.79845428466797,6.569297790527344
*Oc1ccc(-c2ccc(Oc3c(F)c(F)c(COC(c4cccc(C(OCc5c(F)c(F)c(*)c(F)c5F)(C(F)(F)F)C(F)(F)F)c4)(C(F)(F)F)C(F)(F)F)c(F)c3F)cc2)cc1,110.0,85.26254272460938,28.57999610900879,-24.737457275390625
*CCCCOC(=O)OCCCCCCOC(=O)OCCCCn1c(=O)c2cc3c(=O)n(*)c(=O)c3cc2c1=O,37.0,42.25450134277344,25.24093246459961,5.2545013427734375
*c1ccc(-c2ccc(N3C(=O)c4ccc(Oc5ccc6c(c5)C(=O)N(*)C6=O)cc4C3=O)c(OCCCCCCOc3ccc(/C=C/c4ccc(F)cc4)cc3)c2)cc1OCCCCCCOc1ccc(/C=C/c2ccc(F)cc2)cc1,124.0,198.82879638671875,59.824703216552734,74.82879638671875
*c1ccc(N2C(=O)c3ccc(C(=O)c4ccc5c(c4)C(=O)N(c4ccc6[nH]c(*)nc6c4)C5=O)cc3C2=O)cc1,412.0,310.95123291015625,48.30051803588867,-101.04876708984375
*CC(C)(C)C1C(=O)N(CCCC)C(=O)C1*,80.0,79.53155517578125,70.0941390991211,-0.46844482421875
*CCCCCOc1cccc(C(=O)OC(=O)c2cccc(O*)c2)c1,61.0,56.58007049560547,32.759674072265625,-4.419929504394531
*Nc1ccc(CC(C)(C)NC(=O)CCCCCCCCC(*)=O)cc1,92.0,110.14080810546875,69.06173706054688,18.14080810546875
*O[Si](C)(C)O[Si](C)(C)O[Si](C)(C)O[Si](C)(C)OC1=C(*)c2cccc3cccc1c23,-43.0,-32.0093994140625,50.57148361206055,10.9906005859375
*CCCCCCNC(=O)CCP(=O)(CCC(=O)N*)c1ccccc1,29.0,38.63909912109375,34.53895568847656,9.63909912109375
*O[Si](C)(C)O[Si](C)(C)O[Si](C)(C)O[Si](C)(C)C#Cc1ccc(C#C[Si](*)(C)C)cc1,84.0,-46.124664306640625,57.601593017578125,-130.12466430664062
*C1C(=O)N(c2cc(Br)c(O[Si](C)(C)C)c(Br)c2)C(=O)C1*,167.0,98.08399963378906,71.21439361572266,-68.91600036621094
*c1cccc(Oc2cccc(Oc3cccc(-n4c(=O)c5cc6c(=O)n(*)c(=O)c6cc5c4=O)c3)c2)c1,221.0,277.52197265625,44.779052734375,56.52197265625
*c1cc(Br)c(-c2c(Br)cc(N3C(=O)c4ccc(-c5ccc6c(c5)C(=O)N(*)C6=O)cc4C3=O)cc2C(=O)OCCCCCCCCCCCCCC)c(C(=O)OCCCCCCCCCCCCCC)c1,98.0,89.09590148925781,48.96619415283203,-8.904098510742188
*CCCC1(CCCNC(=O)c2ccccc2-c2ccccc2C(=O)N*)c2ccccc2-c2ccccc21,165.0,187.96290588378906,87.22916412353516,22.962905883789062
*O[Si](*)(C)C1CC2CC1CC2OC(=O)OC(C)(C)C,60.0,5.5108642578125,85.20201873779297,-54.4891357421875
*CC(*)C,-3.0,-0.0222320556640625,35.580078125,2.9777679443359375
*Oc1ccc(OC(=O)c2ccc(Oc3ccc(C(*)=O)cc3)cc2)c2ccccc12,166.0,156.01832580566406,35.55187225341797,-9.981674194335938
*CCCC1(CCCNC(=O)CCCCCCCCC(=O)N*)c2ccccc2-c2ccccc21,85.0,54.84507751464844,44.701698303222656,-30.154922485351562
*CC(C)C(=O)N*,96.0,98.86822509765625,52.44746780395508,2.86822509765625
*CC(*)(C)C(=O)OCCCCCC(=O)Oc1ccc(OC(=O)c2ccc(OCCCCCC)cc2)cc1,44.0,40.83512878417969,20.30681800842285,-3.1648712158203125
*COC(=O)OC1C(*)OC2OC(C)(C)OC21,128.0,54.921485900878906,69.27554321289062,-73.0785140991211
*C1(F)OC(C(F)(F)F)(C(F)(F)Cl)OC1(*)F,330.0,170.37054443359375,97.5443344116211,-159.62945556640625
*CC(*)(C)C(=O)OCC1COCCOCCOCCO1,35.0,0.9101409912109375,55.81997299194336,-34.08985900878906
*CC(*)c1ccc(OC)cc1,108.4000015258789,99.85112762451172,47.60164260864258,-8.548873901367188
*C(=O)Nc1ccc(Oc2ccc(NC(=O)c3ccc(N4C(=O)c5ccc(*)cc5C4=O)cc3)cc2)cc1,296.0,297.77947998046875,56.43411636352539,1.77947998046875
*OS(=O)(=O)c1cccc(S(=O)(=O)Oc2ccc(C(C)(C)c3ccc(*)cc3)cc2)c1,124.0,131.438720703125,46.81061553955078,7.438720703125
*CCCCCCOC(=O)CCCCCCCCC(=O)O*,-38.0,-43.760467529296875,49.89191818237305,-5.760467529296875
*c1ccc(Oc2c(C)cc(-c3cc(C)c(Oc4ccc(N5C(=O)c6ccc(Oc7ccccc7Oc7ccc8c(c7)C(=O)N(*)C8=O)cc6C5=O)cc4C(F)(F)F)c(C)c3)cc2C)c(C(F)(F)F)c1,270.0,261.09149169921875,42.646812438964844,-8.90850830078125
*CC(*)(C)C(=O)OCCCCCCOc1ccc(C(=O)Oc2ccc(C)cc2)cc1,45.0,45.90753936767578,32.665740966796875,0.9075393676757812
*CC(*)(C)C(=O)OCC(=O)N1CCCC1,144.0,96.10652160644531,58.22182083129883,-47.89347839355469
*c1ccc(Oc2ccc(-c3nc4cc(Oc5ccc(NC(=O)c6cc(C(=O)Nc7ccc(Oc8ccc9nc(-c%10ccc([N+](=O)[O-])cc%10)c(*)nc9c8)cc7)cc(N7C(=O)c8ccccc8C7=O)c6)cc5)ccc4nc3-c3ccc([N+](=O)[O-])cc3)cc2)cc1,305.0,295.93817138671875,41.2838020324707,-9.06182861328125
*NNC(=O)c1ccc(C(*)=O)cc1OCCCCCCCC,203.5,101.20829772949219,57.638980865478516,-102.29170227050781
*O[Si](C)(C)CCCCCCOC(=O)C(C)Oc1ccc(OC(=O)c2ccc(-c3ccc(OCCCCCCCCCC[Si](*)(C)C)cc3)cc2)cc1[N+](=O)[O-],20.0,25.452537536621094,34.47737121582031,5.452537536621094
*C1C(*)C2CC1C(C(=O)OCCC13CC4CC(CC(C4)C1)C3)C2C(=O)OCCC12CC3CC(CC(C3)C1)C2,300.0,113.16677856445312,95.74048614501953,-186.83322143554688
*CCCCCCNC(=O)CCP(=S)(CCC(=O)N*)c1ccccc1,43.0,49.65716552734375,42.27499771118164,6.65716552734375
*c1ccc(Oc2ccc(C3(c4ccc(Oc5ccc(N6C(=O)c7ccc(Oc8c(C)cc(C(C)(C)c9cc(C)c(Oc%10ccc%11c(c%10)C(=O)N(*)C%11=O)c(C)c9)cc8C)cc7C6=O)cc5)cc4)CC4CCC3C4)cc2)cc1,265.0,264.98394775390625,55.03448486328125,-0.01605224609375
*CCCCCOc1ccc(OC(=O)c2ccc(C(=O)Oc3ccc(O*)cc3)cc2)cc1,112.0,76.0029525756836,38.29462432861328,-35.997047424316406
*CC(*)Cc1ccccc1,70.0,75.16049194335938,39.224708557128906,5.160491943359375
*CC(*)(C)C(=O)OCCCCOc1ccc(C(=O)Oc2ccc(OC)cc2)cc1,45.0,58.21875,35.9544792175293,13.21875
*CCCCCCCCc1nc2ccc(-c3ccc4nc(*)sc4c3)cc2s1,238.0,160.68026733398438,80.19713592529297,-77.31973266601562
*Oc1ccc(S(=O)(=O)c2ccc(Oc3cc(C)c(C(c4cc(C(C)C)c(*)cc4C)c4ccccc4C(=O)O)cc3C(C)C)cc2)cc1,240.0,196.73629760742188,78.91098022460938,-43.263702392578125
*c1ccc(-c2cnc3cc4nc(*)cnc4cc3n2)cc1,392.0,360.7427978515625,62.80514144897461,-31.2572021484375
*O[Si](*)(C)CCCOc1ccc(-c2ccc(C#N)cc2)cc1,38.0,36.42340087890625,41.4851188659668,-1.57659912109375
*CC(*)c1ccc(C(=O)N(C)C)cc1,125.0,115.46354675292969,62.125099182128906,-9.536453247070312
*c1ccc2c(c1)C(=O)N(c1cccc(C(c3cccc(N4C(=O)c5ccc(C(*)(C(F)(F)F)C(F)(F)F)cc5C4=O)c3)(C(F)(F)F)C(F)(F)F)c1)C2=O,263.0,294.54315185546875,76.23481750488281,31.54315185546875
*CC(*)(C)C(=O)Oc1ccccc1,110.0,62.933631896972656,31.126609802246094,-47.066368103027344
*N=P(*)(OCCOCCOc1ccc(CCCCCCCC)cc1)OCCOCCOc1ccc(CCCCCCCC)cc1,-13.300000190734863,25.090919494628906,33.18528747558594,38.39091968536377
*Oc1ccc(CC(NC(=O)CCc2ccc(OC(=O)CCCCC(*)=O)cc2)C(=O)OCC(C)C)cc1,56.0,50.17145538330078,15.49480152130127,-5.828544616699219
*CC(COc1ccc(C(C)(C)c2ccc(O*)cc2)cc1)OC(=O)c1ccccc1Cl,66.0,154.91778564453125,66.04964447021484,88.91778564453125
*[Si](*)(C)CCCOCC1COC(C)(C)O1,-48.0,-75.97677612304688,60.95589828491211,-27.976776123046875
*C#Cc1cccc(C#C[Si](*)(C)C)c1,50.0,83.9427490234375,42.46146011352539,33.9427490234375
*c1cccc(P(=O)(c2cccc(-n3c(=O)c4c(-c5cc(C(F)(F)F)cc(C(F)(F)F)c5)c5c(=O)n(*)c(=O)c5c(-c5cc(C(F)(F)F)cc(C(F)(F)F)c5)c4c3=O)c2)c2cc(C(F)(F)F)cc(C(F)(F)F)c2)c1,293.0,282.442138671875,51.794795989990234,-10.557861328125
*CCCCCCCCNC(=O)c1cccc(C(=O)N*)c1,110.0,120.59901428222656,61.269039154052734,10.599014282226562
*CCCCCCOC(=O)c1cccc(C(=O)O*)c1,5.5,44.54212188720703,60.81626510620117,39.04212188720703
*CCCCCCNC(=O)c1cc(NC(=O)c2ccc(NC(=O)C(CC(C)C)N3C(=O)c4ccccc4C3=O)cc2)cc(C(=O)N*)c1,200.0,130.76260375976562,49.827369689941406,-69.23739624023438
*CC(C)(CC)COC(=O)c1ccc(-c2ccc(C(=O)O*)cc2)cc1,99.0,63.20323944091797,44.99553680419922,-35.79676055908203
*CCCCCCOC(=O)c1ccc(-c2ccc(-c3ccc(C(=O)O*)cc3)cc2)cc1,60.0,90.8038330078125,77.89752197265625,30.8038330078125
*c1ccc(C(c2ccccc2)c2ccc(N3C(=O)c4ccc(-c5ccc6c(c5)C(=O)N(*)C6=O)cc4C3=O)cc2)cc1,315.0,272.49072265625,75.52635192871094,-42.50927734375
*Oc1ccc(CC(NC(=O)CCc2ccc(OC(*)=O)cc2)C(=O)OCCCCCC)cc1,51.5,56.305824279785156,17.959184646606445,4.805824279785156
*/C(=C(/*)c1cccc([Si](C)(C)C)c1)c1ccccc1,200.0,189.4650421142578,66.60906219482422,-10.534957885742188
*CCN1C(=O)c2ccc(C(c3ccc4c(c3)C(=O)N(*)C4=O)(C(F)(F)F)C(F)(F)F)cc2C1=O,180.0,147.67283630371094,71.46288299560547,-32.32716369628906
*CC(=O)Nc1ccc(Cc2ccc(NC(=O)c3ccc4c(c3)C(=O)N(*)C4=O)cc2)cc1,266.0,265.01715087890625,72.8890151977539,-0.98284912109375
*OC(=O)Oc1ccc(C(C)(C)c2ccc(OC(=O)OC3CC4CC(*)CC(C3)O4)cc2)cc1,194.0,61.498695373535156,34.40986633300781,-132.50130462646484
*c1ccc(N(c2ccc(C#N)cc2)c2ccc(N3C(=O)c4ccc(-c5ccc6c(c5)C(=O)N(*)C6=O)cc4C3=O)cc2)cc1,358.0,306.3853759765625,51.23167419433594,-51.6146240234375
*C/C=C(\C)CS(*)(=O)=O,88.19999694824219,84.93624877929688,48.7391357421875,-3.2637481689453125
*Oc1ccc(CC(NC(=O)CCc2ccc(OC(=O)CCCCCCCCC(*)=O)cc2)C(=O)OCCOCCOCC)cc1,2.0,23.859832763671875,18.46311378479004,21.859832763671875
*CC(*)(C)C(=O)OCCCCCCCCOc1ccc(C(=O)Oc2ccc(C(=O)/C=C/c3c(C)c4ccccc4n3CCCC)cc2)cc1,69.0,62.55414581298828,41.90333557128906,-6.445854187011719
*c1cc(Br)c(Oc2c(Br)cc(N3C(=O)c4ccc(-c5ccc6c(c5)C(=O)N(*)C6=O)cc4C3=O)cc2Br)c(Br)c1,287.0,309.3594665527344,53.85775375366211,22.359466552734375
*C1OCCCC1C1C(=O)OC(=O)C1*,210.0,63.75529479980469,81.26683044433594,-146.2447052001953
*CC(*)(CC(=O)OC1CCC1)C(=O)OC1CCC1,60.0,22.769500732421875,79.0494613647461,-37.230499267578125
*C#Cc1cccc(C#C[SiH](*)c2ccccc2)c1,85.0,120.09016418457031,56.83693313598633,35.09016418457031
*c1cccc(N2C(=O)c3ccc(Oc4ccccc4Oc4ccc5c(c4)C(=O)N(*)C5=O)cc3C2=O)c1,224.0,277.52197265625,44.779052734375,53.52197265625
*c1ccc(-c2cc(C(C)(C)C)c(Oc3ccc(N4C(=O)c5ccc(-c6ccc7c(c6)C(=O)N(*)C7=O)cc5C4=O)cc3)c(C(C)(C)C)c2)cc1,381.5,297.9366760253906,66.21512603759766,-83.56332397460938
*c1ccc(-c2ccc(-c3cc(-c4ccccc4)c4cc(C5(c6ccc7nc(*)cc(-c8ccccc8)c7c6)c6ccccc6-c6ccccc65)ccc4n3)cc2)cc1,380.0,404.40997314453125,59.34786605834961,24.40997314453125
*CC(=O)Nc1ccc(Oc2ccc(Oc3ccc(NC(=O)c4ccc5c(c4)C(=O)N(*)C5=O)cc3)cc2)cc1,242.0,253.68890380859375,85.22671508789062,11.68890380859375
*c1cc(C(=O)OCC)cc(N2C(=O)CC(C3Cc4ccccc4C4C(=O)N(*)C(=O)C43)C2=O)c1,254.0,159.8792724609375,93.71153259277344,-94.1207275390625
*Oc1ccc(C(C)(C)c2ccc(OC(*)=S)cc2)cc1,140.5,127.75078582763672,39.54034423828125,-12.749214172363281
*C(=O)c1cccc(C(=O)c2ccc3c(c2)C(=O)N(c2ccc(Oc4ccc(S(=O)(=O)c5ccc(Oc6ccc(N7C(=O)c8ccc(*)cc8C7=O)cc6)cc5)cc4)cc2)C3=O)c1,249.0,190.7503204345703,28.52823257446289,-58.24967956542969
*c1ccc(-c2ccc3c(c2)C(CCCCCC)(CCCCCC)c2cc(*)ccc2-3)cc1,106.19999694824219,114.25201416015625,99.16751098632812,8.052017211914062
*CNC(=O)OCc1ccc(COCc2ccc(COC(=O)NCc3ccc(C(C)(C)c4ccc(*)o4)o3)o2)o1,39.0,46.794654846191406,20.286470413208008,7.794654846191406
*/C(C)=C(/*)[Si](C)(C)C,75.0,-54.172576904296875,57.46616744995117,-129.17257690429688
*CCCCCCCCCCNC(=O)NCc1ccc(CNC(=O)N*)cc1,55.0,65.27159881591797,58.395164489746094,10.271598815917969
*CC(O)COc1c(C)cc(C(C)(C)c2cc(C)c(O*)c(C)c2)cc1C,130.0,68.89777374267578,61.173797607421875,-61.10222625732422
*c1ccc(-c2nc3cc(Oc4ccc5nc(*)c(-c6ccccc6)nc5c4)ccc3nc2-c2ccccc2)cc1,326.0,291.4967956542969,52.5438232421875,-34.503204345703125
*CCCCCCC(=O)Oc1ccc(OC(=O)c2ccc3c(c2)C(=O)N(*)C3=O)c(C)c1,57.209999084472656,67.81587219238281,18.015661239624023,10.605873107910156
*CC(*)(C)C(=O)Oc1ccc(/C=C/c2ccccc2)cc1,143.0,141.73252868652344,49.79745864868164,-1.2674713134765625
*CC(*)c1ccccc1O,172.0,126.85299682617188,73.63426208496094,-45.147003173828125
*=Nc1ccc(Cc2ccc(NC(=*)C)cc2)cc1,142.0,135.95046997070312,54.89723205566406,-6.049530029296875
*CCCC1(CCCNC(=O)c2cccc(C(=O)N*)c2)c2ccccc2-c2ccccc21,175.0,178.9583740234375,88.0682601928711,3.9583740234375
*Oc1ccc(C(=O)c2cccc(C(=O)c3ccc(Oc4cccc(Cc5cccc(*)c5)c4)cc3)c2)cc1,114.0,163.73025512695312,45.71400833129883,49.730255126953125
*CC(*)OC(=O)C(Cl)(Cl)Cl,59.0,127.2801284790039,58.5206413269043,68.2801284790039
*c1ccc(Oc2ccc(C3(c4ccc(Oc5ccc(N6C(=O)c7ccc(Oc8ccccc8Oc8ccc9c(c8)C(=O)N(*)C9=O)cc7C6=O)cc5C(F)(F)F)cc4)c4ccccc4-c4ccccc43)cc2)c(C(F)(F)F)c1,241.0,275.2050476074219,37.53145217895508,34.205047607421875
*c1ccc2c(c1)C(=O)N(c1cc(C(=O)O)cc(N3C(=O)c4ccc(C(*)(C(F)(F)F)C(F)(F)F)cc4C3=O)c1)C2=O,366.5,316.152099609375,58.134220123291016,-50.347900390625
*CCCCCC(=O)S*,19.0,8.878433227539062,58.148651123046875,-10.121566772460938
*c1ccc2c(c1)Sc1cc(-c3sc4cc(*)sc4c3CCCCC)ccc1N2CCCCCCCCCC,131.0,68.71179962158203,52.74229049682617,-62.28820037841797
*CC(*)CC(C)C,35.20000076293945,-3.595458984375,73.96774291992188,-38.79545974731445
*C(=O)c1ccc2c(c1)C(=O)N(c1ccc(C(C)(C)c3cccc(C(C)(C)c4ccc(N5C(=O)c6ccc(*)cc6C5=O)cc4)c3)cc1)C2=O,316.5,262.6210021972656,69.5343246459961,-53.878997802734375
*C1C(=O)N(c2ccccc2C(=O)OC)C(=O)C1*,259.0,161.06842041015625,71.261962890625,-97.93157958984375
*CCCCCCOC(=O)NCc1ccc(CNC(=O)O*)cc1,56.0,56.451255798339844,45.51578140258789,0.45125579833984375
*CCN(*)C(=O)c1cc(F)c(F)c(F)c1F,97.0,96.35606384277344,24.171781539916992,-0.6439361572265625
*c1cccc(N2C(=O)C3CCC(C4CCC5C(=O)N(*)C(=O)C5C4)CC3C2=O)c1,263.0,122.8519287109375,58.693912506103516,-140.1480712890625
*C(=O)c1ccc2c(c1)C(=O)N(c1cc(OCCCC)cc(N3C(=O)c4ccc(*)cc4C3=O)c1)C2=O,244.0,264.2054748535156,70.7685775756836,20.205474853515625
*CC(*)(C)c1nc(N(CCOCCOCCOC)CCOCCOCCOC)nc(N(CCOCCOCCOC)c2ccccc2)n1,-75.0,19.027053833007812,39.33627700805664,94.02705383300781
*CCC(c1ccccc1)[Si](*)(C)C,27.0,20.554031372070312,59.42061996459961,-6.4459686279296875
*Oc1ccc(Cc2ccc(OC(=O)c3cc(OCCCCC)cc(C(*)=O)c3)cc2)cc1,110.0,75.07608032226562,62.951881408691406,-34.923919677734375
*CC(*)c1ccc(C(C)(O)CCC)cc1,135.0,39.942176818847656,50.21358108520508,-95.05782318115234
*CCN(*)C(=O)c1c(F)ccc(F)c1F,124.0,95.73660278320312,21.146892547607422,-28.263397216796875
*Nc1ccc(*)cc1OCCCCCCCCCC,77.0,48.30762481689453,50.692543029785156,-28.69237518310547
*CC(*)(CC(=O)Oc1ccc(OCC)cc1)C(=O)Oc1ccc(OCC)cc1,110.5,58.323036193847656,36.408260345458984,-52.176963806152344
*CC(CCCCCC)C(CCCCCC)COC(=O)c1ccc(C(=O)O*)cc1,-15.5,3.641510009765625,70.6300048828125,19.141510009765625
*CC(*)(C)C(=O)OCCOc1ccc(/N=N/c2ccc(C#N)cc2)cc1,109.0,159.1434783935547,66.54185485839844,50.14347839355469
*c1cc(Br)c(-c2c(Br)cc(N3C(=O)c4ccc(-c5ccc6c(c5)C(=O)N(*)C6=O)cc4C3=O)cc2C(=O)OCCCCCCCCCCCCCCCCCC)c(C(=O)OCCCCCCCCCCCCCCCCCC)c1,83.5,65.95823669433594,40.3654899597168,-17.541763305664062
*O[Si](*)(C)CCc1cc(C(=O)Oc2ccc(OCCCC)cc2)ccc1C(=O)Oc1ccc(OCCCC)cc1,92.0,77.81133270263672,38.17316436767578,-14.188667297363281
*c1ccc(-c2cc(-c3ccc(-c4ccccc4)cc3)cc(-c3ccc(N4C(=O)c5ccc(NC(=O)Nc6ccc(Oc7ccc(NC(=O)Nc8ccc9c(c8)C(=O)N(*)C9=O)cc7)cc6)cc5C4=O)cc3)n2)cc1,241.0,279.4392395019531,46.6375732421875,38.439239501953125
*/C=C/C1CC(*)C2C(=O)N(c3cccc(C)c3)C(=O)C12,206.0,148.0524139404297,76.87482452392578,-57.94758605957031
*c1ccc2c(c1)C(=O)N(c1cc(N3C(=O)c4ccc(C(*)(C(F)(F)F)C(F)(F)F)cc4C3=O)cc(C(F)(F)F)c1)C2=O,284.0,337.4163818359375,60.87797164916992,53.4163818359375
*CC(*)(C)C(=O)Oc1cccc(C)c1C,120.0,96.35717010498047,41.83628845214844,-23.64282989501953
*CCCCCCOC(=O)OCCCCCCN1C(=O)c2ccc(-c3ccc(-c4ccc5c(c4)C(=O)N(*)C5=O)cc3)cc2C1=O,73.0,107.00657653808594,45.180633544921875,34.00657653808594
*C(=O)NCCN(CCNC(=O)c1cccc(N2C(=O)c3ccc(*)cc3C2=O)c1)c1ccc(/C=C/c2ccc([N+](=O)[O-])cc2)cc1,178.0,172.60556030273438,59.53291320800781,-5.394439697265625
*c1ccc(CC(=O)Nc2ccc(Oc3ccc(NC(=O)Cc4ccc(-c5sc(*)c(-c6ccccc6)c5-c5ccccc5)cc4)cc3)cc2)cc1,226.0,245.475341796875,57.93024444580078,19.475341796875
*C(=O)Nc1cc(C(F)(F)F)ccc1Oc1cccc2c(Oc3ccc(C(F)(F)F)cc3NC(=O)c3ccc4c(c3)C(=O)N(c3ccc(Oc5ccc(N6C(=O)c7ccc(*)cc7C6=O)cc5-c5ccccc5)c(-c5ccccc5)c3)C4=O)cccc12,376.0,286.190673828125,39.35579299926758,-89.809326171875
*CC(COCC)O*,-61.0,-65.01397705078125,53.92539596557617,-4.01397705078125
*CCCCCCCCCCCOC(=O)c1ccc(-c2ccc(C(=O)O*)cc2)cc1,49.0,48.54338836669922,37.38896942138672,-0.45661163330078125
*CCCCCC(=O)Nc1ccc(NC(=O)CCCCCN2C(=O)c3ccc(C(=O)c4ccc5c(c4)C(=O)N(*)C5=O)cc3C2=O)cc1,200.0,160.4392547607422,34.89101028442383,-39.56074523925781
*c1ccc(Oc2ccc(C3(c4ccc(Oc5ccc(N6C(=O)c7ccc(Oc8ccc(C9(c%10ccc(Oc%11ccc%12c(c%11)C(=O)N(*)C%12=O)cc%10)CCC(c%10ccccc%10)CC9)cc8)cc7C6=O)cc5)cc4)CC4CCC3C4)cc2)cc1,245.0,233.9246826171875,47.97162628173828,-11.0753173828125
*CC(*)(C)C(=O)OCC,66.0,5.457855224609375,76.78147888183594,-60.542144775390625
*CCCCCCCCCCC(=O)N*,46.0,35.34471893310547,28.9715633392334,-10.655281066894531
*CC(*)(C)C(=O)OCCCCCCCCCCCCCC,-72.0,-76.78744506835938,42.219329833984375,-4.787445068359375
*c1ccc(OC(=O)c2ccc(C(=O)Oc3ccc(C4(*)OC(=O)c5ccccc54)cc3)cc2)cc1,279.0,234.88612365722656,70.11592864990234,-44.11387634277344
*NC1CCC(CC(C)(C)NC(=O)CCCCC(*)=O)CC1,80.0,66.69561767578125,39.327449798583984,-13.30438232421875
*CC(*)(CCCCC)C(=O)OC,53.0,-8.9766845703125,51.527435302734375,-61.9766845703125
*Oc1ccc(C(C)(C)c2ccc(OC(=O)OCCN(CCOC(*)=O)c3ccc4[nH]c5ccccc5c4c3)cc2)cc1,90.0,142.11265563964844,78.2533950805664,52.11265563964844
*c1cccc(Oc2cccc(Oc3cccc(N4C(=O)c5ccc(Oc6ccc7c(c6)C(=O)N(*)C7=O)cc5C4=O)c3)c2C#N)c1,219.0,260.0416259765625,35.3950309753418,41.0416259765625
*COC(=O)c1ccc(/C(C#N)=C(\c2ccc(OC)cc2)N2CCCC(*)C2)cc1,176.0,168.85226440429688,91.15559387207031,-7.147735595703125
*CCC(C)(C)C(*)(C)C,87.0,-13.291122436523438,79.51065063476562,-100.29112243652344
*CC(*)c1cc(OC)c(OC(C)=O)c(OC)c1,147.0,54.384254455566406,73.05335235595703,-92.6157455444336
*c1ccc(S(=O)(=O)c2ccc(-n3nc(-c4ccccc4)c4ccc(Oc5ccc6c(-c7ccccc7)nn(*)c(=O)c6c5)cc4c3=O)cc2)cc1,294.5,283.6960754394531,50.64509582519531,-10.803924560546875
*OC(C)C#CC#CC(C)OC(=O)c1ccc(C(*)=O)cc1,133.0,119.12924194335938,51.20201110839844,-13.870758056640625
*Oc1ccc(Oc2ccc(C(=O)c3cccc(C(=O)c4ccc(*)cc4)c3)cc2)cc1,148.0,141.00437927246094,30.22247886657715,-6.9956207275390625
*c1ccc(Oc2ccc(Sc3ccc(Oc4ccc(N5C(=O)c6ccc(Oc7ccc(Sc8ccc(Oc9ccc%10c(c9)C(=O)N(*)C%10=O)cc8)cc7)cc6C5=O)cc4)cc3)cc2)cc1,186.0,186.91329956054688,36.26411056518555,0.913299560546875
*CC(*)(C)C(=O)OCCOCCO,20.0,9.689193725585938,66.06818389892578,-10.310806274414062
*Oc1c(Br)cc(S(=O)(=O)c2cc(Br)c(OC(*)=O)c(Br)c2)cc1Br,196.0,198.89315795898438,49.09840774536133,2.893157958984375
*c1ccc(Oc2ccc(-c3c(-c4ccccc4)nc4ccc(-c5ccc6nc(-c7ccccc7)c(*)c(-c7ccccc7)c6c5)cc4c3-c3ccccc3)cc2)cc1,307.5,322.14794921875,47.09275817871094,14.64794921875
*Oc1ccc(C(C)(CCC#N)c2ccc(OC(*)=O)cc2)cc1,150.0,145.58871459960938,71.71875762939453,-4.411285400390625
*CC(*)(C)C(=O)Oc1ccc(CC#N)cc1,131.0,149.40518188476562,74.28881072998047,18.405181884765625
*C[Si](*)(C)CCCN(CC)CC,-31.75,-32.97113037109375,52.73228073120117,-1.22113037109375
*OCCOC(=O)c1ccc(C(=O)OCCOc2nc(-c3ccc(OCCCC)cc3)nc(*)c2-c2ccc(OC)cc2)cc1,94.0,63.42420196533203,20.568593978881836,-30.57579803466797
*c1ccc(Oc2ccc(Oc3ccc(N4C(=O)c5ccc(Oc6ccc(C(c7ccccc7)(c7ccccc7)c7ccc(Oc8ccc9c(c8)C(=O)N(*)C9=O)cc7)cc6)cc5C4=O)cc3)c(C(C)(C)C)c2)cc1,229.0,238.63307189941406,49.704742431640625,9.633071899414062
*CCCNC(=O)CNC(=O)C(Cc1ccccc1)NC(=O)CCCCCCCCC(=O)NC(Cc1ccccc1)C(=O)NCC(=O)NCCCOCCOCCO*,36.0,41.93128204345703,44.14171600341797,5.931282043457031
*C(F)(F)C(*)(OC(F)(F)F)OC(F)(F)F,-60.0,-51.08912658691406,52.10036849975586,8.910873413085938
*C1C2CC(C(=O)OCCc3ccc(N(c4ccccc4)c4ccccc4)cc3)C(C2)C1*,307.0,181.09146118164062,88.93475341796875,-125.90853881835938
*Oc1ccc(C(C)(C)c2ccc(OC(=O)Sc3ccc(C(C)(C)c4ccc(SC(*)=O)cc4)cc3)cc2)cc1,154.0,202.4048614501953,67.23808288574219,48.40486145019531
*CCCCCCCN1C(=O)c2ccc(C(c3ccc4c(c3)C(=O)N(*)C4=O)(C(F)(F)F)C(F)(F)F)cc2C1=O,165.0,223.62216186523438,88.4974594116211,58.622161865234375
*Oc1ccc(OC(=O)c2ccc(C(*)=O)cc2Sc2ccc(C)cc2)cc1,134.0,206.6409912109375,68.561279296875,72.6409912109375
*O[Si](C)(C)CC[Si](C)(C)Oc1c(C)cc(-c2cc(C)c(*)c(C)c2)cc1C,55.0,-0.6111907958984375,53.244468688964844,-55.61119079589844
*CC(c1ccccc1)C1C(=O)N(CCCOc2ccc(-c3ccc(C#N)cc3)cc2)C(=O)C1*,130.0,221.4058837890625,89.45903778076172,91.4058837890625
*O[Si](C)(C)CCCNC(=O)C(=O)NCCC[Si](*)(C)C,-46.47999954223633,-37.909881591796875,49.619056701660156,8.570117950439453
*c1ccc(C(F)(F)C(*)(F)F)cc1,76.94999694824219,73.03227996826172,38.75107955932617,-3.9177169799804688
*C#Cc1cc(C(C)(C)C)cc2c3cc(C(C)(C)C)cc(*)c3n(CCCCCCCCCCCCCCCC)c12,80.0,79.91522216796875,37.54376983642578,-0.08477783203125
*CC(*)c1ccc(C(=O)CCCC)cc1,70.0,64.8747787475586,44.45172882080078,-5.125221252441406
*O[Si](C)(C)C#C[Si](C)(C)C#C[Si](C)(C)C#C[Si](C)(C)C#C[Si](*)(C)C,-23.0,-19.204376220703125,72.02266693115234,3.795623779296875
*CCN(*)C(=O)CCCCCCC,10.0,40.63140869140625,29.692068099975586,30.63140869140625
*C(=O)Nc1ccc(NC(=O)c2ccc(NC(=O)c3ccc(-c4nc5cc(*)ccc5[nH]4)cc3)cc2)cc1,295.0,300.3425598144531,59.243255615234375,5.342559814453125
*c1cccc(C(O[Si](C)(C)O[Si](C)(C)O[Si](C)(C)C)c2cccc(N3C(=O)c4ccc(Oc5ccc6c(c5)C(=O)N(*)C6=O)cc4C3=O)c2)c1,219.0,186.173095703125,42.4323844909668,-32.826904296875
*CCN(CCOC(=O)c1cc(OC2CCN(c3ccc(S(=O)(=O)C(F)(F)C(F)(F)C(F)(F)C(F)(F)C(F)(F)C(F)(F)C(F)(F)C(F)(F)F)cc3)CC2)cc(C(=O)O*)c1)c1ccc(S(=O)(=O)C(F)(F)C(F)(F)C(F)(F)C(F)(F)C(F)(F)C(F)(F)C(F)(F)C(F)(F)F)cc1,99.0,22.28143310546875,36.14905548095703,-76.71856689453125
*Oc1ccccc1-c1ccccc1Oc1ccc2c(=O)n3c4cc(-c5ccc6c(c5)nc5c7ccc(*)c8cccc(c(=O)n65)c87)ccc4nc3c3cccc1c23,376.0,364.2860107421875,53.88935089111328,-11.7139892578125
*/C=C(\C#N)C(=O)NC1CCCCC1NC(=O)/C(C#N)=C/c1ccc(/C=C/c2ccc(N(c3ccccc3)c3ccc(N(c4ccccc4)c4ccc(/C=C/c5ccc(*)s5)cc4)cc3)cc2)s1,240.0,196.89752197265625,50.146793365478516,-43.10247802734375
*CC(*)C(=O)OCCCOCC,-61.5,-25.499557495117188,64.2695083618164,36.00044250488281
*CC(COC(C)C)O*,-67.0,-37.39768981933594,95.09088897705078,29.602310180664062
*Oc1ccc(S(=O)(=O)c2ccc(Oc3c(C)cc(C(C)(C)c4cc(C)c(*)c(C)c4Br)c(Br)c3C)cc2)cc1,275.3999938964844,191.32069396972656,78.39777374267578,-84.07929992675781
*C(=O)c1ccc2c(c1)C(=O)N(c1ccc(CP(=O)(OCC)OCC)c(N3C(=O)c4ccc(*)cc4C3=O)c1)C2=O,218.0,156.8396453857422,66.85101318359375,-61.16035461425781
*N=P(*)(OCCOc1ccc(-c2ccccc2)cc1I)OCCOc1ccc(-c2ccccc2)cc1I,69.5,69.6314697265625,44.89519500732422,0.1314697265625
*Oc1ccc(C(C)(C)c2ccc(OC(=O)c3ccc([Si](c4ccccc4)(c4ccccc4)c4ccc(C(*)=O)cc4)cc3)cc2)cc1,295.0,248.97628784179688,53.4803581237793,-46.023712158203125
*CC(=O)NCCCCCCNC(=O)COC(=O)CCCCC(=O)O*,19.0,39.428375244140625,38.30068588256836,20.428375244140625
*CC(*)C(=O)Oc1ccc(C(C)(C)C)cc1,71.0,68.35712432861328,41.444007873535156,-2.6428756713867188
*c1ccc(Oc2cccc(Oc3ccc(N4C(=O)c5ccc(Oc6ccc(Oc7ccc8c(c7)C(=O)N(*)C8=O)cc6)cc5C4=O)cc3)c2)cc1,199.0,235.51036071777344,32.07434844970703,36.51036071777344
*c1ccc(-c2ccc(-c3c(-c4ccccc4)nc4ccc(-c5ccc6nc(-c7ccccc7)c(*)c(-c7ccccc7)c6c5)cc4c3-c3ccccc3)cc2)cc1,405.0,399.6387939453125,59.34494400024414,-5.3612060546875
*/C=C/C1CC(*)C(C#N)([Si](C)(C)O[Si](C)(C)C)C1,88.0,26.846153259277344,60.37046813964844,-61.153846740722656
*Oc1ccc(CC(NC(=O)Cc2ccc(OC(=O)COCC(*)=O)cc2)C(=O)OCCCCCC)cc1,46.0,55.0238037109375,13.328478813171387,9.0238037109375
*SC1CCCCC1*,-43.0,-56.373077392578125,50.162410736083984,-13.373077392578125
*CCCCOC(=O)CCCCCCCCCCCCCCCCCCCCCCCCCCCCCCCCCCC(=O)O*,-55.0,-70.39540100097656,28.226505279541016,-15.395401000976562
*CC(*)OC(=O)c1ccccc1C,42.5,62.933631896972656,31.126609802246094,20.433631896972656
*c1ccc(Oc2ccc(C(=O)c3ccc(C(=O)c4ccc(Oc5ccc(-c6cc(*)[nH]n6)cc5)cc4)cc3)cc2)cc1,235.0,234.30819702148438,66.56908416748047,-0.691802978515625
*c1ccc(C(=O)Nc2ccc(Oc3ccc(S(=O)(=O)c4ccc(Oc5ccc(NC(=O)c6ccc(N7C(=O)c8ccc(-c9cccc%10c9C(=O)N(*)C%10=O)cc8C7=O)cc6)cc5)cc4)cc3)cc2)cc1,287.0,255.06126403808594,34.4367561340332,-31.938735961914062
*c1ccc2c(c1)C(=O)N(c1cccc(C(=O)Nc3ccc(Oc4ccc(C(c5ccc(Oc6ccc(NC(=O)c7cccc(N8C(=O)c9ccc(C(*)(C(F)(F)F)C(F)(F)F)cc9C8=O)c7)cc6)cc5)(C(F)(F)F)C(F)(F)F)cc4)cc3)c1)C2=O,266.0,306.7694091796875,48.45459747314453,40.7694091796875
*CC(O)COc1ccc(S(=O)(=O)c2ccc(O*)cc2)cc1,167.5,139.64599609375,47.596187591552734,-27.85400390625
*CC(O)COc1ccc(C(C)(C)c2ccc(OCC(O)COc3cccc(NC(=O)Cc4cccc(CC(=O)Nc5cccc(O*)c5)c4)c3)cc2)cc1,119.0,123.62110900878906,51.75267791748047,4.6211090087890625
*CC(OC)C1(C)C(=O)OC(=O)C1(*)C,260.0,97.79318237304688,81.71499633789062,-162.20681762695312
*C/C=C/C[Si](*)(C)CCCOc1ccc2ccccc2c1,-1.0,41.394996643066406,47.53431701660156,42.394996643066406
*CCCCCCCCCCN1C(=O)c2ccc(C(c3ccc4c(c3)C(=O)N(*)C4=O)(C(F)(F)F)C(F)(F)F)cc2C1=O,123.0,126.0390625,62.78330612182617,3.0390625
*CCCCCOc1ccc(C(=O)OC(=O)c2ccc(O*)cc2)cc1,53.0,56.58007049560547,32.759674072265625,3.5800704956054688
*c1ccc(-c2ccc(N3C(=O)c4ccc(-c5cccc6c5C(=O)N(*)C6=O)cc4C3=O)c(C)c2)cc1C,384.0,331.9639892578125,55.4278678894043,-52.0360107421875
*C1C(=O)N(CCCCOc2ccc(-c3ccc(C#N)cc3)cc2)C(=O)C1*,115.0,169.47848510742188,66.64794158935547,54.478485107421875
*CCCCCCOC(=O)OCCCCCCN1C(=O)c2ccc(-c3ccc4c(c3)C(=O)N(*)C4=O)cc2C1=O,71.0,63.885108947753906,22.394502639770508,-7.114891052246094
*C(=O)Nc1cccc(Oc2ccc(S(=O)(=O)c3ccc(Oc4cccc(NC(=O)c5ccc(N6C(=O)c7ccc(*)cc7C6=O)cc5)c4)cc3)cc2)c1,235.0,249.41903686523438,38.285804748535156,14.419036865234375
*/C=C/c1cccc(OC(=O)CCCCCCCCC(=O)Oc2cccc(-c3nnc(*)s3)c2)c1,41.0,134.78012084960938,67.69178009033203,93.78012084960938
*O[Si](C)(C)O[Si](C)(C)Oc1ccc(-c2ccc(*)cc2)cc1,-4.0,38.747413635253906,51.316444396972656,42.747413635253906
*=Cc1ccc(/C=N/c2c(-c3ccccc3)cc(-c3ccc(-c4cc(-c5ccccc5)c(N=*)c(-c5ccccc5)c4)cc3)cc2-c2ccccc2)cc1,300.0,336.6849365234375,57.479774475097656,36.6849365234375
*CC(*)(C)C(=O)OCCN(CC)c1ccc(/N=N/c2nc3ccc([N+](=O)[O-])cc3s2)cc1,140.0,140.98074340820312,43.84517288208008,0.980743408203125
*CCOC(=O)CCCCCC(=O)O*,-46.0,25.685890197753906,51.68767166137695,71.6858901977539
*Oc1cc(CCCCCC)cc(OC(=O)c2cccc(C(*)=O)c2)c1,67.5,63.20323944091797,44.99553680419922,-4.296760559082031
*c1cc(Oc2c(C)cc(-c3cc(C)c(Oc4cc(N5C(=O)c6ccc(Oc7ccc8c(c7)C(=O)N(*)C8=O)cc6C5=O)cc(C(F)(F)F)c4)c(C)c3)cc2C)cc(C(F)(F)F)c1,252.1999969482422,251.2193603515625,45.56365966796875,-0.9806365966796875
*CCCCCCOc1ccc(-c2ccc(O*)c3ccccc23)c2ccccc12,109.0,152.2606658935547,80.87773895263672,43.26066589355469
*Oc1ccc(NC(=O)c2cccc(C(=O)Nc3ccc(Oc4ccc(C5(c6ccc(*)cc6)CC6CCC5C6)cc4)cc3)c2)cc1,256.0,264.64581298828125,77.09259796142578,8.64581298828125
*c1ccc(C2(c3ccc(N4C(=O)C(c5ccccc5)=C(c5ccc(C6=C(c7ccccc7)C(=O)N(*)C6=O)cc5)C4=O)cc3)c3ccccc3-c3ccccc32)cc1,340.0,263.36065673828125,57.48350143432617,-76.63934326171875
*c1ccc(-c2cc(C(C)(C)C)c(Oc3ccc(-n4c(=O)c5cc6c(=O)n(*)c(=O)c6cc5c4=O)cc3C(F)(F)F)c(C(C)(C)C)c2)cc1,420.0,278.26837158203125,79.7576904296875,-141.73162841796875
*CCCCCCCCCCC(=O)Nc1ccc(Oc2ccc(NC(=O)CCCCCCCCCCN3C(=O)c4ccc(C(=O)c5ccc6c(c5)C(=O)N(*)C6=O)cc4C3=O)cc2)cc1,132.0,107.98587799072266,49.88347625732422,-24.014122009277344
*CC(*)c1cccc(F)c1,86.0,99.64010620117188,34.89122009277344,13.640106201171875
*CCCOC(=O)Nc1cc(NC(=O)O*)ccc1C,6.0,84.04052734375,58.33285140991211,78.04052734375
*Oc1ccc(C2(c3ccc(Oc4ccc(/C=N/N=C/c5ccc(*)cc5)cc4)cc3)c3ccccc3-c3ccccc32)cc1,227.0,223.5186767578125,56.577919006347656,-3.4813232421875
*CC(O)COc1ccc(C(C)(C)c2ccc(OCC(O)COc3ccc(Oc4ccc(O*)cc4)cc3)cc2)cc1,85.0,87.0079574584961,31.88670539855957,2.0079574584960938
*CCCCc1ccc(-c2c(-c3ccccc3)cc(-c3ccc(-c4cc(-c5ccccc5)c(-c5ccc(*)cc5)c(-c5ccccc5)c4-c4ccccc4)cc3)c(-c3ccccc3)c2-c2ccccc2)cc1,205.0,228.07684326171875,40.10032272338867,23.07684326171875
*Oc1ccc(OC(=O)c2ccc(C(*)=O)cc2)cc1-c1cccc(C(F)(F)F)c1,155.8000030517578,137.48550415039062,44.072357177734375,-18.314498901367188
*CCC(=O)Nc1ccc(Oc2ccc(NC(=O)CCN3C(=O)c4ccc(C(=O)c5ccc6c(c5)C(=O)N(*)C6=O)cc4C3=O)cc2)cc1,232.0,222.22959899902344,55.69248580932617,-9.770401000976562
*O[Si](*)(C)CCCC,-115.0,-91.03752136230469,46.921878814697266,23.962478637695312
*Oc1ccc(Oc2ccc(C(=O)Nc3ccc(Oc4ccc(S(=O)(=O)c5ccc(Oc6ccc(NC(=O)c7ccc(*)cc7)cc6)cc5)cc4)cc3)cc2)cc1C,217.0,239.491455078125,50.78313064575195,22.491455078125
*c1ccc(-c2nnc(*)o2)c(OCCCCCCCCCC)c1,165.0,132.04844665527344,61.0562629699707,-32.95155334472656
*CCCCCCCCCCCCN1C(=O)c2ccc(-c3ccc(-c4ccc5c(c4)C(=O)N(*)C5=O)cc3)cc2C1=O,86.0,160.6377716064453,96.12884521484375,74.63777160644531
*Oc1cccc(NC(=O)c2ccc(Oc3ccc(C(C)(C)c4ccc(C(C)(C)c5ccc(Oc6ccc(C(=O)Nc7ccc(*)cc7)cc6)cc5)cc4)cc3)cc2)c1,168.0,237.62075805664062,75.8123779296875,69.62075805664062
*c1ccc(Oc2ccc(C3(c4ccc(Oc5ccc(N6C(=O)c7ccc(Oc8c(C)cc(C(C)(C)c9cc(C)c(Oc%10ccc%11c(c%10)C(=O)N(*)C%11=O)c(C)c9)cc8C)cc7C6=O)cc5)cc4)C4CC5CC(C4)CC3C5)cc2)cc1,282.0,263.06512451171875,66.1850814819336,-18.93487548828125
*/C=C/c1cccc(/C=C/[Si](C)(CCC(F)(F)F)c2cccc([Si](*)(C)CCC(F)(F)F)c2)c1,9.5,34.963768005371094,28.163253784179688,25.463768005371094
*c1ccc(Oc2ccc(S(=O)(=O)c3ccc(Oc4ccc(-c5c6c(c(*)c7ccccc57)C(=O)N(c5ccc(Cl)cc5)C6=O)cc4)cc3)cc2)cc1,280.0,268.13348388671875,44.95575714111328,-11.86651611328125
*OC(C)(CC(*)=O)C(F)(F)F,27.0,72.74186706542969,71.99962615966797,45.74186706542969
*c1ccc(OCCN(CCOc2ccc(-c3nc4ccc(Oc5ccc6nc(*)c(-c7ccccc7)nc6c5)cc4nc3-c3ccccc3)cc2)c2ccc(/C=C/c3ccc([N+](=O)[O-])cc3)cc2)cc1,201.0,186.33642578125,45.30081558227539,-14.66357421875
*CC(*)(C)C(=O)OCCc1ccc(/N=N/c2ccccc2)cc1,80.0,145.31658935546875,68.69984436035156,65.31658935546875
*c1ccc2c(c1)C(=O)N(c1cccc(C(=O)Nc3ccc(Oc4ccccc4Oc4ccc(NC(=O)c5cccc(N6C(=O)c7ccc(C(*)(C(F)(F)F)C(F)(F)F)cc7C6=O)c5)cc4)cc3)c1)C2=O,265.0,278.9925842285156,35.16072463989258,13.992584228515625
*/C=C/c1sc(-c2ccc(-c3ccc(-c4ccc(-c5sc(/C=C/C6=CC(=C(C#N)C#N)C=C(*)O6)c(CCCCCC)c5CCCCCC)s4)s3)s2)c(CCCCCC)c1CCCCCC,134.0,121.8074722290039,62.444236755371094,-12.192527770996094
*c1ccc(-c2ccc(N3C(=O)c4ccc(Oc5ccc6c(c5)C(=O)N(*)C6=O)cc4C3=O)cc2C(F)(F)F)c(C(F)(F)F)c1,275.0,320.76544189453125,57.33744430541992,45.76544189453125
*c1ccc2c(c1)C(=O)N(c1ccc(Cc3ccc(N4C(=O)c5ccc(C(*)(C(F)(F)F)C(F)(F)F)cc5C4=O)c(C(C)(C)C)c3)cc1C(C)(C)C)C2=O,274.0,289.9564208984375,73.33234405517578,15.9564208984375
*c1cccc(S(=O)(=O)c2cccc(N3C(=O)c4ccc(Oc5ccc6c(c5)C(=O)N(*)C6=O)cc4C3=O)c2)c1,246.0,303.04949951171875,52.209251403808594,57.04949951171875
*c1ccc(N2C(=O)c3ccc(-c4ccc5c(c4)C(=O)N(c4ccc6[nH]c(*)nc6c4)C5=O)cc3C2=O)cc1,397.5,348.92022705078125,52.15449142456055,-48.57977294921875
*Oc1ccc(C(C)(C)c2ccc(OC(*)=O)c(C)c2)cc1C,124.0,130.76654052734375,78.01605987548828,6.76654052734375
*c1ccc(-c2nc3cc4nc(*)c(-c5ccccc5)nc4cc3nc2-c2ccccc2)cc1,395.0,361.5509033203125,55.98966979980469,-33.4490966796875
*C(=S)Nc1ccc(Oc2ccc(NC(=S)N3C(=O)c4ccc(C(=O)c5ccc6c(c5)C(=O)N(*)C6=O)cc4C3=O)cc2)cc1,262.0,264.9884338378906,44.40155792236328,2.988433837890625
*C1OCOC(C(*)(F)F)C1(F)F,125.0,131.29441833496094,43.993953704833984,6.2944183349609375
*O[Si](*)(C)CCCCOc1ccc(-c2ccc(C#N)cc2)cc1,22.5,35.22639465332031,43.13505935668945,12.726394653320312
*CC(*)c1ccc(C(=O)CCN2CCOCC2)cc1,41.0,82.10697174072266,59.374027252197266,41.106971740722656
*CC(=O)NCCCCCCNC(=O)CCc1ccc(O*)cc1,72.0,131.2051544189453,62.45832061767578,59.20515441894531
*O[Si](C)(C)c1ccc([Si](C)(C)O[SiH](*)C)cc1,-65.0,-58.09918212890625,53.99441909790039,6.90081787109375
*Oc1c(-c2ccccc2)cc(*)cc1-c1cccc2ccccc12,234.0,233.01959228515625,47.32434844970703,-0.98040771484375
*C/C=C/C[Si](*)(C)c1ccccc1,-1.0,40.00999450683594,42.70433807373047,41.00999450683594
*Oc1ccc(NC(=O)c2cc(-c3ccc(C(=O)O)c(C(=O)Nc4ccc(*)cc4)c3)ccc2C(=O)O)cc1,184.39999389648438,236.7144775390625,100.91944122314453,52.314483642578125
*c1cccc(S(=O)(=O)NCCCCNS(*)(=O)=O)c1,82.0,78.88005065917969,59.78373718261719,-3.1199493408203125
*C(=O)OCCCCCCCCCCCOC(=O)c1ccc(N2C(=O)c3ccc(*)cc3C2=O)cc1,49.0,63.005531311035156,21.803325653076172,14.005531311035156
*c1ccc2c(c1)C(=O)N(c1ccc(Oc3ccc(N4C(=O)c5ccc(C(F)(F)C(F)(F)C(F)(F)C(F)(F)C(F)(F)C(F)(F)C(*)(F)F)cc5C4=O)cc3)cc1)C2=O,178.0,148.79345703125,51.66904830932617,-29.20654296875
*C(=O)c1ccc2c(c1)C(=O)N(c1ccc(S(=O)(=O)c3ccc(NC(=O)c4cccc(C(=O)Nc5ccc(S(=O)(=O)c6ccc(N7C(=O)c8ccc(*)cc8C7=O)cc6)cc5)c4)cc3)cc1)C2=O,226.0,250.11181640625,38.57200241088867,24.11181640625
*CC(C[N-][N+]#N)O*,-35.0,55.50688171386719,101.74553680419922,90.50688171386719
*/C=C/c1ccc(/C=C/[Si](C)(CCC(F)(F)F)c2ccc([Si](*)(C)CCC(F)(F)F)cc2)cc1,54.25,34.963768005371094,28.163253784179688,-19.286231994628906
*CCCCCOCO*,-80.0,-37.39768981933594,95.09088897705078,42.60231018066406
*c1ccc(Oc2ccc(S(=O)(=O)c3ccc(C)cc3)cc2)c(N2C(=O)c3ccc(-c4ccc5c(c4)C(=O)N(*)C5=O)cc3C2=O)c1,281.0,265.8079833984375,47.5447998046875,-15.1920166015625
*c1ccc(C(c2ccc(-n3c(=O)c4cc5c(=O)n(*)c(=O)c5cc4c3=O)cc2)(C(F)(F)F)C(F)(F)F)cc1,380.0,331.8314208984375,55.700286865234375,-48.1685791015625
*CC(*)C(=O)OC(F)(F)C(F)(F)C(F)(F)C(F)(F)C(F)(F)C(F)(F)C(F)(F)C(F)(F)F,9.0,16.598312377929688,50.93881607055664,7.5983123779296875
*c1ccc2c(c1)C(=O)N(c1ccc(C(=O)Nc3ccc(Oc4ccc(-c5ccc(Oc6ccc(NC(=O)c7ccc(N8C(=O)c9ccc(C(*)(C(F)(F)F)C(F)(F)F)cc9C8=O)cc7)cc6)cc5)cc4)cc3)cc1)C2=O,296.0,286.58575439453125,38.52384567260742,-9.41424560546875
*OC1CCCCC1OC(*)=O,117.30000305175781,59.65525817871094,85.87954711914062,-57.644744873046875
*CC(*)(C)C(=O)OC(C)CC,60.0,14.859832763671875,74.47808074951172,-45.140167236328125
*/C=C/C1CC(*)C(C(=O)OCCCCCCCCCCCOc2ccc(-c3ccc(C#N)cc3)cc2)C1C(=O)OCCCCCCCCCCCOc1ccc(-c2ccc(C#N)cc2)cc1,23.100000381469727,56.512855529785156,41.482303619384766,33.41285514831543
*C(=O)c1ccc(C(=O)N2CC(C)N(*)CC2C)cc1,350.0,159.31369018554688,75.40086364746094,-190.68630981445312
*c1cc(CCCCCCCCCCCC)c(*)s1,-18.5,-12.869216918945312,44.71720886230469,5.6307830810546875
*CCOCCOc1ccc(NC(=O)c2cccc(C(=O)Nc3ccc(O*)cc3)c2)cc1,155.0,145.00509643554688,54.947078704833984,-9.994903564453125
*Nc1ccc(NC(=O)CCCCCCC(*)=O)cc1,138.0,129.39889526367188,53.741981506347656,-8.601104736328125
*CCC1C(=O)N(c2ccc(N(C)C)cc2)C(=O)C1*,195.0,159.31369018554688,75.40086364746094,-35.686309814453125
*c1ccc(-c2ccc(Oc3ccc(C4(C)CC(C)(C)c5ccc(Oc6ccc(-c7ccc(N8C(=O)c9ccc(Oc%10ccc(C(C)(C)c%11ccc(Oc%12ccc%13c(c%12)C(=O)N(*)C%13=O)cc%11)cc%10)cc9C8=O)cc7)cc6C(F)(F)F)cc54)cc3)c(C(F)(F)F)c2)cc1,241.0,252.05313110351562,38.602054595947266,11.053131103515625
*Nc1cc(NC(=O)NC2CCC(CC3CCC(NC(*)=O)CC3)CC2)cc(C(=O)Nc2ccc3c(c2)C(=O)c2ccccc2C3=O)c1,148.0,152.5097198486328,69.17591094970703,4.5097198486328125
*C(=O)Oc1ccc(C(c2ccc(OC(=O)c3ccc4c(c3)C(=O)N(c3c(C)cc(-c5cc(C)c(N6C(=O)c7ccc(*)cc7C6=O)c(C)c5)cc3C)C4=O)cc2)(C(F)(F)F)C(F)(F)F)cc1,335.0,236.63978576660156,44.07347869873047,-98.36021423339844
*Oc1cccc(N(c2ccccc2)c2ccc(-c3ccc(N(c4ccc(/N=N/c5ccc([N+](=O)[O-])cc5)cc4)c4cccc(OC(=O)OCCOCCOC(*)=O)c4)cc3)cc2)c1,111.0,191.04766845703125,61.174224853515625,80.04766845703125
*CC/C=C(/*)C(C)C,-47.0,60.140968322753906,104.6829605102539,107.1409683227539
*c1cc(C(c2ccc(OCCN(C)c3ccc(/C=C/C4=C/C(=C(/C#N)C(=O)OC)CC(C)(C)C4)cc3)c(N3C(=O)c4ccc(Oc5ccc6c(c5)C(=O)N(*)C6=O)cc4C3=O)c2)(C(F)(F)F)C(F)(F)F)ccc1OCCN(c1ccccc1)c1ccc(/C=C/C2=C/C(=C(/C#N)C(=O)OC)CC(C)(C)C2)cc1,207.0,221.98727416992188,62.7852897644043,14.987274169921875
*Oc1ccc(C2(c3ccc(OC(*)=O)cc3)CCc3ccccc32)cc1,219.0,164.98599243164062,44.20950698852539,-54.014007568359375
*CC(*)C(=O)c1ccc(C)cc1,59.5,106.6031494140625,48.12476348876953,47.1031494140625
*C(=S)Nc1ccc(Oc2ccc(NC(=S)N3C(=O)c4ccc(C(c5ccc6c(c5)C(=O)N(*)C6=O)(C(F)(F)F)C(F)(F)F)cc4C3=O)cc2)cc1,260.0,247.17251586914062,50.33393859863281,-12.827484130859375
*CCCCCCOC(=O)OCCCCCCCCCOC(=O)OCCCCCCOc1ccc(Oc2ccc(O*)cc2)cc1,-20.0,-12.315078735351562,31.268003463745117,7.6849212646484375
*c1ccc(Oc2ccc(C(=O)c3ccc(Oc4ccc(C(=O)c5ccc(Oc6ccc(-c7nc(-c8ccccc8)[nH]c7*)cc6)cc5)cc4)cc3)cc2)cc1,230.0,241.46163940429688,51.02097702026367,11.461639404296875
*CC(*)c1ccc(Cl)cc1,124.0,105.01521301269531,36.69380187988281,-18.984786987304688
*c1ccc(C(=O)OCCCCCCCCOC(=O)c2ccc(-c3nnc(*)s3)cc2)cc1,86.0,133.6556854248047,71.7732925415039,47.65568542480469
*C(=O)c1ccc2c(c1)C(=O)N(c1cccc(C(O)c3cccc(N4C(=O)c5ccc(*)cc5C4=O)c3)c1)C2=O,292.0,296.39141845703125,46.59286117553711,4.39141845703125
*C(F)(F)C(*)(F)Cl,52.099998474121094,18.667526245117188,54.29425048828125,-33.432472229003906
*Oc1ccc(S(=O)(=O)c2ccc(Oc3ccc(C(C)(C)c4ccc(Oc5ccc(C(=O)c6ccc(*)cc6)cc5)cc4)cc3)cc2)cc1,175.0,223.29832458496094,55.846160888671875,48.29832458496094
*CC(*)c1ccc(C(=O)CCN2CCCCC2)cc1,38.0,59.33612823486328,42.428157806396484,21.33612823486328
*CCCCCCN1C(=O)C(C)C(SCCOCCSC2C(=O)N(CCCCCCN3C(=O)CC(C)(SCCOCCSC4(C)CC(=O)N(*)C4=O)C3=O)C(=O)C2C)C1=O,78.0,57.33985137939453,54.57494354248047,-20.66014862060547
*Oc1ccc(C(=O)Nc2cc(NC(=O)c3ccc(*)cc3)cc(-c3nc4ccccc4[nH]3)c2)cc1,335.0,290.87957763671875,58.28147506713867,-44.12042236328125
*OC(COC(=O)c1ccccc1-c1ccccc1C(*)=O)COc1ccc(/N=N/c2ccc(C#N)cc2)cc1,120.0,209.49749755859375,73.43949890136719,89.49749755859375
*COc1ccc(C(=C(Cl)Cl)c2ccc(O*)cc2)cc1,108.0,147.26702880859375,47.07315444946289,39.26702880859375
*CC(*)(C)C(=O)OCc1ccc(F)cc1F,46.0,30.990142822265625,30.65186309814453,-15.009857177734375
*OC(CC)CC(*)=O,-15.399999618530273,7.051025390625,63.72222137451172,22.451025009155273
*CC(O)CN(*)c1cc(C)c(/N=N/c2ccc(Cl)cc2)c(C)c1,150.0,115.95394897460938,44.54231643676758,-34.046051025390625
*CC(O)COC(=O)CCCCCCCCC(=O)OCC(O)COc1ccc(C(C)(C)c2ccc(O*)cc2)cc1,30.0,14.065948486328125,22.106050491333008,-15.934051513671875
*Oc1ccc2ccc(Oc3ccc(C(=O)Nc4cccc(Oc5ccc(NC(=O)c6ccc(*)cc6)cc5)c4)cc3)cc2c1,164.0,232.27853393554688,64.2579116821289,68.27853393554688
*CC(CCCCCCOc1ccc(/N=N/c2ccc(C#N)cc2)cc1)COC(=O)CCCCCCCCCCCCC(=O)O*,21.5,135.58641052246094,86.7161636352539,114.08641052246094
*Oc1ccc(C(C)(c2ccccc2)c2ccc(OC(=O)c3cccc(C(*)=O)c3)cc2)cc1,202.0,187.38079833984375,49.13735580444336,-14.61920166015625
*CCCCCCOC(=O)c1ccc(C(=O)O*)cc1,13.0,44.54212188720703,60.81626510620117,31.54212188720703
*O[Si](C)(C)c1ccc([Si](*)(C)C)c2ccccc12,60.0,36.01954650878906,45.46062088012695,-23.980453491210938
*CC#CC#CCOc1ccc(C(=O)OCCN(CCOC(=O)c2ccc(O*)cc2)c2ccc([N+](=O)[O-])cc2)cc1,100.0,107.00205993652344,41.26292037963867,7.0020599365234375
*c1cccc(C(=O)Nc2cccc(S(=O)(=O)c3cccc(NC(=O)c4cccc(N5C(=O)c6ccc(-c7cccc8c7C(=O)N(*)C8=O)cc6C5=O)c4)c3)c2)c1,261.0,268.3978576660156,35.11845016479492,7.397857666015625
*c1ccc(Cc2ccc(N3C(=O)c4ccc(S(=O)(=O)c5ccc6c(c5)C(=O)N(*)C6=O)cc4C3=O)cc2)cc1,319.0,291.532470703125,53.955291748046875,-27.467529296875
*Oc1ccc(C2(c3ccc(Oc4ccc(C(=O)c5ccc(C(=O)c6ccc(*)c(C(F)(F)F)c6)cc5)cc4C(F)(F)F)cc3)c3ccccc3-c3ccccc32)cc1,229.0,197.9921875,26.795820236206055,-31.0078125
*OC(=O)c1ccc(C(C)(C)c2ccc(C(*)=O)cc2)cc1,100.0,119.57154083251953,41.99191665649414,19.57154083251953
*c1ccc(Oc2ccc(-c3ccc(Oc4ccc(N5C(=O)c6ccc(Oc7ccc(Oc8ccc9c(c8)C(=O)N(*)C9=O)cc7)cc6C5=O)cc4)cc3)cc2)cc1,230.0,213.1094970703125,23.451101303100586,-16.8905029296875
*c1cccc(P(=O)(c2ccc(C(F)(F)F)cc2)c2cccc(-n3c(=O)c4cc5c(=O)n(*)c(=O)c5c(-c5ccccc5)c4c3=O)c2)c1,311.0,318.63641357421875,50.37430953979492,7.63641357421875
*C(=O)c1ccc2c(c1)C(=O)N(c1c(C)cc(C(c3cc(C)c(N4C(=O)c5ccc(*)cc5C4=O)c(C)c3)c3cccc4ccccc34)cc1C)C2=O,318.0,268.07000732421875,54.70252990722656,-49.92999267578125
*Oc1ccc(NC(=O)c2ccc(Oc3ccc(C(C)(C)c4ccc(C(C)(C)c5ccc(Oc6ccc(C(=O)Nc7ccc(*)cc7)cc6)cc5)cc4)cc3)cc2)cc1,174.0,237.62075805664062,75.8123779296875,63.620758056640625
*CC(*)C(=O)OCCCCOc1ccc(/N=N/c2ccc([N+](=O)[O-])cc2)cc1,36.70000076293945,97.20214080810547,38.506378173828125,60.502140045166016
*CCCCCCNC(=O)CCC1(CCC(=O)N*)c2ccccc2-c2ccccc21,122.0,95.29106140136719,56.64569854736328,-26.708938598632812
*CCCC(*)(C)C(=O)O,132.0,5.457855224609375,76.78147888183594,-126.54214477539062
*CC(CCCCCC)O*,-67.0,-59.63871765136719,33.41740417480469,7.3612823486328125
*Nc1cc(NC(=O)c2ccc(-c3ccc(C(*)=O)cc3)cc2)cc(C(=O)OCCOc2ccc(/C=C/C(=O)c3ccccc3)cc2)c1,254.0,247.4808349609375,65.58892059326172,-6.5191650390625
*CC(*)c1ccc(C([Sn](C)(C)C)[Sn](C)(C)C)cc1,140.0,82.98007202148438,120.75572204589844,-57.019927978515625
*O[Sn](CCCC)(CCCC)OC(=O)CCCCC(*)=O,110.0,-40.807525634765625,41.7226676940918,-150.80752563476562
*Oc1ccc(-c2ccc(Oc3ccc(Oc4ccc(S(=O)(=O)c5ccc(Oc6ccc(*)cc6)cc5)cc4)cc3)c3ccccc23)c2ccccc12,214.0,220.694580078125,42.042972564697266,6.694580078125
*c1ccc(C(c2ccc(N3C(=O)c4ccc(-c5ccc6c(c5)C(=O)N(*)C6=O)cc4C3=O)cc2)(C(F)(F)F)C(F)(F)F)cc1,343.0,303.6732177734375,56.54476547241211,-39.3267822265625
*Oc1ccc(CC(NC(=O)Cc2ccc(OC(=O)CCC(*)=O)cc2)C(=O)OCCCCCC)cc1,59.0,54.040008544921875,15.35721206665039,-4.959991455078125
*Cc1cc2cc(C(=O)Nc3cccc(NC(=O)c4cc5cc(*)c(OC(=O)COc6ccc7ccc(=O)oc7c6)cc5oc4=O)c3)c(=O)oc2cc1OC(=O)COc1ccc2ccc(=O)oc2c1,240.0,237.64602661132812,31.827253341674805,-2.353973388671875
*CCC(C)(C)CC(C)CNC(=O)CCCCC(=O)N*,65.0,54.78417205810547,28.098360061645508,-10.215827941894531
*Nc1ccc(C(c2ccc(NC(=O)c3cc(C(*)=O)cc(C(C)(C)C)c3)cc2)(P2(=O)Oc3ccccc3-c3ccccc32)P2(=O)Oc3ccccc3-c3ccccc32)cc1,235.0,279.4046630859375,68.67578125,44.4046630859375
*c1c(C)cc(Cc2cc(C)c(N3C(=O)c4ccc(Oc5c(C)cc(Cc6cc(C)c(Oc7ccc8c(c7)C(=O)N(*)C8=O)c(C)c6)cc5C)cc4C3=O)c(C)c2)cc1C,264.0,264.0686950683594,77.4251937866211,0.068695068359375
*Oc1ccc(C(C)(C)c2ccc(Oc3ccc(C(=O)c4ccc(C(C)(C)c5ccc(C(=O)c6ccc(*)cc6)cc5)cc4)cc3)cc2)cc1,171.0,154.5098419189453,45.78978729248047,-16.490158081054688
*Oc1ccc(Oc2ccc(Oc3ccc(Oc4ccc(OC(=O)c5cccc(C(*)=O)c5)cc4)cc3)cc2)cc1,134.0,113.70529174804688,40.528350830078125,-20.294708251953125
*CCCCCN1C(=O)c2ccc(C(c3ccc4c(c3)C(=O)N(*)C4=O)(C(F)(F)F)C(F)(F)F)cc2C1=O,180.0,241.33624267578125,59.715145111083984,61.33624267578125
*COC(=O)Nc1ccc(Cc2ccc(NC(=O)OCc3cocc3*)cc2)cc1,45.0,135.37571716308594,79.4819564819336,90.37571716308594
*CCCCCCCCCCCCCCCCOC(=O)C/C=C/CC(=O)O*,-22.0,-31.9122314453125,38.37663650512695,-9.9122314453125
*Oc1ccc(P(C)(=O)c2ccc(Oc3ccc(C(c4ccc(*)cc4)(C(F)(F)F)C(F)(F)F)cc3)cc2)cc1,208.0,163.64590454101562,58.895782470703125,-44.354095458984375
*/C(=C/c1cc(OC)c(/C=C(\c2ccc(F)cc2)c2ccc(-c3ccc(*)cc3)cc2)cc1OC)c1ccc(F)cc1,201.0,206.31326293945312,42.47542953491211,5.313262939453125
*OC(=O)C(C)NC(=O)CCCCCCCCC(=O)NC(C)C(=O)OC1COC2C(*)COC12,57.0,26.98371124267578,30.549949645996094,-30.01628875732422
*c1ccc(Oc2cccc(Oc3ccc(N4C(=O)c5ccc(Oc6ccc(Oc7ccc(Oc8ccc9c(c8)C(=O)N(*)C9=O)cc7)cc6)cc5C4=O)cc3)c2)cc1,184.0,208.22891235351562,25.001079559326172,24.228912353515625
*c1ccc(C(c2ccc(N(*)c3ccc(C)cc3)cc2)c2ccc([N+](=O)[O-])cc2)cc1,215.0,191.5605010986328,56.920108795166016,-23.439498901367188
*CC(*)c1ccc(C)cc1,103.0,75.16049194335938,39.224708557128906,-27.839508056640625
*Oc1ccc(C2(c3ccc(OC(*)=O)cc3)CCCCCC2)cc1,155.0,145.3242645263672,87.98563385009766,-9.675735473632812
*c1ccc(C(=O)c2ccc(-n3c(=O)c4cc5c(=O)n(*)c(=O)c5cc4c3=O)cc2)cc1,424.0,352.7387390136719,54.36006164550781,-71.26126098632812
*Oc1ccc(C(=O)c2cccc(C(=O)c3ccc(*)c(C(C)C)c3)c2)cc1C,147.0,144.14999389648438,44.92259216308594,-2.850006103515625
*NC(CCC(=O)OC)C(*)=O,0.0,45.49158477783203,39.676631927490234,45.49158477783203
*CC(*)c1ccc(CCl)cc1,113.5,94.25862884521484,40.96875762939453,-19.241371154785156
*N=P(*)(OCCOCCOCCOCCOC)OCCOCCOCCOCCOC,-80.0,-72.68142700195312,45.09382629394531,7.318572998046875
*Oc1cc(CCCC)cc(OC(=O)c2cccc(C(*)=O)c2)c1,97.5,63.407958984375,33.043701171875,-34.092041015625
*C(=O)Nc1ccc(Oc2ccc(C(C)(C)c3ccc(Oc4ccc(NC(=O)c5ccc6c(c5)C(=O)N(c5ccc(-c7sc(-c8ccc(N9C(=O)c%10ccc(*)cc%10C9=O)cc8)c(-c8ccccc8)c7-c7ccccc7)cc5)C6=O)cc4)cc3)cc2)cc1,287.0,245.2655029296875,42.71331787109375,-41.7344970703125
*CC#C/C(C#CCOC(=O)CCCCCCCCC(=O)O*)=C\c1ccc(C#Cc2ccc([N+](=O)[O-])cc2)cc1,60.0,64.1338882446289,22.4747314453125,4.133888244628906
*CCCCCCCCOc1ccc(/C=C2\CCC/C(=C\c3ccc(O*)c(OC)c3)C2=O)cc1OC,72.0,51.84961700439453,39.5678825378418,-20.15038299560547
*CCCCCCCCCCOc1ccc(/C=C2\CCC/C(=C\c3ccc(O*)c(OC)c3)C2=O)cc1OC,60.0,49.560218811035156,44.67848587036133,-10.439781188964844
*Oc1ccc(Oc2ccc(OC(*)=O)cc2)cc1,118.0,116.34828186035156,43.18679428100586,-1.6517181396484375
*c1ccc(Oc2ccc(C(=O)c3ccc(Oc4ccc(-c5c6c(c(*)c7ccccc57)C(=O)N(c5ccc(C(F)(F)F)cc5)C6=O)cc4)cc3)cc2)cc1,260.0,272.1092224121094,38.333839416503906,12.109222412109375
*Oc1c(Cl)cc(C(=C(Cl)Cl)c2cc(Cl)c(OC(*)=O)c(Cl)c2)cc1Cl,250.0,231.94900512695312,53.403717041015625,-18.050994873046875
*c1nc(C(F)(F)C(F)(F)C(F)(F)F)nc(C(F)(F)C(F)(F)C(F)(F)C(F)(F)C(F)(F)C(*)(F)F)n1,-5.0,6.317657470703125,40.438758850097656,11.317657470703125
*OC(=O)OCC(OC)C(COC(=O)OC1COC2C(*)COC12)OC,61.0,23.222869873046875,59.51448059082031,-37.777130126953125
*Oc1ccc(Cc2ccc(OC(=O)OCC3CCC(COC(*)=O)CC3)cc2)cc1,56.900001525878906,60.16465759277344,36.70878219604492,3.2646560668945312
*C(=O)Nc1ccc(Oc2ccc(C(c3ccc(Oc4ccc(NC(=O)c5ccc6c(c5)C(=O)N(c5ccc(Oc7ccc(C8(c9ccc(Oc%10ccc(N%11C(=O)c%12ccc(*)cc%12C%11=O)cc%10)cc9)CC9CC8C8CCCC98)cc7)cc5)C6=O)cc4)cc3)(C(F)(F)F)C(F)(F)F)cc2)cc1,254.0,254.31588745117188,34.766944885253906,0.315887451171875
*CC(CS(=O)(=O)CCC)O*,43.0,15.980522155761719,66.23582458496094,-27.01947784423828
*c1ccc(Oc2ccc(C(C)(C)c3ccc(Oc4ccc(N5C(=O)c6ccc(Oc7ccc8c(c7)C(=O)N(*)C8=O)cc6C5=O)cc4)cc3)cc2)cc1,227.5,219.4993896484375,33.321895599365234,-8.0006103515625
*CC(*)c1ccccc1COCCCCC,47.0,42.29083251953125,45.186485290527344,-4.70916748046875
*Oc1ccc(C(=O)c2ccc(Oc3ccc(C(=O)c4ccc(Oc5cccc(Cc6cccc(*)c6)c5)cc4)cc3)cc2)cc1,123.0,163.95167541503906,37.47713088989258,40.95167541503906
*Oc1ccc(NC(=O)c2cc(NC(=O)c3ccc(OC(C)=O)cc3)cc(C(=O)Nc3ccc(Oc4ccc(C(C)(C)c5ccc(*)cc5)cc4)cc3)c2)cc1,243.0,243.15533447265625,84.1227798461914,0.15533447265625
*C(=O)OCCCSCCCCSCCCOC(=O)c1ccc(N2C(=O)c3ccc(*)cc3C2=O)cc1,39.0,62.30554962158203,25.7026424407959,23.30554962158203
*C(=O)c1ccc2c(c1)C(=O)N(c1ccc(N(c3ccccc3)c3ccc(N4C(=O)c5ccc(*)cc5C4=O)cc3)cc1)C2=O,270.0,278.1440124511719,45.91033172607422,8.144012451171875
*CCCCCCN(CC(F)(F)C(F)(F)C(F)(F)C(F)(F)C(F)(F)C(F)(F)C(F)(F)F)C(=O)CCCCC(=O)N(*)CC(F)(F)C(F)(F)C(F)(F)C(F)(F)C(F)(F)C(F)(F)C(F)(F)F,119.4000015258789,59.44922637939453,41.085689544677734,-59.950775146484375
*CCCOCCCCOCCCN1C(=O)c2ccc(C(=O)Oc3ccc(OC(=O)c4ccc5c(c4)C(=O)N(*)C5=O)cc3)cc2C1=O,56.0,69.72725677490234,21.56270980834961,13.727256774902344
*C(=O)c1ccc2c(c1)C(=O)N(c1ccc(-c3ccccc3N3C(=O)c4ccc(*)cc4C3=O)cc1)C2=O,305.0,319.72308349609375,47.43783187866211,14.72308349609375
*Oc1ccc(NC(=O)c2ccc(S(=O)(=O)c3ccc(C(=O)Nc4ccc(Oc5ccc(C(c6ccc(*)cc6)(C(F)(F)F)C(F)(F)F)cc5)cc4)cc3)cc2)cc1,250.0,210.2510986328125,48.83790588378906,-39.7489013671875
*CCC(*)(C)C,-12.0,-36.73036193847656,39.282413482666016,-24.730361938476562
*Oc1c(Br)cc(C2(c3cc(Br)c(OC(*)=O)c(Br)c3)CC3CCC2C3)cc1Br,283.0,231.5525665283203,70.50076293945312,-51.44743347167969
*CCNC(=O)c1ccc([Si](CCCC)(CCCC)c2ccc(C(=O)NCCN(*)c3ccc(/C=C/c4ccc([N+](=O)[O-])cc4)cc3)cc2)cc1,115.0,92.78899383544922,55.421749114990234,-22.21100616455078
*Oc1ccc(C(=O)c2cccc(NC(=O)c3cccc(C(=O)Nc4ccc(C(=O)c5ccc(*)cc5)cc4)c3)c2)cc1,204.0,227.03762817382812,66.68045043945312,23.037628173828125
*CCCCCCn1c2ccccc2c2cc(/C=C(\C#N)C(=O)OCCCCCCOC(=O)/C(C#N)=C/c3ccc4c(c3)c3ccccc3n4*)ccc21,117.69999694824219,187.5401611328125,87.49871826171875,69.84016418457031
*COc1ccc(C(c2ccc(OCC3(*)COC3)cc2)(C(F)(F)F)C(F)(F)F)cc1,134.0,83.96715545654297,47.32156753540039,-50.03284454345703
*c1ccc2c(c1)C(=O)N(c1cc(NC(=O)OCCN(CCOC(=O)Nc3cc(N4C(=O)c5ccc(C(*)(C(F)(F)F)C(F)(F)F)cc5C4=O)ccc3C)c3ccc(/N=N/c4ccc([N+](=O)[O-])cc4)cc3)ccc1C)C2=O,196.0,181.4321746826172,31.949939727783203,-14.567825317382812
*c1ccc(*)s1,89.3499984741211,136.15554809570312,36.94157791137695,46.80554962158203
*Oc1ccc(NC(=O)c2cccc(C(=O)Nc3ccc(Oc4ccc(C(c5ccc(*)cc5)(C(F)(F)F)C(F)(F)F)cc4)cc3)c2)cc1,228.5,251.78326416015625,77.10887145996094,23.28326416015625
*C/C=C/C[Si](*)(C=C)C=C,-65.0,34.732872009277344,70.50358581542969,99.73287200927734
*C(=O)Nc1ccc(Oc2c(C)cc(C(C)(C)c3cc(C)c(Oc4ccc(NC(=O)c5ccc6c(c5)C(=O)N(c5ccc(Oc7ccc(C8(c9ccc(Oc%10ccc(N%11C(=O)c%12ccc(*)cc%12C%11=O)cc%10)cc9)CC9CC8C8CCCC98)cc7)cc5)C6=O)cc4)c(C)c3)cc2C)cc1,276.0,280.857666015625,63.98229217529297,4.857666015625
*C/C=C(\C)C(C)S(*)(=O)=O,73.0,66.56929779052734,40.79845428466797,-6.430702209472656
*CCCCCCOc1ccc(C(=O)N(C(=O)c2ccc(O*)cc2)c2cccc3ccccc23)cc1,56.0,131.29176330566406,78.22213745117188,75.29176330566406
*CCCCCCCCCCCCCCCCCCCCOC(=O)CC(=O)O*,-35.099998474121094,-57.121307373046875,34.315860748291016,-22.02130889892578
*CC(OCC(C)C)C(C(=O)OC)C(*)C(=O)OC,44.5,10.58123779296875,53.080970764160156,-33.91876220703125
*c1ccc(C2(c3ccc(-c4cc(-c5ccccc5)c5cc(C6(c7ccc8nc(*)cc(-c9ccccc9)c8c7)c7ccccc7-c7ccccc76)ccc5n4)cc3)c3ccccc3C(=O)c3ccccc32)cc1,385.0,371.41546630859375,50.43090057373047,-13.58453369140625
*Oc1ccc(C(CC)c2ccc(OC(*)=S)cc2)cc1,104.0,127.75078582763672,39.54034423828125,23.75078582763672
*Oc1cccc2ccc(Oc3ccc(NC(=O)c4ccc(Oc5ccc(C(=O)Nc6ccc(*)cc6)cc5)cc4)cc3)cc12,236.0,232.27853393554688,64.2579116821289,-3.721466064453125
*Oc1ccc(OC(=O)c2ccc(C(*)=O)cc2Sc2ccc3ccccc3c2)cc1,148.0,131.4087677001953,38.677398681640625,-16.591232299804688
*c1cc(Br)c(Oc2c(Br)cc(N3C(=O)c4ccc(Oc5ccc6c(c5)C(=O)N(*)C6=O)cc4C3=O)cc2Br)c(Br)c1,283.0,314.87164306640625,53.75141143798828,31.87164306640625
*Oc1ccc(NC(=O)c2cc(C(=O)Nc3ccc(*)cc3)c(C(=O)OCC)cc2C(=O)OCC)cc1,208.0500030517578,125.99127960205078,77.51831817626953,-82.05872344970703
*CC(*)(C)C(=O)OCCN(CC)c1ccc(/N=N/c2ccc(OC)cc2)c(C)c1,95.0,111.7351303100586,61.4599494934082,16.735130310058594
*CC(=O)NCCCCCCNC(=O)CS*,-7.0,44.93597412109375,49.64687728881836,51.93597412109375
*CC(O)COc1ccc(C(C)(C)c2ccc(OCC(O)COc3cccc(NC(=O)CCCCCCCCCCC(=O)Nc4cccc(O*)c4)c3)cc2)cc1,90.0,55.336639404296875,34.68509292602539,-34.663360595703125
*C(=O)Nc1ccc(Oc2ccc(C3(c4ccc(Oc5ccc(NC(=O)c6ccc7c(c6)C(=O)N(c6cccc(N8C(=O)c9ccc(*)cc9C8=O)c6)C7=O)cc5)cc4)NC(=O)c4ccccc43)cc2)cc1,320.0,307.7923583984375,44.95235061645508,-12.2076416015625
*OS(=O)(=O)c1cccc(S(=O)(=O)Oc2ccc(C3(c4ccc(*)cc4)CCCCC3)cc2)c1,127.0,136.7164306640625,41.90321350097656,9.7164306640625
*Oc1ccc(Oc2ccc(NC(=O)c3cc(C(=O)Nc4ccc(*)cc4)cc(C(C)(C)C)c3)cc2)cc1,195.5,246.59823608398438,95.1527328491211,51.098236083984375
*c1cccc(OCCCCCCCCCCCCOc2cccc(N3C(=O)c4ccc(-c5cccc6c5C(=O)N(*)C6=O)cc4C3=O)c2)c1,116.0,158.3384552001953,89.48661804199219,42.33845520019531
*CCCCCCOC(=O)OCCCCCCCCCCOC(=O)OCCCCCCOc1ccc(C(=O)c2ccc(O*)cc2)cc1,-13.0,-16.698959350585938,33.95372009277344,-3.6989593505859375
*Oc1cc(OC(=O)c2ccc(OCCCCCCCCCCCC)cc2)c(OC(=O)CCCC(*)=O)cc1OC(=O)c1ccc(OCCCCCCCCCCCC)cc1,23.0,13.40032958984375,31.49056053161621,-9.59967041015625
*c1ccc(OCCCCCCCCCCCOC(=O)c2ccc(C(=O)OCCCCCCCCCCCOc3ccc(-c4nnc(*)s4)cc3)cc2)cc1,64.0,63.11046600341797,46.39262771606445,-0.8895339965820312
*Oc1ccc(S(=O)(=O)c2ccc(Oc3ccc(C(C)(C)c4ccc(*)cc4)cc3[N+](=O)[O-])cc2)cc1,190.0,183.0443572998047,75.88480377197266,-6.9556427001953125
*N=P(*)(OCCOCCOC)OCCOCCOC,-81.0,-59.923370361328125,53.220760345458984,21.076629638671875
*OP(=O)(Oc1ccc(Br)cc1)Oc1c(Br)cc(C(c2cc(Br)c(*)c(Br)c2)(C(F)(F)F)C(F)(F)F)cc1Br,152.0,159.52342224121094,30.436683654785156,7.5234222412109375
*c1ccc(Sc2cccc(Sc3ccc(S(*)=O)cc3)c2)cc1,121.0,112.73877716064453,35.9245719909668,-8.261222839355469
*c1ccc(Cc2ccc(N3C(=O)c4ccc(Oc5ccc(C6(c7ccc(Oc8ccc9c(c8)C(=O)N(*)C9=O)cc7)CCCCCCCCCCC6)cc5)cc4C3=O)cc2)cc1,240.0,243.6724853515625,72.72230529785156,3.6724853515625
*OC(=O)c1cccc(OCCCCCCCCCCOc2cccc(C(=O)OC3COC4C(*)COC34)c2)c1,30.0,40.485443115234375,20.602357864379883,10.485443115234375
*Nc1cc([N+](=O)[O-])c(NC(=O)CCCCC(*)=O)cc1/C=C/c1ccc(N(C)C)cc1,206.0,117.36000061035156,54.5246696472168,-88.63999938964844
*C(F)(F)C(*)(F)OC(F)(F)F,-5.0,-31.614578247070312,39.96866989135742,-26.614578247070312
*Nc1cc(NC(=O)c2cccc(C(*)=O)c2)cc(C(=O)OCCOc2ccc(/C=C/C(=O)c3ccccc3)cc2)c1,216.0,213.23829650878906,70.65128326416016,-2.7617034912109375
*Oc1ccc(S(=O)(=O)c2ccc(Oc3ccc(C(C)(CCC(=O)O)c4ccc(*)cc4)cc3)cc2)cc1,163.0,181.10597229003906,48.535335540771484,18.105972290039062
*Nc1ccc(C(C)(C)c2ccc(NC(=O)c3cc(C(*)=O)cc(S(=O)(=O)c4ccccc4)c3)cc2)cc1,287.0,241.40228271484375,77.3921127319336,-45.59771728515625
*CC(*)OC(=O)CC(C)(C)c1ccccc1,20.0,68.35712432861328,41.444007873535156,48.35712432861328
*CCOC(=O)c1ccc2cc(C(=O)O*)ccc2c1,120.0,102.67820739746094,42.78904724121094,-17.321792602539062
*CC(*)C(N)=O,193.0,145.0904083251953,70.31456756591797,-47.90959167480469
*CCCP(=O)(CCCNC(=O)CCCCC(=O)N*)c1ccccc1,55.0,38.63909912109375,34.53895568847656,-16.36090087890625
*C(=O)Nc1ccc(Oc2ccc(NC(=O)c3ccc4c(c3)C(=O)N(c3ccc(Oc5cccc6c(N7C(=O)c8ccc(*)cc8C7=O)cccc56)cc3)C4=O)cc2)cc1,278.0,256.13702392578125,30.392608642578125,-21.86297607421875
*c1ccc(Oc2ccc(N3C(=O)c4cccc(Oc5cccc6c5C(=O)N(*)C6=O)c4C3=O)cc2)cc1,292.5,277.52197265625,44.779052734375,-14.97802734375
*CCCCCCNC(=O)CCC(C)(C)c1ccc(C(C)(C)CCC(=O)N*)cc1,93.25,75.47740173339844,49.284934997558594,-17.772598266601562
*Oc1ccc(C(=O)OCCCCCOC(=O)c2ccc(*)cc2)cc1,26.0,56.58007049560547,32.759674072265625,30.58007049560547
*NC(CCC(=O)OCCCCCCCC)C(*)=O,-59.5,20.701858520507812,54.80914306640625,80.20185852050781
*Oc1ccc(NC(=O)c2cc(NC(=O)CCCCCN3C(=O)c4ccccc4C3=O)cc(C(=O)Nc3ccc(*)cc3)c2)cc1,200.0,182.69464111328125,67.05067443847656,-17.30535888671875
*c1cccc(Oc2cccc(Oc3cccc(N4C(=O)c5ccc(-c6ccc7c(c6)C(=O)N(*)C7=O)cc5C4=O)c3)c2)c1,208.0,252.80935668945312,33.26912307739258,44.809356689453125
*CCCCCCNC(=O)/C=C(\C)C(=O)N*,94.0,82.34649658203125,56.62052917480469,-11.65350341796875
*c1ccc(NC(=O)Nc2ccc(NC(=O)Nc3ccc(-c4nc(C#N)c(C#N)nc4*)cc3)cc2)cc1,248.6999969482422,266.12457275390625,63.2307243347168,17.424575805664062
*C(=O)Nc1ccc(/N=N/c2ccc([N+](=O)[O-])cc2)c(NC(=O)c2ccc3c(c2)C(=O)N(c2c(C)cc(-c4cc(C)c(N5C(=O)c6ccc(*)cc6C5=O)c(C)c4)cc2C)C3=O)c1,278.0,220.880859375,43.87002182006836,-57.119140625
*CCCCOC(=O)OCC1CCC(COC(=O)O*)CC1,13.0,6.0750274658203125,46.53070068359375,-6.9249725341796875
*Sc1ccc(Nc2ccc(*)cc2)cc1,145.0,136.81600952148438,80.20557403564453,-8.183990478515625
*C(=O)c1ccc2c(c1)C(=O)N(c1cc(-c3nc4ccccc4[nH]3)cc(N3C(=O)c4ccc(*)cc4C3=O)c1)C2=O,197.0,310.95123291015625,48.30051803588867,113.95123291015625
*C(F)(F)C(*)(F)OC(F)(F)C(F)(F)C(F)(F)C(F)(F)F,-10.0,-36.50944519042969,39.334129333496094,-26.509445190429688
*Nc1cc(NC(=O)c2ccc(C(*)=O)cc2)cc(C(=O)OCCOc2ccc(/C=C/C(=O)c3ccccc3)cc2)c1,233.0,213.23829650878906,70.65128326416016,-19.761703491210938
*Oc1ccc2ccc(Oc3ccc(C(=O)Nc4ccc(Oc5ccc(Oc6ccc(NC(=O)c7ccc(*)cc7)cc6)cc5)cc4)cc3)cc2c1,191.0,236.02224731445312,46.4425163269043,45.022247314453125
*CCCCCCCCNC(=O)c1ccc(C(=O)N*)cc1,123.0,120.59901428222656,61.269039154052734,-2.4009857177734375
*CCN(CCOC(=O)c1ccc(C(=O)O*)cc1)c1ccc(C=C(C#N)C#N)cc1,127.0,211.61056518554688,89.95956420898438,84.61056518554688
*CCCCCCCCOC(=O)NCCCCCCNC(=O)O*,58.0,46.06414794921875,34.028480529785156,-11.93585205078125
*CC1(*)CC(=O)N(c2ccccc2)C1=O,236.0,154.83494567871094,93.95413208007812,-81.16505432128906
*c1ccc(-c2ccc(-c3cc(-c4ccc(Oc5ccc(-c6ccccc6)cc5)cc4)c4cc(-c5ccc6nc(*)cc(-c7ccc(Oc8ccc(-c9ccccc9)cc8)cc7)c6c5)ccc4n3)cc2)cc1,364.0,343.35791015625,47.852195739746094,-20.64208984375
*Oc1ccc(/N=C(\C)c2ccc(Oc3ccc(C(c4ccccc4)(c4ccccc4)c4ccc(Oc5ccc(/C(C)=N/c6ccc(*)cc6)cc5)cc4)cc3)cc2)cc1,150.0,201.0304718017578,62.360164642333984,51.03047180175781
*c1ccc(Oc2ccc(S(=O)(=O)c3ccc(Oc4ccc(-c5c6c(c(*)c7ccccc57)C(=O)N(c5ccccc5C(F)(F)F)C6=O)cc4)cc3)cc2)cc1,290.0,247.88563537597656,41.64079284667969,-42.11436462402344
*c1ccc2c(c1)C(=O)N(c1cccc(Oc3ccc(N4C(=O)c5ccc(C(*)(C(F)(F)F)C(F)(F)F)cc5C4=O)cc3)c1)C2=O,260.0,289.3780517578125,58.27602767944336,29.3780517578125
*CCCCCCCCCCCCCCNC(=O)CCc1ccc(CCC(=O)N*)cc1,85.0,75.04952239990234,38.518489837646484,-9.950477600097656
*Oc1ccc(N(c2ccc(OC)cc2)c2ccc3ccc(N(c4ccc(*)cc4)c4ccc(OC)cc4)cc3c2)cc1,197.0,218.4200897216797,60.50902557373047,21.420089721679688
*O[Si](*)(C)CC[Si](OCCOC)(OCCOC)OCCOC,28.899999618530273,-91.55311584472656,56.069114685058594,-120.45311546325684
*CC(*)C(=O)Oc1ccccc1C,51.5,62.933631896972656,31.126609802246094,11.433631896972656
*Oc1ccc(-c2ccc(OC(=O)c3cccc(C(*)=O)c3)cc2)cc1,185.5,167.4479217529297,41.99762725830078,-18.052078247070312
*C(=O)Nc1ccc(Oc2ccc(NC(=O)c3ccc4c(c3)C(=O)N(C3CCC(CC5CCC(N6C(=O)c7ccc(*)cc7C6=O)CC5)CC3)C4=O)cc2)cc1,250.0,205.5257568359375,90.85807800292969,-44.4742431640625
*c1cccc(C(F)(F)C(F)(F)C(F)(F)C(F)(F)C(F)(F)c2cccc(N3C(=O)c4ccc(Oc5ccc6c(c5)C(=O)N(*)C6=O)cc4C3=O)c2)c1,157.0,248.61904907226562,63.32450866699219,91.61904907226562
*CC(*)c1ccc([Si](C)(C)OC(C)C)cc1,180.0,70.73738861083984,81.5574951171875,-109.26261138916016
*CC(*)(C)C(=O)OCCCCCCOc1ccc(-c2ccc(C#N)cc2)cc1,63.0,62.696044921875,40.48389434814453,-0.303955078125
*Sc1ccc(P(=O)(c2ccccc2)c2ccc(Sc3ccc(-c4ccc(*)cc4)cc3)cc2)cc1,232.0,191.0112762451172,57.04629898071289,-40.98872375488281
*CCOP(=O)(/N=N/c1ccc(COC(=O)c2cc(C(=O)OCc3ccc(/N=N/P(=O)(O*)OC)cc3)cc(C(C)(C)C)c2)cc1)OC,105.0,88.86416625976562,37.238250732421875,-16.135833740234375
*c1ccc(Sc2ccc3c(c2)Sc2ccc(Sc4ccc(-n5c(=O)c6cc7c(=O)n(*)c(=O)c7cc6c5=O)cc4)cc2S3)cc1,254.75,262.13275146484375,64.47108459472656,7.38275146484375
*C(=O)c1ccc2c(c1)C(=O)N(C1CCC(CC3CCC(N4C(=O)c5ccc(*)cc5C4=O)CC3)CC1)C2=O,254.0,194.58978271484375,103.94697570800781,-59.41021728515625
*Nc1ccc(Oc2ccc(Nc3ccc4c(c3)c3cc(*)ccc3n4CC(CC)CCCC)cc2)cc1,220.0,207.93704223632812,72.35476684570312,-12.062957763671875
*C(=O)Nc1ccc(S(=O)(=O)c2ccc(NC(=O)c3ccc4c(c3)C(=O)N(c3cccc(N5C(=O)c6ccc(*)cc6C5=O)c3)C4=O)cc2)cc1,342.0,299.7593688964844,56.34574508666992,-42.240631103515625
*CC(*)(C)C(=O)OCCCCCOc1ccc(OC(=O)c2ccc(OC)cc2)cc1,38.0,49.945152282714844,36.19710159301758,11.945152282714844
*C(=O)OCCN(CCOC(=O)c1ccc2c(c1)C(=O)N(c1cccc(N3C(=O)c4ccc(*)cc4C3=O)c1)C2=O)c1ccc(/N=N/c2ccc(F)cc2)cc1,168.0,226.37405395507812,37.37892150878906,58.374053955078125
*c1cc(C)c(Oc2ccc(S(=O)(=O)c3ccc(Oc4cc(C)c(C5(*)OC(=O)c6ccccc65)cc4C)cc3)cc2)cc1C,269.0,214.90853881835938,57.545677185058594,-54.091461181640625
*CC(*)c1ccc(-c2cccc3nsnc23)cc1,150.0,115.16742706298828,47.05134201049805,-34.83257293701172
*CC(*)(C)c1ccc(C(O)C(F)(F)F)cc1,199.0,63.906944274902344,52.290008544921875,-135.09305572509766
*c1ccc(Sc2ccc(Sc3ccc(Sc4ccc(N5C(=O)c6ccc(-c7cccc8c7C(=O)N(*)C8=O)cc6C5=O)cc4)cc3)cc2)cc1,226.6999969482422,214.784423828125,59.279632568359375,-11.915573120117188
*c1ccccc1C(=O)Oc1ccc2c(*)c3ccc(=O)cc-3oc2c1,250.0,269.6285400390625,60.84918212890625,19.6285400390625
*CC(*)C(=O)OC1CCCCCCCCCCC1,37.0,-29.17388916015625,65.80725860595703,-66.17388916015625
*CC(*)(C)C(=O)OC1CCC(C)CC1,109.0,86.24723815917969,66.7872543334961,-22.752761840820312
*c1ccc(C(=O)Nc2ccc(Oc3ccc(Oc4ccc(NC(=O)c5ccc(Oc6ccc(-c7nn(*)c(=O)c8ccccc78)c7ccccc67)cc5)cc4)cc3)cc2)cc1,289.5,244.89785766601562,51.76961898803711,-44.602142333984375
*c1c(C)cc(Cc2cc(C)c(N3C(=O)c4ccc(Oc5ccc6ccc(Oc7ccc8c(c7)C(=O)N(*)C8=O)cc6c5)cc4C3=O)c(C)c2)cc1C,272.0,258.6219482421875,50.348228454589844,-13.3780517578125
*CC(*)C(=O)OCCSCC,-71.0,-18.8267822265625,52.227386474609375,52.1732177734375
*Oc1ccc(-c2ccc(OC(=O)c3ccc(C(=O)c4ccc(C(*)=O)cc4)cc3)c(-c3ccccc3)c2)cc1-c1ccccc1,184.5,172.39553833007812,36.29572677612305,-12.104461669921875
*Oc1cccc(NC(=O)CCCCCC(=O)Nc2ccc(*)cc2)c1,130.0,126.4133529663086,55.85031509399414,-3.5866470336914062
*NC(C)CCC(C)(C)CCCNC(=O)c1ccc(C(*)=O)cc1,150.0,139.40292358398438,63.22921371459961,-10.597076416015625
*Oc1ccc(OC(=O)c2cc(OCCCCCCCCCCCC)c(C(*)=O)cc2OCCCCCCCCCCCC)cc1C,112.0,40.84886169433594,66.18218231201172,-71.15113830566406
*Oc1ccc(C(C)(C)c2ccc(Oc3ccc(C(=O)c4c(C(=O)c5ccc(*)cc5)c(-c5ccc(F)cc5)c(-c5ccc(F)cc5)c(-c5ccc(F)cc5)c4-c4ccc(F)cc4)cc3)cc2)cc1,252.0,255.6468505859375,41.08919143676758,3.6468505859375
*Oc1ccc(S(=O)(=O)c2ccc(Oc3ccc(-c4ccc(*)cc4)cc3)cc2N)c(N)c1,242.1999969482422,225.37147521972656,89.3041000366211,-16.828521728515625
*c1ccc(-c2cc(-c3ccc(OCCCCCC)cc3)cc(-c3ccc(-c4ccc5c(c4)C(CCCCCC)(CCCCCC)c4cc(*)ccc4-5)cc3)c2-c2ccc(OCCCCCC)cc2)cc1,118.0,121.7337417602539,53.41310501098633,3.7337417602539062
*CCCCCC(=O)Oc1ccc(OC(=O)c2ccc3c(c2)C(=O)N(*)C3=O)cc1,89.0,70.83270263671875,31.220544815063477,-18.16729736328125
*CC1(C)CC(N2C(=O)c3ccc(Oc4ccc5c(c4)C(=O)N(*)C5=O)cc3C2=O)CC(C)(C)C1,266.0,148.9048309326172,80.59247589111328,-117.09516906738281
*c1ccc2c(c1)C(=O)N(c1ccc(Oc3ccc(C(=O)c4cccc(C(=O)c5ccc(Oc6ccc(N7C(=O)c8ccc(C(*)(C(F)(F)F)C(F)(F)F)cc8C7=O)cc6)cc5)n4)cc3)cc1)C2=O,226.89999389648438,244.86537170410156,32.83323669433594,17.965377807617188
*Oc1ccc(C2(c3ccc(OC(=O)c4ccc(C(*)=O)cc4)cc3)CC3CC2C2CCCC32)cc1,322.0,194.0535430908203,84.76942443847656,-127.94645690917969
*c1ccc(-c2ccc(-n3c(-c4ccc(Oc5ccc(C(=O)c6ccc(Oc7ccc(C(=O)c8ccc(Oc9ccc(-c%10nc%11ccccc%11n%10*)cc9)cc8)cc7)cc6)cc5)cc4)nc4ccccc43)cc2)cc1,243.0,263.2085266113281,44.186798095703125,20.208526611328125
*c1ccc(-c2ccc(-c3cnc4cc(Oc5ccc6nc(*)cnc6c5)ccc4n3)cc2)cc1,390.0,333.4421691894531,57.22750473022461,-56.557830810546875
*/C=C/C(C(=O)OCc1ccccc1)C(*)C(=O)OCc1ccccc1,21.0,73.50413513183594,51.89506149291992,52.50413513183594
*c1ccc2c(c1)C(=O)N(c1ccc(Oc3ccc(S(=O)(=O)c4ccc(Oc5ccc(N6C(=O)c7ccc(C(*)(C(F)(F)F)C(F)(F)F)cc7C6=O)cc5)cc4)cc3)cc1)C2=O,276.5,235.79129028320312,37.077239990234375,-40.708709716796875
*CCCCOCCCCOCCCCOC(=O)c1ccc(/N=C/c2ccc(/C=N/c3ccc(C(=O)O*)cc3)cc2)cc1,-13.199999809265137,81.67375183105469,55.74860763549805,94.87375164031982
*CC(*)CCCCCC,-54.0,-13.291122436523438,79.51065063476562,40.70887756347656
*CCC(C)CC(C)(C)CNC(=O)c1ccc(C(=O)N*)cc1,147.0,136.55487060546875,57.59846878051758,-10.44512939453125
*C(=O)Nc1cccc(NC(=O)c2ccc3c(c2)C(=O)N(c2cccc(P(=O)(c4ccccc4)c4cccc(N5C(=O)c6ccc(*)cc6C5=O)c4)c2)C3=O)n1,156.0,213.52291870117188,31.038331985473633,57.522918701171875
*c1ccc(N2C(=O)c3ccc(C(=O)c4ccc5c(c4)C(=O)N(c4ccc(-c6nc7cc(S(=O)(=O)c8ccc9nc(-c%10ccccc%10)c(*)nc9c8)ccc7nc6-c6ccccc6)cc4)C5=O)cc3C2=O)cc1,240.0,259.60693359375,34.90309524536133,19.60693359375
*Oc1ccc(C(c2ccc(Oc3ccc(C(=O)C(=O)c4ccc(*)cc4)cc3)cc2)(C(F)(F)F)C(F)(F)F)cc1,162.0,143.21710205078125,43.65950393676758,-18.78289794921875
*CCC1C(=O)N(CCCC)C(=O)C1*,67.9000015258789,90.74688720703125,65.96475982666016,22.846885681152344
*Oc1ccc(C(C)(CC)c2ccc(OC(*)=O)c(Cl)c2)cc1Cl,142.0,130.16741943359375,46.00374221801758,-11.83258056640625
*CCOC(=O)C1CCC(C(=O)OCCOc2ccc(C(C)(C)c3ccc(O*)cc3)cc2)CC1,57.0,51.3616943359375,27.35086441040039,-5.6383056640625
*Oc1ccc(S(=O)(=O)c2ccc(Oc3ccc(C(c4ccc(*)cc4)(C(F)(F)F)C(F)(F)F)cc3)cc2C(O)(C(F)(F)F)C(F)(F)F)c(C(O)(C(F)(F)F)C(F)(F)F)c1,148.0,158.73757934570312,28.729976654052734,10.737579345703125
*Oc1ccc(N(c2ccccc2)c2ccc(-c3ccc(N(c4ccccc4)c4ccc(*)cc4)cc3)cc2)cc1,218.0,222.9641571044922,53.869258880615234,4.9641571044921875
*CC(=O)Nc1ccc(Oc2ccc(C(C)(C)c3ccc(Oc4ccc(NC(=O)CN5C(=O)c6ccc(C(c7ccc8c(c7)C(=O)N(*)C8=O)(C(F)(F)F)C(F)(F)F)cc6C5=O)cc4)cc3)cc2)cc1,224.0,258.9059143066406,56.10375213623047,34.905914306640625
*O[Si](C)(C)O[Si](C)(C)c1ccc([Si](*)(C)C)cc1,-62.5,-59.76823425292969,54.31523132324219,2.7317657470703125
*c1ccc2c(c1)C(=O)N(c1cccc(N3C(=O)c4ccc(C(*)(C(F)(F)F)C(F)(F)F)cc4C3=O)c1C)C2=O,353.5,313.8128662109375,56.369266510009766,-39.6871337890625
*Oc1ccc(C(C)(C)c2ccc(Oc3ccc(C(=O)c4ccc(-c5ccc(C(=O)c6ccc(*)cc6)cc5)cc4)cc3)cc2)cc1,186.0,187.8726806640625,44.24662780761719,1.8726806640625
*CC(C)(C)S*,-14.0,-62.32084655761719,42.54487609863281,-48.32084655761719
*CC(*)(C)C(=O)OCCCCCC(=O)Oc1ccc(OC(=O)c2ccc(OCCCCC)cc2)cc1,50.0,40.4019775390625,22.937166213989258,-9.5980224609375
*c1cccc(Cc2cccc(-n3c(=O)c4cc5c(=O)n(*)c(=O)c5cc4c3=O)c2)c1,327.5,364.84735107421875,49.40495300292969,37.34735107421875
*CCNC(=O)c1ccc(C(=O)N*)c(Oc2ccccc2)c1,164.0,148.18869018554688,61.33274459838867,-15.811309814453125
*OS(=O)(=O)c1cccc(C(=O)c2cccc(S(=O)(=O)Oc3ccc(C(C)(C)c4ccc(*)cc4)cc3)c2)c1,122.0,141.94158935546875,56.96647262573242,19.94158935546875
*CCCCCCCCCCNC(=O)/C=C(\C)C(=O)N*,74.0,55.11744689941406,36.518882751464844,-18.882553100585938
*CC(*)(C)C(=O)OCCCN(CCO)c1ccc(/N=N/c2ccc([N+](=O)[O-])cc2)cc1,131.0,113.50382995605469,43.97068405151367,-17.496170043945312
*Nc1ccc(C(=O)c2ccc(NC(=O)c3ccc(C(*)=O)cc3)cc2)cc1,300.0,301.22271728515625,65.34931945800781,1.22271728515625
*CCCCCCCC(*)C,-58.0,-53.538818359375,48.764347076416016,4.461181640625
*OC(C)CCOC(=O)C(CCCCCCOc1ccc(/N=C/c2ccc([N+](=O)[O-])cc2)cc1)C(*)=O,3.0,52.11088562011719,26.100053787231445,49.11088562011719
*Oc1ccc(CC(NC(=O)CCc2ccc(OC(=O)CCCCC(*)=O)cc2)C(=O)OCCCCCC)cc1,37.724998474121094,38.32915496826172,18.150320053100586,0.604156494140625
*CCCCCC(=O)Oc1ccc2ccc(OC(=O)CCCCCn3c(=O)c4cc5c(=O)n(*)c(=O)c5cc4c3=O)cc2c1,98.0,79.42679595947266,22.75733757019043,-18.573204040527344
*Oc1ccc(CC(NC(=O)CCc2ccc(OC(=O)CCCCC(*)=O)cc2)C(=O)OCc2ccccc2)cc1,54.5,60.84349060058594,14.472468376159668,6.3434906005859375
*Oc1ccc(CC(NC(=O)CCc2ccc(OC(=O)COCCOCC(*)=O)cc2)C(=O)OC)cc1,63.0,57.621131896972656,14.191484451293945,-5.378868103027344
*O[Si](C)(CCC(F)(F)F)O[Si](C)(CCC(F)(F)F)O[Si](C)(CCC(F)(F)F)CCC(F)(F)C(F)(F)C(F)(F)C(F)(F)C(F)(F)C(F)(F)CC[Si](*)(C)CCC(F)(F)F,-43.0,-73.19114685058594,41.784568786621094,-30.191146850585938
*[Si](*)(CCCC)CCCC,-40.5,-44.18873596191406,80.79517364501953,-3.6887359619140625
*CC(F)(F)C1(F)CC(C(O)(C(F)(F)F)C(F)(F)F)CC1*,118.0,35.38465881347656,64.20235443115234,-82.61534118652344
*CCOC(=O)NCCCCCCCCCCNC(=O)O*,60.79999923706055,50.724342346191406,44.08173751831055,-10.07565689086914
*CCCOCCCCOCCCN1C(=O)c2ccc(C(=O)Oc3ccc(-c4ccc(OC(=O)c5ccc6c(c5)C(=O)N(*)C6=O)cc4)cc3)cc2C1=O,70.0,92.51512145996094,33.60015869140625,22.515121459960938
*CCCCc1ccc(-c2c(-c3ccccc3)cc(-c3cccc(-c4cc(-c5ccccc5)c(-c5ccc(*)cc5)c(-c5ccccc5)c4-c4ccccc4)c3)c(-c3ccccc3)c2-c2ccccc2)cc1,180.0,228.07684326171875,40.10032272338867,48.07684326171875
*CCOC(=O)Nc1ccc(Cc2ccc(NC(=O)OCCOc3ccc(O*)cc3)cc2)cc1,98.0,109.49866485595703,59.2736930847168,11.498664855957031
*C(=O)c1ccc2c(c1)C(=O)N(c1ccc(-c3cc(C(C)(C)C)c(Oc4ccc(N5C(=O)c6ccc(*)cc6C5=O)cc4)c(C(C)(C)C)c3)cc1)C2=O,347.5,274.97796630859375,69.00931549072266,-72.52203369140625
*CC(O*)C(C)(C)C,41.0,-51.61833190917969,37.2789192199707,-92.61833190917969
*c1ccc2c(c1)C(=O)N(c1ccc(Oc3ccc(C(=O)c4cccc(N5C(=O)c6ccc(C(*)(C(F)(F)F)C(F)(F)F)cc6C5=O)c4)cc3)cc1)C2=O,242.0,268.4312744140625,41.06486129760742,26.4312744140625
*CCCCCCNC(=O)CCCCC(=O)NCC(=O)N*,53.400001525878906,50.30207061767578,41.44049072265625,-3.097930908203125
*CC(CCCC)COC(=O)NC(=O)c1cccc(C(=O)NC(=O)O*)c1,64.0,57.22746276855469,40.42128372192383,-6.7725372314453125
*C1C(=O)N(c2ccc(O[Si](CC)(CC)CC)cc2)C(=O)C1*,165.0,48.152915954589844,59.022796630859375,-116.84708404541016
*Nc1ccc(NC(=O)Cc2cc(C)c(CC(*)=O)cc2C)cc1,175.0,145.31658935546875,68.69983673095703,-29.68341064453125
*CC(*)c1ccc(COc2ccc(-c3ccc(-c4ccc(C)s4)c4nsnc34)cc2)cc1,130.0,188.72418212890625,65.94580078125,58.72418212890625
*Oc1ccc(Oc2ccc(C(=O)c3c(C(=O)c4ccc(*)cc4)c(-c4ccc(F)cc4)c(-c4ccc(F)cc4)c(-c4ccc(F)cc4)c3-c3ccc(F)cc3)cc2)cc1,266.0,235.17758178710938,35.51020431518555,-30.822418212890625
*CC(*)C(=O)Oc1cccc2ccccc12,85.0,164.85931396484375,60.79866409301758,79.85931396484375
*CC(CCCCCCCCCCCCCCCC)C1C(=O)N(CCCCCCCCCCCC)C(=O)C1*,30.0,32.23040771484375,20.066518783569336,2.23040771484375
*CCOCCOCCN1C(=O)c2ccc(C(=O)Oc3ccc(-c4ccc(OC(=O)c5ccc6c(c5)C(=O)N(*)C6=O)cc4)cc3)cc2C1=O,109.0,104.46688842773438,30.83993911743164,-4.533111572265625
*c1ccc2c(c1)C(=O)N(c1ccc(Oc3ccc(N4C(=O)c5ccc(C(*)O)cc5C4=O)cc3)cc1)C2=O,250.0,283.36309814453125,46.072757720947266,33.36309814453125
*CC(*)C(=O)N1CC[NH+](CC)CC1,72.5,56.14103698730469,37.382164001464844,-16.358963012695312
*CC(*)(C)C(=O)OCC1CC(NC(=O)OC(C)(C)C)CN1C(=O)OC(C)(C)C,127.0,48.28162384033203,46.576107025146484,-78.71837615966797
*CC(*)C(F)(F)C(F)(F)C(F)(F)F,58.0,83.71025085449219,53.398746490478516,25.710250854492188
*Oc1ccc(Oc2ccc(C(=O)Nc3ccc(Cc4ccc(NC(=O)c5ccc(*)cc5)cc4)cc3)cc2)cc1,216.0,255.4805908203125,72.48527526855469,39.4805908203125
*Nc1ccc(C2(c3ccc(NC(=O)c4ccc(C(*)=O)cc4)cc3)c3ccccc3-c3ccccc32)cc1,319.0,243.52789306640625,81.12857818603516,-75.47210693359375
*Nc1ccc(NC(=O)c2cc(-c3ccc(C(=O)OC)c(C(*)=O)c3)ccc2C(=O)OC)cc1,234.1999969482422,197.93157958984375,77.77589416503906,-36.26841735839844
*c1ccc2c(c1)C(=O)N(c1cccc(C(=O)Nc3ccc(Oc4cccc(Oc5ccc(NC(=O)c6cccc(N7C(=O)c8ccc(C(*)(C(F)(F)F)C(F)(F)F)cc8C7=O)c6)cc5)c4)cc3)c1)C2=O,264.0,278.9925842285156,35.16072463989258,14.992584228515625
*N=P(*)(OCCOCCOCCOCCOCCOCCOCCOCCOC)OCCOCCOCCOCCOCCOCCOCCOCCOC,-75.0,-79.07351684570312,41.325164794921875,-4.073516845703125
*OC(=O)OCCCCCCOC(=O)OC1COC2C(*)COC12,27.5,6.7753753662109375,61.822364807128906,-20.724624633789062
*CC(*)OC(=O)C(C)(C(C)C)C(C)C,120.0,-52.694549560546875,46.50930404663086,-172.69454956054688
*Oc1cc(OC(=O)c2ccc(OCCCC)cc2)c(OC(=O)CCCCCC(*)=O)cc1OC(=O)c1ccc(OCCCC)cc1,45.0,54.277992248535156,19.317380905151367,9.277992248535156
*c1ccc(Oc2ccc(C(C)(C)c3ccc(Oc4ccc(-c5nnc(*)n5-c5ccc(S(=O)(=O)c6ccccc6)cc5)cc4)cc3)cc2)cc1,198.0,257.0137939453125,66.09321594238281,59.0137939453125
*CC(*)(C)C(=O)OCC1OC(n2ccc(=O)[nH]c2=O)C(O)C1O,143.5,88.99296569824219,45.660606384277344,-54.50703430175781
*Oc1ccc(Oc2ccc(S(=O)(=O)c3ccc(-c4ccc(S(=O)(=O)c5ccc(*)cc5)cc4)cc3)cc2)cc1,251.0,209.83348083496094,69.11113739013672,-41.16651916503906
*Oc1ccc(C(C)(C)c2ccc(OC(=O)OCCCCOC(*)=O)cc2)cc1,56.5,58.323036193847656,36.408260345458984,1.8230361938476562
*Oc1ccc(-c2ccc(Oc3ccc(C(=O)c4c(C(=O)c5ccc(*)cc5)c(-c5ccc(F)cc5)c(-c5ccc(F)cc5)c(-c5ccc(F)cc5)c4-c4ccc(F)cc4)cc3)cc2)cc1,275.0,278.382080078125,43.30672836303711,3.382080078125
*c1ccc(CC(=O)Nc2ccc(NC(=O)Cc3ccc(-c4sc(*)c(-c5ccccc5)c4-c4ccccc4)cc3)cc2)cc1,251.0,212.216796875,56.91128158569336,-38.783203125
*OP(=O)(Oc1ccc([N+](=O)[O-])cc1)Oc1c(Br)cc(C(c2cc(Br)c(*)c(Br)c2)(C(F)(F)F)C(F)(F)F)cc1Br,154.0,155.8559112548828,53.13846206665039,1.8559112548828125
*CC(*)C(=O)Nc1cccc(Cl)c1,70.0,54.029441833496094,42.00473403930664,-15.970558166503906
*CC(*)C(=O)OCc1ccc(C#N)cc1,44.0,154.83494567871094,93.95413208007812,110.83494567871094
*Oc1ccc(CC(NC(=O)Cc2ccc(OC(=O)CCCCCCCCC(*)=O)cc2)C(=O)OCC)cc1,43.0,45.974151611328125,15.538979530334473,2.974151611328125
*C(=O)NC1CCC(CC2CCC(NC(=O)c3ccc(N4C(=O)c5ccc(*)cc5C4=O)cc3)CC2)CC1,275.0,119.984375,71.02236938476562,-155.015625
*N=P(N=P(N=S(*)(=O)NCC)(NCC)NCC)(NCC)NCC,4.0,19.72716522216797,46.031978607177734,15.727165222167969
*c1ccc2oc(-c3ccc4oc5ccc(-c6nc7cc(C(*)(C(F)(F)F)C(F)(F)F)ccc7o6)cc5c4c3)nc2c1,195.0,306.1856689453125,54.12074279785156,111.1856689453125
*c1ccc(NC(=O)CCCCCC(=O)Nc2ccc(S(*)(=O)=O)cc2)cc1,163.0,121.25743103027344,46.71399688720703,-41.74256896972656
*C(=O)Nc1ccc(S(=O)(=O)c2ccc(NC(=O)c3ccc4c(c3)C(=O)N(c3cc(-c5nc6ccccc6o5)cc(N5C(=O)c6ccc(*)cc6C5=O)c3)C4=O)cc2)cc1,367.0,302.07708740234375,50.91300964355469,-64.92291259765625
*CC(*)(C)C(=O)OCCCCCCOc1ccc(C(=O)Oc2ccc(/N=N/c3ccc(Cl)cc3)c3ccccc23)cc1,50.0,73.24665832519531,60.80529022216797,23.246658325195312
*Oc1ccc(S(=O)(=O)c2ccc(Oc3ccc(NC(=O)c4ccc(Oc5ccc(C(C)(C)c6cccc(C(C)(C)c7ccc(Oc8ccc(C(=O)Nc9ccc(*)cc9)cc8)cc7)c6)cc5)cc4)cc3)cc2)cc1,167.0,207.0794677734375,53.866668701171875,40.0794677734375
*CCCCCC(=O)Oc1ccc(C2(c3ccc(OC(=O)c4ccc5c(c4)C(=O)N(*)C5=O)cc3)CCCCC2)cc1,122.0,60.58277893066406,34.81145477294922,-61.41722106933594
*Oc1ccc(CC(NC(=O)CCc2ccc(OC(=O)CCCCCCCCC(*)=O)cc2)C(=O)OC(C)C)cc1,44.0,33.155487060546875,18.218870162963867,-10.844512939453125
*Oc1cccc(Oc2cccc(NC(=O)c3cc(Oc4ccc(C(=O)O)c(C(=O)Nc5cccc(*)c5)c4)ccc3C(=O)O)c2)c1C#N,200.10000610351562,235.81109619140625,48.35953140258789,35.711090087890625
*O[Si](*)(C)CCCOc1ccc(C(=O)Oc2ccc(-c3ccc(OC(=O)c4cc(OCC)cc(OCC)c4)cc3)cc2)cc1,62.79999923706055,77.04022979736328,33.07114791870117,14.240230560302734
*Oc1ccc(CC(NC(=O)CCc2ccc(OC(=O)CCCCC(*)=O)cc2)C(=O)OC(C)CC)cc1,50.0,50.17145538330078,15.49480152130127,0.17145538330078125
*CC(*)c1ccccc1COCC,74.0,63.84087371826172,56.45429229736328,-10.159126281738281
*Oc1ccc(OC(=O)CCCCCCCCC(*)=O)cc1,52.79999923706055,41.46294403076172,30.207836151123047,-11.337055206298828
*CC(*)(C)C(=O)OCc1ccc(/C=C/C(=O)Oc2ccc3oc(=O)ccc3c2)cc1,140.0,94.89064025878906,35.275970458984375,-45.10935974121094
*Cc1c(C)c(C)c(CNC(=O)CCCCCC(C)CC(=O)N*)c(C)c1C,211.0,91.65877532958984,60.290374755859375,-119.34122467041016
*CC(*)(Cl)Cl,-16.5,-32.82630920410156,44.01292419433594,-16.326309204101562
*c1ccc(Oc2ccc(Oc3ccc(P(=O)(c4ccccc4)c4ccc(Oc5ccc(Oc6ccc(-c7nc8cc9sc(*)nc9cc8s7)cc6)cc5)cc4)cc3)cc2)cc1,255.0,244.579833984375,48.45804977416992,-10.420166015625
*c1ccc(Oc2cc3ccccc3cc2Oc2ccc(N3C(=O)c4ccc(Oc5ccc6c(c5)C(=O)N(*)C6=O)cc4C3=O)cc2)cc1,275.5,235.22174072265625,27.84184455871582,-40.27825927734375
*c1ccc(S(=O)(=O)c2ccc(-n3nccc3-c3cccc(-c4ccnn4*)c3)cc2)cc1,218.0,217.61090087890625,78.73493957519531,-0.38909912109375
*Oc1ccc(/N=N/c2ccc(Oc3ccc(C(C)(C)c4ccc(*)cc4)cc3)cc2)cc1,175.0,205.3290252685547,68.62773132324219,30.329025268554688
*C(=O)c1ccc2c(c1)C(=O)N(c1cc(-c3nc4ccccc4oc3=O)cc(N3C(=O)c4ccc(*)cc4C3=O)c1)C2=O,95.0,318.7918701171875,54.18626022338867,223.7918701171875
*C(=O)Nc1ccc(Oc2cccc(Oc3ccc(NC(=O)c4ccc5c(c4)C(=O)N(c4ccc(Oc6cccc(Oc7ccc(N8C(=O)c9ccc(*)cc9C8=O)cc7)c6C#N)cc4)C5=O)cc3)c2C#N)cc1,220.0,237.19668579101562,28.876827239990234,17.196685791015625
*c1ccc(Oc2ccc(-c3cc(-c4ccccc4)c4cc5nc(*)cc(-c6ccccc6)c5cc4n3)cc2)cc1,365.0,312.6773681640625,50.55945587158203,-52.3226318359375
*c1ccc(-c2ccc(-n3c(=O)c4cc5c(=O)n(*)c(=O)c5cc4c3=O)cc2C(F)(F)F)c(C(F)(F)F)c1,358.0,362.294677734375,61.364688873291016,4.294677734375
*Oc1ccc(C(=O)OCCOCCOC(=O)c2ccc(OC(*)=O)cc2)cc1,51.0,54.56212615966797,30.709909439086914,3.5621261596679688
*CC#CC#CCOc1ccc(C(=O)OCCN(CCOC(=O)c2ccc(O*)cc2)c2ccc(/N=N/c3ccc(/N=N/c4cc(C)c([N+](=O)[O-])c(C)c4)cc3)cc2)cc1,115.0,159.6547393798828,47.00089645385742,44.65473937988281
*CC(*)OCCOCCOCCOC,-76.0,-67.86000061035156,50.0216064453125,8.139999389648438
*c1cccc(OCCCCCCCCCOc2cccc(N3C(=O)c4ccc(-c5ccc6c(c5)C(=O)N(*)C6=O)cc4C3=O)c2)c1,132.0,213.3649139404297,94.52703094482422,81.36491394042969
*C(=O)Nc1cc(NC(=O)c2ccc3c(c2)C(=O)N(c2cc(-c4nc5ccccc5o4)cc(N4C(=O)c5ccc(*)cc5C4=O)c2)C3=O)cc(-c2nc3ccccc3[nH]2)c1,371.0,310.0914306640625,47.255855560302734,-60.9085693359375
*c1ccc(Oc2ccc(Oc3ccc(Oc4ccc(N5C(=O)c6ccc(-c7ccc8c(c7)C(=O)N(*)C8=O)cc6C5=O)cc4)cc3)cc2)cc1,228.50999450683594,248.30404663085938,32.25818634033203,19.794052124023438
*Oc1ccc(CC(NC(=O)CCc2ccc(OC(=O)COCCOCC(*)=O)cc2)C(=O)OCCCC)cc1,45.0,42.58979797363281,14.664410591125488,-2.4102020263671875
*CCCCCCN(CC(F)(F)C(F)(F)F)C(=O)C(F)(F)C(F)(F)C(F)(F)C(=O)N(*)CC(F)(F)C(F)(F)F,174.0,134.71546936035156,73.1772689819336,-39.28453063964844
*CCCCCCOC(=O)OCCCCCCOC(=O)OCCCCCCOc1ccc(C(=O)c2ccc(O*)cc2)cc1,-0.30000001192092896,-5.2122344970703125,26.830638885498047,-4.9122344851493835
*/C=C/c1c(OC(=O)c2ccc(C(=O)Oc3ccc4ccccc4c3/C=C/c3cccc(*)n3)cc2)ccc2ccccc12,145.0,227.8085479736328,47.58705520629883,82.80854797363281
*c1ccc2c(c1)C(=O)N(c1cccc(Oc3ccc(Oc4cccc(N5C(=O)c6ccc(C(*)(C(F)(F)F)C(F)(F)F)cc6C5=O)c4)cc3)c1)C2=O,230.0,264.8164978027344,38.77314376831055,34.816497802734375
*c1ccc(Oc2ccc(S(=O)(=O)c3ccc(Oc4ccc(-c5nc(-c6ccccn6)nnc5*)cc4)cc3)cc2)cc1,265.0,254.3748779296875,52.450870513916016,-10.6251220703125
*CCC1CC(=O)N(*)C1=O,131.0,107.59768676757812,51.15605545043945,-23.402313232421875
*C(=O)c1ccc2c(c1)C(=O)N(c1cccc(OP(=O)(Oc3cccc(N4C(=O)c5ccc(*)cc5C4=O)c3)c3ccccc3)c1)C2=O,176.5,277.3992919921875,45.14923095703125,100.8992919921875
*c1ccc(Oc2ccc(N3C(=O)c4cccc(Oc5ccc(Oc6cccc7c6C(=O)N(*)C7=O)cc5)c4C3=O)cc2)cc1,263.0,238.34805297851562,31.407907485961914,-24.651947021484375
*CC(*)(F)C(=O)OCC(F)(F)F,124.0,131.29441833496094,43.993953704833984,7.2944183349609375
*c1cc(CCCCBr)c(*)s1,19.0,54.88883972167969,34.98847198486328,35.88883972167969
*c1ccc(Oc2ccc(-c3ccc(Oc4ccc(-c5nnc(*)c6c(-c7ccccc7)c(-c7ccc8ccccc8c7)c(-c7ccc8ccccc8c7)c(-c7ccccc7)c56)cc4)cc3)cc2)cc1,334.0,332.62896728515625,44.0712890625,-1.37103271484375
*CC(C)(CO*)COCC(F)(F)C(F)(F)C(F)(F)C(F)(F)C(F)(F)C(F)(F)C(F)(F)F,-49.0,-10.874099731445312,37.94723892211914,38.12590026855469
*CCCCCCCCCCOc1c(OC)cc(/C=C2\CCC/C(=C\c3cc(OC)c(O*)c(OC)c3)C2=O)cc1OC,49.0,22.056541442871094,26.9475154876709,-26.943458557128906
*CC(C)(CC)COC(=O)c1ccc(C(=O)O*)cc1,63.0,44.54212188720703,60.81626510620117,-18.45787811279297
*c1ccc(Nc2nc(Nc3ccc(-c4nc5cc(-c6ccc7[nH]c(*)nc7c6)ccc5[nH]4)cc3)nc(N(c3ccccc3)c3ccccc3)n2)cc1,329.0,273.16497802734375,51.65138244628906,-55.83502197265625
*Oc1cccc(Oc2ccc(C(=O)Oc3cccc(OC(=O)c4ccc(*)cc4)c3)cc2)c1,131.0,113.2170181274414,36.30120849609375,-17.782981872558594
*Oc1ccc(CC(NC(=O)CCc2ccc(OC(=O)CCCCCCC(*)=O)cc2)C(=O)OCCCCCC)cc1,27.0,25.588623046875,18.100887298583984,-1.411376953125
*Oc1ccc(OC(=O)c2ccc(C(*)=O)cc2Oc2ccc(C3CCCCC3)cc2)cc1,113.0,74.46595001220703,39.56808853149414,-38.53404998779297
*CC(*)C(=O)OCCCSCCC#N,-58.0,-0.7696075439453125,49.71268844604492,57.23039245605469
*Oc1ccc(C(=O)OCCCCCCOC(=O)c2ccc(*)cc2)cc1,15.0,54.094444274902344,33.049957275390625,39.094444274902344
*CC(*)CC[Si](C)(C)C,132.0,3.1103668212890625,128.29263305664062,-128.88963317871094
*c1c(C)cc(Cc2cc(C)c(N3C(=O)c4cccc(Oc5ccc(C(C)(C)c6ccc(Oc7cccc8c7C(=O)N(*)C8=O)cc6)cc5)c4C3=O)c(C)c2)cc1C,223.0,259.8697204589844,71.42630004882812,36.869720458984375
*O[Si](*)(C)CCCCCCCCCCC(=O)Oc1ccc(C(=O)Oc2ccc(OC(=O)c3ccc(OCC(C)CC)cc3)cc2)cc1,28.5,40.555091857910156,35.33946228027344,12.055091857910156
*CC(*)C(=O)OCCCCCCCCC,-89.0,-48.8408203125,43.84632873535156,40.1591796875
*C(=O)Nc1cccc(NC(=O)c2ccc(N3C(=O)c4ccc(*)cc4C3=O)cc2)c1,240.0,291.5042724609375,58.39061737060547,51.5042724609375
*Nc1ccc(NC(=O)c2cc(NC(=O)c3ccncc3)cc(C(*)=O)c2)cc1,327.0,315.3515930175781,66.16401672363281,-11.648406982421875
*c1cccc(-n2nc(-c3ccccc3)c3cc(Oc4ccc5c(-c6ccccc6)nn(*)c(=O)c5c4)ccc3c2=O)c1C#N,301.0,287.78753662109375,52.47305679321289,-13.21246337890625
*CCCCCCOC(=O)OCCCCCCOC(=O)OCCCCCCN1C(=O)c2ccc(C(=O)c3ccc4c(c3)C(=O)N(*)C4=O)cc2C1=O,40.0,41.738746643066406,20.066783905029297,1.7387466430664062
*C(=O)Nc1ccc(NC(=O)c2ccc3c(c2)C(=O)N(c2cccc(P(=O)(c4ccccc4)c4cccc(N5C(=O)c6ccc(*)cc6C5=O)c4)c2)C3=O)cc1,204.0,245.27999877929688,35.160728454589844,41.279998779296875
*c1cccc(P(=O)(c2ccc(C(F)(F)F)cc2)c2cccc(-n3c(=O)c4c(-c5ccc(C(F)(F)F)cc5)c5c(=O)n(*)c(=O)c5c(-c5ccc(C(F)(F)F)cc5)c4c3=O)c2)c1,324.0,277.3956298828125,49.02323913574219,-46.6043701171875
*c1ccc(Oc2ccc(S(=O)(=O)c3ccc(Oc4ccc(N5C(=O)c6ccc([Si](C)(C)c7ccc8c(c7)C(=O)N(*)C8=O)cc6C5=O)cc4)cc3)cc2)cc1,246.0,243.9444580078125,45.71837615966797,-2.0555419921875
*CC(*)c1ccc(COCCCCCC)cc1,-20.0,39.41197967529297,50.380699157714844,59.41197967529297
*CCC1CC(*)C2CCCC12,101.0,118.04679107666016,97.7713851928711,17.046791076660156
*Cc1ccc2oc(=O)c(C(=O)Nc3ccc(Oc4ccc(C(c5ccc(Oc6ccc(NC(=O)c7cc8cc(*)ccc8oc7=O)cc6)cc5)(C(F)(F)F)C(F)(F)F)cc4)cc3)cc2c1,283.0,237.32025146484375,34.28498458862305,-45.67974853515625
*OC(C)COC(=O)/C=C/C(*)=O,-14.0,24.9835205078125,77.34664154052734,38.9835205078125
*Oc1ccc(NC(=O)c2ccc(Oc3ccc(C(=O)Nc4ccc(Oc5ccc(C6(c7ccc(*)cc7)C7CC8CC(C7)CC6C8)cc5)cc4)cc3)cc2)cc1,230.0,249.75955200195312,76.71639251708984,19.759552001953125
*Cc1cc2cc(C(=O)Nc3ccc(C(c4ccc(NC(=O)c5cc6cc(*)c(OC(=O)COc7ccc8ccc(=O)oc8c7)cc6oc5=O)cc4)(C(F)(F)F)C(F)(F)F)cc3)c(=O)oc2cc1OC(=O)COc1ccc2ccc(=O)oc2c1,257.0,285.14849853515625,48.28187942504883,28.14849853515625
*c1ccc(Oc2ccc(N3C(=O)c4cc(-c5ccc([Si](C)(C)C)cc5)c(-c5cc6c(cc5-c5ccc([Si](C)(C)C)cc5)C(=O)N(*)C6=O)cc4C3=O)cc2)cc1,348.0,299.8929443359375,60.63214874267578,-48.1070556640625
*CC(*)SCCCC,-20.0,-44.667694091796875,36.98027801513672,-24.667694091796875
*Oc1ccc(S(=O)(=O)c2ccc(Oc3ccc(/C=C4\CCC/C(=C\c5ccc(*)cc5)C4=O)cc3)cc2)cc1,190.0,204.389892578125,49.584136962890625,14.389892578125
*CC(*)C(=O)c1ccc(OC)cc1,46.0,62.933631896972656,31.126609802246094,16.933631896972656
*CC(=O)Nc1ccc(S(=O)(=O)c2ccc(NC(=O)c3ccc4c(c3)C(=O)N(*)C4=O)cc2)cc1,232.0,238.3092803955078,69.6841049194336,6.3092803955078125
*C(=O)Nc1ccc(Oc2ccc(-c3ccc(Oc4ccc(NC(=O)c5ccc6c(c5)C(=O)N(c5ccc(Oc7ccc(C8(c9ccc(Oc%10ccc(N%11C(=O)c%12ccc(*)cc%12C%11=O)cc%10)cc9)CC9CC8C8CCCC98)cc7)cc5)C6=O)cc4)cc3C)c(C)c2)cc1,265.0,262.30853271484375,46.15729904174805,-2.69146728515625
*c1cccc(P(=O)(c2ccccc2)c2cccc(N3C(=O)c4ccc(NC(=O)OCCOc5ccc(C(c6ccc(OCCOC(=O)Nc7ccc8c(c7)C(=O)N(*)C8=O)cc6)(C(F)(F)F)C(F)(F)F)cc5)cc4C3=O)c2)c1,214.0,206.52822875976562,43.095272064208984,-7.471771240234375
*CC(*)C(=O)NCP(=O)(O)O,26.0,-18.172042846679688,40.09351348876953,-44.17204284667969
*c1ccc2c(c1)C(=O)N(c1ccc(Sc3ccc(Sc4ccc(Sc5ccc(Sc6ccc(N7C(=O)c8ccc(C(*)(C(F)(F)F)C(F)(F)F)cc8C7=O)cc6)cc5)cc4)cc3)cc1)C2=O,216.0,192.6756134033203,41.180877685546875,-23.324386596679688
*CC(*)c1ccc(OP2(OCCOCCOCCOC)=NP(OCCOCCOCCOC)(OCCOCCOCCOC)=NP(OCCOCCOCCOC)(OCCOCCOCCOC)=N2)cc1,-46.0,-64.45126342773438,37.94746017456055,-18.451263427734375
*CC(*)OC(=O)c1cccc(C)c1,49.0,62.933631896972656,31.126609802246094,13.933631896972656
*[Si](*)(C)c1ccccc1,88.0,52.56659698486328,38.476348876953125,-35.43340301513672
*CC(*)(C)C(=O)OCCCCCCCCCCOc1ccc2cc(C(=O)Oc3ccccc3)ccc2c1,24.0,62.30858612060547,46.37403106689453,38.30858612060547
*CNC(=O)OCCOC(=O)NCc1ccc(C(C)(C)c2ccc(*)o2)o1,50.0,57.22746276855469,40.42128372192383,7.2274627685546875
*CCCCOC(=O)Nc1ccc(C)c(NC(=O)OCCCCn2c3ccccc3c3cc(/C=C(\C#N)C(=O)OCCCCCCOC(=O)/C(C#N)=C/c4ccc5c(c4)c4ccccc4n5*)ccc32)c1,117.0,165.3588409423828,66.24352264404297,48.35884094238281
*CCC[Si](*)(C)O[Si](C)(C)CCCOc1ccc(C(=O)Oc2ccc(-c3ccc(C#N)cc3)cc2)cc1,10.100000381469727,27.145278930664062,31.9207820892334,17.045278549194336
*CCC(F)(F)C(*)(F)F,-108.0,0.9876708984375,61.39049530029297,108.9876708984375
*c1ccc2c(c1)C(=O)N(c1c(C)cc(C)c(N3C(=O)c4ccc(C(*)(C(F)(F)F)C(F)(F)F)cc4C3=O)c1C)C2=O,377.0,276.657470703125,81.5373306274414,-100.342529296875
*CCCOC(=O)c1cc(/N=N/c2ccc(OCC)cc2)ccc1-c1ccc(/N=N/c2ccc(OCC)cc2)cc1C(=O)O*,101.0,152.0196990966797,44.42747497558594,51.01969909667969
*O[Si](*)(C)CCCOc1ccc2c(c1)c1cc(-c3ccc4c(c3)c3ccccc3n4CC(CC)CCCC)ccc1n2CC(CC)CCCC,129.0,33.77278137207031,40.55879592895508,-95.22721862792969
*c1ccc(Cc2ccc(N3C(=O)CC(Nc4ccc(N(c5ccc(Nc6ccc([N+](=O)[O-])cc6)cc5)c5ccc(NC6CC(=O)N(*)C6=O)cc5)cc4)C3=O)cc2)cc1,324.0,254.80206298828125,80.15217590332031,-69.19793701171875
*CC(*)(C)C(=O)OCc1ccc2c(c1)c1ccccc1n2CCCCCCCCCCCC,25.0,36.18939971923828,29.825847625732422,11.189399719238281
*c1ccc(C2(c3ccc(N4C(=O)c5ccc(-c6ccc7c(c6)C(=O)N(*)C7=O)cc5C4=O)cc3)c3ccccc3-c3ccccc32)cc1,388.0,367.97857666015625,57.980831146240234,-20.02142333984375
*Oc1ccc(S(=O)(=O)c2ccc(Oc3ccc(C(=O)c4ccc(-c5ccc(C(=O)c6ccc(*)cc6)cc5)cc4)cc3)cc2)cc1,207.0,211.251708984375,45.380760192871094,4.251708984375
*CCCCCCCCCOC(=O)C(O)C(O)C(=O)O*,-11.0,0.9101409912109375,55.81997299194336,11.910140991210938
*C(=O)c1ccc2c(c1)C(=O)N(c1ccc(Cc3ccccc3N3C(=O)c4ccc(*)cc4C3=O)cc1)C2=O,290.0,292.4319152832031,41.8394889831543,2.431915283203125
*CC(COc1ccc(C(C)(C)c2ccc(O*)cc2)cc1)OC(=O)c1ccccc1,65.0,91.4473876953125,93.56246948242188,26.4473876953125
*c1ccc(Oc2ccc(N3C(=O)c4cccc(Oc5c(Oc6cccc7c6C(=O)N(*)C7=O)cc(C(C)(C)C)cc5C(C)(C)C)c4C3=O)cc2)cc1,238.0,242.61746215820312,75.49645233154297,4.617462158203125
*CCCCCCNC(=O)C(CC)CC(CC)C(=O)N*,94.0,54.78417205810547,28.098360061645508,-39.21582794189453
*CC(*)c1ccc(C)cc1C,112.0,73.07160186767578,51.65895080566406,-38.92839813232422
*CCc1ccc(CCNC(=O)CCCCCCCCCCCCC(=O)N*)cc1,93.0,75.47740173339844,49.284934997558594,-17.522598266601562
*CC(*)c1ccc(B(Oc2ccc(Cl)c3cccnc23)c2ccc(C(C)(C)C)cc2)cc1,238.0,201.21298217773438,71.68232727050781,-36.787017822265625
*c1ccc(Oc2ccc(Oc3ccc(N4C(=O)c5ccc(Oc6ccc7ccc(Oc8ccc9c(c8)C(=O)N(*)C9=O)cc7c6)cc5C4=O)cc3)cc2)cc1,228.0,215.36395263671875,23.850576400756836,-12.63604736328125
*c1ccc(C(=O)OCCCCCCOc2ccc(/C=C3\CCCC/C(=C\c4ccc(OCCCCCCOC(=O)c5ccc(-c6nnc(*)o6)cc5)cc4)C3=O)cc2)cc1,104.0,113.45111083984375,71.87747955322266,9.45111083984375
*c1ccc(Oc2ccc(Oc3ccc(-n4c(=O)c5cc6c(=O)n(*)c(=O)c6cc5c4=O)cc3)cc2)cc1,312.0,277.52197265625,44.779052734375,-34.47802734375
*Oc1ccc(C(C)(C)c2ccc(Oc3ccc(C(=O)c4ccc(C(=O)c5ccc(*)c(C(F)(F)F)c5)cc4)cc3C(F)(F)F)cc2)cc1,171.0,165.01231384277344,27.397300720214844,-5.9876861572265625
*C(=O)c1ccc(N(*)C)cc1,197.0,113.12168884277344,54.6148681640625,-83.87831115722656
*O[Si](*)(C)CCCCCC,-110.8499984741211,-91.81028747558594,51.881431579589844,19.039710998535156
*c1c(C)cc(-c2cc(C)c(N3C(=O)c4cccc(Oc5ccc(C(C)(C)c6ccc(Oc7cccc8c7C(=O)N(*)C8=O)cc6)cc5)c4C3=O)c(C)c2)cc1C,265.0,256.3127746582031,66.04275512695312,-8.687225341796875
*c1ccc2c(c1)C(=O)N(c1ccc(OCCOCCOCCOCCOc3ccc(N4C(=O)c5ccc(C(*)(C(F)(F)F)C(F)(F)F)cc5C4=O)cc3)cc1)C2=O,140.0,167.4857177734375,47.53703689575195,27.4857177734375
*C1CCC(CC2CCC(N3C(=O)c4ccc(-c5ccc6c(c5)C(=O)N(*)C6=O)cc4C3=O)CC2)CC1,242.0,181.06704711914062,101.341552734375,-60.932952880859375
*CCOC(=O)C1CCC(C(=O)O*)CC1,25.0,67.57353973388672,69.85218811035156,42.57353973388672
*CC(C)COC(=O)c1ccc(C(=O)O*)cc1,55.0,48.15898132324219,23.736961364746094,-6.8410186767578125
*CCc1ccc(CCNC(=O)CCCCCCCCC(=O)N*)cc1,105.0,110.14080810546875,69.06173706054688,5.14080810546875
*OC(COC(=O)c1ccc(C(*)=O)cc1)COc1ccc(/N=N/c2ccc(C#N)cc2)cc1,122.0,255.65570068359375,70.29409790039062,133.65570068359375
*CC(*)C[Si](C)(C)C,114.0,69.13740539550781,108.78314208984375,-44.86259460449219
*c1ccc(Oc2ccc(C(c3ccc(Oc4ccc(-c5nnc(*)n5-c5ccc(S(=O)(=O)c6ccccc6)cc5)cc4)cc3)(C(F)(F)F)C(F)(F)F)cc2)cc1,211.0,247.21640014648438,55.983455657958984,36.216400146484375
*/C=C/c1ccc2c(c1)C(CC(CC)CCCC)(CC(CC)CCCC)c1cc(*)ccc1-2,165.0,60.045631408691406,48.16887283325195,-104.9543685913086
*CC(*)c1ccc(C(=O)N(CC)CC)cc1,102.0,92.63345336914062,55.37388610839844,-9.366546630859375
*c1ccc(CC(=O)Nc2ccc(S(=O)(=O)c3ccc(NC(=O)Cc4ccc(-c5sc(*)c(-c6ccccc6)c5-c5ccccc5)cc4)cc3)cc2)cc1,252.0,241.74050903320312,62.169586181640625,-10.259490966796875
*CCCCCCCCCn1c2ccccc2c2cc(/C=C(\C#N)C(=O)OCCCCCCOC(=O)/C(C#N)=C/c3ccc4c(c3)c3ccccc3n4*)ccc21,96.4000015258789,164.8345947265625,73.13225555419922,68.4345932006836
*/C=C/C1CCC(*)C1,31.0,48.87116241455078,156.70086669921875,17.87116241455078
*C(=O)Nc1ccc(C2(c3ccc(NC(=O)c4ccc5c(c4)C(=O)N(c4ccc(Sc6ccc(Oc7ccc(Sc8ccc(N9C(=O)c%10ccc(*)cc%10C9=O)cc8)cc7)cc6)cc4)C5=O)cc3)c3ccccc3-c3ccccc32)cc1,298.0,291.1217346191406,44.1645622253418,-6.878265380859375
*C(=O)Nc1ccc(NC(=O)c2ccc3c(c2)C(=O)N(c2ccc(-c4sc(-c5ccc(N6C(=O)c7ccc(*)cc7C6=O)cc5)c(-c5ccccc5)c4-c4ccccc4)cc2)C3=O)cc1,333.0,260.4254150390625,52.206111907958984,-72.5745849609375
*C(=O)c1ccc2c(c1)C(=O)N(c1ccc(Oc3ccc(N4C(=O)c5ccc(*)cc5C4=O)cc3Br)c(Br)c1)C2=O,296.0,313.41357421875,53.5463981628418,17.41357421875
*/C(C#N)=C/c1cc(OCCCCCCCC)c(/C=C(\C#N)c2cc(OCCCCCCCC)c(*)cc2OC)cc1OC,174.0,73.87419891357422,56.10509490966797,-100.12580108642578
*CC(*)C(=O)Oc1cc(C)cc(C)c1,54.0,48.01177215576172,40.341487884521484,-5.988227844238281
*c1ccc2c(c1)C(=O)N(c1cc(OCCN(CC)c3ccc(/N=N/c4ccc([N+](=O)[O-])cc4)cc3)cc(N3C(=O)c4ccc(C(*)(C(F)(F)F)C(F)(F)F)cc4C3=O)c1)C2=O,210.0,205.4930419921875,39.0332145690918,-4.5069580078125
*c1ccc2c(c1)C(=O)N(c1cc(OCCCCCCCCCCCCCCCC)cc(N3C(=O)c4ccc(C(*)(C(F)(F)F)C(F)(F)F)cc4C3=O)c1)C2=O,161.0,165.9948272705078,66.73995971679688,4.9948272705078125
*Oc1cccc2ccc(Oc3ccc(NC(=O)c4ccc(Oc5ccc(C(C)(C)c6cccc(C(C)(C)c7ccc(Oc8ccc(C(=O)Nc9ccc(*)cc9)cc8)cc7)c6)cc5)cc4)cc3)cc12,139.0,207.32211303710938,51.74424743652344,68.32211303710938
*c1ccc(Oc2ccc(Oc3ccc(N4C(=O)c5ccc(Oc6ccc7c(c6)C(=O)N(*)C7=O)cc5C4=O)cc3C(F)(F)F)cc2)cc1,232.3000030517578,238.38583374023438,34.054443359375,6.0858306884765625
*Nc1cccc2c1C(=O)c1cccc(N[Se]*)c1C2=O,52.0,59.65187072753906,37.07082748413086,7.6518707275390625
*CCCCCCC(=O)N*,52.0,36.458831787109375,48.992881774902344,-15.541168212890625
*CCCCCCCCCNC(=O)c1ccc(C(=O)N*)cc1,115.0,136.55487060546875,57.59846878051758,21.55487060546875
*C(=O)c1ccc(C(=O)c2ccc(Oc3ccc(C(C)(C)c4ccc(Oc5ccc(*)s5)cc4)cc3)s2)cc1,154.0,199.31590270996094,60.873138427734375,45.31590270996094
*CCCCCCOC(=O)OCCCCCCOC(=O)OCCCCCCOc1ccc(Oc2ccc(O*)cc2)cc1,-13.0,-11.339401245117188,29.26720428466797,1.6605987548828125
*c1ccc(-c2cc(C(C)(C)C)c(Oc3ccc(-n4c(=O)c5cc6c(=O)n(*)c(=O)c6cc5c4=O)cc3)c(C(C)(C)C)c2)cc1,398.5,236.7918701171875,81.9964828491211,-161.7081298828125
*CC(O)CN(*)c1ccc(/N=N/c2ccc(C(=O)O)cc2)cc1,99.0,134.8817596435547,54.50037384033203,35.88175964355469
*Nc1ccc(C(C)(C)c2ccc(NC(=O)c3cc(C(*)=O)cc(N4C(=O)C5C6CCC(C6)C5C4=O)c3)cc2)cc1,311.0,239.7367401123047,100.777099609375,-71.26325988769531
*C(=O)N1C(=S)N(C(=O)c2ccc3c(c2)C(=O)N(c2ccc(Oc4ccc(N5C(=O)c6ccc(*)cc6C5=O)cc4)cc2)C3=O)C(C)=C(C(=O)OCC)C1c1ccccc1,155.0,239.77053833007812,38.87624740600586,84.77053833007812
*CCCS(=O)(=O)CCCS(=O)(=O)CCCOC(=O)c1ccccc1C(=O)O*,52.0,91.94024658203125,47.59027099609375,39.94024658203125
*CC(CO*)(CS(=O)(=O)CCCCC)CS(=O)(=O)CCCCC,56.0,24.292953491210938,58.90705871582031,-31.707046508789062
*C(=O)Nc1ccccc1NC(=O)c1ccc(N2C(=O)c3ccc(*)cc3C2=O)cc1,215.0,291.5042724609375,58.39061737060547,76.5042724609375
*c1ccc(Cc2ccc(N3C(=O)C(Cl)=C(Oc4ccc(C(C)(C)c5ccc(OC6=C(Cl)C(=O)N(*)C6=O)cc5)cc4)C3=O)cc2)cc1,172.0,227.21621704101562,66.55830383300781,55.216217041015625
*c1ccc(OCCCCCCCCCCCOC(=O)c2cccc(C(=O)OCCCCCCCCCCCOc3ccc(-c4nnc(*)s4)cc3)c2)cc1,68.0,63.11046600341797,46.39262771606445,-4.889533996582031
*CCOC(=O)NNC(=O)CCCCCCCCC(=O)NNC(=O)O*,63.0,57.358665466308594,41.047576904296875,-5.641334533691406
*CC1CCCC(COC(=O)c2ccc(C(=O)O*)cc2)C1,75.0,52.65763854980469,29.890399932861328,-22.342361450195312
*CCN(CCOC(=O)c1ccc(C(=O)O*)c(OC)c1)c1ccc(/N=N/c2ccc(/C=C/c3nc4ccc([N+](=O)[O-])cc4n3CC)cc2)cc1,173.0,159.19129943847656,31.982385635375977,-13.808700561523438
*CC(*)(C)C(=O)Oc1cc(C)ccc1C,111.0,96.35717010498047,41.83628845214844,-14.642829895019531
*CCCCCCOC(=O)CCCCCNC(=O)CCCCC(=O)NCCCCCC(=O)O*,-7.0,16.44934844970703,34.47197723388672,23.44934844970703
*c1ccc(-c2ccc(-c3ccc(-c4ccc([Si](CCCC)(CCCC)[Si](*)(CCCC)CCCC)s4)s3)s2)s1,-1.0,-9.298095703125,37.50056076049805,-8.298095703125
*Oc1ccc(C2(c3ccc(Oc4ccc(C(=O)c5ccccc5)c(-c5cc(*)ccc5C(=O)c5ccccc5)c4)cc3)c3ccccc3-c3ccccc32)cc1,215.0,228.03155517578125,39.86328125,13.03155517578125
*c1ccc(-c2ccc(NC(=O)c3cccc(C(=O)Nc4ccc(-c5ccc(-n6c(=O)c7cc8c(=O)n(*)c(=O)c8cc7c6=O)cc5)cc4)c3)cc2)cc1,227.0,286.54473876953125,46.7910270690918,59.54473876953125
*C(=O)c1ccc2c(c1)C(=O)N(c1ccc(-c3ccc(N4C(=O)c5ccc(*)cc5C4=O)cc3C)c(C)c1)C2=O,385.0,327.67059326171875,61.57508850097656,-57.32940673828125
*CC(c1ccccc1)C1C(=O)N(c2ccc(NC(=O)OCC3CCCN3c3ccc([N+](=O)[O-])cc3)cc2)C(=O)C1*,208.0,149.37184143066406,38.821266174316406,-58.62815856933594
*CC(O)COc1ccc(C(C)CC(C)(C)c2ccc(O*)cc2)cc1,75.0,82.54620361328125,62.15204620361328,7.54620361328125
*CC(O)COc1ccc(C(C)(C)c2ccc(OCC(O)COc3cccc(NC(=O)C(=O)Nc4cccc(O*)c4)c3)cc2)cc1,119.0,121.60725402832031,30.681303024291992,2.6072540283203125
*Nc1ccc(NC(=O)c2ccc(NC(=O)c3ccc([Si](C)(C)c4ccc(C(=O)Nc5ccc(C(*)=O)cc5)cc4)cc3)cc2)cc1,338.0,286.79010009765625,66.21309661865234,-51.20989990234375
*CC(*)(C)C(=O)OCCCCCCOc1ccc(OC(=O)c2ccc(OC)cc2)cc1,38.0,49.733924865722656,27.546167373657227,11.733924865722656
*c1ccc(Cc2ccc(NC(=O)c3ccc(Oc4ccc5c(c4)C(=O)N(*)C5=O)cc3)cc2)cc1,250.0,249.98861694335938,70.60163879394531,-0.011383056640625
*N=P(*)(OCCCc1ccccc1)OCCCc1ccccc1,-47.0,5.630157470703125,44.58025360107422,52.630157470703125
*C(=O)c1ccc2c(c1)C(=O)N(c1ccc(Oc3ccc(C(=O)c4ccc(Oc5ccc(N6C(=O)c7ccc(*)cc7C6=O)cc5)cc4)cc3)cc1)C2=O,252.0,230.13609313964844,25.934314727783203,-21.863906860351562
*c1ccc(Oc2ccc(C(c3ccc(Oc4ccc(N5C(=O)c6ccc(-c7ccc8c(c7)C(=O)N(*)C8=O)cc6C5=O)cc4C(F)(F)F)cc3)(C(F)(F)F)C(F)(F)F)cc2)c(C(F)(F)F)c1,223.0,255.59767150878906,44.637577056884766,32.59767150878906
*CC(C)(C)CS(*)(=O)=O,108.5,14.46600341796875,64.46621704101562,-94.03399658203125
*OC(C)C(=O)NC(C)C(*)=O,57.650001525878906,45.49158477783203,39.676631927490234,-12.158416748046875
*CCCC(Cl)C(*)Cl,42.0,57.766754150390625,50.63520050048828,15.766754150390625
*CC(*)(CC(=O)OCCOC)C(=O)OCCOC,34.0,9.5816650390625,63.90039825439453,-24.4183349609375
*CC(*)OC(C)CC,-26.0,-51.61833190917969,37.2789192199707,-25.618331909179688
*c1cccc(Oc2ccc(-c3ccc(Oc4cccc(-n5c(=O)c6cc7c(=O)n(*)c(=O)c7cc6c5=O)c4)cc3)cc2)c1,251.0,252.80935668945312,33.26912307739258,1.809356689453125
*N=P(*)(OCCOc1ccc(-c2ccc(I)cc2)cc1)OCCOc1ccc(-c2ccc(I)cc2)cc1,111.4000015258789,69.6314697265625,44.89519500732422,-41.768531799316406
*Oc1ccc(-c2ccc(Oc3ccc(C(=O)c4ccccc4-c4ccccc4C(=O)c4ccc(*)cc4)cc3)cc2)cc1,193.0,189.16847229003906,39.01590347290039,-3.8315277099609375
*Oc1ccc(S(=O)(=O)c2ccc(OC(=O)OC3C(C)(C)C(OC(*)=O)C3(C)C)cc2)cc1,162.0,127.78196716308594,41.3917121887207,-34.21803283691406
*/C=C/c1cc(CCCCCCCCCCCCCCCC)c(/C=C/c2nc(*)c(C#N)c(/C=C/c3ccc(N(c4ccccc4)c4ccccc4)cc3)c2C#N)cc1CCCCCCCCCCCCCCCC,165.0,111.06402587890625,57.983463287353516,-53.93597412109375
*c1ccc(Oc2ccc(C(=O)c3ccc(Oc4ccc(-c5c6c(c(*)c7ccccc57)C(=O)N(c5ccccc5F)C6=O)cc4)cc3)cc2)cc1,282.0,288.0108337402344,44.08332824707031,6.010833740234375
*CCc1ccc(*)c(Cl)c1,75.0,105.01521301269531,36.69380187988281,30.015213012695312
*O[Si](*)(C)CCCCCCCCCCC(=O)Oc1ccc(-c2ccc(OC(=O)CCCCC(=O)OC3CC(C)CCC3C(C)C)cc2)cc1,16.5,12.866531372070312,42.729835510253906,-3.6334686279296875
*c1ccc(Oc2cccc(N3C(=O)c4ccc(Oc5ccc6c(c5)C(=O)N(*)C6=O)cc4C3=O)c2)cc1,245.0,277.52197265625,44.779052734375,32.52197265625
*C(=O)Nc1ccc(Oc2ccc(-c3ccc(Oc4ccc(NC(=O)c5ccc6c(c5)C(=O)N(c5ccc(Oc7ccccc7-c7ccccc7Oc7ccc(N8C(=O)c9ccc(*)cc9C8=O)cc7)cc5)C6=O)cc4)cc3)cc2)cc1,254.0,278.390869140625,39.528167724609375,24.390869140625
*c1ccc(-c2cnc3cc(Oc4ccc5nc(*)cnc5c4)ccc3n2)cc1,306.0,333.2728271484375,48.79621124267578,27.2728271484375
*C(=O)Nc1ccc(C(=O)Nc2ccc(NC(=O)c3ccc4[nH]c(-c5ccc(-c6nc7cc(*)ccc7[nH]6)cc5)nc4c3)cc2)cc1,300.0,282.629638671875,56.433231353759766,-17.370361328125
*OC(CCc1ccccc1)CC(*)=O,18.0,48.01177215576172,40.341487884521484,30.01177215576172
*c1ccc(CC(=O)Nc2cccc3c(NC(=O)Cc4ccc(-c5sc(*)c(-c6ccccc6)c5-c5ccccc5)cc4)cccc23)cc1,255.0,228.88027954101562,58.1773796081543,-26.119720458984375
*CC(*)c1ccc(-c2ccc3c(c2)C(CCCCCC)(CCCCCC)c2cc(-c4ccc5c(c4)C(CCCCCC)(CCCCCC)c4ccccc4-5)ccc2-3)cc1,78.5999984741211,109.0291748046875,59.81235885620117,30.429176330566406
*Cc1cc(CNC(=O)CCCCC(=O)N*)cc(C(C)(C)C)c1,109.0,139.40292358398438,63.22921371459961,30.402923583984375
*C1C(=O)N(CCCCCCCOc2ccc(-c3ccc(C#N)cc3)cc2)C(=O)C1*,61.0,150.8258514404297,89.15512084960938,89.82585144042969
*N=P(*)(OC)OC,-66.80000305175781,-15.756362915039062,47.98606872558594,51.04364013671875
*Oc1ccc(S(=O)c2ccc(Oc3ccc(C(C)(C)c4ccc(*)cc4)cc3)cc2)cc1,165.0,170.2258758544922,53.84981155395508,5.2258758544921875
*CC(C)(C)COC(=O)c1ccc(-c2ccc(C(=O)O*)cc2)cc1,101.0,58.21880340576172,35.789283752441406,-42.78119659423828
*c1cccc(S(=O)(=O)NCCNS(*)(=O)=O)c1,107.0,110.51039123535156,82.22029113769531,3.5103912353515625
*Oc1c(Br)cc(C(C)(C)c2cc(Br)c(OC(=O)c3cccc(C(*)=O)c3)c(Br)c2)cc1Br,115.0,155.82913208007812,35.698673248291016,40.829132080078125
*CC1CCCC(CNC(=O)c2cccc(C(=O)N*)c2)C1,180.0,142.96505737304688,59.389060974121094,-37.034942626953125
*C1CC2CC1C(*)C2CCCC,235.0,110.1987075805664,103.36962127685547,-124.8012924194336
*Oc1ccc(C(=O)OCCCCOC(=O)c2ccc(*)cc2)cc1,38.0,52.37079620361328,23.494972229003906,14.370796203613281
*C(=O)N1C(=O)N(C(=O)c2ccc3c(c2)C(=O)N(c2ccc(Oc4ccc(N5C(=O)c6ccc(*)cc6C5=O)cc4)cc2)C3=O)C(C)(C)C1=O,156.0,244.5657501220703,45.53815841674805,88.56575012207031
*c1ccc2oc(-c3cccc(-c4nc5cc(C(*)(C(F)(F)F)C(F)(F)F)ccc5o4)n3)nc2c1,329.0,332.0494384765625,62.08685302734375,3.0494384765625
*c1ccc(Oc2ccc(-c3c(-c4ccccc4)c4c(c(-c5ccccc5)c3-c3ccccc3)C(=O)N(c3cccc(N5C(=O)c6c(c(-c7ccccc7)c(-c7ccccc7)c(*)c6-c6ccccc6)C5=O)c3)C4=O)cc2)cc1,357.0,334.20062255859375,46.52771759033203,-22.79937744140625
*CC(*)CCCCCCCCCCCCCC,-24.0,-51.80857849121094,46.2485237121582,-27.808578491210938
*CCN(CCCCCCOc1ccc(/N=N/c2ccccc2)cc1)CCOC(=O)Nc1ccc(Cc2ccc(NC(=O)O*)cc2)cc1,44.0,110.06306457519531,55.694000244140625,66.06306457519531
*CC(COc1ccccc1)O*,42.0,68.16488647460938,37.83847427368164,26.164886474609375
*CC(*)(C)C(=O)OCCCCCCCCCCOc1ccc(/N=N/c2ccc(OC)cc2)cc1,62.0,67.7375259399414,62.35746383666992,5.737525939941406
*/C(C)=C(/*)CCCCC,180.0,77.8951416015625,88.58174896240234,-102.1048583984375
*c1cccc(Oc2cccc(N3C(=O)c4ccc(Oc5ccc6c(c5)C(=O)N(*)C6=O)cc4C3=O)c2)c1,207.0,277.52197265625,44.779052734375,70.52197265625
*c1ccc(Oc2ccc(C(=O)c3ccc(Oc4ccc(-c5cc(*)n(-c6ccccc6)n5)cc4)cc3)cc2)cc1,205.0,248.11509704589844,68.36976623535156,43.11509704589844
*Oc1ccc(CC(NC(=O)CCc2ccc(OC(=O)CCCC(*)=O)cc2)C(=O)OCCCCCCCCCCCC)cc1,27.5,24.934112548828125,25.145973205566406,-2.565887451171875
*C(=O)c1ccc2c(c1)C(=O)N(C1CCC(CC3CCC(N4C(=O)c5ccc(*)cc5C4=O)C(C)C3)CC1C)C2=O,240.0,130.36215209960938,86.04922485351562,-109.63784790039062
*Nc1ccc(-c2c(-c3ccccc3)cc(-c3ccc(-c4cc(-c5ccccc5)c(-c5ccc(NC(=O)c6ccc(C(*)=O)cc6)cc5)c(-c5ccccc5)c4)cc3)cc2-c2ccccc2)cc1,290.0,294.67449951171875,51.21701431274414,4.67449951171875
*N(C)[Si](*)(C)C,-20.0,-44.38063049316406,36.88676071166992,-24.380630493164062
*CC(*)(C)C(=O)OCCN(CCCC)c1ccc(/N=N/c2ccc(S(=O)(=O)Nc3cc(C)on3)cc2)cc1,105.0,118.15950012207031,54.31709289550781,13.159500122070312
*C1C(*)C2CC1C(C(=O)OCC13CC4CC(CC(C4)C1)C3)C2C(=O)OCC12CC3CC(CC(C3)C1)C2,328.0,92.09033203125,97.5478744506836,-235.90966796875
*CCc1ccc(*)o1,25.5,73.02279663085938,62.070316314697266,47.522796630859375
*c1cccc(NC(=O)CCCCCCCC(=O)Nc2cccc(S(*)(=O)=O)c2)c1,125.0,107.28448486328125,53.51679229736328,-17.71551513671875
*c1ccc2c(c1)C(=O)N(c1cccc(C(=O)Nc3ccc(Oc4ccc(Oc5ccc(NC(=O)c6cccc(N7C(=O)c8ccc(C(*)(C(F)(F)F)C(F)(F)F)cc8C7=O)c6)cc5)cc4)cc3)c1)C2=O,283.0,278.9925842285156,35.16072463989258,-4.007415771484375
*Oc1ccc(CC(NC(=O)CCc2ccc(OC(=O)COCCOCC(*)=O)cc2)C(=O)OCC)cc1,53.0,56.670249938964844,13.040846824645996,3.6702499389648438
*c1ccc(CCc2ccccc2N2C(=O)C(=O)N(c3ccc(Oc4ccc(N5C(=O)C(=O)N(*)C5=O)cc4)cc3)C2=O)cc1,208.0,213.50045776367188,39.87963104248047,5.500457763671875
*Oc1ccc(S(=O)(=O)c2ccc(Oc3ccc(-c4ccc(-c5ccc(*)c(C(F)(F)F)c5)cc4)cc3C(F)(F)F)cc2)cc1,214.0,176.663818359375,38.149925231933594,-37.336181640625
*c1cccc(P(=O)(c2ccc(C(F)(F)F)cc2)c2cccc(-n3c(=O)c4cc5c(=O)n(*)c(=O)c5cc4c3=O)c2)c1,311.0,329.7603454589844,50.92272186279297,18.760345458984375
*CCCC(*)C,-52.599998474121094,-36.73036193847656,39.282413482666016,15.869636535644531
*c1ccc(Oc2ccc(S(=O)(=O)c3ccc(Oc4ccc(-c5nc(-c6cccc(-c7nc(*)c(-c8ccccc8)[nH]7)c6)[nH]c5-c5ccccc5)cc4)cc3)cc2)cc1,292.0,257.48516845703125,55.61452865600586,-34.51483154296875
*CCC1C(=O)N(CCCCCCCCCCCCCCCCCC)C(=O)C1*,67.0999984741211,48.83439636230469,22.07624626159668,-18.265602111816406
*CC(*)CCCCCCCCCC,-6.0,-23.783157348632812,51.15061569213867,-17.783157348632812
*CC(*)(CC(=O)OCCC)C(=O)OCCC,46.5,-25.256317138671875,74.61042785644531,-71.75631713867188
*C(=O)Oc1ccc(C23CC4CC(CC(C4)C2)C3)c(OC(=O)c2ccc3c(c2)C(=O)N(c2ccc(-c4ccc(N5C(=O)c6ccc(*)cc6C5=O)cc4C)c(C)c2)C3=O)c1,225.0,245.84043884277344,58.938743591308594,20.840438842773438
*CCCCCCCCCCCC(=O)Oc1ccc(C2(c3ccc(OC(=O)c4ccc5c(c4)C(=O)N(*)C5=O)cc3)OC(=O)c3ccccc32)cc1,114.0,115.87400817871094,39.091461181640625,1.8740081787109375
*O[Si](*)(C)CCCOc1ccc(C(=O)OC2CCC3(C)C(=CCC4C3CCC3(C)C(C(C)CCCC(C)C)CCC43)C2)cc1S(=O)(=O)O[K],112.5999984741211,-1.119384765625,44.767574310302734,-113.7193832397461
*c1ccc(Oc2ccc(Oc3ccc(N4C(=O)c5ccc(Oc6c(C)cc(C(C)(C)c7cc(C)c(Oc8ccc9c(c8)C(=O)N(*)C9=O)c(C)c7)cc6C)cc5C4=O)cc3)c(C(C)(C)C)c2)cc1,244.0,251.7650146484375,67.27076721191406,7.7650146484375
*c1cc(OCCCCCCCCCCCC)cc(N2C(=O)c3ccc(Oc4ccc5c(c4)C(=O)N(*)C5=O)cc3C2=O)c1,162.0,116.2442626953125,69.96868133544922,-45.7557373046875
*c1ccc(Oc2ccc3ccccc3c2-c2c(Oc3ccc(N4C(=O)c5ccc(NC(=O)Nc6cccc(NC(=O)Nc7ccc8c(c7)C(=O)N(*)C8=O)n6)cc5C4=O)cc3)ccc3ccccc23)cc1,283.0,290.00408935546875,45.286685943603516,7.00408935546875
*N=P(*)(Oc1ccc(C)cc1)Oc1ccc(C)cc1,5.0,-21.436782836914062,49.729148864746094,-26.436782836914062
*CCNC(=O)c1ccc(C(=O)N*)c(Sc2ccccc2)c1,172.0,148.7562713623047,58.10116195678711,-23.243728637695312
*C1C2CC(C(=O)OCCc3ccc(N(c4ccccc4)c4cccc(C)c4)cc3)C(C2)C1*,305.0,168.65078735351562,79.85387420654297,-136.34921264648438
*c1ccc2c(c1)Sc1cc(-c3ccc(-c4ccc(*)s4)s3)ccc1N2CCCCCCCCCC,142.0,175.91705322265625,83.98139953613281,33.91705322265625
*CCOC(=O)c1ccc2ccc(C(=O)O*)cc2c1,119.0,102.67820739746094,42.78904724121094,-16.321792602539062
*Oc1ccc(C(C)(C)c2ccc(OC(=O)OCCN(CCOC(*)=O)c3ccc(OC)cc3)cc2)cc1,60.0,63.248870849609375,14.04735279083252,3.248870849609375
*CC(*)(C)C(=O)O,161.6999969482422,33.640403747558594,50.64239501953125,-128.0595932006836
*O[Si](*)(C)C=C,-129.0,-83.23666381835938,49.90660095214844,45.763336181640625
*CC(CC(Cl)(Cl)Cl)O*,-36.0,-1.4132843017578125,59.488922119140625,34.58671569824219
*c1ccc(Oc2ccc(C(c3ccc(Oc4ccc(-c5cccc(*)n5)cc4C(F)(F)F)cc3)(C(F)(F)F)C(F)(F)F)cc2)c(C(F)(F)F)c1,153.0,205.984375,49.278724670410156,52.984375
*C(=O)Nc1ccc(-c2cc(-c3ccccc3)cc(-c3ccc(NC(=O)c4ccc5c(c4)C(=O)N(c4ccc(NC(=O)Nc6ccc(N7C(=O)c8ccc(*)cc8C7=O)cc6)cc4)C5=O)cc3)n2)cc1,215.0,270.7490539550781,44.663997650146484,55.749053955078125
*c1ccc2c(c1)C(=O)N(c1cccc(C(O)c3cccc(N4C(=O)c5ccc(C(*)(C(F)(F)F)C(F)(F)F)cc5C4=O)c3)c1)C2=O,262.0,270.80389404296875,44.03607940673828,8.80389404296875
*Nc1cc(NC(=O)c2ccc(C(*)=O)cc2)cc(-c2nc3ccccc3[nH]2)c1,267.5,328.5613708496094,62.447723388671875,61.061370849609375
*NNC(=O)/C=C/C(=O)NCCCCCCNC(=O)/C=C/C(*)=O,102.4000015258789,91.38040161132812,54.862648010253906,-11.019599914550781
*c1ccc(Oc2ccc(N3C(=O)c4cccc(Oc5ccc(Sc6ccc(Oc7cccc8c7C(=O)N(*)C8=O)cc6)cc5)c4C3=O)cc2)cc1,234.0,231.51092529296875,38.105796813964844,-2.48907470703125
*C1C(=O)N(c2ccccc2C(=O)OCC)C(=O)C1*,230.0,138.73544311523438,95.64496612548828,-91.26455688476562
*N=P(*)(OCCCCCCCC)OCCCCCCCC,-84.0,-74.56718444824219,45.08810043334961,9.432815551757812
*Nc1ccc(Cc2ccc(NC(=O)c3cc(C(*)=O)cc(N4C(=O)C5CC=CCC5C4=O)c3)cc2)cc1,286.0,226.76524353027344,81.02546691894531,-59.23475646972656
*CC(*)C(=O)Oc1ccccc1C(=O)OCC,30.0,48.15898132324219,23.736961364746094,18.158981323242188
*c1ccc(-c2nc(-c3cccc(-c4nnc(-c5ccccc5)c(*)n4)n3)nnc2-c2ccccc2)cc1,260.0,290.6949462890625,55.85411834716797,30.6949462890625
*C(=O)c1ccc2c(c1)C(=O)N(c1ccc(NC(=O)c3cccc(C(=O)Nc4ccc(N5C(=O)c6ccc(*)cc6C5=O)cc4)c3)cc1)C2=O,247.0,260.854736328125,35.66366195678711,13.854736328125
*c1ccc(Oc2ccc(S(=O)(=O)c3ccc(Oc4ccc(N5C(=O)c6ccc(Oc7cccc8c(Oc9ccc%10c(c9)C(=O)N(*)C%10=O)cccc78)cc6C5=O)cc4)cc3)cc2)cc1,201.0,185.1918487548828,28.698406219482422,-15.808151245117188
*CC1CCCC(CN2C(=O)c3ccc(C(=O)c4ccc5c(c4)C(=O)N(*)C5=O)cc3C2=O)C1,213.0,215.87472534179688,90.45113372802734,2.874725341796875
*c1ccc(C(=O)OCCCCCCCCOc2ccc(/C=C3\CC/C(=C\c4ccc(OCCCCCCCCOC(=O)c5ccc(-c6nnc(*)o6)cc5)cc4)C3=O)cc2)cc1,99.0,83.61901092529297,54.15139389038086,-15.380989074707031
*C(=O)OCCCCCOC(=O)c1ccc(NC(=O)c2ccc(N3C(=O)c4ccc(*)cc4C3=O)cc2)cc1,129.0,125.91293334960938,71.1964340209961,-3.087066650390625
*Oc1ccc(C(C)(CC)c2ccc(OC(*)=O)c(C)c2)cc1C,119.0,109.67221069335938,79.95747375488281,-9.327789306640625
*Oc1ccc(Oc2ccc(/C=N/CC/N=C/c3ccc(*)cc3)cc2)cc1,101.0,164.08187866210938,58.610225677490234,63.081878662109375
*OS(=O)(=O)c1cccc(S(=O)(=O)Oc2ccc(C(C)(CC)c3ccc(*)cc3)cc2)c1,147.0,135.9291229248047,46.73515701293945,-11.070877075195312
*c1ccc(Oc2ccc(Oc3ccc(P(=O)(c4ccccc4)c4ccc(Oc5ccc(Oc6ccc(-c7nc8ccccc8nc7*)cc6)cc5)cc4)cc3)cc2)cc1,209.0,242.91790771484375,47.832244873046875,33.91790771484375
*CCCCCCCCCCCNC(=O)CCCCCCCCCCCCCCCCCCC(=O)N*,29.0,32.253509521484375,21.591670989990234,3.253509521484375
*CCOCCOCCOc1ccc(C(=O)Nc2cc(NC(=O)c3ccc(O*)cc3)cc(-c3nc4ccccc4[nH]3)c2)cc1,165.0,152.0196990966797,44.42747497558594,-12.980300903320312
*c1cccc(Oc2cccc(Oc3cccc(Oc4cccc(Oc5cccc(N6C(=O)c7ccc(Oc8ccc9c(c8)C(=O)N(*)C9=O)cc7C6=O)c5)c4C#N)c3)c2C#N)c1,176.0,260.2352294921875,34.61723709106445,84.2352294921875
*c1cccc(P(=O)(c2ccccc2)c2cccc(N3C(=O)c4ccc(Oc5ccc6c(c5)C(=O)N(*)C6=O)cc4C3=O)c2)c1,251.0,263.6781005859375,38.92048645019531,12.6781005859375
*O[Si](*)(C)C,-122.9000015258789,-82.98809814453125,41.5954704284668,39.911903381347656
*C(=O)c1ccc2c(c1)C(=O)N(c1c(C(C)C)cc(Cc3cc(C(C)C)c(N4C(=O)c5ccc(*)cc5C4=O)c(C(C)C)c3)cc1C(C)C)C2=O,263.0,190.625732421875,92.58210754394531,-72.374267578125
*c1ccc(C2(c3ccc(-c4cc(-c5ccccc5)c5cc(Oc6ccc7nc(*)cc(-c8ccccc8)c7c6)ccc5n4)cc3)c3ccccc3C(=O)c3ccccc32)cc1,340.0,319.6647033691406,46.45237350463867,-20.335296630859375
*C(=O)OCC(COc1ccc(/N=N/c2ccc(C#N)cc2)cc1)OC(=O)c1ccc(*)s1,119.0,199.50221252441406,78.42469024658203,80.50221252441406
*Oc1ccc(S(=O)(=O)c2ccc(Oc3ccc(/C=C4\CC/C(=C\c5ccc(*)cc5)C4=O)cc3)cc2)cc1,235.0,195.62770080566406,47.581180572509766,-39.37229919433594
*Oc1ccc(C(=O)Nc2ccc(C(c3ccc(NC(=O)c4ccc(OC(=O)c5ccc(C(*)=O)cc5)cc4)cc3)(C(F)(F)F)C(F)(F)F)cc2)cc1,266.0,241.89312744140625,51.626949310302734,-24.10687255859375
*c1ccc(-n2c(=O)c3cc4c(=O)n(*)c(=O)c4cc3c2=O)c(S(=O)(=O)O[Na])c1,227.0,232.33206176757812,94.76497650146484,5.332061767578125
*CCOCCOCCOCCOCCOCCOc1ccc(C(=O)Nc2cc(NC(=O)c3ccc(O*)cc3)cc(-c3nc4ccccc4[nH]3)c2)cc1,125.0,120.0672378540039,36.998992919921875,-4.932762145996094
*C(=O)Nc1ccc(NC(=O)Nc2ccc(NC(=O)c3ccc4c(c3)C(=O)N(c3ccc(NC(=O)Nc5ccc(N6C(=O)c7ccc(*)cc7C6=O)cc5)cc3)C4=O)cc2)cc1,208.0,207.25576782226562,33.733192443847656,-0.744232177734375
*Oc1ccc(S(=O)(=O)c2ccc(Oc3ccc(NC(=O)c4ccc(Oc5ccc(C(C)(C)c6ccc(C(C)(C)c7ccc(Oc8ccc(C(=O)Nc9ccc(*)cc9)cc8)cc7)cc6)cc5)cc4)cc3)cc2)cc1,177.0,207.0794677734375,53.866668701171875,30.0794677734375
*CCCN(*)C(=O)CC,8.0,17.984153747558594,41.5941162109375,9.984153747558594
*C(=O)c1ccc2c(c1)C(=O)N(c1cccc(P(=O)(c3cccc(N4C(=O)c5ccc(*)cc5C4=O)c3)c3cc(C(F)(F)F)cc(C(F)(F)F)c3)c1)C2=O,243.0,254.62973022460938,37.445098876953125,11.629730224609375
*c1ccc(-c2nnc(-c3cccc(-c4nnc(*)n4-c4ccccc4)c3)n2-c2ccccc2)cc1,272.5,285.07330322265625,55.822452545166016,12.57330322265625
*C(=O)OCCN(CCOC(=O)c1ccc2c(c1)C(=O)N(c1c(C)cc(Cc3cc(C)c(N4C(=O)c5ccc(*)cc5C4=O)c(C)c3)cc1C)C2=O)c1ccc(/N=N/c2ccc([N+](=O)[O-])cc2[N+](=O)[O-])cc1,176.0,184.48748779296875,45.252017974853516,8.48748779296875
*O[Si](*)(C)CCCOC(=O)c1cc(OC(=O)c2ccc(OCCOCCOCCOCCOCCOCCOC)cc2)ccc1OC(=O)c1ccc(OCCOCCOCCOCCOCCOCCOC)cc1,-46.0,-55.2940673828125,40.504371643066406,-9.2940673828125
*c1ccc(Oc2ccc(C(=O)c3ccc(Oc4ccc(-c5c6c(c(*)c7ccccc57)C(=O)N(C)C6=O)cc4)cc3)cc2)cc1,283.0,230.2373046875,50.29483413696289,-52.7626953125
*CC(*)(C)C(=O)OCCCCCCOc1cccc(C(=O)Oc2ccc(C#N)cc2)c1,38.0,65.38394927978516,29.487123489379883,27.383949279785156
*Oc1ccc(C(C)(C)c2ccc(OC(=O)c3cccc(C(*)=O)c3)cc2)cc1,180.0,154.77999877929688,44.21649169921875,-25.220001220703125
*CCCCCCCCCn1c(=O)c2cc3c(=O)n(*)c(=O)c3cc2c1=O,110.0,103.15837860107422,37.738365173339844,-6.841621398925781
*Oc1ccc(CC(NC(=O)CCc2ccc(OC(=O)COCC(*)=O)cc2)C(=O)OCCCCCCCCCCCC)cc1,36.0,24.786460876464844,20.96885871887207,-11.213539123535156
*Oc1ccc(S(=O)(=O)c2ccc3cc(S(=O)(=O)c4ccc(Oc5ccc(-c6ccc(*)cc6)cc5)cc4)ccc3c2)cc1,255.0,199.85934448242188,54.37357711791992,-55.140655517578125
*Oc1ccc(C2(c3ccc(Oc4ccc5c(=O)n6c7cc(Oc8ccc9c(c8)nc8c%10ccc(*)c%11cccc(c(=O)n98)c%11%10)ccc7nc6c6cccc4c56)cc3)c3ccccc3-c3ccccc32)cc1,396.0,388.90203857421875,54.0510139465332,-7.09796142578125
*C(=O)c1ccc2c(c1)C(=O)N(c1ccc(Oc3ccc(NC(=O)c4cccc(C(=O)Nc5ccc(Oc6ccc(N7C(=O)c8ccc(*)cc8C7=O)cc6)cc5)c4)cc3)cc1)C2=O,232.0,250.11578369140625,31.655303955078125,18.11578369140625
*Oc1ccc(-c2ccc(Oc3ccc4ccccc4c3-c3c(*)ccc4ccccc34)c3ccccc23)c2ccccc12,301.0,276.69451904296875,50.960079193115234,-24.30548095703125
*c1ccc(C(=O)Nc2ccc(Oc3ccc(S(=O)(=O)c4ccc(Oc5ccc(NC(=O)c6ccc(N7C(=O)c8ccc(-c9ccc%10c(c9)C(=O)N(*)C%10=O)cc8C7=O)cc6)cc5)cc4)cc3)cc2)cc1,258.0,255.06126403808594,34.4367561340332,-2.9387359619140625
*C(=O)c1cc2c(cc1Cl)C(=O)N(c1cc(C(=O)O)cc(N3C(=O)c4cc(*)c(Cl)cc4C3=O)c1)C2=O,368.0,358.37896728515625,62.359130859375,-9.62103271484375
*Oc1ccc(NC(=O)c2cc(C(c3ccc(C(=O)O)c(C(=O)Nc4ccc(Oc5ccc(C(c6ccc(*)cc6)(C(F)(F)F)C(F)(F)F)cc5)cc4)c3)(C(F)(F)F)C(F)(F)F)ccc2C(=O)O)cc1,260.0,254.67628479003906,59.535194396972656,-5.3237152099609375
*Oc1ccc(Oc2ccc(NC(=O)c3ccc(Oc4ccc(Oc5ccc(C(=O)Nc6ccc(*)cc6)cc5)cc4-c4ccccc4)cc3)cc2)cc1,209.0,251.08578491210938,48.22518539428711,42.085784912109375
*c1ccc(Oc2cc(C(C)(C)C)c(Oc3ccc(N4C(=O)c5ccc(-c6ccc7c(c6)C(=O)N(*)C7=O)cc5C4=O)cc3)cc2C(C)(C)C)cc1,293.0,279.85943603515625,72.20569610595703,-13.14056396484375
*c1ccc(N2C(=O)c3ccc(C(=O)c4ccc5c(c4)C(=O)N(c4ccc(-c6nc7cc(-c8ccc9nc(-c%10ccccc%10)c(*)nc9c8)ccc7nc6-c6ccccc6)cc4)C5=O)cc3C2=O)cc1,260.0,269.633056640625,41.1104736328125,9.633056640625
*c1ccc(Oc2ccc(-c3ccc(-c4ccc(-c5ccc(Oc6ccc(-c7c8c(c(*)c9ccccc79)C(=O)N(c7ccccc7)C8=O)cc6)c(C(F)(F)F)c5)cc4)cc3)cc2C(F)(F)F)cc1,334.0,306.150390625,47.35556411743164,-27.849609375
*CC(*)(C)C(=O)OCCCCCCCCCCOc1ccc(/N=N/c2ccc(F)cc2)cc1,49.0,67.55834197998047,55.9918098449707,18.55834197998047
*/C=C/c1cccc(/C=C/[Si](C)(C)c2cccc([Si](*)(C)C)c2)c1,28.700000762939453,34.583404541015625,40.871246337890625,5.883403778076172
*Oc1ccc(OC(=O)Oc2ccc(C(C)(C)c3ccc(OC(*)=O)cc3)cc2)cc1,97.0,94.89064025878906,35.275970458984375,-2.1093597412109375
*CCCCCCOC(=O)C(CCCCCBr)C(=O)OCCCCCCOc1ccc(-n2on2-c2ccc(O*)cc2)cc1,7.0,51.67292785644531,51.58296203613281,44.67292785644531
*CCCCCCNC(=O)CC(=O)N*,50.0,60.612098693847656,48.55314254760742,10.612098693847656
*c1ccc(Oc2ccc(-c3csc(/N=C/c4ccc(OCCCCCCCCOc5ccc(/C=N/c6nc(*)cs6)cc5)cc4)n3)cc2)cc1,150.0,203.04132080078125,83.48101043701172,53.04132080078125
*CC(CC)(CO)CO*,331.8999938964844,-37.39768981933594,95.09088897705078,-369.2976837158203
*Oc1ccc(S(=O)(=O)c2ccc(OC(=O)c3ccc([Si](c4ccccc4)(c4ccccc4)c4ccc(C(*)=O)cc4)cc3)cc2)cc1,250.0,224.98190307617188,51.56328582763672,-25.018096923828125
*O[Si](C)(Oc1ccc(*)cc1)c1ccccc1,95.0,52.03582763671875,37.2869987487793,-42.96417236328125
*Oc1ccc(C2(c3ccc(OC(*)=O)cc3)c3cc(OC)ccc3-c3ccc([N+](=O)[O-])cc32)cc1,294.0,250.93603515625,74.21598052978516,-43.06396484375
*/C=C/C1CC(*)C2C(=O)N(CCCCCCCCCC)C(=O)C12,46.0,54.56751251220703,54.84052658081055,8.567512512207031
*C[Si](*)(CCCCCC)CCCCCC,-56.0,-7.0550537109375,85.56143188476562,48.9449462890625
*c1cc(C(c2ccc(OCc3cc(OCCN(C)c4ccc(/C=C/C5=CC(=C(C#N)C#N)CC(C)(C)C5)cc4)cc(OCCN(C)c4ccc(/C=C/C5=CC(=C(C#N)C#N)CC(C)(C)C5)cc4)c3)c(N3C(=O)c4ccc(Oc5ccc6c(c5)C(=O)N(*)C6=O)cc4C3=O)c2)(C(F)(F)F)C(F)(F)F)ccc1OCc1cc(OCCN(C)c2ccc(/C=C/C3=CC(=C(C#N)C#N)CC(C)(C)C3)cc2)cc(OCCN(C)c2ccc(/C=C/C3=CC(=C(C#N)C#N)CC(C)(C)C3)cc2)c1,178.0,184.02259826660156,69.1932601928711,6.0225982666015625
*Oc1c(C)cc(C2(c3cc(C)c(OC(=O)c4cccc(C(*)=O)c4)c(C)c3)c3ccccc3-c3ccccc32)cc1C,315.0,180.93313598632812,45.56645965576172,-134.06686401367188
*OC(F)(F)COC(=O)c1cccc(C(=O)OCC(*)(F)F)c1,28.0,23.5400390625,25.27593994140625,-4.4599609375
*Cc1cccc(COC(=O)Nc2ccc(Cc3ccc(NC(=O)O*)cc3)cc2)c1,106.0,176.3765411376953,78.65860748291016,70.37654113769531
*CCN(*)C(=O)c1ccc(F)cc1,104.0,100.25831604003906,29.648666381835938,-3.7416839599609375
*CC(C)(C)C(=O)O*,-12.0,7.051025390625,63.72222137451172,19.051025390625
*CC(*)c1cc(C(C)(C)C)ccc1C,87.0,115.38705444335938,85.41574096679688,28.387054443359375
*C1C(=O)N(c2cc(Br)c(O[Si](C)(C)C(C)(C)C)c(Br)c2)C(=O)C1*,164.0,124.23281860351562,55.95823669433594,-39.767181396484375
*CC(*)(C)C(=O)OC1COC(CP(=O)(OCC)OCC)OC1,101.5,19.735671997070312,70.78338623046875,-81.76432800292969
*c1ccc(Oc2ccc(C(=O)c3cccc(C(=O)c4ccc(Oc5ccc(-c6nc(-c7ccc(-c8nc(*)c(-c9ccccc9)[nH]8)cc7)[nH]c6-c6ccccc6)cc5)cc4)c3)cc2)cc1,270.0,257.68634033203125,51.24724197387695,-12.31365966796875
*c1ccc(Oc2ccc(N3C(=O)c4ccc(Oc5ccc(C(=O)c6ccc(Oc7ccc8c(c7)C(=O)N(*)C8=O)cc6)cc5)cc4C3=O)cc2)cc1,210.0,227.45755004882812,26.818151473999023,17.457550048828125
*CC(*)c1cccc(Cl)c1,90.0,105.01521301269531,36.69380187988281,15.015213012695312
*CCCCCCCCCCNC(=O)CCCCCCCCCCCCCCC(=O)N*,45.0,42.5328369140625,21.606239318847656,-2.4671630859375
*Nc1ccc(*)cc1,75.30000305175781,110.7248306274414,51.38131332397461,35.424827575683594
*CC(*)N,57.0,44.42852783203125,30.4536075592041,-12.57147216796875
*c1ccc(Oc2ccc(-n3c(=O)c4cc5c(=O)n(*)c(=O)c5cc4c3=O)cc2)cc1,385.0,364.7781982421875,55.666873931884766,-20.2218017578125
*C1CCC(CC2CCC(N3C(=O)c4ccc(Oc5ccc6c(c5)C(=O)N(*)C6=O)cc4C3=O)C(C)C2)CC1C,250.0,109.40061950683594,78.8996810913086,-140.59938049316406
*c1cc(CC(=O)OCCCCCCOc2ccc(/N=N/c3ccc(C#N)cc3)cc2)c(*)s1,64.0,171.5966033935547,94.68843841552734,107.59660339355469
*C(*)C(=O)OC1CCCCC1,140.0,56.861122131347656,80.736572265625,-83.13887786865234
*c1ccc(C(C#N)(C(=O)OCC(C)C)C(*)(C#N)C(=O)OCC(C)C)cc1,108.0,109.64116668701172,43.92490005493164,1.6411666870117188
*c1ccc(-c2cc(CCCCCCCC)c(-c3ccc(-c4ccc(-c5sc(-c6ccc([Si](*)(CCCC)CCCC)s6)cc5CCCCCCCC)s4)s3)s2)s1,-1.0,6.7283935546875,34.46407699584961,7.7283935546875
*c1ccc(Oc2cc(C(C)(C)C)c(Oc3ccc(N4C(=O)c5ccc(Oc6ccc7c(c6)C(=O)N(*)C7=O)cc5C4=O)cc3)cc2C(C)(C)C)cc1,242.0,242.61746215820312,75.49645233154297,0.617462158203125
*Nc1cc(NC(=O)c2ccc(C(*)=O)cc2)cc(C(=O)Oc2ccc(-c3ccccc3)cc2)c1,178.0,240.8474884033203,70.78950500488281,62.84748840332031
*c1ccc(Oc2ccc(Oc3ccc(NC(=O)c4ccc(Oc5ccc6c(c5)C(=O)N(*)C6=O)cc4)cc3)cc2)cc1,242.0,251.99267578125,41.84840774536133,9.99267578125
*CCCCCCNC(=O)CC(C)(C)c1ccc(C(C)(C)CC(=O)N*)cc1,91.0,91.65877532958984,60.290374755859375,0.6587753295898438
*c1ccc(N2C(=O)c3ccc(-c4ccc5c(c4)C(=O)N(*)C5=O)cc3C2=O)cc1,341.0,365.436279296875,54.209632873535156,24.436279296875
*CC(*)(C)C(=O)OCc1ccc(OCCOCCOCCOCC)c(OCCOCCOCCOCC)c1,-92.0,-46.83514404296875,35.24162673950195,45.16485595703125
*Oc1ccc(CC(NC(=O)CCc2ccc(OC(=O)COCCOCC(*)=O)cc2)C(=O)OCCCCCC)cc1,28.0,27.198898315429688,17.96925926208496,-0.8011016845703125
*N=P(*)(OCCOc1ccc(/N=N/c2ccc(CCCC)cc2)cc1)OCCOc1ccc(/N=N/c2ccc(CCCC)cc2)cc1,80.0,52.035926818847656,44.798011779785156,-27.964073181152344
*ON(C(F)(F)F)C(F)(C(*)(F)F)C(F)(F)F,-9.0,-9.311447143554688,32.40125274658203,-0.3114471435546875
*CC(*)(C)C(=O)OCCN(CC)c1ccc([N+](=O)[O-])cc1,98.0,87.85749053955078,60.46657943725586,-10.142509460449219
*Cc1ccccc1CN(CC)c1ccc(/C=C(\C#N)C(=O)Nc2cccc(NC(=O)/C(C#N)=C/c3ccc(N(*)CC)cc3)c2)cc1,188.0,201.90017700195312,80.73016357421875,13.900177001953125
*O[Si](*)(C)CCCOC(=O)c1cc(OC(=O)c2ccc(OCCOCCOCCOCCOC)cc2)ccc1OC(=O)c1ccc(OCCOCCOCCOCCOC)cc1,-37.0,-29.8262939453125,53.743980407714844,7.1737060546875
*CCCCCCOC(=O)OCCCOC(=O)OCCCCCCOc1ccc(C(=O)c2ccc(O*)cc2)cc1,16.0,10.825149536132812,24.014001846313477,-5.1748504638671875
*CCCCCCOC(=O)C(CCCCCP(=O)(OCC)OCC)C(=O)OCCCCCCOc1ccc(-n2on2-c2ccc(O*)cc2)cc1,7.0,26.463455200195312,26.610925674438477,19.463455200195312
*c1ccc([Si](c2ccccc2)(c2ccccc2)c2ccc(-c3nnc(-c4ccc(-c5nnc(*)o5)o4)o3)cc2)cc1,276.0,271.7709655761719,54.04350280761719,-4.229034423828125
*C([2H])([2H])C(*)([2H])c1c([2H])c([2H])c([2H])c([2H])c1[2H],97.0,96.61127471923828,42.59022521972656,-0.38872528076171875
*C(=O)c1ccc2c(c1)C(=O)N(c1ccc(C(=O)N(C)c3ccc(N4C(=O)c5ccc(*)cc5C4=O)cc3)cc1)C2=O,313.0,287.7123718261719,44.877777099609375,-25.287628173828125
*c1ccc2c(c1)C(=O)N(c1cccc(P(=O)(c3ccccc3)c3cccc(N4C(=O)c5ccc(C(*)(C(F)(F)F)C(F)(F)F)cc5C4=O)c3)c1)C2=O,271.0,311.51312255859375,55.294036865234375,40.51312255859375
*Nc1cc([N+](=O)[O-])c(NC(=O)CCCCCCCCCCC(*)=O)cc1/C=C/c1ccc(N(C)C)cc1,144.0,107.24784851074219,64.96491241455078,-36.75215148925781
*CCCC(C)(C)CCCn1c(=O)c2cc3c(=O)n(*)c(=O)c3cc2c1=O,135.0,103.15837860107422,37.738365173339844,-31.84162139892578
*CCCCCCCCNC(=O)CCCCCCCCCCC(=O)N*,50.0,46.105018615722656,22.19923210144043,-3.8949813842773438
*CC(*)(C)C(=O)OCCCCCCCCCCOc1ccc(/N=N/c2ccc([N+](=O)[O-])cc2)cc1,55.0,73.87356567382812,55.18377685546875,18.873565673828125
*CC(*)(F)C(=O)OCC(Cl)(Cl)Cl,127.0,161.11134338378906,45.7829475402832,34.11134338378906
*CCCCCCCCNC(=O)CCCCCCCCCCCCCCC(=O)N*,52.0,38.48382568359375,22.351552963256836,-13.51617431640625
*/C=C(/*)c1ccc(-n2c(=O)c3cc4c(=O)n(-c5ccc(C#C)cc5)c(=O)c4cc3c2=O)cc1,420.0,383.2601318359375,57.2020263671875,-36.7398681640625
*Oc1ccc(C(C)(C)c2ccc(OC(=O)c3ccc(C(*)=O)cc3)c(C(C)CC)c2)cc1C(C)CC,90.0,142.19873046875,92.00431823730469,52.19873046875
*CC(*)(C)C(=O)Nc1cccc(-c2nnc(-c3ccccc3)o2)c1,65.0,153.0755615234375,71.15809631347656,88.0755615234375
*C(=O)Nc1ccc(NC(=O)c2ccc3c(c2)C(=O)N(c2ccc(Oc4ccc(N5C(=O)c6ccc(*)cc6C5=O)cc4)cc2)C3=O)c(OCCCCCCS(=O)(=O)c2ccc(/C=C/c3ccc(N(C)C)cc3)cc2)c1,192.0,200.96112060546875,51.02877426147461,8.96112060546875
*CC(*)c1ccc(C(=O)c2ccc(C)cc2)cc1,99.0,89.00927734375,35.94976043701172,-9.99072265625
*/C=C/c1cc(CCCCCCCCCC)c(/C=C/c2ccc(-c3ccc(*)nc3)cn2)cc1CCCCCCCCCC,68.0,86.47932434082031,51.15608215332031,18.479324340820312
*c1ccc2c(c1)C(=O)N(c1cc(N3C(=O)c4ccc(C(*)(C(F)(F)F)C(F)(F)F)cc4C3=O)ccc1OCCCCCCOc1ccc(/N=N/c3ccc(OCC)cc3)cc1)C2=O,198.0,228.886474609375,60.83135223388672,30.886474609375
*c1ccc(NC(=O)CCCCCCCCCCC(=O)Nc2ccc(S(*)(=O)=O)cc2)cc1,160.0,90.90794372558594,58.20929718017578,-69.09205627441406
*CCN(CCCCCOc1ccc(/N=N/c2ccccc2)cc1)CCOC(=O)Nc1ccc(Cc2ccc(NC(=O)O*)cc2)cc1,59.599998474121094,127.7442855834961,60.96515655517578,68.144287109375
*c1ccc(Oc2ccc(Oc3ccc(N4C(=O)C(c5ccccc5)=C(c5ccc(C6=C(c7ccccc7)C(=O)N(*)C6=O)cc5)C4=O)cc3)cc2)cc1,267.0,243.5457305908203,37.676883697509766,-23.454269409179688
*CCCCCCCCCCCCOC(=O)c1ccc2cc(C(=O)O*)ccc2c1,45.0,43.184234619140625,36.73091506958008,-1.815765380859375
*c1ccc(Oc2ccc(C(=O)c3cccc(C(=O)c4ccc(Oc5ccc(-n6c(=O)c7cc8c(=O)n(*)c(=O)c8cc7c6=O)cc5C(F)(F)F)cc4)n3)cc2)c(C(F)(F)F)c1,227.10000610351562,232.71267700195312,29.69788360595703,5.6126708984375
*c1cccc(OCCCCCCOc2cccc(N3C(=O)c4ccc(-c5cccc6c5C(=O)N(*)C6=O)cc4C3=O)c2)c1,157.0,199.0140380859375,60.3062744140625,42.0140380859375
*c1ccc(Oc2ccc(Oc3ccc(N4C(=O)c5ccc(Oc6ccc(C7(c8ccc(Oc9ccc%10c(c9)C(=O)N(*)C%10=O)cc8)CCC(C(C)(C)C)CC7)cc6)cc5C4=O)cc3)c(C(C)(C)C)c2)cc1,233.0,259.8062438964844,71.00027465820312,26.806243896484375
*CCCCCCCCCCNC(=O)CCCCCCCCC(=O)N*,60.0,46.105018615722656,22.19923210144043,-13.894981384277344
*CCCCCC(*)CCCCCCCC,-72.0,-20.57989501953125,48.257511138916016,51.42010498046875
*c1ccc(N2C(=O)c3ccc(C(=O)c4ccc5c(c4)C(=O)N(c4ccc(-c6nc7cc(Oc8ccc9nc(-c%10ccccc%10)c(*)nc9c8)ccc7nc6-c6ccccc6)cc4)C5=O)cc3C2=O)cc1,254.0,259.1907958984375,35.64364242553711,5.1907958984375
*c1ccc2c(c1)C(=O)N(c1cccc(C(F)(F)C(F)(F)C(F)(F)c3cccc(N4C(=O)c5ccc(C(F)(F)C(F)(F)C(F)(F)C(*)(F)F)cc5C4=O)c3)c1)C2=O,159.0,188.81295776367188,54.01046371459961,29.812957763671875
*OP(=O)(Oc1ccccc1)Oc1ccc(-c2ccc(*)cc2)cc1,112.0,102.80500793457031,52.47470474243164,-9.194992065429688
*Oc1ccc(C(=O)O)c(C(=O)Nc2ccc(NC(=O)c3cc(*)ccc3C(=O)O)cc2)c1,166.3000030517578,231.64573669433594,87.53190612792969,65.34573364257812
*Oc1cccc(OC(=O)c2cccc(C(*)=O)c2)c1,147.0,156.0447235107422,58.06095504760742,9.044723510742188
*C(=O)Nc1ccc(C)cc1N1C(=O)CC(N2C(=O)c3ccc(*)cc3C2=O)C1=O,237.0,265.9951171875,69.78453826904297,28.9951171875
*CC(*)OC(=O)c1ccncc1,98.5,93.47665405273438,40.71653747558594,-5.023345947265625
*CCCCCCCOC(=O)Nc1ccc(C)c(NC(=O)O*)c1,61.0,56.451255798339844,45.51578140258789,-4.548744201660156
*CCOc1ccc(S(=O)(=O)c2ccc(OCCOP(=O)(O*)Oc3ccc(C)cc3)cc2)cc1,46.0,103.44779968261719,42.24591827392578,57.44779968261719
*CC(*)CCC1CCCCC1,40.0,77.45240020751953,92.65653991699219,37.45240020751953
*c1ccc2c(c1)C(=O)N(c1ccc(-c3ccc(N4C(=O)c5ccc(C(*)(C(F)(F)F)C(F)(F)F)cc5C4=O)c(OC(=O)/C=C/c4ccccc4)c3)cc1OC(=O)/C=C/c1ccccc1)C2=O,181.0,237.385986328125,30.68746566772461,56.385986328125
*c1ccc(-c2sc(-c3cc(CCCC)c(*)s3)cc2CCCC)cc1,122.30000305175781,130.31637573242188,74.6810302734375,8.016372680664062
*Oc1cccc(NC(=O)c2ccc(C(=O)c3cccc(C(=O)Nc4ccc(*)cc4)c3)cc2)c1,237.0,240.8474884033203,70.78950500488281,3.8474884033203125
*Oc1ccc(NC(=O)c2ccc(Oc3ccc(C(C)(C)c4ccc(C(C)(C)c5ccc(Oc6ccc(C(=O)Nc7ccc(Oc8ccc(C(C)(C)c9ccc(*)cc9)cc8)cc7)cc6)cc5)cc4)cc3)cc2)cc1,163.0,185.3399658203125,49.70111846923828,22.3399658203125
*c1ccc(Oc2ccccc2Oc2ccc(N3C(=O)c4ccc(Oc5ccccc5Oc5ccc6c(c5)C(=O)N(*)C6=O)cc4C3=O)cc2C(F)(F)F)c(C(F)(F)F)c1,185.0,231.24380493164062,33.111507415771484,46.243804931640625
*Nc1ccc(NC(=O)c2ccc(C(*)=O)cc2)cc1,295.0,263.6878967285156,70.32843780517578,-31.312103271484375
*Oc1ccc(C(C)(C)c2ccc(OC(=O)c3ccc4c(c3)C(C)(c3ccc(C(*)=O)cc3)CC4(C)C)cc2)cc1,265.0,165.4306640625,72.28948211669922,-99.5693359375
*c1ccc(Oc2ccc(C(C)(C)c3ccc(Oc4ccc(-c5cccc(*)n5)cc4C(F)(F)F)cc3)cc2)c(C(F)(F)F)c1,125.0,143.1636505126953,52.032447814941406,18.163650512695312
*CC(*)(C#N)C(=O)OCC,115.0,107.59768676757812,51.15605545043945,-7.402313232421875
*O[Si](C)(CCC(F)(F)F)CCC(F)(F)C(F)(F)C(F)(F)C(F)(F)C(F)(F)C(F)(F)C(F)(F)C(F)(F)CC[Si](*)(C)CCC(F)(F)F,-28.0,-3.7714385986328125,41.242408752441406,24.228561401367188
*O[Si](C)(C)c1ccc2cc([Si](*)(C)C)ccc2c1,29.0,36.01954650878906,45.46062088012695,7.0195465087890625
*C[Si](*)(C)c1ccccc1,28.0,41.88189697265625,35.8420524597168,13.88189697265625
*Nc1ccc(-c2ccc(NC(=O)c3ccc(C(*)=O)cc3)cc2)cc1,340.0,292.69097900390625,67.33815002441406,-47.30902099609375
*CCC[Si](*)(C)CCC[Si](C)(C)C,-46.0,-45.95713806152344,85.00318145751953,0.0428619384765625
*c1nnc(-c2cc(CCCCCCCC)c(-c3ccc(-c4sc(-c5nnc(-c6cc(OCCCCCCCC)c(*)cc6OCCCCCCCC)o5)cc4CCCCCCCC)s3)s2)o1,34.099998474121094,47.244041442871094,44.96554183959961,13.14404296875
*Oc1ccc(NC(=O)CCCCCCCCCC(=O)Nc2ccc(*)cc2)cc1,150.0,100.73316192626953,57.03495788574219,-49.26683807373047
*C(=O)OCCCCCCCCCCOC(=O)c1ccc(N2C(=O)c3ccc(*)cc3C2=O)cc1,58.0,65.58502197265625,19.999412536621094,7.58502197265625
*c1ccc(Oc2ccc(N3C(=O)c4ccc(Oc5c(Oc6ccc7c(c6)C(=O)N(*)C7=O)cc(C(C)(C)C)cc5C(C)(C)C)cc4C3=O)cc2)cc1,228.0,242.61746215820312,75.49645233154297,14.617462158203125
*CCCCCCCCCCOc1ccc(/C=C/c2ccc(OCCCCCCCCCCOP(=O)(O*)OCCCCCCCCCCOc3ccc(/N=N/c4ccc(OC)cc4)cc3)cc2)cc1,58.0,48.33789825439453,32.33719253540039,-9.662101745605469
*CC(C)(C)COC(=O)C1CCC(C(=O)O*)CC1,30.0,20.836502075195312,65.8616714477539,-9.163497924804688
*CC(*)(C#N)C(=O)OC(C)C,66.0,77.94275665283203,38.2742805480957,11.942756652832031
*c1ccc(Oc2ccc(N3C(=O)C(C)C(SCCOCCSC4C(=O)N(c5ccc(Oc6ccc(N7C(=O)CC(C)(SCCOCCSC8(C)CC(=O)N(*)C8=O)C7=O)cc6)cc5)C(=O)C4C)C3=O)cc2)cc1,145.0,126.18470001220703,44.10147476196289,-18.81529998779297
*Oc1ccc(S(=O)(=O)c2ccc(OC(=O)c3cccc(C(*)=O)c3)cc2)cc1,249.0,169.77804565429688,70.43331146240234,-79.22195434570312
*/C=C/c1cccc(OC(=O)CCCCCCCCC(=O)Oc2ccc(-c3nnc(*)s3)cc2)c1,55.0,134.78012084960938,67.69178009033203,79.78012084960938
*CC(*)(C)C(=O)OCCCCCCOc1ccc(C(=O)Oc2ccc(C(=O)/C=C/c3c(C)c4ccccc4n3C)cc2)cc1,98.0,80.16061401367188,60.342315673828125,-17.839385986328125
*CCCCOc1ccc(OC(=O)c2ccc(C(=O)Oc3ccc(O*)cc3)c(C(=O)OCC=C)c2)cc1,56.0,65.03981018066406,30.49879264831543,9.039810180664062
*Cc1ccc(C[n+]2ccc(-c3cc[n+](*)cc3)cc2)cc1,95.0,130.48033142089844,53.37139129638672,35.48033142089844
*CC(*)C(=O)Oc1ccc(C(=O)c2ccc(Cl)cc2)cc1,78.0,104.94770050048828,50.148075103759766,26.94770050048828
*c1cccc(Cc2cccc(N3C(=O)c4ccc([Si](C)(C)c5ccc(-c6ccc([Si](C)(C)c7ccc8c(c7)C(=O)N(*)C8=O)cc6)cc5)cc4C3=O)c2)c1,285.0,298.1047668457031,56.9571418762207,13.104766845703125
*C(=O)Nc1ccc(Oc2ccc(-c3ccc(Oc4ccc(NC(=O)c5ccc6c(c5)C(=O)N(c5ccc(C)c(N7C(=O)c8ccc(*)cc8C7=O)c5)C6=O)cc4)cc3)cc2)cc1,299.0,256.00347900390625,35.87439727783203,-42.99652099609375
*C(=O)OCCN(CCOC(=O)c1ccc2c(c1)C(=O)N(c1c(C)cc(Cc3cc(C)c(N4C(=O)c5ccc(*)cc5C4=O)c(C)c3)cc1C)C2=O)c1ccccc1,177.0,193.81134033203125,61.270179748535156,16.81134033203125
*OC(COC(=O)c1cccc(-c2ccc(C(*)=O)cc2)c1)COc1ccc(/N=N/c2ccc(C#N)cc2)cc1,135.0,209.49749755859375,73.43949890136719,74.49749755859375
*/C(Cl)=C(/*)c1ccccc1,215.0,219.270263671875,57.61219787597656,4.270263671875
*O[Si](*)(C)CCCCCCOc1ccc(C(=O)Oc2ccc(C(=O)Oc3ccc(C=C(C(=O)OCCCCCCCCC)C(=O)OCCCCCCCCC)cc3)cc2)cc1,-4.5,-0.548187255859375,30.480112075805664,3.951812744140625
*CCOCCOC(=O)c1cccc(C(=O)O*)c1,16.0,26.204627990722656,56.2388801574707,10.204627990722656
*O[Si](*)(C)CCCCCCn1c2ccccc2c2ccccc21,-5.0,19.371482849121094,34.40165710449219,24.371482849121094
*c1ccc(Oc2ccc(-n3nccc3-c3cccc(-c4ccnn4*)c3)cc2)cc1,216.0,276.50909423828125,63.41098403930664,60.50909423828125
*CC(COC(C)(C)C)O*,-24.0,-68.98541259765625,48.39630126953125,-44.98541259765625
*N=P(*)(Oc1ccc(C)cc1)n1cncn1,73.25,70.29704284667969,60.86663818359375,-2.9529571533203125
*Oc1ccc(C(c2ccc(OC(=O)c3ccc(OCCCCCCCCCCOc4ccc(C(*)=O)cc4)cc3)cc2)(C(F)(F)F)C(F)(F)F)cc1,89.0,124.4349365234375,35.2236328125,35.4349365234375
*Cc1ccc(COP(=O)(/N=N/c2ccc(Oc3ccc(/N=N/P(=O)(O*)OC)cc3)cc2)OC)cc1,50.0,32.92631530761719,37.66371536254883,-17.073684692382812
*c1ccc(OC(=O)c2ccc(C(=O)Oc3ccc(C4(*)c5ccccc5Oc5ccccc54)cc3)cc2)cc1,252.0,163.44461059570312,44.5367317199707,-88.55538940429688
*Nc1cc(NC(=O)c2cc(OCCCS(=O)(=O)c3ccc(/N=N/c4ccc(N(C)C)cc4)cc3)cc(C(*)=O)c2)cc(C(=O)OCCCN(C)c2ccc(/N=N/c3ccc(S(C)(=O)=O)cc3)cc2)c1,166.0,150.8188018798828,39.87460708618164,-15.181198120117188
*CC(O)COc1ccc(C(C)(C)c2ccc(OCC(O)COc3ccc(NC(=O)CCCCCC(=O)Nc4ccc(O*)cc4)cc3)cc2)cc1,116.0,90.87049102783203,43.24897384643555,-25.12950897216797
*CC(*)(C)C(=O)NC(=O)Oc1ccc(S(=O)(=O)c2ccc(O)cc2)cc1,182.0,130.67059326171875,70.33515930175781,-51.32940673828125
*C1(C)CC(*)(C)C(=O)N(C)C1=O,170.0,131.09825134277344,71.32667541503906,-38.90174865722656
*Oc1cccc(C(=O)Nc2ccc(-c3ccc(NC(=O)c4cccc(Oc5nc(*)nc(Sc6ccccc6)n5)c4)cc3)cc2)c1,279.0,264.7196960449219,58.35029983520508,-14.280303955078125
*C(=O)Nc1ccc(-c2cc(-c3ccccc3)cc(-c3ccc(NC(=O)c4ccc5c(c4)C(=O)N(c4cccc(P(=O)(c6ccccc6)c6cccc(N7C(=O)c8ccc(*)cc8C7=O)c6)c4)C5=O)cc3)n2)cc1,258.0,264.77801513671875,40.58297348022461,6.77801513671875
*Oc1ccc(C(C)(C)c2ccc(OC(=O)Oc3ccc(Cc4ccc(OC(*)=O)cc4)cc3)cc2)cc1,107.80000305175781,138.166748046875,46.93547821044922,30.366744995117188
*c1ccc(-c2ccc([Si](C)(C)[Si](*)(C)C)s2)s1,45.0,72.72538757324219,57.07990646362305,27.725387573242188
*c1c(C)cc(C)c(N2C(=O)c3ccc(-c4ccc5c(c4)C(=O)N(*)C5=O)cc3C2=O)c1C,385.0,304.67279052734375,71.61556243896484,-80.32720947265625
*Oc1ccc(NC(=O)CCCCCCC(=O)Nc2ccc(OC3COC4C(*)COC34)cc2)cc1,72.5,78.00159454345703,43.31270980834961,5.501594543457031
*/C(C#N)=C/c1cc(/C=C(\C#N)c2ccc3c(c2)C(CCCCCCCC)(CCCCCCCC)c2cc(*)ccc2-3)cc(N(c2ccccc2)c2ccccc2)c1,136.0,168.80599975585938,77.77784729003906,32.805999755859375
*Cc1cccc(C[n+]2ccc(-c3cc[n+](*)cc3)cc2)c1,128.0,130.48033142089844,53.37139129638672,2.4803314208984375
*CCc1ccc(*)c(Br)c1,80.0,135.74676513671875,36.73340606689453,55.74676513671875
*Oc1ccc(C(C)(C)c2ccc(OC(=O)c3cccc(Oc4cccc(C(*)=O)c4)c3)cc2)cc1,85.0,171.726318359375,45.99153137207031,86.726318359375
*CC(*)(C)C(=O)OCC(O)C1CC(C)(c2ccccc2)C1,105.0,49.80945587158203,49.93492126464844,-55.19054412841797
*c1ccc(-c2cc(C(C)(C)C)c(Oc3ccc(N4C(=O)c5ccc(Oc6ccc7c(c6)C(=O)N(*)C7=O)cc5C4=O)cc3)c(C(C)(C)C)c2)cc1,342.0,279.85943603515625,72.20569610595703,-62.14056396484375
*Nc1cc(NC(=O)Nc2ccc(NC(*)=O)cc2)cc(C(=O)Nc2cccc3c2C(=O)c2ccccc2C3=O)c1,190.0,221.17724609375,85.72190856933594,31.17724609375
*CC(*)P(=O)(N(C)C)N(C)C,25.0,-32.25453186035156,40.24291229248047,-57.25453186035156
*Oc1ccc(Oc2ccc(C(=O)Nc3ccc(Oc4ccc(-c5ccc(Oc6ccc(NC(=O)c7ccc(*)cc7)cc6)cc5)cc4)cc3)cc2)cc1-c1ccccc1,232.0,254.91204833984375,62.20096969604492,22.91204833984375
*c1c(C)cc(-c2cc(C)c(N3C(=O)c4ccc(S(=O)(=O)c5ccc6c(c5)C(=O)N(*)C6=O)cc4C3=O)c(C)c2)cc1C,290.0,231.8408203125,54.670021057128906,-58.1591796875
*c1ccc(Oc2ccc(C(c3ccc(Oc4ccc(-n5c(=O)c6cc7c(=O)n(*)c(=O)c7cc6c5=O)cc4)cc3)(C(F)(F)F)C(F)(F)F)cc2)cc1,310.0,264.8164978027344,38.77314376831055,-45.183502197265625
*Oc1ccc(Sc2ccc(OC(*)=O)cc2)cc1,110.0,187.39752197265625,62.50803756713867,77.39752197265625
*CC(*)(C)C(=O)OCCCCCCOc1ccc(C(=O)Oc2ccc(-c3cccc(OC(=O)c4ccc(OC(=O)c5ccc(OCCCCCCCCCCCC)cc5)cc4)c3)cc2)cc1,73.0,57.123390197753906,37.03345489501953,-15.876609802246094
*C(=O)c1ccc2c(c1)C(=O)N(c1ccc(N(c3ccc(C#N)cc3)c3ccc(N4C(=O)c5ccc(*)cc5C4=O)cc3)cc1)C2=O,315.0,330.5028991699219,50.16933059692383,15.502899169921875
*C(=O)OCCOCCOCCOC(=O)c1ccc(N2C(=O)c3ccc(*)cc3C2=O)cc1,63.0,61.26012420654297,23.206579208374023,-1.7398757934570312
*c1ccc([Si](C)(C)[Si](*)(C)C)s1,15.0,-49.11895751953125,52.24497604370117,-64.11895751953125
*Oc1cccc(C(=O)OCC(F)(F)C(F)(F)C(F)(F)COC(=O)c2cccc(*)c2)c1,20.0,34.219810485839844,25.793983459472656,14.219810485839844
*CC(*)C(=O)Oc1ccc(C(=O)OC)cc1,67.0,52.93103790283203,31.01031494140625,-14.068962097167969
*CCCCCCOC(=O)NNC(=O)CCCCCCCCC(=O)NNC(=O)O*,45.0,42.32142639160156,40.21324920654297,-2.6785736083984375
*CCOP(=O)(/N=N/c1ccc(-c2ccc(/N=N/P(=O)(O*)OCC)cc2)cc1)OCC,43.0,36.981964111328125,26.745222091674805,-6.018035888671875
*CCCCCC(c1ccc(O)cc1)C(*)c1ccc(O)cc1C,16.0,67.96598815917969,63.831764221191406,51.96598815917969
*CC(*)c1ccc(C(=O)OCCCC)cc1,76.0,68.35712432861328,41.444007873535156,-7.642875671386719
*c1ccc2c(c1)C(=O)N(c1cccc(N3C(=O)c4ccc(C(*)(C(F)(F)F)C(F)(F)F)cc4C3=O)c1)C2=O,298.0,331.8314208984375,55.700286865234375,33.8314208984375
*Oc1ccc(C(C)(c2ccccc2)c2ccc(OC(*)=S)cc2)cc1,181.0,167.1460418701172,50.48811721801758,-13.853958129882812
*CCOCCOC(=O)/C=C/C(=O)NCCCCCCNC(=O)/C=C/C(=O)O*,76.0,48.06224060058594,36.46721267700195,-27.937759399414062
*CCCCCCCCCCCCNC(=O)C(OC)C(OC)C(=O)N*,84.0,53.41065979003906,30.428592681884766,-30.589340209960938
*C(CC(C)C)C(=O)Nc1ccc(Oc2ccc(NC(=O)NCC3(C)CC(NC(=O)Nc4ccc(Oc5ccc(NC(=O)C(CC(C)C)n6c(=O)c7cc8c(=O)n(*)c(=O)c8cc7c6=O)cc5)cc4)CC(C)(C)C3)cc2)cc1,147.5,127.46537780761719,46.40117263793945,-20.034622192382812
*c1ccc2c(c1)C(=O)N(c1c(C)cc(-c3cc(C)c(N4C(=O)c5ccc(C(*)(C(F)(F)F)C(F)(F)F)cc5C4=O)c(C)c3)cc1C)C2=O,370.5,251.78326416015625,77.10887145996094,-118.71673583984375
*C(=O)c1ccc2c(c1)C(=O)N(c1cccc(Cc3ccc(Cc4cccc(N5C(=O)c6ccc(*)cc6C5=O)c4)cc3)c1)C2=O,240.0,257.84130859375,70.72492218017578,17.84130859375
*Oc1ccc(/C=C2\CC/C(=C\c3ccc(OC(=O)c4ccc(/N=C/c5ccc(/C=N/c6ccc(C(*)=O)cc6)cc5)cc4)cc3)C2=O)cc1,205.0,243.839111328125,63.58967208862305,38.839111328125
*CC(*)OC(=O)C(F)(F)C(F)(F)C(F)(F)C(F)(F)F,20.0,34.80933380126953,45.060943603515625,14.809333801269531
*Oc1ccc(CC(NC(=O)CCc2ccc(OC(=O)COCC(*)=O)cc2)C(=O)OC(C)CC)cc1,68.0,60.58708953857422,12.968748092651367,-7.412910461425781
*Oc1ccc(Cc2ccc(Cc3ccc(OC(*)=O)cc3)cc2)cc1,79.5,152.5395050048828,51.0357551574707,73.03950500488281
*c1cccc(N2C(=O)c3ccc(Oc4cccc(Oc5ccc6c(c5)C(=O)N(*)C6=O)c4)cc3C2=O)c1,224.0,277.52197265625,44.779052734375,53.52197265625
*CC(*)C(=O)OCCOC,-34.0,4.4546356201171875,56.661170959472656,38.45463562011719
*CC(*)CCCCCCCCCCCC,10.0,-20.57989501953125,48.257511138916016,-30.57989501953125
*CCOCCOc1cccc(NC(=O)c2ccc(C(=O)Nc3cccc(O*)c3)cc2)c1,140.0,145.00509643554688,54.947078704833984,5.005096435546875
*c1ccc(-c2cnc3ccc(-c4ccc5nc(*)cnc5c4)cc3n2)cc1,376.0,375.38427734375,54.8635139465332,-0.61572265625
*Oc1ccc(CC(NC(=O)Cc2ccc(OC(=O)COCCOCC(*)=O)cc2)C(=O)OCC)cc1,50.0,57.621131896972656,14.191484451293945,7.621131896972656
*CCCCCN1C(=O)c2ccc(C(=O)Oc3ccc(-c4ccc(OC(=O)c5ccc6c(c5)C(=O)N(*)C6=O)cc4)cc3)cc2C1=O,147.0,156.40721130371094,46.54927062988281,9.407211303710938
*c1ccc(C(C)(C)c2ccc(C(C)(C)c3ccc(N4C(=O)c5ccc(Oc6cccc7c(Oc8ccc9c(c8)C(=O)N(*)C9=O)cccc67)cc5C4=O)cc3)cc2)cc1,253.0,231.51438903808594,70.38052368164062,-21.485610961914062
*OP(=O)(Oc1ccc(C)cc1)Oc1c(Br)cc(C(c2cc(Br)c(*)c(Br)c2)(C(F)(F)F)C(F)(F)F)cc1Br,146.0,154.04705810546875,32.70293426513672,8.04705810546875
*CCOCCOCCOC(=O)c1ccc(-c2ccc(C(=O)O*)cc2)cc1,20.0,51.14178466796875,32.899417877197266,31.14178466796875
*c1cccc(C(=O)Nc2ccc(Oc3ccc(C(C)(C)c4ccc(Oc5ccc(NC(=O)c6cccc(N7C(=O)c8ccc(-c9ccc%10c(c9)C(=O)N(*)C%10=O)cc8C7=O)c6)cc5)cc4)cc3)cc2)c1,257.0,247.25418090820312,42.22299575805664,-9.745819091796875
*Oc1cccc(OC(=O)c2ccc(Oc3ccc(C(*)=O)cc3)cc2)c1,159.0,137.238525390625,39.89393615722656,-21.761474609375
*c1cn(*)c2ccccc12,65.0,123.88441467285156,70.68920135498047,58.88441467285156
*CC(*)(C)C(=O)OCCCCCCc1ccc(/N=N/c2ccc(OC(F)(F)F)cc2)cc1,194.5,128.1705780029297,60.14323806762695,-66.32942199707031
*CCCOc1ccc(OCCCc2nnc(-c3ccc(-c4nnc(*)o4)cc3)o2)c(C)c1,112.0,137.5428466796875,52.37995529174805,25.5428466796875
*Nc1cc(NC(=O)c2cc(OCCN(C)c3ccc([N+](=O)[O-])cc3)cc(C(*)=O)c2)cc(C(=O)OC2CC(C)CCC2C(C)C)c1,193.0,112.12156677246094,39.0584602355957,-80.87843322753906
*O[Si](C)(C)c1ccc2ccc([Si](*)(C)C)cc2c1,26.0,36.01954650878906,45.46062088012695,10.019546508789062
*N=P(*)(OCCOCCOCCOC)OCCOCCOCCOC,-8.0,-63.80940246582031,51.521690368652344,-55.80940246582031
*Oc1ccc(S(=O)(=O)c2ccc(Oc3ccc(C(c4ccc(*)c(Br)c4)(C(F)(F)F)C(F)(F)F)cc3Br)cc2)cc1,197.5,207.07501220703125,54.53866958618164,9.57501220703125
*[Si](*)(C)c1ccc(COCCN(CC)c2ccc(/N=N/c3ccc([N+](=O)[O-])cc3)cc2)cc1,152.0,133.1571044921875,53.487308502197266,-18.8428955078125
*=Cc1cc(OCCCCCCCC)c(/C=N/c2ccc(N=*)cc2)cc1OCCCCCCCC,32.70000076293945,48.14421844482422,46.678688049316406,15.444217681884766
*CCOCCOCCN1C(=O)c2ccc(C(=O)Oc3ccc(C(C)(C)c4ccc(OC(=O)c5ccc6c(c5)C(=O)N(*)C6=O)cc4)cc3)cc2C1=O,118.0,102.97492980957031,33.37458801269531,-15.025070190429688
*Oc1ccc(OC(=O)Oc2ccc(C(*)=O)cc2)cc1,74.0,72.30242919921875,36.725677490234375,-1.69757080078125
*CCCC(C)(C)CNC(=O)C(=O)N*,109.0,60.612098693847656,48.55314254760742,-48.387901306152344
*/C=C/[Ge](*)(c1ccccc1)c1ccccc1,-36.0,122.5067138671875,62.366458892822266,158.5067138671875
*c1ccc(-c2cc(CCCCCCBr)c(*)s2)s1,51.0,54.740455627441406,35.08029556274414,3.7404556274414062
*COc1ccc(C(c2ccc(O*)cc2)(C(F)(F)F)C(F)(F)F)cc1,123.0,94.13334655761719,42.43990707397461,-28.866653442382812
*CC(*)c1ccccc1C(=O)OC(C)C,146.0,96.35717010498047,41.83628845214844,-49.64282989501953
*c1ncnc(N(CCCCN(*)c2ccccc2)c2ccccc2)n1,91.0,103.34686279296875,52.959991455078125,12.34686279296875
*CC(*)(C)C(=O)OCCN(CC)CC,26.0,34.09742736816406,34.28333282470703,8.097427368164062
*CCCCCCCNC(=O)c1ccc(C(=O)N*)cc1,160.0,136.9494171142578,58.503997802734375,-23.050582885742188
*CC(*)c1ccc(C(O)C(F)(F)F)cc1,110.0,80.87022399902344,57.92616271972656,-29.129776000976562
*C(=O)c1ccc2nc(-c3ccccc3)c(-c3ccc(-c4nc5cc(*)ccc5nc4-c4ccccc4)cc3)nc2c1,325.0,302.9671325683594,51.277183532714844,-22.032867431640625
*C(=O)Nc1ccc(N2C(=O)CC(N3C(=O)c4ccc(*)cc4C3=O)C2=O)cc1,120.0,110.06605529785156,47.53734588623047,-9.933944702148438
*CCCCCCOC(=O)O*,-42.0,-41.214752197265625,55.444671630859375,0.785247802734375
*Oc1ccc(CC(NC(=O)Cc2ccc(OC(=O)CCC(*)=O)cc2)C(=O)OCCCCCCCC)cc1,51.0,45.974151611328125,15.538979530334473,-5.025848388671875
*C(=O)Nc1ccc(Oc2ccccc2-c2ccccc2Oc2ccc(NC(=O)c3ccc4c(c3)C(=O)N(c3ccc(Oc5ccc(N6C(=O)c7ccc(*)cc7C6=O)cc5)cc3)C4=O)cc2)cc1,241.5,270.7115783691406,41.349815368652344,29.211578369140625
*CCCCCCOC(=O)OCCOC(=O)OCCCCCCOc1ccc(C(=O)c2ccc(O*)cc2)cc1,15.0,21.868011474609375,25.240875244140625,6.868011474609375
*CCCCOc1ccc(CCc2ccc(O*)cc2C)cc1,24.899999618530273,70.65144348144531,55.25471115112305,45.75144386291504
*C(*)C(=O)OCCC,-15.0,7.051025390625,63.72222137451172,22.051025390625
*c1ccc2c(c1)C(=O)N(c1c(C)cc(Cc3cc(C)c(N4C(=O)c5ccc(C(*)(C(F)(F)F)C(F)(F)F)cc5C4=O)c(C)c3)cc1C)C2=O,307.5,257.0252685546875,69.12751007080078,-50.4747314453125
*CC(*)c1cc(Br)ccc1OCCCC,47.0,39.07006072998047,37.286216735839844,-7.929939270019531
*CC(*)C(=O)OCCCCCCOc1ccc(/C=N/c2ccc(OCCCCC)cc2)c(O)c1,41.0,31.56987762451172,23.965248107910156,-9.430122375488281
*Oc1ccc(CC(NC(=O)CCc2ccc(OC(=O)CCCC(*)=O)cc2)C(=O)OC(C)C)cc1,68.0,60.734031677246094,13.358442306518555,-7.265968322753906
*OC(C)COC(*)=O,34.599998474121094,28.95787811279297,53.2017707824707,-5.642120361328125
*C(=O)c1ccc(Oc2c(C)cc(-c3cc(C)c(Oc4ccc(C(=O)c5ccc6nc(*)ccc6c5)cc4)c(C)c3C)c(C)c2C)cc1,250.0,247.08624267578125,73.89043426513672,-2.91375732421875
*Oc1ccc(Cc2ccc(OC(=O)c3cccc(C(*)=O)c3)cc2)cc1,150.0,133.57289123535156,44.53909683227539,-16.427108764648438
*CCCCCCCCCCNC(=O)CCCCCCCCCCC(=O)N*,49.0,41.104103088378906,21.348134994506836,-7.895896911621094
*Oc1ccc(C2(c3ccc(OC(=O)CCCCC(*)=O)cc3)c3ccccc3-c3ccccc32)cc1,166.0,162.35316467285156,41.73561096191406,-3.6468353271484375
*Oc1ccc(Oc2ccc(/C=N/CCCCCC/N=C/c3ccc(*)cc3)cc2)cc1,111.0,171.7074432373047,92.70366668701172,60.70744323730469
*c1ccc(Oc2ccc(C(=O)c3ccc4cc(C(=O)c5ccc(Oc6ccc(-c7nc(-c8ccccc8)[nH]c7*)cc6)cc5)ccc4c3)cc2)cc1,248.0,257.6418762207031,48.557899475097656,9.641876220703125
*Oc1cc(OC(=O)c2ccc(OCCCC)cc2)c(OC(=O)C(C)CCC(*)=O)cc1OC(=O)c1ccc(OCCCC)cc1,55.0,54.66618347167969,21.0169734954834,-0.3338165283203125
*CC(*)CCC,-37.0,-36.73036193847656,39.282413482666016,0.2696380615234375
*C[Si](*)(C)C,-90.0,-72.41578674316406,62.230857849121094,17.584213256835938
*Oc1ccc2cc(OC(=O)c3ccc(Oc4ccc(C(*)=O)cc4)cc3)ccc2c1,145.0,156.01832580566406,35.55187225341797,11.018325805664062
*Oc1ccc(OC(=O)c2cccc(Sc3ccc(OC(=O)c4ccc(C(=O)Oc5ccc(Sc6cccc(C(*)=O)c6)cc5)cc4)cc3)c2)cc1C,106.5,231.7610626220703,51.60245132446289,125.26106262207031
*c1ccc2c(c1)C(=O)N(c1ccc(Oc3cccc(Oc4ccc(N5C(=O)c6ccc(C(*)(C(F)(F)F)C(F)(F)F)cc6C5=O)cc4)c3)cc1)C2=O,254.0,264.8164978027344,38.77314376831055,10.816497802734375
*OC(=O)c1ccc(C(=O)OC2COC3C(*)COC23)cc1,255.5,75.63045501708984,98.17677307128906,-179.86954498291016
*OP(=O)(Oc1ccccc1)Oc1ccc(C(C)(C)c2ccc(*)cc2)cc1,74.5,106.49028015136719,40.248085021972656,31.990280151367188
*c1ccc(C(=O)NCCCCCCCCNC(=O)c2ccc(-c3nc4ccccc4nc3*)cc2)cc1,185.0,186.17953491210938,94.73262786865234,1.179534912109375
*c1cccc(N2C(=O)c3ccc(Oc4ccc5c(c4)C4(CC(C)(C)c6ccc(Oc7ccc8c(c7)C(=O)N(*)C8=O)cc64)CC5(C)C)cc3C2=O)c1,253.0,282.609130859375,65.23546600341797,29.609130859375
*C(=O)Nc1ccc(S(=O)(=O)c2ccc(NC(=O)c3ccc4c(c3)C(=O)N(c3ccc(S(=O)(=O)c5ccc(N6C(=O)c7ccc(*)cc7C6=O)cc5)cc3)C4=O)cc2)cc1,307.0,291.8019714355469,51.667842864990234,-15.198028564453125
*c1ccc(Oc2ccc(N3C(=O)c4ccc(C(=O)c5ccc6c(c5)C(=O)N(c5ncc(*)s5)C6=O)cc4C3=O)cc2)cc1,320.20001220703125,295.28582763671875,49.20329284667969,-24.9141845703125
*c1ccc(NC(=O)c2cc(C(=O)Nc3ccc(-c4nnc(*)o4)cc3)cc(N3C(=O)c4ccccc4C3=O)c2)cc1,327.0,289.46148681640625,53.409568786621094,-37.53851318359375
*Oc1ccc(OC(=O)c2ccc(Sc3cccc(OC(=O)c4ccc(C(=O)Oc5cccc(Sc6ccc(C(*)=O)cc6)c5)cc4)c3)cc2)cc1C,135.0,231.7610626220703,51.60245132446289,96.76106262207031
*CC(*)c1ccc(C(C)(O)CCCCC)cc1,100.0,39.41197967529297,50.380699157714844,-60.58802032470703
*O[Si](C)(C)O[Si](C)(C)O[SiH](*)O[Si](C)(C)C=C,-68.0,-83.88847351074219,60.60177993774414,-15.888473510742188
*c1ccc(Oc2ccccc2Oc2ccc(N3C(=O)c4ccc(Oc5cc6ccccc6cc5Oc5ccc6c(c5)C(=O)N(*)C6=O)cc4C3=O)cc2)cc1,204.0,215.36395263671875,23.850576400756836,11.36395263671875
*c1ccc(S(=O)(=O)c2ccc(N3C(=O)c4ccc(Oc5ccc6c(c5)C(=O)N(*)C6=O)cc4C3=O)cc2)cc1,262.0,303.04949951171875,52.209251403808594,41.04949951171875
*Oc1ccc(C(=O)OCCOC(=O)c2ccc(*)cc2)cc1,74.0,83.31729125976562,42.091941833496094,9.317291259765625
*Oc1ccc2ccc(Oc3ccc(C(=O)Nc4ccc(Oc5ccc(C(C)(c6ccccc6)c6ccc(Oc7ccc(NC(=O)c8ccc(*)cc8)cc7)cc6)cc5)cc4)cc3)cc2c1,177.0,215.9023895263672,54.54753494262695,38.90238952636719
*CC(*)C1=NCCN1,-48.349998474121094,60.22308349609375,83.2165756225586,108.57308197021484
*C(=O)c1ccc2c(c1)C(=O)N(c1c(C)cc(Cc3cc(C)c(N4C(=O)c5ccc(*)cc5C4=O)c(C)c3)cc1C)C2=O,331.0,245.581298828125,69.72147369384766,-85.418701171875
*c1ccc(-c2cc(C(C)(C)C)c(Oc3ccc(-n4c(=O)c5ccc6c(=O)n(*)c(=O)c7ccc(c4=O)c5c67)cc3C(F)(F)F)c(C(C)(C)C)c2)cc1,456.0,315.37353515625,63.249813079833984,-140.62646484375
*c1ccc(Cc2ccc(-n3nccc3-c3cccc(-c4ccnn4*)c3)cc2)cc1,212.0,224.44192504882812,54.5075569152832,12.441925048828125
*c1ccc(O)c(N2C(=O)c3ccc(Oc4ccc(C(C)(C)c5ccc(Oc6ccc7c(c6)C(=O)N(*)C7=O)cc5)cc4)cc3C2=O)c1,246.0,235.23660278320312,51.10753631591797,-10.763397216796875
*CCCC(C)CN1C(=O)c2ccc(C(=O)Oc3ccc4cc(OC(=O)c5ccc6c(c5)C(=O)N(*)C6=O)ccc4c3)cc2C1=O,130.0,131.5966339111328,39.84103775024414,1.5966339111328125
*Oc1ccc(CC(NC(=O)CCc2ccc(OC(=O)CCCCC(*)=O)cc2)C(=O)OCC)cc1,61.0,60.734031677246094,13.358442306518555,-0.26596832275390625
*c1ccc2c(c1)C(=O)N(c1cccc(Oc3ccc(C(c4ccc(Oc5cccc(N6C(=O)c7ccc(C(*)(C(F)(F)F)C(F)(F)F)cc7C6=O)c5)cc4)(C(F)(F)F)C(F)(F)F)cc3)c1)C2=O,224.0,255.8365478515625,43.1963005065918,31.8365478515625
*CCCC(O)CN(CCCC)c1ccc(C#Cc2ccc(S(*)(=O)=O)cc2)cc1,48.0,50.02935791015625,35.973026275634766,2.02935791015625
*c1ccc(C(=O)OCCCCCCCCCOC(=O)c2ccc(-c3nnc(*)s3)cc2)cc1,72.0,117.91160583496094,57.84404373168945,45.91160583496094
*Nc1ccc(Cc2ccc(NC(=O)c3cc(NC(=O)CCCN4C(=O)c5ccccc5C4=O)cc(C(*)=O)c3)cc2)cc1,220.0,216.1405792236328,66.949951171875,-3.8594207763671875
*CC(*)c1c(C)cc(C)cc1C,126.0,100.09027099609375,84.39881134033203,-25.90972900390625
*Oc1ccc(CC2(Cc3ccc(*)cc3)c3ccccc3-c3ccccc32)cc1,138.0,151.44227600097656,41.81968307495117,13.442276000976562
*CC(*)(CC(=O)OCCCl)C(=O)OCCCl,43.0,52.209800720214844,44.04254150390625,9.209800720214844
*c1ccc(-c2ccc(-c3ccc(-n4c(=O)c5cc6c(=O)n(*)c(=O)c6c(C(F)(F)F)c5c4=O)cc3)cc2)cc1,364.0,338.1094970703125,53.13804244995117,-25.8905029296875
*c1ccc(Oc2ccccc2Oc2ccc(N3C(=O)c4ccc(Oc5ccc6c(c5)C(=O)N(*)C6=O)cc4C3=O)cc2C(F)(F)F)c(C(F)(F)F)c1,223.0,231.10623168945312,33.49581527709961,8.106231689453125
*CCCCCCCCCCCCNC(=O)CCCCCCCCCCCCCCCCC(=O)N*,46.5,38.61994934082031,20.547027587890625,-7.8800506591796875
*C(=O)c1ccc2c(c1)C(=O)N(c1ccc3c(c1)Cc1cc(N4C(=O)c5ccc(*)cc5C4=O)ccc1-3)C2=O,341.5,317.1595458984375,46.8658447265625,-24.3404541015625
*C(=O)Nc1cc(NC(=O)c2ccc3c(c2)C(=O)N(c2cccc(N4C(=O)c5ccc(*)cc5C4=O)c2)C3=O)cc(-c2nc3ccccc3[nH]2)c1,361.0,316.39794921875,50.46839141845703,-44.60205078125
*Oc1ccc(OC(=O)c2ccc(OC(=O)c3ccc(C(=O)Oc4ccc(C(*)=O)cc4)cc3)cc2)cc1,283.0,248.8550567626953,55.65268325805664,-34.14494323730469
*Oc1ccc(C(=O)OCCN(CCOC(=O)c2ccc(OC3(F)C(*)(F)C(F)(F)C3(F)F)cc2)c2ccc(/C=C/C3=CC(=C(C#N)C#N)CC(C)(C)C3)cc2)cc1,143.0,216.22186279296875,79.55713653564453,73.22186279296875
*c1ccc(Oc2ccc(Oc3ccc(N4C(=O)c5ccc(Oc6cccc7c6C(=O)N(*)C7=O)cc5C4=O)cc3)cc2)cc1,249.0,238.34805297851562,31.407907485961914,-10.651947021484375
*SCC(=O)N/N=C/c1ccc(OCCCCCCCCCCOc2ccc(/C=N/NC(=O)CSc3nnc(*)s3)cc2OC)c(OC)c1,156.0,134.1154022216797,62.49506759643555,-21.884597778320312
*Oc1ccc(C2(c3ccc(OC(*)=O)cc3)CC(C)CC(C)(C)C2)cc1,235.5,160.33441162109375,84.56946563720703,-75.16558837890625
*c1ccc(Oc2ccc(C3(c4ccc(Oc5ccc(-c6nc(-c7ccccn7)nnc6*)cc5)cc4)c4ccccc4-c4ccccc43)cc2)cc1,277.0,260.9873352050781,37.85422134399414,-16.012664794921875
*Oc1ccc2ccc(Oc3ccc(C(=O)Nc4ccc(C(C)(C)c5ccc(C(C)(C)c6ccc(NC(=O)c7ccc(*)cc7)cc6)cc5)cc4)cc3)cc2c1,155.0,233.73056030273438,77.30488586425781,78.73056030273438
*C[Ge](C)(C)Cc1cocc1*,-28.0,87.18438720703125,81.80043029785156,115.18438720703125
*Oc1ccc(-c2ccc(Oc3ccc(C(=O)c4cccc(C(=O)c5ccc(*)cc5)c4)cc3)cc2)cc1,159.0,176.2874755859375,49.21695327758789,17.2874755859375
*C(=O)c1ccc2c(c1)C(=O)N(c1cccc(Oc3cccc(Oc4cccc(N5C(=O)c6ccc(*)cc6C5=O)c4)c3)c1)C2=O,211.0,239.18605041503906,30.36421775817871,28.186050415039062
*c1ccc(-c2ccc3nc(Oc4cc(-c5ccccc5)c5cc(*)ccc5n4)cc(-c4ccccc4)c3c2)cc1,300.0,312.6773681640625,50.55945587158203,12.6773681640625
*c1ccc(OCCCCCCCCCCOc2ccc(N3C(=O)c4ccc(-c5ccc6c(c5)C(=O)N(*)C6=O)cc4C3=O)cc2)cc1,153.0,185.4244842529297,87.03874969482422,32.42448425292969
*Oc1ccc(CC(NC(=O)CCc2ccc(OC(=O)COCCOCC(*)=O)cc2)C(=O)OCCCCCCCCCCCC)cc1,17.0,23.060585021972656,21.481027603149414,6.060585021972656
*Oc1ccc(OC(C)COCCCCCCCOc2ccc(-c3ccc(C(*)=O)cc3)cc2)c([N+](=O)[O-])c1,50.0,57.628273010253906,13.629792213439941,7.628273010253906
*CCN(CCOC(=O)Nc1ccc(C)c(NC(=O)O*)c1)c1ccc(/N=N/c2ccc(B(c3c(C)cc(C)cc3C)c3c(C)cc(C)cc3C)cc2)cc1,159.0,148.81500244140625,62.15972137451172,-10.18499755859375
*CC(*)(C)C(=O)OCC#C,58.0,58.205657958984375,72.67267608642578,0.205657958984375
*Oc1ccc(C(=O)c2ccc(OC(=O)c3ccc(C(C)(C)c4ccc(C(*)=O)cc4)cc3)cc2)cc1,130.0,176.14682006835938,42.61271286010742,46.146820068359375
*Oc1ccc(CC(NC(=O)CCc2ccc(OC(=O)CCC(*)=O)cc2)C(=O)OCCOCCOCC)cc1,34.0,42.58979797363281,14.664410591125488,8.589797973632812
*C1CCC(N2C(=O)c3ccc(-c4ccc5c(c4)C(=O)N(*)C5=O)cc3C2=O)CC1,360.0,294.28173828125,75.6366195678711,-65.71826171875
*c1ccc(Oc2ccc(-c3nc4ccc(Oc5ccc6nc(*)c(-c7ccccc7)c(-c7ccccc7)c6c5)cc4c(-c4ccccc4)c3-c3ccccc3)cc2)cc1,305.0,308.4441833496094,46.55177307128906,3.444183349609375
*CCCCCCCCCCCCCCCCOC(=O)NCc1ccc(CNC(=O)O*)cc1,47.0,48.67975616455078,46.153236389160156,1.6797561645507812
*CCCCCNC(=O)CCCCC(=O)N*,46.5,45.47444152832031,36.63799285888672,-1.0255584716796875
*CCOC(=O)c1ccccc1C(=O)O*,96.5,67.73926544189453,34.11367416381836,-28.76073455810547
*C(=O)Nc1ccc(Oc2ccc(NC(=O)c3ccc4c(c3)C(=O)N(c3ccc(Oc5ccc(N6C(=O)c7ccc(*)cc7C6=O)cc5)cc3)C4=O)cc2)cc1,282.0,257.3559875488281,34.29958724975586,-24.644012451171875
*O[Si](*)(C)c1c(F)c(F)c(F)c(F)c1F,-25.0,-13.347396850585938,75.5111083984375,11.652603149414062
*CC(*)(F)C(=O)OCCC(F)(F)C(F)(F)C(F)(F)C(F)(F)C(F)(F)C(F)(F)C(F)(F)C(F)(F)C(F)(F)C(F)(F)F,53.0,20.90534210205078,24.3162784576416,-32.09465789794922
*CC(CBr)O*,-14.0,20.99292755126953,39.2109260559082,34.99292755126953
*N=P(*)(NCCC)NCCC,-14.5,-26.568115234375,43.64371871948242,-12.068115234375
*c1cc(C(=O)OCCC)cc(N2C(=O)CC(C3Cc4ccccc4C4C(=O)N(*)C(=O)C43)C2=O)c1,249.0,176.71951293945312,99.64485931396484,-72.28048706054688
*Oc1c(C)cc(*)cc1C(C)CCCCCCCCCCCC,-10.0,-32.88645935058594,42.23185348510742,-22.886459350585938
*O[Si](C=C)(C=C)O[Si](C)(C)c1ccc([Si](*)(C)C)cc1,-71.0,-28.44775390625,60.44169235229492,42.55224609375
*CCOC(=O)CCC(=O)O*,-11.100000381469727,18.37976837158203,66.7680435180664,29.479768753051758
*Cc1ccc(CNC(=O)CCCCCCCCCCCCCCCCC(=O)N*)cc1,75.0,75.04952239990234,38.518489837646484,0.04952239990234375
*c1ccc(Cc2ccc(N3C(=O)c4ccc(Sc5ccc6c(c5)C(=O)N(*)C6=O)cc4C3=O)c(C(C)(C)C)c2)cc1C(C)(C)C,300.5,274.2388000488281,73.98787689208984,-26.261199951171875
*CC#CC#CCOc1ccc(C(=O)OCCN(CCOC(=O)c2ccc(O*)cc2)c2ccc(/N=N/c3ccc(/N=N/c4cc(C)c(C#N)c(C)c4)cc3)cc2)cc1,120.0,236.2500457763672,74.4686279296875,116.25004577636719
*/C=C/C1CC(*)C2C3CCC(C3)C12,207.39999389648438,123.48905181884766,89.39392852783203,-83.91094207763672
*CCC(C)(C)CC(C)COC(=O)c1ccc(C(=O)O*)cc1,-9.0,28.923004150390625,31.88287353515625,37.923004150390625
*c1ccc(Oc2ccc(N3C(=O)c4cccc(Oc5ccc(Oc6ccc(Oc7cccc8c7C(=O)N(*)C8=O)cc6)cc5)c4C3=O)cc2)cc1,239.0,235.51036071777344,32.07434844970703,-3.4896392822265625
*c1cccc(C(=O)Nc2cccc(S(=O)(=O)c3cccc(NC(=O)c4cccc(N5C(=O)c6ccc(-c7ccc8c(c7)C(=O)N(*)C8=O)cc6C5=O)c4)c3)c2)c1,247.0,268.3978576660156,35.11845016479492,21.397857666015625
*C(=O)Nc1ccc(Oc2ccc(NC(=O)c3ccc4c(c3)C(=O)N(c3ccc(Oc5ccc(C6(c7ccc(Oc8ccc(N9C(=O)c%10ccc(*)cc%10C9=O)cc8)cc7)NC(=O)c7ccccc76)cc5)cc3)C4=O)cc2)cc1,325.0,315.1341552734375,44.05587387084961,-9.8658447265625
*c1cc(C(=O)NCCCCCCCCCC)cc(N2C(=O)c3ccc(-c4ccc5c(c4)C(=O)N(*)C5=O)cc3C2=O)c1,245.10000610351562,174.7464599609375,100.43462371826172,-70.35354614257812
*CC(*)C(=O)OCCOc1ccc(C(=O)Oc2ccc(OC(=O)c3ccc(OCCCC)cc3)cc2)cc1,45.0,59.00909423828125,25.292497634887695,14.00909423828125
*/C(=C/c1ccc(/C=C(\c2ccccc2)c2ccc(-c3ccc(*)cc3)cc2)cc1)c1ccccc1,220.0,229.23944091796875,62.20823669433594,9.23944091796875
*/C(C)=C(/*)[Si](C)(C)C[Si](C)(C)C,200.0,-34.4267578125,115.81309509277344,-234.4267578125
*CCCCCCOC(=O)c1cc(OCCCCCCOc2ccc(/N=N/c3ccc(C#N)cc3)cc2)cc(C(=O)OCCCCCCn2c(=O)c3cc4c(=O)n(*)c(=O)c4cc3c2=O)c1,46.0,125.23924255371094,43.68162536621094,79.23924255371094
*C/C=C/COC(=O)C(Cc1ccccc1)NC(=O)/C=C/C(=O)NC(Cc1ccccc1)C(=O)O*,109.0,107.70437622070312,49.01750183105469,-1.295623779296875
*CC(*)c1ccc(C(=O)CCCCC)cc1,66.0,58.261497497558594,41.39946365356445,-7.738502502441406
*c1ccc2c(c1)C(CCCCCCCC)(CCCCCCCC)c1cc(*)ccc1-2,55.0,55.567039489746094,47.76533889770508,0.5670394897460938
*Nc1ccc(NC(=O)c2cc(NC(=O)c3ccccc3)cc(C(*)=O)c2)cc1,321.0,296.36248779296875,66.63619995117188,-24.63751220703125
*c1ccc(Oc2ccccc2Oc2ccc(N3C(=O)c4ccc(S(=O)(=O)c5ccc6c(c5)C(=O)N(*)C6=O)cc4C3=O)cc2C(F)(F)F)c(C(F)(F)F)c1,255.0,265.0323486328125,44.1381721496582,10.0323486328125
*c1ccc(Sc2ccc(Sc3ccc(Sc4ccc(Sc5ccc(N6C(=O)c7ccc(Sc8ccc(Sc9ccc(Sc%10ccc%11c(c%10)C(=O)N(*)C%11=O)cc9)cc8)cc7C6=O)cc5)s4)s3)s2)cc1,177.0,203.79776000976562,31.76969337463379,26.797760009765625
*NNC(=O)/C=C/C(=O)Nc1cccc(/C=C2\CC/C(=C\c3cccc(NC(=O)/C=C/C(*)=O)c3)C2=O)c1,104.5999984741211,160.6318359375,62.829769134521484,56.031837463378906
*c1ccc2c(c1)C(=O)N(c1cc(Oc3c(C)cc(-c4cc(C)c(Oc5cc(N6C(=O)c7ccc(C(*)(C(F)(F)F)C(F)(F)F)cc7C6=O)cc(C(F)(F)F)c5)c(C)c4)cc3C)cc(C(F)(F)F)c1)C2=O,264.79998779296875,274.54205322265625,47.97209930419922,9.7420654296875
*CC(*)(Cl)C(=O)OC,125.0,53.964561462402344,75.04090881347656,-71.03543853759766
*CC(*)CNc1ccc([N+](=O)[O-])cc1,144.0,164.66494750976562,66.27320098876953,20.664947509765625
*CCCCCCCCCOC(=O)c1ccc2cc(C(=O)O*)ccc2c1,50.0,48.59923553466797,38.84574508666992,-1.4007644653320312
*CCCOC(=O)C(C)O*,-33.0,4.4546356201171875,56.661170959472656,37.45463562011719
*N=P(*)(OCCOc1ccc(-c2ccc(Br)cc2)cc1)OCCOc1ccc(-c2ccc(Br)cc2)cc1,89.69999694824219,72.13915252685547,42.2822380065918,-17.56084442138672
*c1ccc(Oc2ccc(Oc3ccc(N4C(=O)c5ccc(-c6ccc7c(c6)C(=O)N(*)C7=O)cc5C4=O)cc3)c(C(C)(C)C)c2)cc1,274.0,224.93670654296875,59.11253356933594,-49.06329345703125
*CCCCCCNC(=O)c1ccccc1-c1ccccc1C(=O)N*,122.5,153.70498657226562,69.17146301269531,31.204986572265625
*CCCCC(=O)NNC(=O)c1ccc(C(=O)NNC(=O)CCCCOc2ccc(O*)c(C)c2)cc1,150.0,113.02542114257812,41.11573791503906,-36.974578857421875
*CCN(*)C(=O)c1ccc(F)c(F)c1F,102.0,95.73660278320312,21.146892547607422,-6.263397216796875
*CCCCCCOc1ccc(CCc2ccc(O*)cc2C)cc1,17.899999618530273,78.98514556884766,66.73756408691406,61.08514595031738
*Oc1ccc(S(=O)(=O)c2ccc(Oc3c(C)cc(C(c4cc(C)c(*)c(C)c4)(C(F)(F)F)C(F)(F)F)cc3C)cc2C(OC)(C(F)(F)F)C(F)(F)F)c(C(OC)(C(F)(F)F)C(F)(F)F)c1,163.0,161.0025634765625,36.439517974853516,-1.9974365234375
*Oc1ccc(Oc2ccc(C(=O)c3ccccc3-c3ccccc3C(=O)c3ccc(*)cc3)cc2)cc1,175.0,176.2874755859375,49.21695327758789,1.2874755859375
*C1C(=O)OC(=O)C1C1C2CC(C(=O)OC3CCCCC3)C(C2)C1*,195.0,7.89410400390625,55.9617805480957,-187.10589599609375
*CCN(CCOC(=O)Nc1ccc(Cc2ccc(NC(=O)O*)cc2)cc1)c1ccccc1,31.899999618530273,119.6060791015625,64.3624267578125,87.70607948303223
*c1ccc(Sc2ccc(Sc3ccc(Sc4ccc(N5C(=O)c6ccc(Oc7ccc8c(c7)C(=O)N(*)C8=O)cc6C5=O)cc4)cc3)cc2)cc1,202.64999389648438,213.13763427734375,54.9793701171875,10.487640380859375
*CCCCCCN(C)C(=O)CCCC(=O)N(*)C,3.0,49.29821014404297,34.051239013671875,46.29821014404297
*CC(*)OC(=O)C(C)(C)CCC,10.0,-8.9766845703125,51.527435302734375,-18.9766845703125
*OC(=O)C1CCC(C(=O)OC2COC3C(*)COC23)CC1,121.0,75.1584701538086,80.63240051269531,-45.841529846191406
*c1ccc(Oc2ccc(C(c3ccc(Oc4ccc(-c5nnc(*)c6c(-c7ccccc7)c(-c7ccc8ccccc8c7)c(-c7ccc8ccccc8c7)c(-c7ccccc7)c56)cc4)cc3)(C(F)(F)F)C(F)(F)F)cc2)cc1,291.0,312.80206298828125,42.78351974487305,21.80206298828125
*CCOC(=O)Cc1ccc(C(=O)O*)cc1,24.0,52.93103790283203,31.01031494140625,28.93103790283203
*C(=O)c1ccc2c(c1)C(=O)N(CC1(C)CC(N3C(=O)c4ccc(*)cc4C3=O)CC(C)(C)C1)C2=O,275.0,160.35763549804688,80.41949462890625,-114.64236450195312
*c1ccc(Oc2ccc(Oc3ccc(N4C(=O)C5CCC(C6CCC7C(=O)N(*)C(=O)C7C6)CC5C4=O)cc3)cc2)cc1,238.0,168.8548583984375,86.4749526977539,-69.1451416015625
*N=P(*)(Oc1cccc(F)c1)Oc1cccc(F)c1,-38.0,-30.33673095703125,38.10558319091797,7.66326904296875
*c1ccc(/C=C(\C#N)c2cc(OCCCCCCCC)c(/C(C#N)=C/c3ccc(N(*)c4ccccc4)cc3)cc2OCCCCCCCC)cc1,78.0,123.63716125488281,71.90975189208984,45.63716125488281
*CC(*)(C)C(=O)Oc1c(C)cccc1C,167.0,96.35717010498047,41.83628845214844,-70.64282989501953
*CC(*)c1ccc(C(=O)OCCCCCC)cc1,66.0,66.76312255859375,59.930763244628906,0.76312255859375
*c1ccc(Cc2ccc(N3C(=O)c4ccc([Si](C)(C)c5ccc([Si](C)(C)c6ccc7c(c6)C(=O)N(*)C7=O)cc5)cc4C3=O)cc2)cc1,295.0,301.11419677734375,61.530540466308594,6.11419677734375
*Oc1ccc(CC(NC(=O)CCc2ccc(OC(=O)CCCC(*)=O)cc2)C(=O)OCC(C)C)cc1,62.0,54.040008544921875,15.35721206665039,-7.959991455078125
*c1ccc(C(c2ccc(-c3cc(-c4ccccc4)c4cc(Oc5ccc6nc(*)cc(-c7ccccc7)c6c5)ccc4n3)cc2)(C(F)(F)F)C(F)(F)F)cc1,260.0,268.5561218261719,36.247249603271484,8.556121826171875
*C(=O)c1ccc(Oc2ccc(-c3ccc(Oc4ccc(C(=O)c5ccc6nc(*)ccc6c5)cc4)cc3)cc2)cc1,155.0,207.652587890625,55.6107292175293,52.652587890625
*c1ccc(Oc2ccc(-c3ccc(Oc4ccc(-c5ncc(*)o5)cc4C(F)(F)F)cc3)cc2)c(C(F)(F)F)c1,200.0,293.8221435546875,60.638511657714844,93.8221435546875
*N=P(*)(OCC(COCCOC(C)C)OCCOC(C)C)OCC(COCCOC(C)C)OCCOC(C)C,-77.0,-73.10836791992188,40.73721694946289,3.891632080078125
*CC(*)(C)C(=O)OCCn1c2ccccc2c2cc(/N=N/c3ccc([N+](=O)[O-])cc3[N+](=O)[O-])ccc21,182.0,208.7834014892578,80.0517807006836,26.783401489257812
*C(F)(F)C1(F)C(F)(F)C(*)(F)C1(F)F,122.0,104.28033447265625,76.3816146850586,-17.71966552734375
*CCCCOC(=O)Nc1ccc(-c2ccc(NC(=O)OCCCCn3c4ccccc4c4cc(/C=C(\C#N)C(=O)OCCCCCCOC(=O)/C(C#N)=C/c5ccc6c(c5)c5ccccc5n6*)ccc43)c(C)c2)cc1C,113.0,167.7758026123047,66.88854217529297,54.77580261230469
*CC(*)(F)C(=O)OC(C(F)(F)F)C(F)(F)F,102.0,110.74609375,96.3037109375,8.74609375
*CCCCCC(=O)Nc1ccc(Oc2ccc(Oc3ccc(NC(=O)CCCCCN4C(=O)c5ccc(C(=O)c6ccc7c(c6)C(=O)N(*)C7=O)cc5C4=O)cc3)cc2)cc1,158.0,156.2641143798828,43.12163162231445,-1.7358856201171875
*CC(C)(CO*)COCCC#N,-52.0,56.93939971923828,63.624473571777344,108.93939971923828
*Oc1ccc(C(C)(C)c2ccc(Oc3ccc(C(=O)Nc4cccc(NC(=O)c5ccc(*)cc5)c4)cc3)cc2)cc1,214.0,239.2067108154297,64.04106903076172,25.206710815429688
*CC(*)(CC(=O)Oc1ccccc1)C(=O)Oc1ccccc1,132.0,106.84284973144531,63.584957122802734,-25.157150268554688
*N=P(Cl)(Cl)N=P(Cl)(Cl)N=S(*)(=O)F,-56.0,-60.990997314453125,28.78883171081543,-4.990997314453125
*O[Si](C)(C)O[Si](C)(C)O[Si](C)(C)O[Si](C)(C)O[Si](C)(C)OC(C)CCCCC(*)C,-104.0,-104.53033447265625,39.530517578125,-0.53033447265625
*c1ccc2oc(-c3ccc(Oc4ccc(-c5nc6cc(C(*)(C(F)(F)F)C(F)(F)F)ccc6o5)cc4)cc3)nc2c1,303.0,326.9309387207031,51.77296447753906,23.930938720703125
*CCCCCCNC(=O)c1ccc(C(=O)N*)c(Oc2ccccc2)c1,108.0,132.10235595703125,65.13990020751953,24.10235595703125
*c1ccc(Oc2ccc(N3C(=O)c4ccc([Si](C)(C)c5ccc6c(c5)C(=O)N(*)C6=O)cc4C3=O)cc2)cc1,274.0,246.86614990234375,65.53396606445312,-27.13385009765625
*CCc1ccc(CCNC(=O)CCCCCCCCCC(=O)N*)cc1,96.0,107.0816650390625,64.88550567626953,11.0816650390625
*CCCCCCCCCCC(Cl)C(*)Cl,-32.0,-62.55436706542969,48.177677154541016,-30.554367065429688
*CC1CC(*)C(OC(=O)CCCCCCCCCCOc2ccc(-c3ccc(C#N)cc3)cc2)C1OC(=O)CCCCCCCCCCOc1ccc(-c2ccc(C#N)cc2)cc1,14.5,72.1123046875,55.317752838134766,57.6123046875
*c1ccc(OC(=O)Nc2ccc(-c3ccc(NC(=O)Oc4ccc(-c5nc(-c6ccc([N+](=O)[O-])cc6)[nH]c5*)cc4)cc3OC)c(OC)c2)cc1,202.0,209.16000366210938,39.880985260009766,7.160003662109375
*Oc1c([2H])c([2H])c(S(=O)(=O)c2c([2H])c([2H])c(Oc3c([2H])c([2H])c(C(c4c([2H])c([2H])c(*)c([2H])c4[2H])(C([2H])([2H])[2H])C([2H])([2H])[2H])c([2H])c3[2H])c([2H])c2[2H])c([2H])c1[2H],175.0,180.05209350585938,56.56321334838867,5.052093505859375
*c1ccc(Oc2ccc(C(=O)c3cccc(C(=O)c4ccc(Oc5ccc(-c6c7c(c(*)c8ccccc68)C(=O)N(C)C7=O)cc5)cc4)c3)cc2)cc1,251.0,239.9400634765625,35.208805084228516,-11.0599365234375
*OP(=O)(Oc1c(Cl)cccc1Cl)Oc1c(Cl)c(Cl)c(*)c(Cl)c1Cl,144.0,136.6226806640625,50.630088806152344,-7.3773193359375
*N=P(*)(OCCOc1ccc(-c2ccccc2)cc1)OCCOc1ccc(-c2ccccc2)cc1,56.20000076293945,49.46659851074219,48.22633361816406,-6.733402252197266
*Oc1cccc(Oc2ccc3c(=O)n4c5cc(Oc6ccc7c(c6)nc6c8ccc(*)c9cccc(c(=O)n76)c98)ccc5nc4c4cccc2c34)c1,369.5,383.8380432128906,53.900115966796875,14.338043212890625
*C(=O)NNC(=O)c1ccc([Si](c2ccccc2)(c2ccccc2)c2ccc(C(=O)NNC(=O)c3cncc(*)c3)cc2)cc1,234.0,238.96705627441406,55.99775314331055,4.9670562744140625
*CC(*)C(=O)OCC(CC)CCCC,-62.0,-52.694549560546875,46.50930404663086,9.305450439453125
*CC(*)(C)C(=O)OC1CCCC(C)C1,89.0,86.24723815917969,66.7872543334961,-2.7527618408203125
*CC(*)C(=O)Oc1ccc(OC)cc1,50.5,51.352699279785156,20.033260345458984,0.8526992797851562
*Oc1ccc(-c2ccc(OC(=O)c3ccc(C(*)=O)cc3Sc3ccc4ccccc4c3)cc2)cc1,141.0,177.0916748046875,62.174896240234375,36.0916748046875
*Nc1cc(NC(=O)CCCCCCCCC(*)=O)cc(-c2nnc(-c3ccccn3)o2)c1,85.0,121.34288787841797,55.36336135864258,36.34288787841797
*CC(CO*)(CS(=O)(=O)C(C)C)CS(=O)(=O)C(C)C,91.0,46.86848449707031,66.67949676513672,-44.13151550292969
*/C=C(\C#N)c1cccc(/C(C#N)=C/c2ccc(/C=C/c3ccc(N(CC)Cc4ccccc4CN(CC)c4ccc(/C=C/c5ccc(*)s5)cc4)cc3)s2)c1,178.0,186.7176513671875,67.25790405273438,8.7176513671875
*c1ccc(Oc2ccc(C(=O)c3ccc4cc(C(=O)c5ccc(Oc6ccc(-c7nc(-c8ccc(-c9nc(*)c(-c%10ccccc%10)[nH]9)cc8)[nH]c7-c7ccccc7)cc6)cc5)ccc4c3)cc2)cc1,281.0,273.5252380371094,48.56521987915039,-7.474761962890625
*c1ccc2cc3cc(-c4sc(-c5cc(CCCCCCCCCCCC)c(*)s5)cc4CCCCCCCCCCCC)ccc3cc2c1,158.0,73.18714141845703,58.57191848754883,-84.81285858154297
*c1ccc2c(c1)C(=O)N(c1ccc(Cc3ccc(N4C(=O)c5ccc(C(F)(F)C(F)(F)C(*)(F)F)cc5C4=O)cc3)cc1)C2=O,290.0,299.43597412109375,49.901634216308594,9.43597412109375
*CC(*)C(=O)OCCOCC(F)(F)F,-38.0,-24.212692260742188,43.1490364074707,13.787307739257812
*/C=C/c1ccc(OC(=O)CCCCCCCCC(=O)Oc2ccc(-c3nnc(*)s3)cc2)cc1,30.0,134.78012084960938,67.69178009033203,104.78012084960938
*c1ccc(C(=O)Nc2ccc(Oc3ccc(Oc4ccc(NC(=O)c5ccc(Oc6ccc(-c7nn(*)c(=O)c8ccccc78)c7ccccc67)cc5)cc4C(F)(F)F)cc3)c(C(F)(F)F)c2)cc1,281.5,268.9139709472656,37.58216094970703,-12.586029052734375
*Oc1ccc(NC(=O)c2cc(NC(=O)c3ccc(OC(C)=O)cc3)cc(C(=O)Nc3ccc(*)cc3)c2)cc1,273.0,220.607421875,67.5146255493164,-52.392578125
*CCCCCCC(=O)O*,-14.0,11.611724853515625,76.7361068725586,25.611724853515625
*Oc1ccc(C(=O)c2ccc(*)cc2)cc1,154.0,147.18145751953125,29.267154693603516,-6.81854248046875
*c1ccc(Oc2ccc(C(C)(C)c3ccc(Oc4ccc(-c5ccc(*)s5)cc4C(F)(F)F)cc3)cc2)c(C(F)(F)F)c1,130.0,200.09242248535156,51.36115646362305,70.09242248535156
*c1ccc(Oc2c(C)cc(C(c3cc(C)c(Oc4ccc(-n5c(=O)c6cc7c(=O)n(*)c(=O)c7cc6c5=O)cc4)c(C)c3)c3cccc4ccccc34)cc2C)cc1,315.0,251.93167114257812,65.95352935791016,-63.068328857421875
*Oc1ccc(CC(NC(=O)CCc2ccc(OC(=O)CCC(C)CC(*)=O)cc2)C(=O)OC)cc1,53.0,60.734031677246094,13.358442306518555,7.734031677246094
*CC(*)C(=O)OCC1(CC)COC(c2ccccc2)OC1,50.0,41.46294403076172,30.207836151123047,-8.537055969238281
*CCCCOc1ccc(C(=O)OCCOC(=O)c2ccc(O*)cc2)cc1,53.0,51.14178466796875,32.899417877197266,-1.85821533203125
*CCCCCCCCCCSS*,-65.0,-58.02989196777344,38.04347229003906,6.9701080322265625
*Oc1c(C)cc(C(=O)c2ccc(*)cc2)cc1C,200.0,127.63011169433594,43.12944030761719,-72.36988830566406
*CCCCCOC(=O)CCCCC(=O)O*,-69.0,-25.256317138671875,74.61042785644531,43.743682861328125
*CCCS*,-53.5,-49.827789306640625,36.027671813964844,3.672210693359375
*c1ccc(Oc2ccc(C(c3ccc(Oc4ccc(-c5ncc(*)o5)cc4C(F)(F)F)cc3)(C(F)(F)F)C(F)(F)F)cc2)c(C(F)(F)F)c1,205.0,176.8894500732422,43.299983978271484,-28.110549926757812
*CC(*)C(=O)Oc1ccc(C)cc1,42.5,62.933631896972656,31.126609802246094,20.433631896972656
*c1ccc(Oc2ccc(-c3c(-c4ccccc4)c(-c4ccc(-c5nc6ccccc6c(*)c5-c5ccccc5)cc4)nc4ccccc34)cc2)cc1,273.0,325.16021728515625,46.154022216796875,52.16021728515625
*Oc1ccc(-c2ccc(Oc3ccc(C(=O)c4ccc5cc(C(=O)c6ccc(*)cc6)ccc5c4)cc3)cc2)cc1,195.0,177.17015075683594,42.33851623535156,-17.829849243164062
*CCCCCCCCOc1ccc(/C=C2\CC/C(=C\c3ccc(OCCCCCCCCOP(=O)(O*)OCC)c(OC)c3)C2=O)cc1OC,62.0,6.8168182373046875,38.35921859741211,-55.18318176269531
*c1ccc(Oc2ccc(N3C(=O)C4CCC5C(=O)N(*)C(=O)C5C4C3=O)cc2)cc1,342.0,274.8275146484375,77.47013854980469,-67.1724853515625
*CC(*)(C)OC,67.0,-51.440277099609375,50.651920318603516,-118.44027709960938
*O[Si](*)(C)CCCC(=O)O,-29.0,-34.75071716308594,67.64024353027344,-5.7507171630859375
*Oc1ccc(C(C)(C)c2ccc(OC(=O)OCCCOC(*)=O)cc2)cc1,68.0999984741211,51.14178466796875,32.899417877197266,-16.958213806152344
*Oc1cc(CC)cc(OC(=O)c2cccc(C(*)=O)c2)c1,138.0,119.12924194335938,51.20201110839844,-18.870758056640625
*Nc1ccc(C(C)(C)c2ccc(C(C)(C)c3ccc(Nc4ccc(C(O)(c5ccccc5)c5ccc(C(O)(c6ccccc6)c6ccc(*)cc6)cc5)cc4)cc3)cc2)cc1,177.0,168.4945526123047,60.97573471069336,-8.505447387695312
*c1ccc(Sc2cc3c(cc2Sc2ccc(N4C(=O)C5C6C=CC(C7C(=O)N(*)C(=O)C67)C5C4=O)cc2)C(=O)N(CCc2ccccc2)C3=O)cc1,258.0,249.91390991210938,54.11955642700195,-8.086090087890625
*CCCc1nc2cc(-c3ccc4[nH]c(*)nc4c3)ccc2[nH]1,275.0,165.20120239257812,77.42048645019531,-109.79879760742188
*O[Si](C)(C)C#C[Si](C)(C)C#C[Si](C)(C)C#C[Si](C)(C)C#C[Si](C)(C)C#C[Si](C)(C)C#C[Si](*)(C)C,-12.600000381469727,-26.500701904296875,48.032718658447266,-13.900701522827148
*Oc1ccc(C(C)(C)c2ccc(OC(=O)c3ccccc3-c3ccccc3C(*)=O)cc2)cc1,161.0,172.53306579589844,46.45367431640625,11.533065795898438
*OC(=O)C(CC(C)C)NC(=O)CCCCCCCCC(=O)NC(CC(C)C)C(=O)OC1COC2C(*)COC12,89.0,8.587142944335938,48.699989318847656,-80.41285705566406
*C1C(=O)N(c2cc(Br)c(O[Si](c3ccccc3)(c3ccccc3)c3ccccc3)c(Br)c2)C(=O)C1*,179.0,178.1272735595703,72.36273193359375,-0.8727264404296875
*CCN(CCOC(=O)c1cccc(C(=O)O*)c1)c1ccccc1,60.0,59.136932373046875,24.1614990234375,-0.863067626953125
*OC(=O)C(C)NC(=O)CCCCCCCC(=O)NC(C)C(=O)OC1COC2C(*)COC12,46.0,36.74463653564453,30.462268829345703,-9.255363464355469
*c1ccc(C)c(N2C(=O)c3ccc(-c4ccc5c(c4)C(=O)N(*)C5=O)cc3C2=O)c1,395.0,364.84735107421875,49.40495300292969,-30.15264892578125
*/C=C(/*)c1ccccc1[Ge](C)(C)C,180.0,100.09027099609375,84.39881134033203,-79.90972900390625
*Oc1ccc(OC(=O)c2cc(OCCCCCCCCCCC(F)(F)C(F)(F)C(F)(F)C(F)(F)C(F)(F)C(F)(F)C(F)(F)C(F)(F)C(F)(F)C(F)(F)F)cc(C(*)=O)c2)cc1,137.0,85.213134765625,34.357791900634766,-51.786865234375
*c1ccc2oc(-c3ccc(C(c4ccccc4)(c4ccc(-c5nc6cc(C(*)(C(F)(F)F)C(F)(F)F)ccc6o5)cc4)C(F)(F)F)cc3)nc2c1,310.0,319.1703796386719,53.79984664916992,9.170379638671875
*Oc1c(C)cc(*)cc1C(C)CCCCCCCC,20.0,-14.061264038085938,35.59324645996094,-34.06126403808594
*O[Si](*)(CCCOCCOCCOCCOCCOCCOCCOCCOC)CCCOCCOCCOCCOCCOCCOCCOCCOC,-66.4000015258789,-81.05674743652344,36.612205505371094,-14.656745910644531
*Oc1ccc(C(=O)c2ccc(C(=O)c3ccc(Oc4ccc(Cc5ccc(*)cc5)cc4)cc3)cc2)cc1,120.0,163.73025512695312,45.71400833129883,43.730255126953125
*Nc1ccc(N[Se]*)cc1,55.0,88.67666625976562,49.49828338623047,33.676666259765625
*Oc1ccc(CC(NC(=O)CCc2ccc(OC(=O)CCC(*)=O)cc2)C(=O)OCC)cc1,78.0,64.57658386230469,16.122047424316406,-13.423416137695312
*c1ccc(C(=O)Oc2ccc(OC(=O)c3ccc(N4C(=O)CC(SCCOCCSC5CC(=O)N(*)C5=O)C4=O)cc3)cc2)cc1,166.0,123.47061920166016,55.77485275268555,-42.529380798339844
*OC1CCC(OC(=O)C(*)=O)CC1,139.60000610351562,81.62709045410156,81.42375946044922,-57.97291564941406
*CC(*)(C)C(=O)OC(COc1ccc(-c2ccccc2)cc1)COc1ccc(-c2ccccc2)cc1,85.0,182.7606658935547,73.24665069580078,97.76066589355469
*CCCCCOc1ccc(NC(=O)c2cccc(C(=O)Nc3ccc(O*)cc3)c2)cc1,155.0,150.2210235595703,94.54405212402344,-4.7789764404296875
*CCN(CCN1C(=O)c2ccc(C(c3ccc4c(c3)C(=O)N(*)C4=O)(C(F)(F)F)C(F)(F)F)cc2C1=O)c1ccc(/N=N/c2ccc(C#N)cc2)cc1,213.0,213.51499938964844,48.031166076660156,0.5149993896484375
*CC1(*)OCC(c2ccccc2)O1,75.0,62.933631896972656,31.126609802246094,-12.066368103027344
*C(=O)c1ccc(N(*)CCCCC)cc1,83.5,110.30790710449219,55.72256851196289,26.807907104492188
*CC(*)(F)C(=O)OCCC(F)(F)C(F)(F)C(F)(F)C(F)(F)C(F)(F)C(F)(F)F,53.0,14.127151489257812,29.50881004333496,-38.87284851074219
*CCCCCCOc1ccc(/C=C/c2ccc(O*)cc2)cc1,76.0,76.59073638916016,59.901405334472656,0.5907363891601562
*C(=O)c1ccc2c(c1)C(=O)N(c1ccc(Oc3cccc(N4C(=O)c5ccc(*)cc5C4=O)c3)cc1)C2=O,280.5,278.8404846191406,41.42307662963867,-1.659515380859375
*Oc1ccc(CC(NC(=O)CCc2ccc(OC(=O)COCC(*)=O)cc2)C(=O)OC(C)C)cc1,80.0,63.23529052734375,15.196414947509766,-16.76470947265625
*Oc1ccc(S(=O)(=O)c2ccc(Oc3ccc(C(c4ccc(*)cc4)(C(F)(F)F)C(F)(F)F)cc3)cc2)cc1,199.6999969482422,187.08424377441406,57.91293716430664,-12.615753173828125
*CC(*)(C)C(=O)OCCCOc1ccc2cc(C(=O)Oc3ccccc3)ccc2c1,84.0,70.73004150390625,44.69560241699219,-13.26995849609375
*OC(=O)c1ccc(SCCCCSc2ccc(C(*)=O)cc2)cc1,62.0,144.84130859375,51.02030563354492,82.84130859375
*CC(C)(/C=C(/*)C)C(=O)OC,24.0,56.861122131347656,80.736572265625,32.861122131347656
*C(=O)c1ccc2c(c1)C(=O)N(c1ccc(C(C)(C)c3ccc(C(C)(C)c4ccc(N5C(=O)c6ccc(*)cc6C5=O)cc4)cc3)cc1)C2=O,322.0,262.6210021972656,69.5343246459961,-59.378997802734375
*CC(OC)C1C(=O)OC(=O)C1*,153.5,24.9835205078125,77.34664154052734,-128.5164794921875
*c1ccc2c(c1)C(=O)N(c1ccc(Sc3ccc(Sc4ccc(Sc5ccc(N6C(=O)c7ccc(C(*)(C(F)(F)F)C(F)(F)F)cc7C6=O)cc5)cc4)cc3)cc1)C2=O,233.0,244.52511596679688,58.02608108520508,11.525115966796875
*/C(C#N)=C/c1cc(OCCCCCCCCCCCC)c(/C=C(\C#N)c2cc(OCCCCCCCCCCCC)c(*)cc2OC)cc1OC,181.0,78.11400604248047,65.0889663696289,-102.88599395751953
*CC(*)OC(=O)c1ccc(Cl)cc1,70.25,91.80570220947266,76.33370208740234,21.555702209472656
*c1ccc2c(c1)C(=O)N(c1cccc(P(=O)(c3ccc(C(F)(F)F)cc3)c3cccc(N4C(=O)c5ccc(C(*)(C(F)(F)F)C(F)(F)F)cc5C4=O)c3)c1)C2=O,260.0,266.7815246582031,46.282814025878906,6.781524658203125
*c1ccc(Oc2ccc(Oc3ccc(-n4c(=O)c5cc6c(=O)n(*)c(=O)c6cc5c4=O)cc3)cc2C)cc1,310.0,283.36309814453125,46.072757720947266,-26.63690185546875
*CCN(Cc1ccccc1)C(=O)S*,32.0,16.016571044921875,40.999603271484375,-15.983428955078125
*c1ccc(Oc2ccc(Oc3ccc(Oc4ccc(-n5c(=O)c6cc7c(=O)n(*)c(=O)c7cc6c5=O)cc4)cc3)cc2)cc1,295.0,238.34805297851562,31.407907485961914,-56.651947021484375
*CCCCCNC(=O)c1ccc(C(=O)N*)cc1,177.0,148.35951232910156,61.204551696777344,-28.640487670898438
*Oc1cccc(C(F)(F)C(F)(F)C(F)(F)c2cccc(OC(=O)c3cccc(C(F)(F)C(F)(F)C(F)(F)c4cccc(C(*)=O)c4)c3)c2)c1,74.0,95.18974304199219,31.850666046142578,21.189743041992188
*C(F)(F)C1(F)C(F)(F)C(*)(F)C(F)(F)C(F)(F)C1(F)F,101.0,111.13280487060547,77.25152587890625,10.132804870605469
*CC(*)c1ccccc1C(=O)OCC(C)C,127.0,68.35712432861328,41.444007873535156,-58.64287567138672
*Cc1cc2cc(C(=O)Nc3ccc(NC(=O)c4cc5cc(*)c(OC(=O)COc6ccc7ccc(=O)oc7c6)cc5oc4=O)cc3)c(=O)oc2cc1OC(=O)COc1ccc2ccc(=O)oc2c1,252.0,237.64602661132812,31.827253341674805,-14.353973388671875
*c1ccc(Cc2ccc(N3C(=O)c4cc(-c5ccc([Si](C)(C)C)cc5)c(-c5cc6c(cc5-c5ccc([Si](C)(C)C)cc5)C(=O)N(*)C6=O)cc4C3=O)cc2)cc1,348.0,299.067138671875,65.94213104248047,-48.932861328125
*c1cccc(S(=O)(=O)c2cccc(N3C(=O)c4ccc(Oc5ccc(Sc6ccc(Oc7ccc8c(c7)C(=O)N(*)C8=O)cc6)cc5)cc4C3=O)c2)c1,231.0,243.8529052734375,41.02428436279297,12.8529052734375
*Oc1ccc(C(c2ccccc2)(c2ccccc2)c2ccc(OC(=O)c3ccc(C(*)=O)cc3)cc2)cc1,210.0,163.73025512695312,45.71400833129883,-46.269744873046875
*CC(O)COc1ccc(C2(C)CC(C)(C)c3cc(O*)ccc32)cc1,120.0,104.02521514892578,57.89859390258789,-15.974784851074219
*CCSSCCOCO*,-57.5,0.16510009765625,57.00356674194336,57.66510009765625
*CCOCCOCCOc1cccc(NC(=O)c2ccc(C(=O)Nc3cccc(O*)c3)cc2)c1,116.0,107.70437622070312,49.01750183105469,-8.295623779296875
*C(=O)NCC(C)(C)CNC(=O)c1ncn(C)c1*,152.0,136.98277282714844,58.4609375,-15.017227172851562
*c1ccc2c(c1)C(=O)N(c1ccccc1Oc1ccc(N3C(=O)c4ccc(C(*)(C(F)(F)F)C(F)(F)F)cc4C3=O)cc1)C2=O,276.0,289.3780517578125,58.27602767944336,13.3780517578125
*CCCCCCCCOc1ccc(NC(=O)c2cccc(C(=O)Nc3ccc(O*)cc3)c2)cc1,128.0,103.94276428222656,67.49772644042969,-24.057235717773438
*/C=C/C1CC(*)C2C(=O)N(CCCCC)C(=O)C12,99.0,53.95939636230469,58.90660858154297,-45.04060363769531
*c1ccc2oc(-c3ccc(C(c4ccc(-c5nc6cc(C(*)(c7ccccc7)C(F)(F)F)ccc6o5)cc4)(C(F)(F)F)C(F)(F)F)cc3)nc2c1,334.0,319.1703796386719,53.79984664916992,-14.829620361328125
*c1ccc(Cc2ccc(N3C(=O)C4CCC(C5CCC6C(=O)N(*)C(=O)C6C5)CC4C3=O)cc2)cc1,260.0,181.06704711914062,101.341552734375,-78.93295288085938
*Oc1ccc(S(=O)(=O)c2ccc(Oc3ccc(/C=N/N=C/c4ccc(*)cc4)cc3)cc2)cc1,151.0,258.34014892578125,71.91544342041016,107.34014892578125
*O[Si](C)(C)CCC/N=C1\C=C(O)/C(=N\CCC[Si](*)(C)C)C=C1O,70.33999633789062,46.34148406982422,48.074188232421875,-23.998512268066406
*C(=O)Nc1ccc(Oc2ccccc2-c2ccccc2Oc2ccc(NC(=O)c3ccc4c(c3)C(=O)N(c3cccc(N5C(=O)c6ccc(*)cc6C5=O)c3)C4=O)cc2)cc1,237.0,257.30255126953125,31.927452087402344,20.30255126953125
*Oc1ccc(S(=O)(=O)c2ccc(Oc3ccc(C4(c5ccc(*)cc5)c5ccccc5-c5ccccc54)cc3)cc2)cc1,278.5,222.3080291748047,53.434906005859375,-56.19197082519531
*Nc1ccc(NC(=O)c2ccc(NC(=O)c3cc(NC(=O)C45CC6CC(CC(C6)C4)C5)cc(C(*)=O)c3)cc2)cc1,365.0,202.55023193359375,96.864990234375,-162.44976806640625
*c1cc(C(c2ccc(OCCN(C)c3ccc(/C=C/C4=C/C(=C(/C#N)C(=O)OCCc5ccccc5)CC(C)(C)C4)cc3)c(N3C(=O)c4ccc(Oc5ccc6c(c5)C(=O)N(*)C6=O)cc4C3=O)c2)(C(F)(F)F)C(F)(F)F)ccc1OCCN(c1ccccc1)c1ccc(/C=C/C2=C/C(=C(/C#N)C(=O)OCCc3ccccc3)CC(C)(C)C2)cc1,177.0,177.039306640625,52.77226257324219,0.039306640625
*CCCCOC(=O)NCC(F)(F)C(F)(F)C(F)(F)C(F)(F)CNC(=O)O*,33.0,47.95281982421875,49.33238983154297,14.95281982421875
*C(=O)Nc1cccc(N2C(=O)CC(N3C(=O)c4ccc(*)cc4C3=O)C2=O)c1,130.0,110.06605529785156,47.53734588623047,-19.933944702148438
*Oc1ccc(C(=O)OCCCOC(=O)c2ccc(*)cc2)cc1,57.0,61.32341766357422,29.75385856628418,4.323417663574219
*C(=O)c1ccc2c(c1)C(=O)N(c1ccc(Cc3cccc(N4C(=O)c5ccc(*)cc5C4=O)c3)cc1)C2=O,281.0,292.4319152832031,41.8394889831543,11.431915283203125
*CC(*)(C)C(=O)OCCc1ccccc1,49.0,96.35717010498047,41.83628845214844,47.35717010498047
*CCCCCCCCCCOC(=O)NCCCCCCNC(=O)O*,55.0,53.41065979003906,30.428592681884766,-1.5893402099609375
*c1ccc(Oc2ccc(-c3nc4cc(Oc5ccc6nc(-c7ccccc7)c(*)nc6c5)ccc4nc3-c3ccccc3)cc2)cc1,263.0,262.395751953125,56.738868713378906,-0.604248046875
*CC(O)COc1ccc(C(C)(C)C2CCC(C)(c3ccc(O*)cc3)CC2)cc1,135.0,105.3624267578125,73.38299560546875,-29.6375732421875
*Oc1ccc(Oc2ccc(C(=O)Nc3ccc(Cc4ccc(NC(=O)c5ccc(*)cc5)cc4)cc3)cc2)cc1-c1ccccc1,218.0,217.44064331054688,59.44330978393555,-0.559356689453125
*C(CC)COC(=O)NCCCCCCNC(=O)OCC(CC)n1c(=O)c2cc3c(=O)n(*)c(=O)c3cc2c1=O,61.0,66.54969024658203,32.15043258666992,5.549690246582031
*CCCCCCCCCCCCCCCCCCNC(=O)CCc1ccc(CCC(=O)N*)cc1,65.0,70.5290756225586,36.29544448852539,5.529075622558594
*CC(C)(C)C1CC=C(*)CC1,77.0,118.04679107666016,97.7713851928711,41.046791076660156
*c1cc(CCCC)c(*)s1,59.0,69.096923828125,39.51973342895508,10.096923828125
*C(=O)c1ccc2c(c1)C(=O)N(c1cccc(P(=O)(c3ccccc3)c3cccc(N4C(=O)c5ccc(*)cc5C4=O)c3)c1)C2=O,273.0,258.605712890625,37.505470275878906,-14.394287109375
*CC(O)CN(*)c1ccccc1,78.5,112.40797424316406,60.721500396728516,33.90797424316406
*CCCCCCCCCCNC(=O)c1ccc(C(=O)N*)c(Sc2ccccc2)c1,100.0,91.42941284179688,57.44697189331055,-8.570587158203125
*C(=O)Nc1cccc(C(=O)Nc2cccc(NC(=O)c3ccc4[nH]c(-c5ccc(-c6nc7cc(*)ccc7[nH]6)cc5)nc4c3)c2)c1,312.0,282.629638671875,56.433231353759766,-29.370361328125
*CC(*)(Cl)C(=O)OCCCC,42.0,47.73115539550781,38.30750274658203,5.7311553955078125
*Nc1ccc(C(c2ccc(NC(=O)c3ccc(C(c4ccc(C(*)=O)cc4)(C(F)(F)F)C(F)(F)F)cc3)cc2)(P2(=O)Oc3ccccc3-c3ccccc32)P2(=O)Oc3ccccc3-c3ccccc32)cc1,235.0,256.1498107910156,44.31917190551758,21.149810791015625
*Oc1cccc(Oc2ccc(C(=O)c3ccc(*)cc3)cc2)c1,125.0,133.4296112060547,30.472158432006836,8.429611206054688
*c1ccc(Oc2ccc(-c3cccc(-c4ccc(Oc5ccc(-c6c7c(c(*)c8ccccc68)C(=O)N(c6ccccc6)C7=O)cc5)c(C(F)(F)F)c4)c3)cc2C(F)(F)F)cc1,271.0,263.76123046875,38.126319885253906,-7.23876953125
*/C=C/c1cc(OCCC(C)CCCC(C)C)c(*)cc1OC,54.5,46.049217224121094,81.9084243774414,-8.450782775878906
*Nc1cc(NC(=O)c2cccc(C(*)=O)c2)cc(-c2nnc(-c3ccccn3)o2)c1,155.0,236.42210388183594,76.15719604492188,81.42210388183594
*Oc1ccc(Oc2ccc(C(=O)c3ccc(Oc4ccc(Oc5ccc(C(=O)c6ccc(*)c(C(C)C)c6)cc5)cc4)cc3)cc2C(C)C)cc1,145.0,159.1204376220703,47.40910339355469,14.120437622070312
*Nc1ccc(NC(=O)Cc2cc(CC(*)=O)c(C)cc2C)cc1,208.0,145.31658935546875,68.69983673095703,-62.68341064453125
*N=P(*)(OCCOCCOCCOCCOCCCCCCCCCCCC)OCCOCCOCCOCCOCCCCCCCCCCCC,-53.599998474121094,-71.02236938476562,37.65768051147461,-17.42237091064453
*c1ccc(-c2nc3cc(Oc4ccc(NC(=O)CN5C(=O)c6ccc(C(c7ccc8c(c7)C(=O)N(CC(=O)Nc7ccc(Oc9ccc%10nc(-c%11ccccc%11)c(-c%11ccc(-n%12c(=O)c%13ccc%14c(=O)n(*)c(=O)c%15ccc(c%12=O)c%13c%14%15)cc%11)nc%10c9)cc7)C8=O)(C(F)(F)F)C(F)(F)F)cc6C5=O)cc4)ccc3nc2-c2ccccc2)cc1,306.0,293.40020751953125,40.70729446411133,-12.59979248046875
*c1ccc(-c2ccc3c(c2)C(CCCCCCC#N)(CCCCCCC#N)c2cc(*)ccc2-3)cc1,90.0,188.3726348876953,82.82968139648438,98.37263488769531
*Oc1c(Cl)cc(C2(c3cc(Cl)c(OC(*)=O)c(Cl)c3)CC3CC2C2CCCC32)cc1Cl,281.0,182.7436981201172,56.398563385009766,-98.25630187988281
*Oc1ccc(C(C)(C)c2ccc(OC(=O)NC(=O)c3cc(C(=O)NC(*)=O)cc(C(C)(C)C)c3)cc2)cc1,123.5,134.94114685058594,45.26955795288086,11.441146850585938
*Oc1cccc(*)c1,53.0,124.26140594482422,49.97499465942383,71.26140594482422
*Oc1ccc(C2(c3ccc(Oc4ccc(C(=O)c5cccc(C(=O)c6ccc(*)cc6)c5)cc4)cc3)CCC3CCCCC3C2)cc1,194.0,148.712158203125,52.06425094604492,-45.287841796875
*CC(*)C(=O)Oc1ccc(C#N)cc1,92.0,92.94676208496094,24.168106079101562,0.9467620849609375
*O[Si](*)(CCCOCCOCCOC)CCCOCCOCCOC,-63.400001525878906,-78.95396423339844,59.833892822265625,-15.553962707519531
*C(=O)c1cc2c(cc1Cl)C(=O)N(c1cc(N3C(=O)c4cc(*)c(Cl)cc4C3=O)cc(C(F)(F)F)c1)C2=O,305.0,335.447265625,61.073570251464844,30.447265625
*CC(*)(C)C(=O)OCCO,91.19999694824219,4.4546356201171875,56.661170959472656,-86.745361328125
*c1ccc(C2(c3ccc(-c4cc(-c5ccccc5)c5cc(-c6ccc7nc(*)cc(-c8ccccc8)c7c6)ccc5n4)cc3)c3ccccc3C(=O)c3ccccc32)cc1,417.0,328.4680480957031,45.936397552490234,-88.53195190429688
*c1ccc(-c2ccc(-c3ccc(-c4ccc(N(*)c5ccc(C)cc5)cc4)c4c(C)ccc(C)c34)c3c(C)ccc(C)c23)cc1,148.0,156.318603515625,57.62708282470703,8.318603515625
*C(=O)NCCNC(=O)c1ccc(N2C(=O)c3ccc(*)cc3C2=O)cc1,235.0,264.57568359375,84.21598815917969,29.57568359375
*O[Si](*)(C)CCCC(=O)OC,-72.0,-52.1240234375,69.30980682373047,19.8759765625
*CC(*)(C)C(=O)OCC1(C)COC(C)(C)OC1,108.0,-18.820602416992188,67.35779571533203,-126.82060241699219
*c1ccc(Oc2ccc(C(C)(C)c3ccc(Oc4ccc(N5C(=O)c6ccc(Oc7ccc(C(C)(C)c8ccc(Oc9ccc%10c(c9)C(=O)N(*)C%10=O)cc8)cc7)cc6C5=O)cc4)cc3)cc2)cc1,176.0,224.92295837402344,50.36626434326172,48.92295837402344
*c1ccc(Oc2ccc(Sc3ccc(Oc4ccc(-c5nc(*)nc(-c6ccccc6)n5)cc4)cc3)cc2)cc1,211.0,238.19276428222656,59.03697967529297,27.192764282226562
*CCCC(=O)Oc1ccc(OC(=O)c2ccc3c(c2)C(=O)N(*)C3=O)cc1,132.0,104.757080078125,55.81199264526367,-27.242919921875
*CC(*)(C)C(=O)OCCCCCCOc1ccc2cc(C(=O)Oc3ccccc3)ccc2c1,39.0,57.252159118652344,40.7502326965332,18.252159118652344
*CC(*)(C)C(=O)OCCCCCCCC/C=C/CCCCCCCC,-40.0,-56.61399841308594,33.923118591308594,-16.613998413085938
*OC(=O)OCCOCCOCCOC(=O)OC1COC2C(*)COC12,17.0,23.222869873046875,59.51448059082031,6.222869873046875
*CC(*)C(=O)OCCC(F)(F)C(F)(F)C(F)(F)C(F)(F)C(F)(F)C(F)(F)F,-12.0,6.39324951171875,32.541011810302734,18.39324951171875
*C(=O)Nc1ccc(Cc2ccc(NC(=O)c3ccc4c(c3)C(=O)N(c3ccc(NC(=O)Nc5ccc(N6C(=O)c7ccc(*)cc7C6=O)cc5)cc3)C4=O)cc2)cc1,211.0,223.19522094726562,38.69865036010742,12.195220947265625
*c1ccc(Oc2ccc(N3C(=O)c4ccc(Oc5ccc6ccc(Oc7ccc8c(c7)C(=O)N(*)C8=O)cc6c5)cc4C3=O)cc2)cc1,245.0,235.22174072265625,27.84184455871582,-9.77825927734375
*CCCCCCNC(=O)Cc1ccc(C(=O)N*)cc1,104.0,136.9494171142578,58.503997802734375,32.94941711425781
*Oc1ccc(-c2ccc(Oc3ccc(C(=O)c4c(C(=O)c5ccc(*)cc5)c(-c5ccccc5)c(-c5ccc6ccccc6c5)c(-c5ccc6ccccc6c5)c4-c4ccccc4)cc3)cc2)cc1,290.0,321.4226379394531,45.34817123413086,31.422637939453125
*c1ccc2nc(-c3ccc4c(c3)C(=O)N(c3cc(C(*)(C(F)(F)F)C(F)(F)F)ccc3O)C4=O)oc2c1,329.0,337.228271484375,59.04454803466797,8.228271484375
*Oc1c(C)cc(C(C)(C)c2cc(C)c(OC(=O)c3ccc(C(*)=O)cc3)c(C)c2)cc1C,239.0,162.97970581054688,97.0550765991211,-76.02029418945312
*c1ccc(C(=O)Nc2cccc(Oc3ccc(S(=O)(=O)c4ccc(Oc5cccc(NC(=O)c6ccc(N7C(=O)c8ccc(-c9cccc%10c9C(=O)N(*)C%10=O)cc8C7=O)cc6)c5)cc4)cc3)c2)cc1,241.0,255.06126403808594,34.4367561340332,14.061264038085938
*CCCCCCCCCCCC(=O)Oc1ccc(-c2ccc(OC(=O)c3ccc4c(c3)C(=O)N(*)C4=O)cc2)cc1,60.0,69.55241394042969,53.62662124633789,9.552413940429688
*Oc1ccc(C(C)(C)c2ccc(Oc3ccc(C(=O)c4ccc(*)c(S(=O)(=O)O)c4)cc3S(=O)(=O)O)cc2)cc1,175.0,150.74508666992188,52.11746597290039,-24.254913330078125
*c1ccc(Oc2ccc(C(=O)c3cccc(-c4cccc(C(=O)c5ccc(Oc6ccc(-c7nc(-c8cccc(-c9nc(*)c(-c%10ccccc%10)[nH]9)c8)[nH]c7-c7ccccc7)cc6)cc5)c4)c3)cc2)cc1,250.0,248.02178955078125,47.60248947143555,-1.97821044921875
*Nc1ccc(C2(c3ccc(NC(=O)c4ccc(-c5ccc(C(*)=O)c(C)c5)cc4C)cc3)c3ccccc3-c3ccccc32)cc1,293.0,205.08428955078125,55.25521469116211,-87.91571044921875
*CC(*)OC(=O)c1cccc(Cl)c1,61.75,91.80570220947266,76.33370208740234,30.055702209472656
*CC(=O)Nc1ccc(NC(=O)CN2C(=O)c3ccc(C(=O)c4ccc5c(c4)C(=O)N(*)C5=O)cc3C2=O)cc1,250.0,235.77642822265625,51.551780700683594,-14.22357177734375
*CCCOc1ccc(C(=O)OC(=O)c2ccc(O*)cc2)cc1,95.0,61.32341766357422,29.75385856628418,-33.67658233642578
*CC(O)COc1ccc(Cc2ccc(O*)cc2)cc1,143.1999969482422,105.27110290527344,57.234188079833984,-37.92889404296875
*CCN(*)C(=O)c1c(F)c(F)c(F)c(F)c1F,136.0,115.4480972290039,32.86943054199219,-20.551902770996094
*c1ccc2c(c1)C(CCCCCC)(CCCCCC)c1cc(-c3cc(CCCCCCCC)c(*)cc3CCCCCCCC)ccc1-2,74.5,80.24314880371094,40.04301452636719,5.7431488037109375
*c1ccc(-c2nc3cc(C)ccc3o2)c(*)c1,221.0,240.68988037109375,64.56155395507812,19.68988037109375
*CC(*)C(=O)Oc1cccc(N(C)C)c1,47.0,127.47265625,68.89590454101562,80.47265625
*C(=O)c1ccc(Oc2ccc(S(=O)(=O)c3ccc(Oc4ccc(C(=O)c5ccc6c(c5)C(=O)N(c5ccc(Cc7ccc(N8C(=O)c9ccc(*)cc9C8=O)cc7)cc5)C6=O)cc4)cc3)cc2)cc1,245.0,230.62661743164062,34.51156234741211,-14.373382568359375
*CC(O)COc1ccc(C(C)(C)c2ccc(OCC(O)COc3ccccc3C(=O)Nc3ccc(O*)cc3)cc2)cc1,121.0,95.35655212402344,37.48350143432617,-25.643447875976562
*c1ccc(-c2ccc(-c3ccc([Si](CCCC)(CCCC)[Si](*)(CCCC)CCCC)s3)s2)s1,-5.0,-10.911712646484375,39.516632080078125,-5.911712646484375
*CCCCCCOP(=O)(/N=N/c1ccc(CCOC(=O)c2cc(C(=O)OCCc3ccc(/N=N/P(=O)(O*)OC)cc3)cc(C(C)(C)C)c2)cc1)OC,47.0,53.8934326171875,39.59358215332031,6.8934326171875
*C1C(=O)N(C2CCCCC2)C(=O)C1*,232.0,135.0203399658203,78.43592834472656,-96.97966003417969
*C(=O)c1ccc2c(c1)C(=O)N(c1cccc(C(c3cccc(N4C(=O)c5ccc(*)cc5C4=O)c3)(C(F)(F)F)C(F)(F)F)c1)C2=O,239.0,274.7406005859375,52.850563049316406,35.7406005859375
*C(=O)c1ccc2c(c1)C(=O)N(c1cc(N3C(=O)c4ccc(*)cc4C3=O)cc(C(F)(F)F)c1)C2=O,295.5,343.6110534667969,56.37361526489258,48.111053466796875
*Oc1ccc(NC(=O)Nc2ccccc2CCc2ccc(NC(=O)Nc3ccc(*)cc3)cc2)cc1,200.0,215.51609802246094,76.58383178710938,15.516098022460938
*c1ccc(-c2cc(-c3ccc(OCC(CC)CCCC)cc3)cc(-c3ccc(-c4ccc5c(c4)C(CCCCCC)(CCCCCC)c4cc(*)ccc4-5)cc3)c2-c2ccc(OCC(CC)CCCC)cc2)cc1,110.0,85.26670837402344,52.204627990722656,-24.733291625976562
*Oc1ccc(CC(NC(=O)CCc2ccc(OC(=O)CCCCC(*)=O)cc2)C(=O)OCCOCCOCC)cc1,15.0,27.198898315429688,17.96925926208496,12.198898315429688
*CC(*)CCCI,30.0,12.920913696289062,61.727256774902344,-17.079086303710938
*c1ccc(Oc2ccc(NC(=O)c3ccc4c(c3)C(=O)N(c3ccc(Cc5ccc(N6C(=O)c7ccc(C(=O)Nc8ccc(Oc9ccc(C%10(*)NC(=O)c%11ccccc%11%10)cc9)cc8)cc7C6=O)cc5)cc3)C4=O)cc2)cc1,302.0,300.6191711425781,44.75263214111328,-1.380828857421875
*CC(*)(C)C(=O)OCCCOc1ccc(-c2ccc(C#N)cc2)cc1,97.0,62.240966796875,59.77599334716797,-34.759033203125
*CCCCCCOc1c(OC)cc(/C=C2\CCC/C(=C\c3cc(OC)c(O*)c(OC)c3)C2=O)cc1OC,71.0,48.67131042480469,21.525928497314453,-22.328689575195312
*Oc1cc(OC(=O)c2ccc(OCCCC)cc2)c(OC(=O)C(C)(C)CCC(*)=O)cc1OC(=O)c1ccc(OCCCC)cc1,61.0,54.277992248535156,19.317380905151367,-6.722007751464844
*CC/C=C(/*)C(C)(C)C,22.5,77.8951416015625,88.58174896240234,55.3951416015625
*c1ccc(NC(=O)CCCCC(=O)Nc2ccc(S(*)(=O)=O)cc2)cc1,194.0,123.32640075683594,44.922088623046875,-70.67359924316406
*C(=O)OCCCCCCOC(=O)c1ccc(N2C(=O)c3ccc(*)cc3C2=O)cc1,80.5,67.90965270996094,22.681486129760742,-12.590347290039062
*CCCCCCC(=O)Oc1ccc(OC(=O)c2ccc3c(c2)C(=O)N(*)C3=O)cc1,74.31500244140625,67.90965270996094,22.681486129760742,-6.4053497314453125
*c1cc(-c2sc(-c3cc(CCCCCCC)c(*)s3)cc2CCCCCCC)c2cccccc1-2,56.0,60.87428283691406,56.02962112426758,4.8742828369140625
*c1ccc(Oc2ccc(C(=O)c3ccc(Oc4ccc(-c5cc(*)[nH]n5)cc4)cc3)cc2)cc1,229.0,247.7759246826172,67.53753662109375,18.775924682617188
*CC(*)(C)C(=O)OC1CCCC1,75.0,81.76416015625,74.33285522460938,6.76416015625
*c1cccc(NC(=O)CCCCCCCCCCC(=O)Nc2cccc(S(*)(=O)=O)c2)c1,107.0,90.90794372558594,58.20929718017578,-16.092056274414062
*CCOC(=O)Nc1ccc(Cc2ccc(NC(=O)OCCOc3ccc(C(C)(C)c4ccc(O*)cc4)cc3)cc2)cc1,127.0,116.2442626953125,69.96868133544922,-10.7557373046875
*O[Si](C)(C)Oc1ccc(*)cc1,90.0,52.97431945800781,43.6454963684082,-37.02568054199219
*c1ccc(C(=O)OCCCCCCCCOc2ccc(/C=C3\CCC/C(=C\c4ccc(OCCCCCCCCOC(=O)c5ccc(-c6nnc(*)o6)cc5)cc4)C3=O)cc2)cc1,59.0,68.3284683227539,46.3062744140625,9.328468322753906
*CC(*)c1cccc(Br)c1,102.0,135.74676513671875,36.73340606689453,33.74676513671875
*c1ccc(NC(=O)c2ccc(OCCOCCOCCOc3ccc(C(=O)Nc4ccc5[nH]c(*)nc5c4)cc3)cc2)cc1,155.0,152.0196990966797,44.42747497558594,-2.9803009033203125
*OC(=O)c1ccc(CCCCCc2ccc(C(*)=O)cc2)cc1,42.5,132.99569702148438,71.08160400390625,90.49569702148438
*Cc1ccc(C(C)c2ccc(Cn3c(=O)c4cc5c(=O)n(*)c(=O)c5cc4c3=O)o2)o1,116.0,209.56246948242188,99.64904022216797,93.56246948242188
*C(=O)c1cc(C(=O)c2ccc3c(c2)C(=O)N(c2ccc(Oc4ccc(N5C(=O)c6ccc(*)cc6C5=O)cc4)cc2)C3=O)cc(-c2ccccc2)c1,258.5,248.77703857421875,28.272001266479492,-9.72296142578125
*c1cccc(N2C(=O)c3cccc(Oc4ccc(Oc5cccc6c5C(=O)N(*)C6=O)cc4)c3C2=O)c1,259.0,277.52197265625,44.779052734375,18.52197265625
*c1cccc(S(=O)(=O)NCCCCCCNS(*)(=O)=O)c1,67.0,110.55009460449219,61.50398254394531,43.55009460449219
*c1cccc(-n2c(=O)c3cc4c(=O)n(*)c(=O)c4cc3c2=O)n1,183.5,249.01739501953125,56.16154098510742,65.51739501953125
*CCC(C)C(C)CCNC(=O)c1cccc(C(=O)N*)c1,125.0,120.59901428222656,61.269039154052734,-4.4009857177734375
*CCC1C(=O)N(CCCCNC(=O)C(F)(F)C(F)(F)C(F)(F)C(F)(F)C(F)(F)C(F)(F)C(F)(F)F)C(=O)C1*,100.0,102.52751159667969,51.37700653076172,2.5275115966796875
*CC(COc1ccc(C(C)(C)c2ccc(O*)cc2)cc1)OC(C)=O,60.0,42.9515380859375,38.36109924316406,-17.0484619140625
*CCCCCCCCCCOC(=O)c1ccccc1C(=O)O*,-14.0,10.6600341796875,35.16417694091797,24.6600341796875
*CC(*)(C)C(=O)OC1CCCCC1C(C)(C)C,185.0,107.6571044921875,70.50856018066406,-77.3428955078125
*/C=C/C1CC(*)C(C#N)C1,140.0,88.1041259765625,43.69910430908203,-51.8958740234375
*CC(*)OC(=O)C1CCCC1,36.0,56.861122131347656,80.736572265625,20.861122131347656
*CC(*)C(=O)OCCCCOC(=O)c1ccc(OC(=O)c2ccc(C#N)cc2)cc1,40.0,67.90965270996094,22.681486129760742,27.909652709960938
*CC(*)(C)C(=O)OC1(C)CCOC(=O)C1,110.0,67.57353973388672,69.85218811035156,-42.42646026611328
*CC(*)c1ccc(/C(C)=N/O)cc1,134.0,119.03754425048828,61.09928894042969,-14.962455749511719
*CCOCCOCCOc1cccc(NC(=O)c2cccc(C(=O)Nc3cccc(O*)c3)c2)c1,111.0,107.70437622070312,49.01750183105469,-3.295623779296875
*CC(*)OCC(C)C,-22.0,-51.61833190917969,37.2789192199707,-29.618331909179688
*Nc1ccc(NC(=O)c2ccc(C(c3ccc(C(*)=O)c(C(=O)OCC)c3)(C(F)(F)F)C(F)(F)F)cc2C(=O)OCC)cc1,270.0,179.34246826171875,76.24005126953125,-90.65753173828125
*O[Si](*)(C)CCCCCCCCCCC(F)(F)C(F)(F)C(F)(F)C(F)(F)C(F)(F)C(F)(F)C(F)(F)C(F)(F)F,-78.0,-51.85182189941406,37.628997802734375,26.148178100585938
*CC(*)c1ccc(COCCC(F)(F)C(F)(F)C(F)(F)C(F)(F)C(F)(F)C(F)(F)F)cc1,18.0,8.384017944335938,25.25501823425293,-9.615982055664062
*OC(C)COC(=O)c1ccccc1C(*)=O,95.0,52.93103790283203,31.01031494140625,-42.06896209716797
*Oc1cccc2cc(OC(=O)c3ccc(Oc4ccc(C(*)=O)cc4)cc3)ccc12,179.0,156.01832580566406,35.55187225341797,-22.981674194335938
*Oc1ccc(C(C)(C)c2ccc(Oc3cccc(*)n3)cc2)cc1,107.0,141.3403778076172,66.45904541015625,34.34037780761719
*CC(*)(CC(=O)OC)C(=O)OC,95.0,56.8516845703125,94.83271789550781,-38.1483154296875
*c1ccc(Oc2ccc(Oc3ccc(N4C(=O)c5ccc(Oc6ccc(Oc7ccc(Oc8ccc9c(c8)C(=O)N(*)C9=O)cc7)cc6)cc5C4=O)cc3)cc2)cc1,203.0,208.22891235351562,25.001079559326172,5.228912353515625
*CC(*)(C)C(=O)OCCCCCCCCCCCCCCC(=O)NC1OC(COC(C)=O)C(OC2OC(COC(C)=O)C(OC(C)=O)C(OC(C)=O)C2OC(C)=O)C(OC(C)=O)C1OC(C)=O,95.19999694824219,13.890472412109375,35.80034637451172,-81.30952453613281
*CCOCCOCCOCCOC(=O)NCCCCCCNC(=O)O*,-17.0,31.214309692382812,51.0549430847168,48.21430969238281
*C(=O)c1ccc2c(c1)C(=O)N(c1ccc(C(=O)c3ccccc3N3C(=O)c4ccc(*)cc4C3=O)cc1)C2=O,289.0,297.30419921875,46.83018112182617,8.30419921875
*CC(OC(C)=O)C(CCC(C)(O)C=C)C(*)(C)C,85.0,16.043624877929688,76.37687683105469,-68.95637512207031
*/C=C/CC*,-87.66666412353516,-29.854690551757812,51.72335433959961,57.811973571777344
*CCCCCCCc1nc2ccc(-c3ccc4nc(*)oc4c3)cc2o1,85.0,153.96978759765625,76.88063049316406,68.96978759765625
*C(=O)Oc1ccc(-c2ccc(OC(=O)c3ccc4c(c3)C(=O)N(c3ccc(Oc5ccc(N6C(=O)c7ccc(*)cc7C6=O)cc5)cc3)C4=O)cc2)cc1,232.0,226.71363830566406,27.16330337524414,-5.2863616943359375
*c1ccc(C(c2ccc(-c3nc4ccc(-c5ccc6nc(*)[nH]c6c5)cc4[nH]3)cc2)(C(F)(F)F)C(F)(F)F)cc1,269.0,329.8321533203125,57.8337287902832,60.8321533203125
*c1cccc(P(=O)(c2ccc(C(F)(F)F)cc2)c2cccc(N3C(=O)c4ccc(Oc5ccc6c(c5)C(=O)N(*)C6=O)cc4C3=O)c2)c1,248.0,291.80517578125,51.22298049926758,43.80517578125
*/C=C/C1CC(*)C(C(=O)Oc2ccccc2)C1C(=O)Oc1ccccc1,96.5,100.82362365722656,51.02996826171875,4.3236236572265625
*CCCCCOC(=O)c1ccccc1C(=O)O[Cd]OC(=O)c1ccccc1C(=O)OCCCCCOC(=O)Nc1ccc(C)c(NC(=O)O*)c1,2.299999952316284,28.379920959472656,24.006092071533203,26.079921007156372
*CCCCCCCCCCCCOc1ccc(/C=N/N=C/c2ccc(O*)cc2O)c(O)c1,89.0,74.90647888183594,67.94300842285156,-14.093521118164062
*/C(=C/c1cc(OC)c(/C=C(/c2ccc(*)cc2)c2ccc(OC)cc2)cc1OC)c1ccc(OC)cc1,170.0,182.28945922851562,70.54844665527344,12.289459228515625
*CC(*)(C)C(=O)Oc1c(C(C)C)cccc1C(C)C,198.0,144.5272979736328,77.59083557128906,-53.47270202636719
*CCCCCCCCCCCOC(=O)c1cc(OCCCCCCCCOc2ccc(/N=N/c3ccc(OC)cc3)cc2)cc(C(=O)OCCCCCCCCCCCOc2ccc(-c3ccc(O*)cc3)cc2)c1,60.0,54.750770568847656,41.466407775878906,-5.249229431152344
*c1cccc(C(c2cccc(N3C(=O)c4ccc(Oc5ccc6c(c5)C(=O)N(*)C6=O)cc4C3=O)c2)(C(F)(F)F)C(F)(F)F)c1,224.5,289.3780517578125,58.27602767944336,64.8780517578125
*c1cccc(Oc2cccc(Oc3cccc(N4C(=O)c5c(c(-c6ccccc6)c(-c6ccc(Oc7ccc(-c8c(-c9ccccc9)c9c(c(-c%10ccccc%10)c8-c8ccccc8)C(=O)N(*)C9=O)cc7)cc6)c(-c6ccccc6)c5-c5ccccc5)C4=O)c3)c2)c1,261.0,287.26239013671875,38.14804458618164,26.26239013671875
*c1ccc(Oc2ccc(-c3cc(-c4cccc(-c5cc(*)c6ccccc6n5)c4)nc4ccccc34)cc2)cc1,268.0,312.6773681640625,50.55945587158203,44.6773681640625
*c1ccc(Oc2ccc(C3(c4ccc(Oc5ccc(N6C(=O)c7ccc(Oc8ccc(C9(c%10ccc(Oc%11ccc%12c(c%11)C(=O)N(*)C%12=O)cc%10)CCC(c%10ccccc%10)CC9)cc8)cc7C6=O)cc5)cc4)CC4CC3C3CCCC43)cc2)cc1,255.0,255.01803588867188,47.26884841918945,0.018035888671875
*c1ccc(-c2cnc3ccc(Oc4ccc5ncc(*)nc5c4)cc3n2)cc1,306.0,333.2728271484375,48.79621124267578,27.2728271484375
*Nc1ccc(NC(=O)c2cccc(C(=O)c3ccc(C(*)=O)cc3)c2)cc1,257.5,301.22271728515625,65.34931945800781,43.72271728515625
*Oc1ccc(S(=O)(=O)c2ccc(Oc3ccc(C(C)(C)c4ccc(*)c(C(O)(C(F)(F)F)C(F)(F)F)c4)cc3C(O)(C(F)(F)F)C(F)(F)F)cc2)cc1,167.0,156.8573455810547,37.28120803833008,-10.142654418945312
*Oc1ccc(C(C)(C)c2ccc(OC(=O)c3ccc(C(c4ccc(C(*)=O)cc4)(C(F)(F)F)C(F)(F)F)cc3)cc2)cc1,124.0,131.82188415527344,35.4169921875,7.8218841552734375
*C(=O)Nc1ccc(Oc2ccc(C3(c4ccc(Oc5ccc(NC(=O)c6ccc7c(c6)C(=O)N(c6ccc(Oc8ccc(C9(c%10ccc(Oc%11ccc(N%12C(=O)c%13ccc(*)cc%13C%12=O)cc%11)cc%10)NC(=O)c%10ccccc%109)cc8)cc6)C7=O)cc5)cc4)NC(=O)c4ccccc43)cc2)cc1,330.0,296.52630615234375,43.81496047973633,-33.47369384765625
*c1ccc(Oc2ccc(C3(c4ccc(Oc5ccc(N6C(=O)CC(=O)N(*)C6=S)cc5)cc4)c4ccccc4-c4ccccc43)cc2)cc1,175.0,243.4047393798828,57.23375701904297,68.40473937988281
*C1C(=O)N(c2c(CC)cccc2CC)C(=O)C1*,288.0,146.7132568359375,72.84808349609375,-141.2867431640625
*c1ccc(OC(=O)c2ccc(C(=O)Oc3ccc(C4(*)NC(=O)c5ccccc54)cc3)cc2)cc1,327.0,297.3266906738281,51.82639694213867,-29.673309326171875
*c1ccc2c(c1)C(CCCCCC)(CCCCCC)c1cc(-c3ccc4c(c3)c3cc(*)ccc3n4-c3ccccc3)ccc1-2,170.0,177.76068115234375,67.98085021972656,7.76068115234375
*Oc1ccc(C(c2ccc(Oc3ccc(C(=O)c4cccc(C(=O)c5ccc(*)cc5)c4)cc3)cc2)(C(F)(F)F)C(F)(F)F)cc1,168.10000610351562,172.77561950683594,27.068767547607422,4.6756134033203125
*CC(*)OC(=O)C(C)(C)C(C)C(C)C,55.0,-52.694549560546875,46.50930404663086,-107.69454956054688
*Oc1ccc(C(C)(C)c2ccc(C(C)(C)c3ccc(OC(*)=O)cc3)cc2)cc1,154.0,176.89193725585938,82.40715026855469,22.891937255859375
*O[Si](C)(CCC(F)(F)F)CCC(F)(F)C(F)(F)CC[Si](*)(C)CCC(F)(F)F,-27.0,-43.959381103515625,38.36975860595703,-16.959381103515625
*CC(F)(F)C(F)(F)C(F)(F)COC(=O)c1cccc(C(=O)O*)c1,23.5,13.56494140625,28.133817672729492,-9.93505859375
*c1ccc2c(c1)C(=O)N(c1cccc(C(F)(F)C(F)(F)C(F)(F)c3cccc(N4C(=O)c5ccc(C(F)(F)C(F)(F)C(*)(F)F)cc5C4=O)c3)c1)C2=O,157.0,294.54315185546875,76.23481750488281,137.54315185546875
*CC(*)(C)C(=O)OCCCCCCN(C)c1ccc(N(C)C)cc1,8.5,94.43862915039062,57.5258903503418,85.93862915039062
*Nc1cccc(NC(=O)c2cc(NC(=O)C(CCSC)N3C(=O)c4ccccc4C3=O)cc(C(*)=O)c2)c1,196.0,167.9980926513672,47.098915100097656,-28.001907348632812
*C(=O)c1cc(C(=O)c2ccc3c(c2)C(=O)N(c2cccc(N4C(=O)c5ccc(*)cc5C4=O)c2)C3=O)cc(C(C)(C)C)c1,264.5,242.20260620117188,66.3026351928711,-22.297393798828125
*CCCCCCCOC(=O)c1ccc2cc(C(=O)O*)ccc2c1,52.5,54.030006408691406,38.13636779785156,1.5300064086914062
*CCN(CCOC(=O)Nc1ccc(C)c(NC(=O)O*)c1)c1ccc(/N=N/c2ccc(-c3nc4ccc([N+](=O)[O-])cc4n3CC)cc2)cc1,158.0,165.8527374267578,36.37699890136719,7.8527374267578125
*Oc1c(C)cc(*)cc1-c1ccccc1,180.0,170.61984252929688,47.616790771484375,-9.380157470703125
*Oc1cccc(Oc2ccc(NC(=O)c3ccc(Oc4cccc(Oc5ccc(C(=O)Nc6ccc(*)cc6)cc5)c4)cc3)cc2)c1,176.5,224.93670654296875,59.11253356933594,48.43670654296875
*c1ccc(C(c2ccc(N3C(=O)c4ccc(Oc5ccc6ccc(Oc7ccc8c(c7)C(=O)N(*)C8=O)cc6c5)cc4C3=O)cc2)(C(F)(F)F)C(F)(F)F)cc1,256.0,292.7735290527344,46.182559967041016,36.773529052734375
*O[Si](*)(CCCOCCOCCOCCOCCOC)CCCOCCOCCOCCOCCOC,-69.80000305175781,-81.00694274902344,37.34892272949219,-11.206939697265625
*CCCC1CC(=O)N(*)C(=O)C1,90.0,131.09825134277344,71.32667541503906,41.09825134277344
*CCCCCCCCCCCCCCC(=O)O*,-22.100000381469727,-57.56317138671875,36.08587646484375,-35.46317100524902
*c1ccc(Oc2cccc(N3C(=O)c4ccc(Oc5ccc6ccc(Oc7ccc8c(c7)C(=O)N(*)C8=O)cc6c5)cc4C3=O)c2)cc1,221.0,235.22174072265625,27.84184455871582,14.22174072265625
*CC(*)(C)C(=O)OC12CC3CC(CC(C3)C1)C2,183.0,76.95916748046875,73.32942962646484,-106.04083251953125
*CCOCCOC(=O)CCCCCCCCC(=O)O*,-74.5,-23.068222045898438,73.7944564819336,51.43177795410156
*CC(*)(C)C(=O)OCC#CO[Si](C)(C)C,57.0,5.8012542724609375,69.86003875732422,-51.19874572753906
*c1ccc(-c2ccc(-n3c(=O)c4c(C(F)(F)F)c5c(=O)n(*)c(=O)c5c(C(F)(F)F)c4c3=O)cc2C)c(C)c1,385.0,313.8128662109375,56.369266510009766,-71.1871337890625
*c1ccc2c(c1)C(=O)N(c1ccc(C(c3ccc(C)c(N4C(=O)c5ccc(C(*)(C(F)(F)F)C(F)(F)F)cc5C4=O)c3)(C(F)(F)F)C(F)(F)F)cc1C)C2=O,266.0,222.9182891845703,66.2262954711914,-43.08171081542969
*C(=O)Nc1ccc(Oc2cccc(NC(=O)c3ccc4c(c3)C(=O)N(c3ccc(Oc5cccc(N6C(=O)c7ccc(*)cc7C6=O)c5)cc3)C4=O)c2)cc1,211.0,257.3559875488281,34.29958724975586,46.355987548828125
*Oc1ccc(/C(=C/c2ccc(-c3ccc(/C=C(\c4ccccc4)c4ccc(OC(=O)c5cccc(C(*)=O)c5)cc4)cc3)cc2)c2ccccc2)cc1,224.0,218.7300262451172,40.36012268066406,-5.2699737548828125
*CCCCCCCCOc1c(OC)cc(/C=C/c2ccc(/C=C/c3cc(OC)c(O*)c(OC)c3)cc2)cc1OC,74.92500305175781,68.57618713378906,50.91130065917969,-6.34881591796875
*C(=O)OCCCCOC(=O)c1ccc(N2C(=O)c3ccc(*)cc3C2=O)cc1,100.5,90.7940673828125,43.01474380493164,-9.7059326171875
*CC(*)(C)C(=O)OCCCCCCOc1ccc(C(=O)Oc2ccc(/N=N/c3ccc(I)cc3)c3ccccc23)cc1,40.0,35.761932373046875,40.193260192871094,-4.238067626953125
*CC(*)(C)C(=O)Oc1ccc(/N=N/c2ccc(OCCCCCCCCCCCOC(=O)c3ccc4c(c3)OCCOCCOCCOCCO4)cc2)cc1,19.0,32.67274475097656,22.28891372680664,13.672744750976562
*Oc1ccc(S(=O)(=O)c2ccc(Oc3ccc(S(=O)(=O)c4ccc(-c5ccc(-c6ccc(S(=O)(=O)c7ccc(*)cc7)cc6)cc5)cc4)cc3)cc2)cc1,281.0,234.22122192382812,41.65515899658203,-46.778778076171875
*O[Zn]OC(=O)c1ccccc1C(=O)OCCCCCOC(=O)NCCCCCCNC(=O)OCCCCCOC(=O)c1ccccc1C(*)=O,-4.300000190734863,17.101303100585938,29.647855758666992,21.4013032913208
*c1ccc(-c2ccc(-n3c(=O)c4cc5c(=O)n(*)c(=O)c5c(C(F)(F)F)c4c3=O)cc2C(F)(F)F)c(C(F)(F)F)c1,373.0,362.38623046875,59.61438751220703,-10.61376953125
*CC#CCOC(=O)CCCCCCC(=O)O*,-38.0,59.41248321533203,85.99250030517578,97.41248321533203
*CCCc1ccc(-c2c(-c3ccccc3)cc(-c3cccc(-c4cc(-c5ccccc5)c(-c5ccc(*)cc5)c(-c5ccccc5)c4-c4ccccc4)c3)c(-c3ccccc3)c2-c2ccccc2)cc1,240.0,239.94873046875,46.07966232299805,-0.05126953125
*O[Si](C)(C)COC(=O)CCCCCCCCC(=O)Oc1ccc(S(=O)(=O)c2ccc(Oc3ccc(/C=C4\CC/C(=C\c5ccc(Oc6ccc(S(=O)(=O)c7ccc(OC(=O)CCCCCCCCC(=O)OC[Si](*)(C)C)cc7)cc6)cc5)C4=O)cc3)cc2)cc1,73.0,85.28044128417969,42.3305778503418,12.280441284179688
*c1ccc(Oc2ccc(-c3cc(-c4ccccc4)c4cc(Oc5ccc6nc(*)c(-c7ccccc7)c(-c7ccccc7)c6c5)ccc4n3)cc2)cc1,305.0,294.605712890625,46.790184020996094,-10.394287109375
*CC(Cc1cccc2ccccc12)C[Si](*)(C)C,17.0,40.04620361328125,42.310176849365234,23.04620361328125
*CCC1C[N+](C)(C)CC1*,-6.699999809265137,15.458526611328125,34.074153900146484,22.15852642059326
*CC1CCCC(Cn2c(=O)c3cc4c(=O)n(*)c(=O)c4cc3c2=O)C1,263.0,136.01902770996094,56.787559509277344,-126.98097229003906
*Oc1ccc(Sc2ccc(Oc3ccc(-c4ccc(-c5ccc(-c6ccc(*)c(C(F)(F)F)c6)cc5)cc4)cc3C(F)(F)F)cc2)cc1,176.5,173.20497131347656,41.37403869628906,-3.2950286865234375
*c1ccc(Oc2ccc(N3C(=O)c4ccc(Sc5ccc6c(c5)C(=O)N(*)C6=O)cc4C3=O)cc2)cc1,258.0,287.5821228027344,57.67088317871094,29.582122802734375
*c1ccc(Oc2ccc(N3C(=O)CC(C4C=C(C)C5C(=O)N(*)C(=O)C5C4)C3=O)cc2)cc1,278.0,215.87472534179688,90.45113372802734,-62.125274658203125
*C(C)C(*)C(=O)OCCCC,90.0,14.859832763671875,74.47808074951172,-75.14016723632812
*CCCCCCCCCN1C(=O)c2ccc(-c3ccc(-c4ccc5c(c4)C(=O)N(*)C5=O)cc3)cc2C1=O,104.0,240.0675048828125,98.74119567871094,136.0675048828125
*Oc1ccc(-c2ccc(OC(=O)OC3C(C)(C)C(OC(*)=O)C3(C)C)cc2)cc1,165.0,62.21320343017578,38.371971130371094,-102.78679656982422
*c1ccc(NC(=O)c2cc(NC(=O)c3ccc(NC(=O)C(C)N4C(=O)c5ccccc5C4=O)cc3)cc(C(=O)Nc3ccc(S(*)(=O)=O)cc3)c2)cc1,208.0,231.92535400390625,46.15581130981445,23.92535400390625
*C(=O)c1ccc2c(c1)C(=O)N(c1cc(N3C(=O)c4ccc(*)cc4C3=O)c(C)cc1C)C2=O,305.0,306.878662109375,48.274253845214844,1.878662109375
*Oc1ccc(C(CCC)(CCC)c2ccc(OC(*)=O)cc2)cc1,148.0,120.4263916015625,65.09819030761719,-27.5736083984375
*c1ccc(NC(=O)CCCCCCCCC(=O)Nc2ccc(S(*)(=O)=O)cc2)cc1,72.33999633789062,97.90327453613281,59.00515365600586,25.563278198242188
*c1ccc(Oc2c(C)cc(C(c3cccnc3)c3cc(C)c(Oc4ccc(N5C(=O)CC(Nc6cccc(NC7CC(=O)N(*)C7=O)c6)C5=O)cc4)c(C)c3)cc2C)cc1,217.0,220.81932067871094,74.20429229736328,3.8193206787109375
*c1ccc2c(c1)C(=O)N(c1ccc(Sc3ccc(N4C(=O)c5ccc(C(*)(C(F)(F)F)C(F)(F)F)cc5C4=O)cc3)cc1)C2=O,301.0,297.5564880371094,56.31851577758789,-3.443511962890625
*CCOCCOC(=O)O*,-27.0,17.117294311523438,89.7144775390625,44.11729431152344
*CCCCCC(*)CCCCCCCCCC,-65.0,-51.80857849121094,46.2485237121582,13.191421508789062
*Oc1ccc(C(=O)OCCOCCOCCOC(=O)c2ccc(OC(=O)c3ccc(C(*)=O)cc3)cc2)cc1,30.0,50.61859130859375,33.50569534301758,20.61859130859375
*C(=O)Oc1ccc(C(C)(C)c2ccc(OC(=O)c3ccc4c(c3)C(=O)N(c3ccc(Oc5ccc(N6C(=O)c7ccc(*)cc7C6=O)cc5)cc3)C4=O)cc2)cc1,200.0,208.433837890625,31.930686950683594,8.433837890625
*N=P1(*)Oc2ccc3ccccc3c2-c2c(ccc3ccccc23)O1,291.0,311.1558532714844,67.10824584960938,20.155853271484375
*c1ccc(Oc2cc3ccccc3cc2Oc2ccc(-n3c(=O)c4cc5c(=O)n(*)c(=O)c5cc4c3=O)cc2)cc1,316.0,336.67669677734375,52.73329544067383,20.67669677734375
*CCN(CCOC(=O)Nc1ccc(C)c(NC(=O)O*)c1)c1ccc(/N=N/c2ccc([N+](=O)[O-])cc2C)cc1,137.0,145.8567352294922,30.39527702331543,8.856735229492188
*CCCCCCCCCCN/C(C)=N/*,80.0,54.44517517089844,33.475502014160156,-25.554824829101562
*Nc1ccc(-c2ccc(Nc3ccc4c(c3)c3cc(*)ccc3n4CC(CC)CCCC)cc2)cc1,231.0,209.4820098876953,82.72447204589844,-21.517990112304688
*C(=O)Nc1cccc(NC(=O)c2ccc(-c3nc4cc(*)ccc4[nH]3)cc2)c1,325.0,328.5613708496094,62.447723388671875,3.561370849609375
*CCCOc1cccc(C(=O)OC(=O)c2cccc(O*)c2)c1,53.0,61.32341766357422,29.75385856628418,8.323417663574219
*CC(*)C(=O)OCC(COC(=O)c1ccccc1)(COC(=O)c1ccccc1)COC(=O)c1ccccc1,48.0,59.909217834472656,22.1207218170166,11.909217834472656
*CC(*)OC(=O)c1ccc(OCC)cc1,70.0,55.633995056152344,29.73276138305664,-14.366004943847656
*C(OC(F)(F)F)C(*)(F)F,-10.0,-27.305862426757812,40.627010345458984,-17.305862426757812
*c1ccc(-c2ccc(-n3c(=O)c4cc5c(=O)n(*)c(=O)c5cc4c3=O)cc2F)c(F)c1,398.0,357.53619384765625,54.01259994506836,-40.46380615234375
*Oc1ccc(CC(NC(=O)CCc2ccc(OC(=O)CCC(*)=O)cc2)C(=O)OC(C)CC)cc1,75.0,60.734031677246094,13.358442306518555,-14.265968322753906
*CCC(C)S*,-59.0,-62.32084655761719,42.54487609863281,-3.3208465576171875
*Oc1ccc(C(C)(C)c2ccc(OC(=O)c3ccc(C(=O)c4ccc(C(*)=O)cc4)cc3)cc2)cc1,194.0,176.14682006835938,42.61271286010742,-17.853179931640625
*/C=C/C(*)(C)c1ccccc1,52.0,89.39439392089844,50.271244049072266,37.39439392089844
*Oc1ccc(C2(c3ccc(Oc4ccc(C(=O)c5ccc(C(=O)c6ccc(*)cc6)cc5)cc4)cc3)c3ccccc3-c3ccccc32)cc1,243.0,230.6397705078125,35.80617141723633,-12.3602294921875
*Oc1ccc(C2(c3ccc(OC(=O)c4ccc(Oc5ccc(C6(c7ccc(Oc8ccc(C(*)=O)cc8)cc7)CCC(C(C)(C)C)CC6)cc5)cc4)cc3)C3CC4CC(C3)CC2C4)cc1,197.0,192.48361206054688,59.833919525146484,-4.516387939453125
*C/C=C/c1cc(C(C)(C)c2ccc(O)c(/C=C/CC3CC(=O)N(c4ccc(Cc5ccc(N6C(=O)CC(*)C6=O)cc5)cc4)C3=O)c2)ccc1O,206.0,200.8052978515625,93.63372039794922,-5.1947021484375
*/C=C/c1ccc(*)c(-c2c(OCC(CC)CCCC)ccc3ccccc23)c1,118.0,120.20743560791016,64.24815368652344,2.2074356079101562
*c1nc(-c2ccccc2)nc(N(CCCCN(*)c2ccccc2)c2ccccc2)n1,94.0,160.20693969726562,95.64664459228516,66.20693969726562
*c1ccc(Cc2ccc(NC(=O)c3cccc(-c4nc5cc(-c6ccc7[nH]c(-c8cccc(C(=O)Nc9ccc(Cc%10ccc(-n%11c(=O)c%12cc%13c(=O)n(*)c(=O)c%13cc%12c%11=O)cc%10)cc9)c8)nc7c6)ccc5[nH]4)c3)cc2)cc1,277.0,281.1276550292969,43.704246520996094,4.127655029296875
*CC(*)c1ccc(I)cc1,158.0,137.23648071289062,33.49071502685547,-20.763519287109375
*C(=O)c1ccc2c(c1)C(=O)N(c1cccc(OCCOCCOc3cccc(N4C(=O)c5ccc(*)cc5C4=O)c3)c1)C2=O,155.0,170.59332275390625,65.3019027709961,15.59332275390625
*CCCC(CC)CCNC(=O)c1ccc(C(=O)N*)cc1,135.0,120.59901428222656,61.269039154052734,-14.400985717773438
*c1ccc(Oc2ccc(S(=O)(=O)c3ccc(Oc4ccc(-c5cc(*)[nH]n5)cc4)cc3)cc2)cc1,260.0,256.6723937988281,72.42053985595703,-3.327606201171875
*CC(*)n1ccnc1,175.0,136.7205047607422,99.02368927001953,-38.27949523925781
*COc1ccc(C(C)(C)c2ccc(Oc3ccc(*)n3-c3ccc([N+](=O)[O-])cc3)cc2)cc1,76.75,217.98477172851562,90.10832977294922,141.23477172851562
*c1ccc2c(c1)C(=O)N(c1ccc(NC(=S)/N=C/c3ccc(Cl)c(N4C(=O)c5ccc(C(*)(C(F)(F)F)C(F)(F)F)cc5C4=O)c3)cc1)C2=O,272.0,271.7856750488281,44.93986129760742,-0.214324951171875
*C1C2C/C(=C\C)C(C2)C1*,61.400001525878906,76.05322265625,67.0289306640625,14.653221130371094
*Oc1ccc(C(C)(C)c2ccc(OC(=O)c3ccc(C(C)(C)c4ccc(C(*)=O)cc4)cc3)cc2)cc1,230.0,182.28945922851562,70.54844665527344,-47.710540771484375
*Oc1ccc(S(=O)(=O)c2ccc(Oc3c(C)cc(C(c4cc(C)c(*)c(C)c4)(C(F)(F)F)C(F)(F)F)cc3C)cc2[Si](C)(C)C)c([Si](C)(C)C)c1,197.0,134.3348846435547,45.158294677734375,-62.66511535644531
*c1cc(OCCCC)cc(N2C(=O)c3ccc(Oc4ccc5c(c4)C(=O)N(*)C5=O)cc3C2=O)c1,237.0,264.4853515625,69.20909881591797,27.4853515625
*/C=C/c1ccc(/C=C/[Si](C)(CCC(F)(F)F)c2cccc([Si](*)(C)CCC(F)(F)F)c2)cc1,23.399999618530273,34.963768005371094,28.163253784179688,11.56376838684082
*CC(O)COc1ccc(S(=O)(=O)c2ccc(OCC(O)COc3ccc(S(=O)(=O)c4ccc(O*)c(C)c4)cc3C)cc2)cc1,142.5,132.110595703125,42.031314849853516,-10.389404296875
*Oc1ccc(Oc2ccc(C(=O)c3cccc4cccc(C(=O)c5ccc(*)cc5)c34)cc2)cc1,202.0,177.88572692871094,50.73752975463867,-24.114273071289062
*c1cccc(N2C(=O)c3cccc(Oc4ccc(C(=O)c5ccc(Oc6cccc7c6C(=O)N(*)C7=O)cc5)cc4)c3C2=O)c1,248.0,239.18605041503906,30.36421775817871,-8.813949584960938
*OP(=O)(Oc1c(Cl)c(Cl)c(*)c(Cl)c1Cl)Oc1c(Cl)c(Cl)c(Cl)c(Cl)c1Cl,133.0,117.9320297241211,57.220211029052734,-15.067970275878906
*C(*)C(=O)OCC,13.5,33.640403747558594,50.64239501953125,20.140403747558594
*c1ccc(Oc2ccc(C3(c4ccc(Oc5ccc(N6C(=O)c7ccc(Oc8ccc(C9(c%10ccc(Oc%11ccc%12c(c%11)C(=O)N(*)C%12=O)cc%10)CCCCCCCCCCC9)cc8)cc7C6=O)cc5)cc4)CC4CCC3C4)cc2)cc1,259.0,250.6773223876953,69.87359619140625,-8.322677612304688
*c1ccc(Oc2cccc(Oc3ccc(N4C(=O)c5ccc(Oc6ccc(C(C)(C)c7ccc(Oc8ccc9c(c8)C(=O)N(*)C9=O)cc7)cc6)cc5C4=O)cc3)c2C#N)cc1,213.0,240.7842254638672,44.418025970458984,27.784225463867188
*CC(O)COc1ccc(C(C)(C)c2ccc(OCC(O)COc3cccc(NC(=O)CCCCCC(=O)Nc4cccc(O*)c4)c3)cc2)cc1,107.0,90.87049102783203,43.24897384643555,-16.12950897216797
*O[Si](*)(C)CCCOc1ccc(C(=O)Oc2ccc(-c3ccc(OC(=O)c4cc(OCC(C)CC)c(OCC(C)CC)c(OCC(C)CC)c4)cc3)cc2)cc1,60.0,44.25597381591797,33.32252502441406,-15.744026184082031
*Oc1ccc(OC(=O)c2cc(OCCCCCCCCCCOCC3CCCN3c3ccc([N+](=O)[O-])cc3)c(C(*)=O)cc2OCCCCCCCCCCOCC2CCCN2c2ccc([N+](=O)[O-])cc2)cc1,30.0,21.284339904785156,26.87221908569336,-8.715660095214844
*OC(COC(=O)c1ccc(-c2ccc(C(*)=O)cc2)cc1)COc1ccc(/N=N/c2ccc(C#N)cc2)cc1,141.0,209.49749755859375,73.43949890136719,68.49749755859375
*CCCCCC(=O)Nc1ccc(Oc2ccc(NC(=O)CCCCCN3C(=O)c4ccc(C(=O)c5ccc6c(c5)C(=O)N(*)C6=O)cc4C3=O)cc2)cc1,195.0,157.6134490966797,36.34870529174805,-37.38655090332031
*/C(C#N)=C(\C#N)N1C(=O)c2ccc(C(=O)c3ccc(-c4ccc5c(c4)C(=O)N(*)C5=O)cc3)cc2C1=O,249.0,331.0660400390625,53.65414810180664,82.0660400390625
*C(=O)Nc1ccc(/N=N/c2ccc([N+](=O)[O-])cc2)c(NC(=O)c2ccc3c(c2)C(=O)N(c2c(C)cc(Cc4cc(C)c(N5C(=O)c6ccc(*)cc6C5=O)c(C)c4)cc2C)C3=O)c1,264.0,220.11123657226562,49.13569259643555,-43.888763427734375
*C1C(=O)N(c2ccc(O[Si](C)(C)C)cc2)C(=O)C1*,172.0,103.10835266113281,70.75711059570312,-68.89164733886719
*Cc1ccc(C(C)c2ccc(CN3C(=O)c4ccc(Oc5ccc6c(c5)C(=O)N(*)C6=O)cc4C3=O)o2)o1,129.0,236.7144775390625,100.91944122314453,107.7144775390625
*C1C(=O)N(c2ccc(O[Si](c3ccccc3)(c3ccccc3)c3ccccc3)cc2)C(=O)C1*,183.0,209.41006469726562,65.24073028564453,26.410064697265625
*CCOCCOCCOC(=O)CCCCCC(=O)O*,-44.5,0.9101409912109375,55.81997299194336,45.41014099121094
*Oc1cccc2ccc(Oc3ccc(NC(=O)c4ccc(Oc5ccc(S(=O)(=O)c6ccc(Oc7ccc(C(=O)Nc8ccc(*)cc8)cc7)cc6)cc5)cc4)cc3)cc12,218.0,219.1558837890625,42.14199447631836,1.1558837890625
*c1cccc(P(C)(=O)c2cccc(N3C(=O)c4ccc(NC(=O)OCCOc5ccc(P(=O)(c6ccccc6)c6ccc(OCCOC(=O)Nc7ccc8c(c7)C(=O)N(*)C8=O)cc6)cc5)cc4C3=O)c2)c1,201.0,177.0907745361328,53.808834075927734,-23.909225463867188
*c1ccc2c(c1)C(=O)N(c1ccc(Oc3ccc(C(c4ccc(Oc5ccc(N6C(=O)c7ccc(C(*)(C(F)(F)F)C(F)(F)F)cc7C6=O)cc5C(F)(F)F)cc4)(C(F)(F)F)C(F)(F)F)cc3)c(C(F)(F)F)c1)C2=O,234.0,269.15576171875,57.238101959228516,35.15576171875
*CCOC(=O)NCCCCCCNC(=O)OCCOc1ccc(C2(c3ccc(O*)cc3)c3ccccc3-c3ccccc32)cc1,61.0,111.31452178955078,72.93414306640625,50.31452178955078
*c1ccc(Oc2ccc(S(=O)(=O)c3ccc(Oc4ccc(N5C(=O)c6ccc(Oc7ccc(Oc8ccc9c(c8)C(=O)N(*)C9=O)cc7)cc6C5=O)cc4)cc3)cc2)cc1,201.0,187.9891357421875,29.132936477661133,-13.0108642578125
*CC(O)COc1ccc(C2CCCC(CC)(c3ccc(O*)cc3)C2)cc1,140.0,85.70366668701172,67.49308013916016,-54.29633331298828
*c1ccc(Oc2ccc(C(C)(C)c3ccc(Oc4ccc(-c5nnc(*)c6c(-c7ccccc7)c(-c7ccc8ccccc8c7)c(-c7ccc8ccccc8c7)c(-c7ccccc7)c56)cc4)cc3)cc2)cc1,290.0,300.60882568359375,47.40309143066406,10.60882568359375
*CC(O)COc1ccc(C(C)(C)c2ccc(OCC(O)COc3cccc(NC(=O)c4cccc(C(=O)Nc5cccc(O*)c5)c4)c3)cc2)cc1,133.0,135.45034790039062,44.82693099975586,2.450347900390625
*O[Ca]OC(=O)c1ccccc1C(=O)OCCCCCOC(=O)Nc1cc(NC(=O)OCCCCCOC(=O)c2ccccc2C(*)=O)ccc1C,5.099999904632568,28.379920959472656,24.006092071533203,23.279921054840088
*O[Si](C)(C)O[Si](*)(C)CCCCCCCCOc1ccc(C(=O)Oc2ccc(C#N)cc2C)cc1,-15.0,14.688552856445312,30.238548278808594,29.688552856445312
*c1cccc(C(=O)Nc2ccc(Oc3ccc(C(C)(C)c4ccc(Oc5ccc(NC(=O)c6cccc(N7C(=O)c8ccc(-c9cccc%10c9C(=O)N(*)C%10=O)cc8C7=O)c6)cc5)cc4)cc3)cc2)c1,261.0,247.25418090820312,42.22299575805664,-13.745819091796875
*CC(=O)NCCCCCCNC(=O)CC1COC(*)CO1,73.0,44.53058624267578,41.875938415527344,-28.46941375732422
*c1ccc(Oc2ccc(Oc3ccc(-c4cnc5ccc(-c6ccc7ncc(*)nc7c6)cc5n4)cc3)cc2)cc1,235.0,242.7611846923828,59.75046920776367,7.7611846923828125
*CCCCCCCOC(=O)Nc1ccc(Cc2ccc(NC(=O)O*)cc2)cc1,84.0,84.3459701538086,54.12862777709961,0.34597015380859375
*OP(=O)(Oc1ccc(-c2ccc(*)cc2)cc1)OC1CCCCC1,116.0,78.73389434814453,40.0535774230957,-37.26610565185547
*C(=O)Nc1ccc(Oc2ccc(-c3ccc(Oc4ccc(NC(=O)c5ccc6c(c5)C(=O)N(c5ccc(Oc7ccc(C(C)(C)c8ccc(Oc9ccc(N%10C(=O)c%11ccc(*)cc%11C%10=O)cc9)cc8)cc7)cc5)C6=O)cc4)cc3)cc2)cc1,283.0,244.3521728515625,31.849681854248047,-38.6478271484375
*CC(=O)Nc1ccc(Oc2ccc(NC(=O)COc3ccc4ccccc4c3Sc3c(O*)ccc4ccccc34)cc2)cc1,245.0,262.7899475097656,67.28611755371094,17.789947509765625
*CCCCCCCCCCCCNC(=O)c1ccc(C(=O)N*)c(Sc2ccccc2)c1,92.0,47.77384948730469,46.31513977050781,-44.22615051269531
*c1ccc(Oc2ccc(-c3ccc(Oc4ccc(N5C(=O)c6ccc(Oc7ccc(-c8ccc(Oc9ccc%10c(c9)C(=O)N(*)C%10=O)cc8)cc7)cc6C5=O)cc4)cc3)cc2)cc1,220.0,222.89376831054688,28.79364776611328,2.893768310546875
*c1ccc(Cc2ccc(N3C(=O)C(C)C(SCCOCCSC4C(=O)N(c5ccc(Cc6ccc(N7C(=O)CC(C)(SCCOCCSC8(C)CC(=O)N(*)C8=O)C7=O)cc6)cc5)C(=O)C4C)C3=O)cc2)cc1,105.0,128.05746459960938,40.769203186035156,23.057464599609375
*c1ccc(Oc2ccc3c(c2)C(=O)N(*)C3=O)cc1,266.0,300.21856689453125,68.26973724365234,34.21856689453125
*/C=C(/*)c1ccccc1C[Si](C)(C)C,170.0,22.791297912597656,49.62416458129883,-147.20870208740234
*CC(CCCCCCOc1ccc(/N=N/c2ccc(OC)cc2)cc1)COC(=O)CCCCC(=O)O*,22.0,32.21775817871094,33.918827056884766,10.217758178710938
*c1ccc2c(c1)C(=O)N(c1ccc(S(=O)(=O)c3ccc(N4C(=O)c5ccc(C(F)(F)C(F)(F)C(*)(F)F)cc5C4=O)cc3)cc1)C2=O,259.0,257.3878479003906,40.381534576416016,-1.612152099609375
*Oc1ccc(N[Se]Nc2ccc(*)cc2)cc1,55.0,44.10668182373047,35.03687286376953,-10.893318176269531
*/C(=C/c1cc(OC)c(/C=C(\c2ccccc2)c2ccc3cc(*)ccc3c2)cc1OC)c1ccccc1,198.0,185.3770751953125,49.70724868774414,-12.6229248046875
*Oc1cccc(C(F)(F)C(F)(F)C(F)(F)c2cccc(OC(*)=O)c2)c1,46.0,93.36290740966797,47.073081970214844,47.36290740966797
*c1ccc(-c2nc3cc(Oc4ccc(NC(=O)c5cc(C(=O)Nc6ccc(Oc7ccc8nc(-c9ccccc9)c(*)nc8c7)cc6)cc(N6C(=O)c7ccccc7C6=O)c5)cc4)ccc3nc2-c2ccccc2)cc1,302.0,288.68701171875,44.51905059814453,-13.31298828125
*C(=O)c1ccc2c(c1)C(=O)N(c1ccc(-c3ccc(N4C(=O)c5ccc(*)cc5C4=O)c(C)c3)cc1C)C2=O,365.0,327.67059326171875,61.57508850097656,-37.32940673828125
*CC(*)(C)C(=O)OCCCCCC(=O)Oc1ccc(OC(=O)c2ccc(OCCCC)cc2)cc1,40.0,44.643798828125,22.746082305908203,4.643798828125
*CCOC(=O)CCC(=O)OCCOC(=O)c1ccc(C(=O)O*)cc1,24.0,27.63983917236328,32.55425262451172,3.6398391723632812
*C(=O)OCCCCCCCOC(=O)c1ccc(N2C(=O)c3ccc(*)cc3C2=O)cc1,77.0,67.81587219238281,18.015661239624023,-9.184127807617188
*Oc1cccc(Oc2ccc(Oc3cccc(OC(=O)c4ccc(C(*)=O)cc4)c3)cc2)c1,103.0,113.2170181274414,36.30120849609375,10.217018127441406
*NNC(=O)/C=C/C(=O)Nc1cccc(/C=C2\CCC/C(=C\c3cccc(NC(=O)/C=C/C(*)=O)c3)C2=O)c1,238.39999389648438,152.478515625,53.408668518066406,-85.92147827148438
*CC(*)c1ccc(C(=O)OC)cc1,122.0,62.933631896972656,31.126609802246094,-59.066368103027344
*C(=O)c1ccc2c(c1)C(=O)N(c1ccc(Oc3ccc(C(=O)c4ccc(Oc5ccc(C(=O)c6ccc(Oc7ccc(N8C(=O)c9ccc(*)cc9C8=O)cc7)cc6)cc5)cc4)cc3)cc1)C2=O,215.0,215.25144958496094,24.358667373657227,0.2514495849609375
*CCCCCCOC(=O)C(CCCCCCP(=O)(OCC)OCC)C(=O)OCCCCCCOc1ccc(-n2on2-c2ccc(O*)cc2)cc1,9.0,14.424087524414062,28.841472625732422,5.4240875244140625
*Oc1ccc(Oc2ccc(C(=O)c3ccc(*)cc3)cc2)cc1-c1cc(C)cc(C)c1,162.0,150.94342041015625,44.33126449584961,-11.05657958984375
*Oc1ccc(C2(c3ccc(OC(=O)c4ccc(Oc5ccc(C6(c7ccc(Oc8ccc(C(*)=O)cc8)cc7)CCC(C(C)(C)C)CC6)cc5)cc4)cc3)CCCCCCCCCCC2)cc1,181.0,171.54574584960938,67.35652923583984,-9.454254150390625
*C(=O)Nc1ccc(Oc2ccc(C(=O)c3ccc(Oc4ccc(NC(=O)c5ccc(*)nc5)cc4)cc3)cc2)cc1,170.0,227.94390869140625,66.69607543945312,57.94390869140625
*/C=C(/*)c1c(C)cc(C(C)(C)C)cc1C,200.0,128.06399536132812,90.94829559326172,-71.93600463867188
*CC(O)CN(*)c1cc(C)cc(C)c1,80.0,94.60202026367188,59.50314712524414,14.602020263671875
*C(=O)c1ccc2c(c1)C(=O)N(c1cc(Br)c(Oc3c(Br)cc(N4C(=O)c5ccc(*)cc5C4=O)cc3Br)c(Br)c1)C2=O,323.0,316.12725830078125,53.193359375,-6.87274169921875
*Oc1ccc(C2(c3ccc(OC(=O)CCCCCCCCCC(*)=O)cc3)c3ccccc3-c3ccccc32)cc1,136.0,180.01788330078125,81.751953125,44.01788330078125
*C([2H])([2H])C(*)(C(=O)OC([2H])([2H])C([2H])([2H])[2H])C([2H])([2H])[2H],94.0,5.457855224609375,76.78147888183594,-88.54214477539062
*c1ccc(C(=O)c2ccc(-n3nc(-c4ccc(Sc5ccc(-c6nn(*)c(=O)c7ccccc67)cc5)cc4)c4ccccc4c3=O)cc2)cc1,281.0,290.5690002441406,50.26089859008789,9.569000244140625
*CC(*)SC,-1.0,-49.827789306640625,36.027671813964844,-48.827789306640625
*Oc1ccc(C(C)(C)c2ccc(OC(=O)CCCCCCCCC(*)=O)cc2)cc1,14.25,48.54338836669922,37.38896942138672,34.29338836669922
*CC(*)OC(=O)C(F)(F)C(F)(F)C(F)(F)C(F)(F)C(F)(F)C(F)(F)C(F)(F)F,-10.0,-10.330474853515625,50.745784759521484,-0.330474853515625
*CC(OC(=O)OCC)C(COC(=O)O*)OC(=O)OCC,49.79999923706055,26.400794982910156,51.986572265625,-23.39920425415039
*c1ccc2c(c1)C(=O)N(c1ccc(OCCN(CCOc3ccc(N4C(=O)c5ccc(C(*)(C(F)(F)F)C(F)(F)F)cc5C4=O)cc3)c3ccc(C(C#N)=C(C#N)C#N)cc3)cc1)C2=O,218.0,259.5980224609375,44.43088912963867,41.5980224609375
*c1ccc(C2C3C(=O)N(c4ccc(N5C(=O)C6ON(C)C(*)C6C5=O)cc4)C(=O)C3ON2C)cc1,67.0,160.42025756835938,78.78568267822266,93.42025756835938
*/C=C/C1CC(*)C2C(=O)N(CCCCCC)C(=O)C12,87.0,88.77164459228516,62.2513427734375,1.7716445922851562
*CC(O*)c1ccccc1,34.0,126.85299682617188,73.63426208496094,92.85299682617188
*c1ccc(NC(=O)c2ccc(C(=O)Nc3ccc(-c4nnc(*)o4)cc3)c(Oc3ccccc3)c2)cc1,272.0,312.6268615722656,61.68115997314453,40.626861572265625
*CCCCCOC(=O)c1ccc2cc(C(=O)O*)ccc2c1,58.5,58.533355712890625,31.648778915405273,0.033355712890625
*CCCCCOC(=O)c1ccc(C(=O)O*)cc1,16.0,52.64257049560547,32.340206146240234,36.64257049560547
*CCC(=O)Nc1ccc(Cc2ccc(NC(=O)CCN3C(=O)c4ccc(C(=O)c5ccc6c(c5)C(=O)N(*)C6=O)cc4C3=O)cc2)cc1,221.0,210.6890869140625,39.916385650634766,-10.3109130859375
*Oc1ccc(C(c2ccc(OC(*)=O)cc2)C2CCCCC2)cc1,190.0,145.3242645263672,87.98563385009766,-44.67573547363281
*C(=O)c1ccc2c(c1)C(=O)N(c1ccc(Cc3ccc(Cc4ccc(Cc5ccc(N6C(=O)c7ccc(*)cc7C6=O)cc5)cc4)cc3)cc1)C2=O,302.0,244.68617248535156,46.193016052246094,-57.31382751464844
*CC(*)Cc1ccc(C)cc1,65.0,73.07160186767578,51.65895080566406,8.071601867675781
*CC(*)C(=O)OCCn1c2ccccc2c2ccccc21,106.80000305175781,138.33995056152344,60.04463195800781,31.539947509765625
*N=P(N=P(N=S(*)(=O)Nc1ccccc1)(Nc1ccccc1)Nc1ccccc1)(Nc1ccccc1)Nc1ccccc1,82.0,68.2314682006836,34.92500686645508,-13.768531799316406
*C(C(=O)OC)C(*)C(=O)OC(C)(C)C,84.0,25.685890197753906,51.68767166137695,-58.314109802246094
*CCCCCCCCCCOc1ccc(/C=N/c2ccc(-c3ccc(/N=C/c4ccc(O*)cc4O)c(OC)c3)cc2OC)c(O)c1,72.0,92.79905700683594,56.1486701965332,20.799057006835938
*CC(*)(C)C(=O)Oc1ccc(C(=O)O)cc1,110.0,52.93103790283203,31.01031494140625,-57.06896209716797
*CCCCC(=O)Oc1ccc(OC(=O)c2ccc3c(c2)C(=O)N(*)C3=O)cc1,89.31500244140625,90.7940673828125,43.01474380493164,1.47906494140625
*/C=C/CCCCCCCCCC(CCCCCCCCC*)COCCOCCOCCOCCOCCCCCC,-76.0,-91.36801147460938,33.20276641845703,-15.368011474609375
*CC(O)CN(C)S(=O)(=O)c1cccc(S(=O)(=O)N(C)CC(O)COc2ccc(Sc3ccc(O*)cc3)cc2)c1,90.0,79.97161865234375,39.804080963134766,-10.02838134765625
*CCOC(=O)Nc1ccc(C)c(NC(=O)OCCOc2cc([N+](=O)[O-])ccc2/N=N/c2cn(*)c3ccccc23)c1,150.0,143.71871948242188,34.13037109375,-6.281280517578125
*Oc1c(C)cc(C2(c3cc(C)c(Oc4ccc(C(=O)c5cccc(C(=O)c6ccc(*)cc6)c5)cc4)c(C)c3)CCC3CCCCC3C2)cc1C,224.0,184.3277130126953,81.40855407714844,-39.67228698730469
*CCCCCCCCCCCCNC(=O)CCCCCCCCCCCCC(=O)N*,49.0,42.5328369140625,21.606239318847656,-6.4671630859375
*Nc1c(C)c(C)c(C(=O)c2ccc(NC(=O)c3ccc(C(*)=O)cc3)cc2)c(C)c1C,366.0,215.41021728515625,95.14041900634766,-150.58978271484375
*Oc1ccc(NC(=O)CCCCCCCCCCC(=O)Nc2ccc(*)cc2)cc1,150.0,117.43038940429688,65.67723846435547,-32.569610595703125
*c1ccc(Oc2ccc(-n3c(=O)c4c(Oc5ccc(OCCCC)cc5)c5c(=O)n(*)c(=O)c5c(Oc5ccc(OCCCC)cc5)c4c3=O)cc2)cc1,269.5,195.39759826660156,63.688804626464844,-74.10240173339844
*c1ccc2c(c1)C(=O)N(c1cccc(C(F)(F)C(F)(F)C(F)(F)c3cccc(N4C(=O)c5ccc(C(F)(F)C(F)(F)C(F)(F)C(F)(F)C(F)(F)C(F)(F)C(*)(F)F)cc5C4=O)c3)c1)C2=O,133.5,132.22450256347656,56.83220291137695,-1.2754974365234375
*CC(*)(C)C(=O)OCCN(C)c1ccc(/N=N/c2ccc([N+](=O)[O-])cc2)cc1,110.0,114.94020080566406,42.451316833496094,4.9402008056640625
*O[Si](*)(CCC)CCC,-77.5,-93.04373168945312,53.562294006347656,-15.543731689453125
*O[Si](*)(C)CCCCCCCCCCC(=O)OCCC(F)(F)C(F)(F)C(F)(F)C(F)(F)C(F)(F)C(F)(F)F,-69.0,-58.63587951660156,42.20991516113281,10.364120483398438
*CC(*)c1ccc(CCC(F)(F)C(F)(F)C(F)(F)C(F)(F)F)cc1,23.0,33.491966247558594,35.13715744018555,10.491966247558594
*Oc1ccc(C(C)(CC(C)C)c2ccc(OC(*)=S)cc2)cc1,128.0,118.51860046386719,65.94499206542969,-9.481399536132812
*[Si](*)(CCCC)CCCCC,-26.0,-37.35406494140625,90.02303314208984,-11.35406494140625
*Nc1cc(NC(=O)c2ccc(C(*)=O)cc2)cc(-c2nnc(-c3ccccn3)o2)c1,230.0,236.42210388183594,76.15719604492188,6.4221038818359375
*CC(*)OC(=O)c1ccccc1Cl,55.75,91.80570220947266,76.33370208740234,36.055702209472656
*C(C)C(*)C(=O)OC(C)C,149.0,11.611724853515625,76.7361068725586,-137.38827514648438
*C(=O)c1ccc2c(c1)C(=O)N(c1cc(OCCCCCCCCCCCC)cc(N3C(=O)c4ccc(*)cc4C3=O)c1)C2=O,182.0,138.31922912597656,87.0256118774414,-43.68077087402344
*c1ccc(Oc2ccc(N3C(=O)c4ccc(-c5ccc6c(c5)C(=O)N(*)C6=O)cc4C3=O)cc2)cc1,279.0,308.10260009765625,46.09919357299805,29.10260009765625
*CCN(*)C(=O)c1ccccc1F,109.0,100.25831604003906,29.648666381835938,-8.741683959960938
*N=P(*)(OCc1ccc(-c2ccccc2)cc1)OCc1ccc(-c2ccccc2)cc1,60.0,57.67424011230469,49.89897155761719,-2.3257598876953125
*Oc1ccc(S(=O)(=O)c2ccc(Oc3ccc(C45CC6CC(CC(c7ccc(*)cc7)(C6)C4)C5)cc3)cc2)cc1,242.0,218.18756103515625,72.42491149902344,-23.81243896484375
*Oc1c(C)cc(-c2cc(C)c(Oc3ccc(C(=O)c4ccc(*)cc4)cc3)c(C)c2)cc1C,246.63499450683594,189.84127807617188,67.05335235595703,-56.79371643066406
*c1ccc2c(c1)Cc1cc(-n3c(=O)c4cc5c(=O)n(*)c(=O)c5cc4c3=O)ccc1-2,322.0,359.8955078125,54.128883361816406,37.8955078125
*Oc1ccc(CC(NC(=O)CCc2ccc(OC(=O)COCC(*)=O)cc2)C(=O)OC)cc1,82.0,61.63238525390625,17.636070251464844,-20.36761474609375
*Cc1ccc(CNC(=O)CCCCCCCCCCC(=O)N*)cc1,105.0,110.14080810546875,69.06173706054688,5.14080810546875
*CC(C)(C)COC(=O)Nc1ccc(C)c(NC(=O)O*)c1,-32.0,87.85749053955078,60.46657943725586,119.85749053955078
*Oc1ccc(S(=O)(=O)c2ccc(Oc3ccc(C4(c5ccc(*)cc5)CC5CCC4C5)cc3)cc2)cc1,250.0,233.54534912109375,70.29375457763672,-16.45465087890625
*CC(C)/C=C(/*)C,2.299999952316284,-1.6843719482421875,77.23285675048828,-3.9843719005584717
*Sc1ccc(Sc2ccc(Sc3ccc4c(c3)Sc3ccc(*)cc3S4)cc2)cc1,154.0,123.82534790039062,35.54724884033203,-30.174652099609375
*c1ccc(-c2ccc(N3C(=O)c4ccc(Oc5ccc(Oc6ccc7c(c6)C(=O)N(*)C7=O)cc5)cc4C3=O)cc2)cc1,266.0,252.80935668945312,33.26912307739258,-13.190643310546875
*c1cc(C(=O)OCCCCC)cc(N2C(=O)CC(C3Cc4ccccc4C4C(=O)N(*)C(=O)C43)C2=O)c1,219.0,146.75445556640625,46.58030319213867,-72.24554443359375
*CNC(=O)CCCCC(=O)NCC1COC(*)CO1,93.0,43.68296813964844,47.07483673095703,-49.31703186035156
*OC(=O)CCC(=O)OC1COC2C(*)COC12,77.0,66.40980529785156,62.89563751220703,-10.590194702148438
*CC(CCCCCCCC)COC(=O)NC(=O)c1cccc(C(=O)NC(=O)O*)c1,65.0,52.26945495605469,39.201271057128906,-12.730545043945312
*Oc1ccc(Oc2cccc(C(=O)Oc3ccc(OC(=O)c4cccc(*)c4)cc3)c2)cc1,119.0,113.2170181274414,36.30120849609375,-5.782981872558594
*c1ccc(NC(=O)c2cccc(C(=O)Nc3ccc(S(*)(=O)=O)cc3)c2)cc1,78.0,245.05978393554688,80.16961669921875,167.05978393554688
*Oc1ccc(NC(=O)c2ccc(P(=O)(c3ccccc3)c3ccc(C(=O)Nc4ccc(Oc5ccc(P(=O)(c6ccccc6)c6ccc(*)cc6)cc5)cc4)cc3)cc2)cc1,225.0,286.8527526855469,59.63026809692383,61.852752685546875
*c1ccc(-c2ccc(C3(*)CCCCC3)cc2)cc1,287.0,189.20590209960938,85.05591583251953,-97.79409790039062
*CC(*)(F)C(F)(F)F,49.0,37.905670166015625,29.907636642456055,-11.094329833984375
*CC(CCC)C(CCC)COC(=O)c1ccc(C(=O)O*)cc1,30.0,10.6600341796875,35.16417694091797,-19.3399658203125
*c1ccc(Oc2ccc(-c3cccc4c3C(=O)N(Oc3ccc(C(=O)c5ccc(Oc6cccc7c6C(=O)N(*)C7=O)cc5)cc3)C4=O)cc2)cc1,252.0,227.45755004882812,26.818151473999023,-24.542449951171875
*CCCCCCCCCCC(=O)O*,-46.04999923706055,-52.694549560546875,46.50930404663086,-6.644550323486328
*Oc1ccc(C(C)(C)c2ccc(Oc3ccc(C(=O)c4c(C(=O)c5ccc(*)cc5)c(-c5ccccc5)c(-c5ccc6ccccc6c5)c(-c5ccc6ccccc6c5)c4-c4ccccc4)cc3)cc2)cc1,264.0,260.4580078125,50.47968673706055,-3.5419921875
*CC(*)c1cccc2ccccc12,160.0,162.43177795410156,68.9632339477539,2.4317779541015625
*C(F)(F)C1(*)OC(F)(F)C(F)(F)O1,108.0,94.94717407226562,100.49908447265625,-13.052825927734375
*C(=O)c1ccc2c(c1)C(=O)N(c1ccc(Oc3c(C)cc(Cc4cc(C)c(Oc5ccc(N6C(=O)c7ccc(*)cc7C6=O)cc5)c(C)c4)cc3C)cc1)C2=O,303.0,246.6257781982422,61.87322998046875,-56.37422180175781
*CC(*)(CC(=O)Oc1ccc(OCCCCCCC)cc1)C(=O)Oc1ccc(OCCCCCCC)cc1,111.0,11.344635009765625,52.48687744140625,-99.65536499023438
*Oc1cc(Cl)cc(Cl)c1*,165.0,169.5061492919922,53.174346923828125,4.5061492919921875
*Oc1ccc(CC(NC(=O)CCc2ccc(OC(=O)CCCCC(*)=O)cc2)C(=O)OCCCCCCCCCCCC)cc1,22.0,22.63245391845703,29.008468627929688,0.6324539184570312
*c1cc(C(c2ccc(OCCN(CC)c3ccc(/C=C/C4=CC(=C(C#N)C#N)CC(C)(C)C4)cc3)c(N3C(=O)c4ccc(Oc5ccc6c(c5)C(=O)N(*)C6=O)cc4C3=O)c2)(C(F)(F)F)C(F)(F)F)ccc1OCCN(CC)c1ccc(/C=C/C2=CC(=C(C#N)C#N)CC(C)(C)C2)cc1,202.0,203.01101684570312,51.62406921386719,1.011016845703125
*Oc1cc(C(C)(C)C)c(Oc2ccc(C(=O)c3ccc(*)cc3)cc2)cc1C(C)(C)C,206.0,204.20614624023438,86.71785736083984,-1.793853759765625
*C(=O)c1ccc(Oc2ccc(Oc3ccc(C(=O)c4ccc5c(c4)C(=O)N(c4ccc(Oc6ccc(N7C(=O)c8ccc(*)cc8C7=O)cc6)cc4)C5=O)cc3)cc2)cc1,220.0,210.82057189941406,25.04340934753418,-9.179428100585938
*CCC[Si](*)(C)O[Si](C)(C)CCCOc1ccc(C(=O)Oc2ccc(C#N)cc2)cc1,-19.100000381469727,10.7076416015625,31.68273162841797,29.807641983032227
*CCCCCCCCCCCCCCc1ccc(-c2c(-c3ccccc3)cc(-c3ccc(-c4cc(-c5ccccc5)c(-c5ccc(*)cc5)c(-c5ccccc5)c4-c4ccccc4)cc3)c(-c3ccccc3)c2-c2ccccc2)cc1,185.0,206.57810974121094,39.684043884277344,21.578109741210938
*/C=C/C1CC(*)C2C(=O)N(CCCCCCCC)C(=O)C12,56.5,5.6608734130859375,60.324981689453125,-50.83912658691406
*Nc1ccc(Cc2ccc(NC(=O)c3cc(C(*)=O)cc(S(=O)(=O)c4ccccc4)c3)cc2)cc1,270.0,241.51779174804688,91.24250030517578,-28.482208251953125
*CC(*)(C)C(=O)OC1CC2CC1C1C3CCC(C3)C21,199.0,144.5272979736328,77.59083557128906,-54.47270202636719
*CC(O*)C1CC(F)(F)C1(F)F,-25.0,27.861923217773438,61.75799560546875,52.86192321777344
*CC(*)(C)C(=O)OC1(C)C2CC3CC(C2)CC1C3,165.0,138.04568481445312,75.69206237792969,-26.954315185546875
*/C(C)=C(/*)CCC,200.0,-1.6843719482421875,77.23285675048828,-201.6843719482422
*CC(*)c1ccccc1,98.94999694824219,96.61127471923828,42.59022521972656,-2.3387222290039062
*Oc1ccc(CC(NC(=O)CCc2ccc(OC(=O)CCCC(*)=O)cc2)C(=O)OCCCCCC)cc1,43.0,45.974151611328125,15.538979530334473,2.974151611328125
*CC(*)C(=O)OCCCCSC,-70.0,-40.770843505859375,45.29877471923828,29.229156494140625
*c1ccc(-c2ccc(-c3ccc([Si](*)(CCCC)CCCC)s3)s2)s1,30.0,55.02349853515625,43.37940979003906,25.02349853515625
*C(=O)Nc1ccc(Cc2ccc(N3C(=O)c4ccc(*)cc4C3=O)cc2)cc1,279.5,317.1861267089844,64.28341674804688,37.686126708984375
*Nc1cc(NC(=O)Nc2ccc(NC(*)=O)cc2)cc(C(=O)Nc2ccc3c(c2)C(=O)c2ccccc2C3=O)c1,184.0,221.17724609375,85.72190856933594,37.17724609375
*N=P(*)(Oc1cccc(Br)c1)Oc1cccc(Br)c1,-2.5,4.892974853515625,36.10941696166992,7.392974853515625
*CCCCCCNC(=O)C(=O)N*,250.0,77.660400390625,68.27466583251953,-172.339599609375
*Oc1ccc(/N=C/C=N/c2ccc(OC(=O)Nc3ccc(Cc4ccc(NC(*)=O)cc4)cc3)cc2)cc1,133.0,223.73641967773438,81.82782745361328,90.73641967773438
*CCCCCCCCCCCCCCCCOC(=O)CC/C=C/CCC(=O)O*,-18.0,-44.16954040527344,41.61273956298828,-26.169540405273438
*Nc1ccc(NC(=O)c2ccc(NC(=O)CCCCCCCCCCC(=O)Nc3ccc(C(*)=O)cc3)cc2)cc1C(=O)OCCCCCCCCCCCCCCCCCC,196.5,154.5264434814453,84.67472839355469,-41.97355651855469
*O[SiH](*)C,-3.390000104904175,10.941696166992188,28.972143173217773,14.331696271896362
*/C=C/c1ccc(*)c(-c2ccc(OCC(CC)CCCC)c3ccccc23)c1,135.0,120.20743560791016,64.24815368652344,-14.792564392089844
*C/C=C/N(/C=C/CC1CC(=O)N(c2ccc(Cc3ccc(N4C(=O)CC(*)C4=O)cc3)cc2)C1=O)c1ccc(/N=N/c2ccc([N+](=O)[O-])cc2)cc1,277.0,208.95916748046875,62.794124603271484,-68.04083251953125
*c1ccc(C(C#N)(C(=O)O)C(*)(C#N)C(=O)O)cc1,108.0,156.6000518798828,64.35152435302734,48.60005187988281
*C(=O)Nc1ccc(-c2ccc(NC(=O)c3ccc4c(c3)C(=O)N(c3c(C)cc(C)c(N5C(=O)c6ccc(*)cc6C5=O)c3C)C4=O)cc2C(F)(F)F)c(C(F)(F)F)c1,267.0,290.982421875,52.3925666809082,23.982421875
*Nc1cc([N+](=O)[O-])c(NC(=O)CCCCCCCCC(*)=O)cc1/C=C/c1ccc(N(C)C)cc1,159.0,111.38728332519531,66.29895782470703,-47.61271667480469
*c1ccc(Oc2ccc(Oc3ccc(Oc4ccc(-c5cnc6cc(-c7ccc8nc(*)cnc8c7)ccc6n5)cc4)cc3)cc2)cc1,133.0,270.3165283203125,59.230403900146484,137.3165283203125
*OC1CCC(OC(=O)CCCCCCCCC(*)=O)CC1,66.0,15.002120971679688,79.79144287109375,-50.99787902832031
*N(CCC)[Si](C)(C)C[Si](*)(C)C,-20.0,-56.32301330566406,51.80966567993164,-36.32301330566406
*c1ccc(Oc2cccc(NC(=O)c3cc(C(=O)Nc4cccc(Oc5ccc(-c6nnc(*)o6)cc5)c4)cc(N4C(=O)c5ccccc5C4=O)c3)c2)cc1,245.0,256.09442138671875,34.535743713378906,11.09442138671875
*C(=O)Nc1ccc(Oc2ccccc2-c2ccccc2Oc2ccc(NC(=O)c3ccc4c(c3)C(=O)N(c3ccc(Oc5cccc(Oc6ccc(N7C(=O)c8ccc(*)cc8C7=O)cc6)c5)cc3)C4=O)cc2)cc1,229.0,291.5331115722656,41.951107025146484,62.533111572265625
*CC(*)(CC(=O)OCCCCCCCC)C(=O)OCCCCCCCC,-19.0,-41.953948974609375,33.89857482910156,-22.953948974609375
*c1c(C)cc(C)c(N2C(=O)c3ccc(S(=O)(=O)c4ccc5c(c4)C(=O)N(*)C5=O)cc3C2=O)c1C,418.0,243.26559448242188,79.84331512451172,-174.73440551757812
*CC(O)CCCCC(O)CN(*)c1ccc(N(C)C)cc1,72.0,94.84330749511719,54.225215911865234,22.843307495117188
*c1ccc(Oc2cc3ccccc3cc2Oc2ccc(N3C(=O)c4ccc(-c5ccc6c(c5)C(=O)N(*)C6=O)cc4C3=O)cc2)cc1,253.5,292.76068115234375,44.92353057861328,39.26068115234375
*C/C=C/CS(*)(=O)=O,86.0,64.06986999511719,54.93498229980469,-21.930130004882812
*CC(*)(C)C(=O)OCCNC(C)(C)C,41.0,34.09742736816406,34.28333282470703,-6.9025726318359375
*c1ccc(Oc2ccc(C(=O)c3ccc(Oc4ccc(-c5nc(-c6ccc(-c7nc(*)c(-c8ccccc8)[nH]7)cc6)[nH]c5-c5ccccc5)cc4)cc3)cc2)cc1,276.0,262.4317932128906,57.71378707885742,-13.568206787109375
*CCCCCCOc1ccc(NC(=O)c2cc(C(=O)Nc3ccc(O*)cc3)cc(C(C)(C)C)c2)cc1,166.0,103.49490356445312,62.89105224609375,-62.505096435546875
*C(=O)Nc1ccc(Sc2ccc(NC(=O)c3ccc4c(c3)C(=O)N(c3ccc(Oc5ccc(N6C(=O)c7ccc(*)cc7C6=O)cc5)cc3)C4=O)cc2)cc1,284.0,285.14483642578125,42.194271087646484,1.14483642578125
*Oc1ccc(S(=O)(=O)c2ccc(Oc3ccc(-c4ccc(*)cc4)cc3)cc2)cc1,221.0,170.78062438964844,53.80513000488281,-50.21937561035156
*C(=O)c1ccc2c(c1)C(=O)N(c1cc(N3C(=O)c4ccc(*)cc4C3=O)c(O)cc1O)C2=O,324.0,348.49395751953125,53.211822509765625,24.49395751953125
*CCCCCCC(Cl)C(*)Cl,-18.0,3.994842529296875,77.16535949707031,21.994842529296875
*Nc1ccc(NC(=O)c2ccc(NC(=O)CCCCCCCCCCC(=O)Nc3ccc(C(*)=O)cc3)cc2)cc1C(=O)OCCCCCCCCCCCC,205.5,147.74351501464844,72.43192291259766,-57.75648498535156
*Nc1ccc(Br)cc1-c1ccc(NC(=O)c2cccc(C(*)=O)c2)cc1,253.0,260.2713317871094,73.46961212158203,7.271331787109375
*OC(=O)C(NC(=O)CCCCC(=O)NC(C(=O)OC1COC2C(*)COC12)C(C)CC)C(C)CC,102.0,28.890029907226562,34.68738555908203,-73.10997009277344
*CC(*)(C)C(=O)OCCCCCCCCCCOc1ccc(/N=N/c2ccc(C#N)cc2)cc1,51.0,92.95825958251953,53.8985710144043,41.95825958251953
*O[Si](C)(Oc1ccc(C(C)(C)c2ccc(*)cc2)cc1)c1ccccc1,58.0,127.15478515625,75.9540786743164,69.15478515625
*c1ccc(Oc2ccc(N3C(=O)c4ccc(Oc5c(C)cc(-c6cc(C)c(Oc7ccc8c(c7)C(=O)N(*)C8=O)c(C)c6)cc5C)cc4C3=O)cc2)cc1,299.0,229.81927490234375,39.71001434326172,-69.18072509765625
*Cc1ccc(CSSSS*)cc1,3.0,31.239303588867188,59.34239196777344,28.239303588867188
*CCCCCCCCCC[N+](*)(C)C,65.9000015258789,62.37031555175781,27.423337936401367,-3.5296859741210938
*Oc1cccc(C(=O)c2ccc(Oc3ccc(C(=O)c4ccc(*)cc4)cc3)cc2)c1,146.0,141.00437927246094,30.22247886657715,-4.9956207275390625
*c1ccc(CC(=O)Nc2ccc(Cc3ccc(NC(=O)Cc4ccc(-c5sc(*)c(-c6ccccc6)c5-c5ccccc5)cc4)cc3)cc2)cc1,227.0,221.79031372070312,52.860687255859375,-5.209686279296875
*CC(*)C(=O)OCCCn1c2ccccc2c2ccccc21,83.0,118.95154571533203,74.95358276367188,35.95154571533203
*c1cccc(C(=O)Nc2ccc(Oc3ccc(NC(=O)c4cccc(N5C(=O)c6ccc(-c7cccc8c7C(=O)N(*)C8=O)cc6C5=O)c4)cc3)cc2)c1,291.0,274.4728088378906,39.14147186279297,-16.527191162109375
*C1C(*)C2CC1C(C(=O)OCc1ccccc1)C2C(=O)OCc1ccccc1,277.0,115.32987213134766,81.63568878173828,-161.67012786865234
*c1ccc2c(c1)C(=O)N(C1CCC(CC3CCC(N4C(=O)c5ccc(C(*)(C(F)(F)F)C(F)(F)F)cc5C4=O)CC3)CC1)C2=O,265.0,163.51693725585938,89.27359771728516,-101.48306274414062
*CC(O)COc1ccc(C(=O)c2ccc(O*)cc2)cc1,130.0,98.70042419433594,66.44923400878906,-31.299575805664062
*CCCCCCCCNC(=O)Cc1ccc(CC(=O)N*)cc1,110.0,139.40292358398438,63.22921371459961,29.402923583984375
*Oc1ccc(CC(NC(=O)CCc2ccc(OC(=O)COCCOCC(*)=O)cc2)C(=O)OCC(C)C)cc1,50.0,42.58979797363281,14.664410591125488,-7.4102020263671875
*CC(*)c1ccccc1Br,149.0,135.74676513671875,36.73340606689453,-13.25323486328125
*=Nc1cccc(/N=C(/C=C/C(=*)c2ccccc2)c2ccccc2)c1,178.0,162.61090087890625,55.636924743652344,-15.38909912109375
*O[Si](*)(C)CCCCCCCCCCC(=O)Oc1ccc(C(=O)Oc2ccc(-c3ccc(OC(=O)c4ccc(OCC(C)CC)cc4)cc3)cc2)cc1,74.30000305175781,69.4647216796875,37.93867874145508,-4.8352813720703125
*/C(=C/c1cc(OC)c(/C=C(/c2ccc(*)cc2)c2ccc(F)cc2)cc1OC)c1ccc(F)cc1,193.0,199.93116760253906,47.219730377197266,6.9311676025390625
*c1ccc(Nc2ccc(Nc3ccc(S(*)(=O)=O)cc3)cc2)cc1,145.0,150.01895141601562,65.09309387207031,5.018951416015625
*c1ccc(Oc2ccc(C(=O)c3ccc(C(=O)c4ccc(Oc5ccc(-c6nc(-c7ccc(-c8nc(*)c(-c9ccccc9)[nH]8)cc7)[nH]c6-c6ccccc6)cc5)cc4)cc3)cc2)cc1,278.0,257.68634033203125,51.24724197387695,-20.31365966796875
*c1ccc(Oc2cccc(-c3cc(-c4ccccc4)cc(-c4cccc(Oc5ccc(-n6c(=O)c7cc8c(=O)n(*)c(=O)c8cc7c6=O)cc5)c4)n3)c2)cc1,264.0,277.6299133300781,37.060150146484375,13.629913330078125
*C(=O)c1ccc2c(c1)C(=O)N(c1ccc(-c3c(-c4ccc(-c5ccccc5)cc4)cc(-c4ccc(OCCCCCCCCCCOc5ccc(-c6cc(-c7ccc(-c8ccccc8)cc7)c(-c7ccc(N8C(=O)c9ccc(*)cc9C8=O)cc7)c(-c7ccc(-c8ccccc8)cc7)c6)cc5)cc4)cc3-c3ccc(-c4ccccc4)cc3)cc1)C2=O,103.5,126.4599838256836,57.973785400390625,22.959983825683594
*OCC(F)(F)C(F)(F)C(F)(F)COc1nc(F)nc(*)c1F,0.0,10.25640869140625,50.37417221069336,10.25640869140625
*CCN(CCOC(=O)NC(C)(C)c1cccc(C(C)(C)NC(=O)O*)c1)c1ccc(/N=N/c2ccc([N+](=O)[O-])cc2)cc1,103.0,109.10565185546875,46.25523376464844,6.10565185546875
*Oc1ccc(NC(=O)c2cc(NC(=O)CCCCCCCCCCN3C(=O)c4ccccc4C3=O)cc(C(=O)Nc3ccc(*)cc3)c2)cc1,160.0,145.61351013183594,73.80110168457031,-14.386489868164062
*CC(*)(C)C(=O)OCC1CCC1,114.0,81.76416015625,74.33285522460938,-32.23583984375
*CCCCCCCCCCNC(=O)CCCCC(=O)N*,45.0,53.41950225830078,25.49032974243164,8.419502258300781
*CCCC(C)CNC(=O)c1ccc(C(=O)N*)cc1,153.0,129.39889526367188,53.741981506347656,-23.601104736328125
*OC(COC(=O)c1cc(C(*)=O)cc(C(C)(C)C)c1)COc1ccc(/N=N/c2ccc(C#N)cc2)cc1,137.0,148.0031280517578,50.519229888916016,11.003128051757812
*CC(*)(CC(=O)OCC)C(=O)OCC,65.5,25.685890197753906,51.68767166137695,-39.814109802246094
*CCN(CCOC(=O)Nc1ccc(Cc2ccc(NC(=O)O*)cc2)cc1)c1ccc(/N=N/c2ccc([N+](=O)[O-])cc2)c(C)c1,115.0,134.61692810058594,34.97243118286133,19.616928100585938
*C(=O)Nc1ccc(Cc2ccc(NC(=O)c3ccc4c(c3)C(=O)N(c3ccc(/N=N/c5ccc(C)cc5)c(N5C(=O)c6ccc(*)cc6C5=O)c3)C4=O)cc2)cc1,268.0,241.13839721679688,40.36223220825195,-26.861602783203125
*Nc1ccc(C2(c3ccc(NC(=O)c4cccc(C(*)=O)c4)cc3)c3ccccc3-c3ccccc32)cc1,277.0,243.52789306640625,81.12857818603516,-33.47210693359375
*Oc1ccc(C(=O)Nc2cc(SCCC#N)c(NC(=O)c3ccc(*)cc3)cc2SCCC#N)cc1,158.0,226.8578643798828,74.60870361328125,68.85786437988281
*CC(*)c1ccc(COCC(CC)CCCC)cc1,-23.0,-14.061264038085938,35.59324645996094,8.938735961914062
*c1ccc(Oc2ccc(-c3nc4cc5sc(*)nc5cc4s3)cc2)cc1,350.0,329.8408508300781,68.93134307861328,-20.159149169921875
*c1ccc(Oc2ccc(-c3nc4cc(Oc5ccc(NC(=O)c6cc(C(=O)Nc7ccc(Oc8ccc9nc(-c%10ccccc%10)c(*)nc9c8)cc7)cc(N7C(=O)c8ccccc8C7=O)c6)cc5)ccc4nc3-c3ccccc3)cc2)cc1,260.0,293.68109130859375,42.95863342285156,33.68109130859375
*CC(*)(C)C(=O)Oc1ccc(C(=O)Oc2ccc(C(=O)c3ccccc3)cc2)cc1,72.0,113.36293029785156,40.19480895996094,41.36293029785156
*CCCCCCOC(=O)Nc1ccc(C)c(NC(=O)OCCCCCCOc2ccc(-c3ccc(O*)cc3)cc2)c1,87.0,54.079734802246094,40.60289764404297,-32.920265197753906
*Oc1ccc(NC(=O)c2ccc(Oc3ccc(C(C)(C)c4cccc(C(C)(C)c5ccc(Oc6ccc(C(=O)Nc7ccc(Oc8ccc(-c9ccc(*)cc9)cc8)cc7)cc6)cc5)c4)cc3)cc2)cc1,167.0,203.02247619628906,47.31096649169922,36.02247619628906
*CCOC(=O)c1cccc2c(C(=O)O*)cccc12,78.0,102.67820739746094,42.78904724121094,24.678207397460938
*CC(*)C(=O)OCCSCC#N,-24.0,44.655059814453125,41.96360778808594,68.65505981445312
*OC1C(CO)OC(*)C(O)C1O,332.0,104.41015625,115.65745544433594,-227.58984375
*c1c(F)c(F)c(-c2c(F)c(F)c(Oc3ccc(-c4nn(*)c(=O)c5ccccc45)c(F)c3)c(F)c2F)c(F)c1F,253.0,331.9368591308594,75.04417419433594,78.93685913085938
*c1cccc(Cc2cccc(N3C(=O)c4ccc([Si](C)(C)O[Si](C)(C)c5ccc6c(c5)C(=O)N(*)C6=O)cc4C3=O)c2)c1,217.0,220.98236083984375,81.6021957397461,3.98236083984375
*/C=C/c1ccc(/C=C/c2ccc3c(c2)Sc2cc(*)ccc2N3c2ccc(OCCCCCCCCCCCC)cc2)s1,155.0,154.64382934570312,72.24885559082031,-0.356170654296875
*CCCCCCCCC(=O)N*,48.0,45.175994873046875,31.223834991455078,-2.824005126953125
*Oc1ccc(C2(c3ccc(OC(=O)CCCC(*)=O)cc3)c3ccccc3-c3ccccc32)cc1,207.0,176.01441955566406,44.53556442260742,-30.985580444335938
*c1ccc(Oc2ccc(N3C(=O)CC4C(CC5C(=O)N(*)C(=O)C54)C3=O)cc2)cc1,350.0,274.8275146484375,77.47013854980469,-75.1724853515625
*c1ccc(Oc2ccc(-c3ccc(Oc4ccc(N5C(=O)c6ccc(Oc7ccc(C8(c9ccc(Oc%10ccc%11c(c%10)C(=O)N(*)C%11=O)cc9)CCC(C(C)(C)C)CC8)cc7)cc6C5=O)cc4)cc3C)c(C)c2)cc1,236.0,265.7453308105469,57.035667419433594,29.745330810546875
*c1cc(C(=O)NCCCCCCCCCCCC)cc(N2C(=O)c3ccc(-c4ccc5c(c4)C(=O)N(*)C5=O)cc3C2=O)c1,243.10000610351562,157.4995880126953,90.33179473876953,-85.60041809082031
*c1ccc(C(c2ccc(N3C(=O)c4ccc(OCCN(CCOc5ccc6c(c5)C(=O)N(*)C6=O)c5ccc(/C=C/c6ccc([N+](=O)[O-])cc6)cc5)cc4C3=O)cc2)(C(F)(F)F)C(F)(F)F)cc1,180.6999969482422,228.8159637451172,54.62718963623047,48.115966796875
*CC(*)c1cc(OC)c(O)c(OC)c1,147.0,79.52686309814453,84.2365951538086,-67.47313690185547
*CCCC(C)CN1C(=O)c2ccc(C(=O)Oc3ccc(-c4ccc(OC(=O)c5ccc6c(c5)C(=O)N(*)C6=O)cc4)cc3)cc2C1=O,155.0,126.62671661376953,43.744056701660156,-28.37328338623047
*CC1CC(COC(=O)c2ccc(C(=O)O*)cc2)CC(C(C)(C)C)C1,118.0,35.96723937988281,41.69597625732422,-82.03276062011719
*CCCCCNC(=O)C(OC)C(OC)C(=O)N*,113.0,54.97523498535156,47.663482666015625,-58.02476501464844
*Oc1ccc(CC(NC(=O)CCc2ccc(OC(=O)CCCCCCC(*)=O)cc2)C(=O)OCCCCCCCC)cc1,22.0,22.578094482421875,23.160192489624023,0.578094482421875
*c1ccc(Oc2ccc(C3(c4ccc(Oc5ccc(N6C(=O)c7ccc(Oc8ccc(C9(c%10ccc(Oc%11ccc%12c(c%11)C(=O)N(*)C%12=O)cc%10)CCC(c%10ccccc%10)CC9)cc8)cc7C6=O)cc5)cc4)CCC(C(C)(C)C)CC3)cc2)cc1,243.0,267.98260498046875,56.12469482421875,24.98260498046875
*c1ccc(-c2ccc(-c3nc4ccccc4c(-c4ccc(Oc5ccc(-c6c(-c7ccccc7)c(*)nc7ccccc67)cc5)cc4)c3-c3ccccc3)cc2)cc1,345.0,322.14794921875,47.09275817871094,-22.85205078125
*c1ccc2c(c1)C(=O)N(c1ccc(OC(CCC)COc3ccc(N4C(=O)c5ccc(C(*)(C(F)(F)F)C(F)(F)F)cc5C4=O)cc3)cc1)C2=O,204.0,206.1440887451172,50.57965850830078,2.1440887451171875
*CCCCCCNC(=O)c1cc(C(=O)N*)cc(C(C)(C)C)c1,163.0,139.40292358398438,63.22921371459961,-23.597076416015625
*c1cc(Br)c(-c2c(Br)cc(N3C(=O)c4ccc(-c5ccc6c(c5)C(=O)N(*)C6=O)cc4C3=O)cc2C(=O)OCCCCCCCCCCCC)c(C(=O)OCCCCCCCCCCCC)c1,108.0,101.66973876953125,45.18704605102539,-6.33026123046875
*Oc1ccc(/C(=C/c2cc(OC)c(/C=C(/c3ccc(*)cc3)c3ccc(C(F)(F)F)cc3)cc2OC)c2ccc(C(F)(F)F)cc2)cc1,194.0,174.588623046875,29.671985626220703,-19.411376953125
*Oc1ccc(Oc2ccc(C(=O)c3ccc(*)c(S(=O)(=O)O)c3)cc2S(=O)(=O)O)cc1,220.0,159.353515625,73.70189666748047,-60.646484375
*c1ccc(Oc2ccc(Oc3ccc(N4C(=O)c5ccc(Oc6ccc(Sc7ccc(Oc8ccc9c(c8)C(=O)N(*)C9=O)cc7)cc6)cc5C4=O)cc3)cc2)cc1,201.0,197.65797424316406,28.229970932006836,-3.3420257568359375
*CC(O)COc1ccc(C(C)(C)c2ccc(OCC(O)COc3ccc(C4(c5ccc(O*)cc5)c5ccccc5-c5ccccc54)cc3)cc2)cc1,161.0,164.9778289794922,67.89425659179688,3.9778289794921875
*CC(*)C(=O)OCCOc1ccc(C(=O)Oc2ccc(OC)cc2)cc1,70.0,52.11699676513672,28.031660079956055,-17.88300323486328
*CC(*)(C#N)C(=O)OCCCC,117.0,131.09825134277344,71.32667541503906,14.098251342773438
*c1cccc(-c2nc3ccc(Oc4ccc5nc(*)c(-c6ccccc6)nc5c4)cc3nc2-c2ccccc2)c1,270.0,291.4967956542969,52.5438232421875,21.496795654296875
*Oc1ccc(S(=O)(=O)c2ccc(Oc3ccc(/C=N/c4ccc(Oc5ccc(/N=C/c6ccc(*)cc6)cc5)cc4)cc3)cc2)cc1,162.0,249.69622802734375,64.12937927246094,87.69622802734375
*Oc1ccc(S(=O)(=O)c2ccc(Oc3ccc4c(=O)n5c6cc(Oc7ccc8c(c7)nc7c9ccc(*)c%10cccc(c(=O)n87)c%109)ccc6nc5c5cccc3c45)cc2)cc1,374.0,338.5848083496094,49.76553726196289,-35.415191650390625
*/C=C(/*)c1ccccc1[Si](C)(C)C,190.0,40.00999450683594,42.70433807373047,-149.99000549316406
*Cc1ccc(C(C)(CC)c2ccc(Cn3c(=O)c4cc5c(=O)n(*)c(=O)c5cc4c3=O)o2)o1,143.0,197.93157958984375,77.77589416503906,54.93157958984375
*Nc1ccc(-c2ccc(NC(=O)c3cc(C(*)=O)cc(S(=O)(=O)c4ccccc4)c3)cc2)cc1,319.0,258.34014892578125,71.91544342041016,-60.65985107421875
*c1cc(/N=N/c2ccc(C#N)cc2)cc(*)c1O,176.0,160.73379516601562,56.2849006652832,-15.266204833984375
*CC(=O)Nc1ccc(Oc2ccc(S(=O)(=O)c3ccc(Oc4ccc(NC(=O)CN5C(=O)c6ccc(C(c7ccc8c(c7)C(=O)N(*)C8=O)(C(F)(F)F)C(F)(F)F)cc6C5=O)cc4)cc3)cc2)cc1,241.0,238.36260986328125,40.4077033996582,-2.63739013671875
*CC(*)OC(=O)OCCC(F)(F)C(F)(F)C(F)(F)C(F)(F)C(F)(F)C(F)(F)F,37.0,14.363388061523438,29.8568115234375,-22.636611938476562
*CCCC(*)(C)CC,-23.0,-5.0234527587890625,82.48688507080078,17.976547241210938
*c1cccc(P(=O)(c2ccccc2)c2cccc(N3C(=O)c4ccc(NC(=O)OCCOc5ccc(C(C)(C)c6ccc(OCCOC(=O)Nc7ccc8c(c7)C(=O)N(*)C8=O)cc6)cc5)cc4C3=O)c2)c1,220.0,214.14955139160156,72.26116943359375,-5.8504486083984375
*CCCOC(=O)O*,-17.700000762939453,28.95787811279297,53.2017707824707,46.65787887573242
*CC(*)(Cl)C(=O)OCC,84.0,109.80247497558594,69.8215560913086,25.802474975585938
*c1ccc(/C=N/c2ccc(C(c3ccccc3)c3ccc(/N=C/c4ccc(-c5ccc(*)s5)cc4)cc3)cc2)cc1,129.0,213.17205810546875,54.91294860839844,84.17205810546875
*CC(*)(C)C(=O)OC(C)C,85.0,11.611724853515625,76.7361068725586,-73.38827514648438
*c1ccc(Oc2cccc(Oc3ccc(N4C(=O)c5ccc(Oc6ccc(C(C)(C)c7ccc(Oc8ccc9c(c8)C(=O)N(*)C9=O)cc7)cc6)cc5C4=O)cc3)c2)cc1,246.0,221.19744873046875,37.622642517089844,-24.80255126953125
*C(=O)Nc1ccc(Oc2ccc(NC(=O)c3ccc4c(c3)C(=O)N(c3ccc(NC(=O)Nc5ccc(N6C(=O)c7ccc(*)cc7C6=O)cc5)cc3)C4=O)cc2)cc1,205.0,212.68792724609375,30.163583755493164,7.68792724609375
*N=P(*)(CC1COCCOCCOCCO1)OCC1COCCOCCOCCO1,-40.0,-30.3201904296875,48.61635971069336,9.6798095703125
*CC(*)C(=O)OCCCOC,-66.5,-41.214752197265625,55.444671630859375,25.285247802734375
*CC(*)(C)C(=O)OCCCCCCCCOc1ccc2cc(C(=O)Oc3ccccc3)ccc2c1,34.0,56.43280792236328,45.87138748168945,22.43280792236328
*CCCCOc1cccc(C(=O)OC(=O)c2cccc(O*)c2)c1,20.0,52.37079620361328,23.494972229003906,32.37079620361328
*C(=O)c1ccc2c(c1)C(=O)N(c1ccc(-c3ccc(N4C(=O)c5ccc(*)cc5C4=O)cc3)cc1)C2=O,382.0,319.72308349609375,47.43783187866211,-62.27691650390625
*Oc1ccc(-c2ccc(Oc3ccc(/C(=N/c4ccc(/N=C(\c5ccccc5)c5ccc(*)cc5)cc4)c4ccccc4)cc3)cc2)cc1,195.0,234.61080932617188,59.842132568359375,39.610809326171875
*CC(CC)N(*)C(=O)CCCC,52.0,45.175994873046875,31.223834991455078,-6.824005126953125
*/C(=C(/*)c1ccc(C(C)(C)C)cc1)c1ccccc1,200.0,189.20590209960938,85.05591583251953,-10.794097900390625
*C(=O)Nc1cccc(S(=O)(=O)c2cccc(NC(=O)c3ccc4c(c3)C(=O)N(c3cc(-c5nnc(-c6ccccn6)o5)cc(N5C(=O)c6ccc(*)cc6C5=O)c3)C4=O)c2)c1,173.0,245.9775390625,53.019474029541016,72.9775390625
*CCN(*)C(=O)CCCCCCCCCCCCCCCCC,10.0,38.384185791015625,22.656320571899414,28.384185791015625
*C1C(=O)N(CCCCCCCCOc2ccc(-c3ccc(C#N)cc3)cc2)C(=O)C1*,43.0,139.48919677734375,87.31678771972656,96.48919677734375
*CCCCCCCCNC(=O)CCCCCCCCC(=O)N*,54.0,46.89924621582031,25.080183029174805,-7.1007537841796875
*CC#CC#CCOC(=O)c1ccc(C(=O)O*)cc1,143.0,156.0447235107422,58.06095504760742,13.044723510742188
*/C=C/c1sc(-c2ccc3c(c2)C(CCCCCC)(CCCCCC)c2cc(-c4sc(/C=C/C5=CC(=C(C#N)C#N)C=C(*)O5)c(CCCCCC)c4CCCCCC)ccc2-3)c(CCCCCC)c1CCCCCC,115.0,68.59693145751953,41.55621337890625,-46.40306854248047
*c1ccc(C(c2ccccc2)c2ccc(N3C(=O)c4ccc(S(=O)(=O)c5ccc6c(c5)C(=O)N(*)C6=O)cc4C3=O)cc2)cc1,305.0,272.09796142578125,47.37836837768555,-32.90203857421875
*Oc1cc(OC(=O)c2ccc(OCC)cc2)c(OC(=O)CCCCCCCCCCCCCCC(*)=O)cc1OC(=O)c1ccc(OCC)cc1,31.0,41.95093536376953,18.679956436157227,10.950935363769531
*CC(*)c1ccccc1C(=O)OCC,118.0,48.01177215576172,40.341487884521484,-69.98822784423828
*CCOCCOCCOCCOC(=O)c1ccc(-c2ccc(C(=O)O*)cc2)cc1,4.0,52.91529083251953,33.885276794433594,48.91529083251953
*C(=O)Nc1cccc2cccc(N3C(=O)CC(N4C(=O)c5ccc(*)cc5C4=O)C3=O)c12,193.0,300.28582763671875,60.912784576416016,107.28582763671875
*O[Si](C)(C)CCCC(=O)Oc1ccc(/C=N/c2ccc(Cc3ccc(/N=C/c4ccc(OC(=O)CCC[Si](*)(C)C)cc4)cc3)cc2)cc1,68.0,79.93527221679688,58.28515625,11.935272216796875
*Oc1ccc(CC(NC(=O)CCc2ccc(OC(=O)CCCCCCC(*)=O)cc2)C(=O)OC(C)C)cc1,46.0,45.974151611328125,15.538979530334473,-0.025848388671875
*C(=O)c1cc2c(cc1Cl)C(=O)N(c1cc(Cl)c(N3C(=O)c4cc(*)c(Cl)cc4C3=O)cc1Cl)C2=O,367.0,368.08319091796875,56.12174606323242,1.08319091796875
*CCN(*)C,-31.0,65.13665771484375,88.87300872802734,96.13665771484375
*CCCCCCCCCCCN1C(=O)c2ccc(C(=O)Oc3ccc(-c4ccc(OC(=O)c5ccc6c(c5)C(=O)N(*)C6=O)cc4)cc3)cc2C1=O,97.0,150.1805877685547,49.39290237426758,53.18058776855469
*CC(*)C(=O)OCCCOc1ccc(C(=O)OCCCC(F)(F)C(F)(F)C(F)(F)C(F)(F)C(F)(F)C(F)(F)C(F)(F)C(F)(F)F)cc1,48.0,19.466407775878906,24.312530517578125,-28.533592224121094
*CC(*)(CC(=O)OC(C)C)C(=O)OC12CC3CC(CC(C3)C1)C2,180.0,17.884613037109375,64.20462036132812,-162.11538696289062
*CCCCCCCCCNC(=O)CCCCCCCCCCCCCCCCCCC(=O)N*,42.0,38.78229522705078,20.63253402709961,-3.2177047729492188
*c1cccc(NC(=O)CCCCC(=O)Nc2cccc(S(*)(=O)=O)c2)c1,140.0,123.32640075683594,44.922088623046875,-16.673599243164062
*N=P(*)(C)CCCC,-51.0,-44.48419189453125,43.73493957519531,6.51580810546875
*CC(*)(C)C(=O)OCCCCCCOc1ccc(/N=N/c2ccc([N+](=O)[O-])cc2)cc1,108.0,100.7612075805664,44.472469329833984,-7.238792419433594
*Nc1cc(NC(=O)c2cc(NC(=O)C(C(C)CC)N3C(=O)c4ccccc4C3=O)cc(C(*)=O)c2)ccc1C,166.0,161.32638549804688,48.62232971191406,-4.673614501953125
*CCCCCCCCOc1cccc(NC(=O)c2cccc(C(=O)Nc3cccc(O*)c3)c2)c1,117.0,103.94276428222656,67.49772644042969,-13.057235717773438
*Oc1c(C)cc(C2(c3cc(C)c(Oc4ccc(C(=O)c5ccc(*)cc5)cc4)c(C)c3)CCC3CCCCC3C2)cc1C,251.0,221.5301513671875,73.82829284667969,-29.4698486328125
*c1ccc(Oc2ccc(C(C)(C)c3ccc(Oc4ccc(-c5ncc(*)o5)cc4C(F)(F)F)cc3)cc2)c(C(F)(F)F)c1,185.0,216.89642333984375,50.144596099853516,31.89642333984375
*Oc1ccc(NC(=O)c2ccc(Oc3ccc(C(C)(C)c4cccc(C(C)(C)c5ccc(Oc6ccc(C(=O)Nc7ccc(Oc8ccc(C(c9ccc(*)cc9)(C(F)(F)F)C(F)(F)F)cc8)cc7)cc6)cc5)c4)cc3)cc2)cc1,154.0,210.28042602539062,51.540401458740234,56.280426025390625
*CC(*)C(=O)N(C)C,114.0,85.57559204101562,65.87865447998047,-28.424407958984375
*CC(*)C(=O)OCCC(F)(F)C(F)(F)C(F)(F)C(F)(F)C(F)(F)C(F)(F)C(F)(F)C(F)(F)F,52.0,18.698524475097656,30.472265243530273,-33.301475524902344
*Nc1ccc(-c2ccc(NC(=O)c3cc(NC(=O)c4ccc(NC(=O)C(C)N5C(=O)c6ccccc6C5=O)cc4)cc(C(*)=O)c3)cc2)cc1,202.0,214.39297485351562,43.77417755126953,12.392974853515625
*Oc1ccc(CC(NC(=O)CCc2ccc(OC(=O)CCCC(*)=O)cc2)C(=O)OCc2ccccc2)cc1,66.0,64.6401138305664,14.289346694946289,-1.3598861694335938
*Nc1ccc(NC(=O)c2ccc(NC(=O)CCCCCCCCC(=O)Nc3ccc(C(*)=O)cc3)cc2)cc1C(=O)OCCCCCCCCCCCC,228.5,113.00299072265625,66.77545928955078,-115.49700927734375
*CCC[Si](*)(C)O[Si](C)(C)CCCOc1ccc(-c2ccc(C#N)cc2)cc1,-4.599999904632568,20.073165893554688,34.44011306762695,24.673165798187256
*CCC(=O)NCCCCCCNC(=O)CCS*,27.0,31.52587127685547,45.381263732910156,4.525871276855469
*c1ccc(-c2cc(-c3ccc(OCCCC#N)cc3)cc(-c3ccc(-n4c(=O)c5cc6c(=O)n(*)c(=O)c6cc5c4=O)cc3)n2)cc1,345.0,300.919189453125,52.45941925048828,-44.080810546875
*CCOc1ccc(/C=C2\CC/C(=C\c3ccc(OCCOP(=O)(O*)OC)c(OC)c3)C2=O)cc1OC,99.0,60.049102783203125,34.14348602294922,-38.950897216796875
*CC(*)c1cc(C(=O)OCCCCCC)ccc1-c1ccc(OCCCCCCCC)cc1,64.0,55.00300598144531,80.88346099853516,-8.996994018554688
*Oc1ccc(OC(=O)CCCCC(*)=O)cc1,90.0,48.15898132324219,23.736961364746094,-41.84101867675781
*OC(*)C,-19.5,-23.935562133789062,36.882530212402344,-4.4355621337890625
*C(=O)Nc1c(C)cc(Cc2cc(C)c(NC(=O)c3ccc4c(c3)C(=O)N(c3ccc(/N=N/c5ccc(OC(F)(F)F)cc5)c(N5C(=O)c6ccc(*)cc6C5=O)c3)C4=O)c(C)c2)cc1C,278.0,271.38336181640625,56.06698226928711,-6.61663818359375
*COC(=O)NCCCCCCNC(=O)OCc1ccc(*)o1,33.0,58.62664794921875,46.34156036376953,25.62664794921875
*c1ccc(*)cc1,291.5,220.07498168945312,83.12244415283203,-71.42501831054688
*CCN(CCOC(=O)Nc1ccc(-c2ccc(NC(=O)O*)c(C)c2)cc1C)c1ccc(/N=N/c2ccc([N+](=O)[O-])cc2)cc1,119.5,134.61692810058594,34.97243118286133,15.116928100585938
*CC(*)C(=O)c1ccc(C(C)(C)C)cc1,103.5,64.8747787475586,44.45172882080078,-38.625221252441406
*c1cnc(C2C(c3ccccc3)C(*)C2c2ccccc2)cn1,150.0,143.49671936035156,55.46495819091797,-6.5032806396484375
*Oc1ccc(C(=O)NNC(=O)c2ccc(C(=O)NNC(=O)c3ccc(OC(=O)c4cccc(C(*)=O)c4)cc3)cc2Oc2ccccc2)cc1,160.0,201.4137420654297,43.37422180175781,41.41374206542969
*C(=O)Nc1ccc(S(=O)(=O)c2ccc(NC(=O)c3ccc4c(c3)C(=O)N(c3ccc(-c5sc(-c6ccc(N7C(=O)c8ccc(*)cc8C7=O)cc6)c(-c6ccccc6)c5-c5ccccc5)cc3)C4=O)cc2)cc1,340.0,274.14593505859375,48.84970474243164,-65.85406494140625
*Oc1ccc(/C=N/N=C/c2ccc(Oc3ccc(C(c4ccc(*)cc4)(C(F)(F)F)C(F)(F)F)cc3)cc2)cc1,162.0,247.3101043701172,75.81951141357422,85.31010437011719
*Nc1ccc(NC(=O)CCCCCCCC(*)=O)cc1,130.0,136.9494171142578,58.503997802734375,6.9494171142578125
*CC(*)c1ccc(COc2ccc(-c3ccc(-c4ccc(-c5ccc(CCCCCC)s5)s4)c4nsnc34)cc2)cc1,122.0,187.70196533203125,79.67310333251953,65.70196533203125
*CC(*)C(=O)NCCC[N+](C)(C)C,57.0,51.46424865722656,37.578216552734375,-5.5357513427734375
*CCCCCOC(=O)c1ccc(-c2ccc(C(=O)O*)cc2)cc1,47.5,58.21880340576172,35.789283752441406,10.718803405761719
*CCOCCC(=O)O*,-35.0,11.375595092773438,53.746421813964844,46.37559509277344
*OC(=O)OCCCCCCCCCCOC(=O)OC1COC2C(*)COC12,6.5,2.053314208984375,51.88982391357422,-4.446685791015625
*CCCCCCCCCCN1C(=O)c2ccc(-c3ccc(-c4ccc5c(c4)C(=O)N(*)C5=O)cc3)cc2C1=O,103.0,199.86734008789062,101.63737487792969,96.86734008789062
*C(=O)Nc1ccc(S(=O)(=O)c2ccc(NC(=O)c3ccc4c(c3)C(=O)N(c3ccc(Oc5ccc(N6C(=O)c7ccc(*)cc7C6=O)cc5)cc3)C4=O)cc2)cc1,275.0,266.29669189453125,41.13082504272461,-8.70330810546875
*Oc1ccc(-c2ccc(OC(=O)c3cc(OCCCCCC)c(C(*)=O)cc3OCCCCCC)cc2)cc1,113.0,78.61082458496094,36.42399215698242,-34.38917541503906
*OP(=O)(Oc1ccccc1)OC(CCl)COc1ccc(S(=O)(=O)c2ccc(OCC(*)CCl)cc2)cc1,48.0,60.87775421142578,49.95182800292969,12.877754211425781
*CC(*)C(=O)OCC(C)(C)C,22.0,14.859832763671875,74.47808074951172,-7.140167236328125
*CC(COC(=O)c1ccc(N2C(=O)C3C4C=CC(C4)C3C2=O)cc1)O*,62.5,66.71897888183594,27.8676700592041,4.2189788818359375
*CC(*)c1ccc(C(=O)CC)cc1,102.0,97.4073257446289,68.01667785644531,-4.592674255371094
*NC(=O)Nc1ccc(Cc2ccc(NC(=O)Nc3cccc(*)n3)cc2)cc1,206.5,182.5743408203125,65.83262634277344,-23.9256591796875
*c1ccc(Cc2ccc(N3C(=O)c4ccc(-c5ccc6c(c5)C(=O)N(*)C6=O)cc4C3=O)cc2)cc1,298.0,323.87225341796875,49.965545654296875,25.87225341796875
*c1ccc(Oc2ccc(C(c3ccccc3)(c3ccccc3)c3ccc(Oc4ccc(-c5nc(*)nc(-c6ccccc6)n5)cc4)cc3)cc2)cc1,261.0,264.48284912109375,55.227081298828125,3.48284912109375
*c1ccc(-c2ccc(Oc3ccc(C4(C)CC(C)(C)c5ccc(Oc6ccc(-c7ccc(-n8c(=O)c9cc%10c(=O)n(*)c(=O)c%10cc9c8=O)cc7)cc6C(F)(F)F)cc54)cc3)c(C(F)(F)F)c2)cc1,265.0,268.751953125,43.84089279174805,3.751953125
*c1cccc(P(=O)(c2ccc(C(F)(F)F)cc2)c2cccc(-n3c(=O)c4cc5c(=O)n(*)c(=O)c5c(-c5cc(C(F)(F)F)cc(C(F)(F)F)c5)c4c3=O)c2)c1,290.0,289.5794372558594,51.898250579833984,-0.420562744140625
*CC(*)c1cc(C(=O)OCC)ccc1-c1ccc(OCCCCCCCC)cc1,95.0,105.3624267578125,73.38299560546875,10.3624267578125
*CCC(C)CCC(=O)S*,-50.0,-13.874343872070312,55.75037384033203,36.12565612792969
*ON(C(F)(F)F)C(F)(F)C(*)(F)SC(F)(F)F,-48.0,-32.8896484375,32.78252410888672,15.1103515625
*Nc1ccc(C(c2ccc(NC(=O)c3ccc4cc(C(*)=O)ccc4c3)cc2)(P2(=O)Oc3ccccc3-c3ccccc32)P2(=O)Oc3ccccc3-c3ccccc32)cc1,241.0,244.7195587158203,43.581668853759766,3.7195587158203125
*c1ccc(Oc2ccc(NC(=O)c3cccc(C(=O)Nc4ccc(Oc5ccc(-n6c(=O)c7cc8c(=O)n(*)c(=O)c8cc7c6=O)cc5)cc4)c3)cc2)cc1,282.0,257.3559875488281,34.29958724975586,-24.644012451171875
*N=P(*)(OCCOCCOCCOP1(OCCOCCOC)=NP(OCCOCCOC)(OCCOCCOC)=NP(OCCOCCOC)(OCCOCCOC)=N1)OCCOCCOCCOP1(OCCOCCOC)=NP(OCCOCCOC)(OCCOCCOC)=NP(OCCOCCOC)(OCCOCCOC)=N1,-38.0,-27.738418579101562,62.0076904296875,10.261581420898438
*c1cccc(P(=O)(c2cccc(-n3c(=O)c4cc5c(=O)n(*)c(=O)c5c(-c5cc(C(F)(F)F)cc(C(F)(F)F)c5)c4c3=O)c2)c2cc(C(F)(F)F)cc(C(F)(F)F)c2)c1,280.0,298.590576171875,53.324031829833984,18.590576171875
*CCCCCC(=O)NNC(=O)c1ccc(C(=O)NNC(=O)CCCCCOc2ccc(O*)c(C)c2)cc1,126.0,86.68955993652344,46.620147705078125,-39.31044006347656
*Nc1ccc(NC(=O)c2ccc(C(=O)c3ccc(C(*)=O)c(C(=O)O)c3)cc2C(=O)O)cc1,317.0,263.64044189453125,71.0927734375,-53.35955810546875
*c1ccc(Oc2ccc(-c3ccc4nc(Oc5cc(-c6ccccc6)c6cc(*)ccc6n5)cc(-c5ccccc5)c4c3)cc2)cc1,268.5,268.4065856933594,57.42718505859375,-0.093414306640625
*CCC[Sn](C)(C)CCCOC(=O)C(CCCCCCCCOc1ccc(-c2ccc(OCc3ccc(C#N)cc3)cc2)cc1)C(=O)O*,22.0,48.36095428466797,36.236507415771484,26.36095428466797
*CCCCCCOC(=O)C(C(=O)OCCCCCCOc1ccc(-n2on2-c2ccc(O*)cc2)cc1)c1ccccc1,23.0,73.07081604003906,41.787471771240234,50.07081604003906
*CC(*)c1ccc(COCC(F)(F)C(F)(F)C(F)(F)C(F)(F)F)cc1,23.0,8.015029907226562,30.13520622253418,-14.984970092773438
*CCCCN1C(=O)c2ccc(C(=O)Oc3ccc(-c4ccc(OC(=O)c5ccc6c(c5)C(=O)N(*)C6=O)cc4)cc3)cc2C1=O,126.0,176.38153076171875,64.42091369628906,50.38153076171875
*CC(*)c1ccc(C(O)CCN2CCOCC2)cc1,50.0,88.77164459228516,62.2513427734375,38.771644592285156
*CC(C)CNC(=O)O*,40.0,64.91089630126953,49.474609375,24.91089630126953
*Oc1ccc(OC(=O)c2ccc(-c3ccc(C(*)=O)cc3)cc2-c2ccccc2)cc1C(C)(C)c1ccccc1,146.0,161.95706176757812,41.06179428100586,15.957061767578125
*OC(CCCCC)CC(*)=O,-33.0,14.859832763671875,74.47808074951172,47.859832763671875
*CCNC(=O)c1ccc(O*)cc1,150.0,97.13966369628906,35.16754150390625,-52.86033630371094
*Nc1cc(NC(=O)NC2CCC(CC3CCC(NC(*)=O)CC3)CC2)cc(C(=O)Nc2cccc3c2C(=O)c2ccccc2C3=O)c1,156.0,152.5097198486328,69.17591094970703,-3.4902801513671875
*Oc1ccc(C(C)(C)c2ccc(Oc3cncc(*)n3)cc2)cc1,145.0,159.0987091064453,61.359962463378906,14.098709106445312
*c1nc(C)nc(N(CCCCCCCCCCN(*)c2ccccc2)c2ccccc2)n1,48.0,72.7413101196289,55.14122772216797,24.741310119628906
*c1cccc(Oc2ccc(P(=O)(c3ccccc3)c3ccccc3)c(Oc3cccc(-n4c(=O)c5cc6c(=O)n(*)c(=O)c6cc5c4=O)c3)c2)c1,251.0,253.85598754882812,37.852359771728516,2.855987548828125
*Oc1ccc(Oc2ccc(C(=O)c3cccc(NC(=O)c4cccc(C(=O)Nc5cccc(C(=O)c6ccc(*)cc6)c5)c4)c3)cc2)cc1,202.0,224.4720458984375,45.8221435546875,22.4720458984375
*Nc1ccc(/C=C/c2ccc(NC(=C(C#N)C#N)c3ccc(C(*)=C(C#N)C#N)cc3)cc2)cc1,250.0,304.79205322265625,52.876197814941406,54.79205322265625
*CC(*)C(=O)OCC(C)C,25.0,11.611724853515625,76.7361068725586,-13.388275146484375
*CCCCCCOC(=O)C(=O)O*,66.5,24.16504669189453,82.16097259521484,-42.33495330810547
*Oc1ccc(NC(=O)/C=C/c2ccc(/C=C/C(=O)Nc3ccc(*)cc3)cc2)cc1,205.0,227.62977600097656,71.21665954589844,22.629776000976562
*c1ccc(Oc2cccc(Oc3ccc(N4C(=O)c5ccc(Oc6ccc(S(=O)(=O)c7ccc(Oc8ccc9c(c8)C(=O)N(*)C9=O)cc7)cc6)cc5C4=O)cc3)c2)cc1,219.0,187.9891357421875,29.132936477661133,-31.0108642578125
*Nc1ccc(NC(=O)c2ccc(NC(=O)CCCCCCC(=O)Nc3ccc(C(*)=O)cc3)cc2)cc1C(=O)OCCCCCCCCCCCCCCCCCC,305.0,187.70504760742188,66.95557403564453,-117.29495239257812
*Oc1c(Br)cc(*)cc1Br,196.0,182.42364501953125,49.972755432128906,-13.57635498046875
*c1ccc(Oc2cc3ccccc3cc2Oc2ccc(N3C(=O)c4ccc(Oc5ccccc5Oc5ccc6c(c5)C(=O)N(*)C6=O)cc4C3=O)cc2)cc1,216.0,215.36395263671875,23.850576400756836,-0.63604736328125
*Oc1ccc(-c2ccc(OC(=O)c3ccc(-c4ccc(C(*)=O)cc4C(F)(F)F)c(C(F)(F)F)c3)cc2C(=O)OCCCCCCCCCCCOc2ccc(-c3ccc(C#N)cc3)cc2)c(C(=O)OCCCCCCCCCCCOc2ccc(-c3ccc(C#N)cc3)cc2)c1,50.0,148.41429138183594,82.5478286743164,98.41429138183594
*c1ccc(Oc2ccc(N3C(=O)c4cccc(Oc5c(C)cc(-c6cc(C)c(Oc7cccc8c7C(=O)N(*)C8=O)c(C)c6)cc5C)c4C3=O)cc2)cc1,298.0,229.81927490234375,39.71001434326172,-68.18072509765625
*Oc1ccc(CC(NC(=O)CCc2ccc(OC(=O)CCCCCCC(*)=O)cc2)C(=O)OCC(C)C)cc1,42.0,38.32915496826172,18.150320053100586,-3.6708450317382812
*CC1CCC(COC(=O)c2ccc(C(=O)O*)cc2)CC1,84.5,52.65763854980469,29.890399932861328,-31.842361450195312
*CC(O)C(O)COC(=O)O*,39.599998474121094,38.45555114746094,80.76517486572266,-1.1444473266601562
*c1ccc(Sc2ccc(Sc3ccc(N4C(=O)c5ccc(Sc6ccc(Sc7ccc(Sc8ccc9c(c8)C(=O)N(*)C9=O)cc7)cc6)cc5C4=O)cc3)s2)cc1,185.5,198.14712524414062,34.8049430847168,12.647125244140625
*Oc1ccc(CC(Cc2ccc(*)cc2)(C(=O)OCC)C(=O)OCC)cc1,54.0,56.26097869873047,32.61699295043945,2.2609786987304688
*c1ccc2c(c1)C(=O)N(c1ccc3c(c1)-c1cc(N4C(=O)c5ccc(C(*)(C(F)(F)F)C(F)(F)F)cc5C4=O)ccc1C3)C2=O,394.0,299.9789733886719,55.9019660949707,-94.02102661132812
*c1cccc(OCCCCCOc2cccc(N3C(=O)c4ccc(-c5ccc6c(c5)C(=O)N(*)C6=O)cc4C3=O)c2)c1,165.0,207.68914794921875,61.05572509765625,42.68914794921875
*CC(*)c1ccc(B(Oc2ccc(-c3ccc(N(C)C)cc3)c3cccnc23)c2ccc(C(C)(C)C)cc2)cc1,230.0,221.24404907226562,69.73152923583984,-8.755950927734375
*OP(=O)(Oc1ccc(C(C)(C)c2ccc(*)cc2)cc1)Oc1c(Cl)cccc1Cl,96.0,112.62972259521484,50.519412994384766,16.629722595214844
*CCOC(=O)NCCCCCCNC(=O)O*,56.0,57.4766845703125,46.72359085083008,1.4766845703125
*CC(O)COc1ccc(C(C)(C)c2ccc(OCC(O)COc3ccc(NC(=O)CCCCC(=O)Nc4ccc(O*)cc4)cc3)cc2)cc1,112.0,93.17880249023438,39.33638000488281,-18.821197509765625
*c1ccc(-n2ccc(-c3cccc(-c4ccn(*)n4)c3)n2)cc1,75.0,90.9356689453125,48.68792724609375,15.9356689453125
*CCCCCCc1ccc(-c2c(-c3ccccc3)cc(-c3cccc(-c4cc(-c5ccccc5)c(-c5ccc(*)cc5)c(-c5ccccc5)c4-c4ccccc4)c3)c(-c3ccccc3)c2-c2ccccc2)cc1,215.0,214.14474487304688,34.81488037109375,-0.855255126953125
*CCCCCCCCCCCCN1C(=O)c2cccc3c(-c4ccc5c6c(cccc46)C(=O)N(CCCCCCCCCCCCn4c(=O)c6ccc7c8ccc9c(=O)n(*)c(=O)c%10ccc(c%11ccc(c4=O)c6c7%11)c8c9%10)C5=O)ccc(c23)C1=O,210.0,216.96133422851562,69.01606750488281,6.961334228515625
*CC(*)C(=O)OC(C)C,-5.0,5.457855224609375,76.78147888183594,10.457855224609375
*C(=O)c1ccc2c(c1)C(=O)N(c1ccc(Oc3ccccc3Oc3ccc(N4C(=O)c5ccc(*)cc5C4=O)cc3C(F)(F)F)c(C(F)(F)F)c1)C2=O,236.0,232.3031005859375,31.54087257385254,-3.6968994140625
*CCCNC(=O)O*,26.0,17.757156372070312,48.72780227661133,-8.242843627929688
*c1ccc(C(=O)Nc2ccc(N3C(=O)c4ccc(-c5ccc6c(c5)C(=O)N(*)C6=O)cc4C3=O)cc2)cc1,335.0,331.15966796875,49.42918014526367,-3.84033203125
*c1ccc(Oc2ccc(C(=O)c3ccc(Oc4ccc(-c5c6c(c(*)c7ccccc57)C(=O)N(c5ccccc5C(F)(F)F)C6=O)cc4)cc3)cc2)cc1,260.0,272.1092224121094,38.333839416503906,12.109222412109375
*CC(*)C(=O)OCCCCCCOc1ccc(-c2ccc(C#N)cc2)cc1,45.0,72.15890502929688,60.92149353027344,27.158905029296875
*Oc1ccc(Oc2ccc(NC(=O)c3ccc(Oc4ccc(Oc5ccc(C(=O)Nc6ccc(*)cc6)cc5)cc4C)cc3)cc2)cc1C,218.5,266.75567626953125,68.38335418701172,48.25567626953125
*Oc1ccc(C(=O)OC(C)COC(C)COC(C)COC(=O)c2ccc(OC(=O)c3ccc(C(*)=O)cc3)cc2)cc1,36.0,55.190887451171875,23.063034057617188,19.190887451171875
*Oc1ccc(NC(=O)c2ccc(C(=O)Nc3ccc(Oc4ccc(C5(c6ccc(*)cc6)C6CC7CC(C6)CC5C7)cc4)cc3)cc2)cc1,264.0,256.9534912109375,74.5947036743164,-7.0465087890625
*CCCNC(=O)C(OC)C(OC)C(=O)N*,123.0,99.47283172607422,48.35346984863281,-23.52716827392578
*Oc1ccc(C(C)(C)c2ccc(Oc3ccc(C(=O)c4cccc(C(=O)c5ccc(*)cc5)c4)cc3)cc2)cc1,153.0,161.95706176757812,41.06179428100586,8.957061767578125
*CC(*)SCC,-7.0,-62.32084655761719,42.54487609863281,-55.32084655761719
*C(=O)Nc1ccc(C2(c3ccc(N4C(=O)c5ccc(*)cc5C4=O)cc3)CCCCC2)cc1,319.0,206.6568603515625,73.40010070800781,-112.3431396484375
*O[Si](Oc1ccc(-c2ccc(*)cc2)cc1)(c1ccccc1)c1ccccc1,132.25,127.86094665527344,42.536556243896484,-4.3890533447265625
*CC(C)(C)COC(=O)NC(=O)c1cc(C(=O)NC(=O)O*)cc(C(C)(C)C)c1,144.0,51.54121398925781,39.032772064208984,-92.45878601074219
*CCCNC(=O)C(NC(=O)C(Cc1ccccc1)NC(=O)CCCCCCCCC(=O)NC(Cc1ccccc1)C(=O)NC(C(=O)NCCCOCCOCCO*)C(C)C)C(C)C,66.0,61.51641845703125,46.82193374633789,-4.48358154296875
*CCc1ccc(*)c(C#N)c1,90.0,88.25999450683594,38.12122344970703,-1.7400054931640625
*C(=O)Nc1ccc(Oc2ccc(NC(=O)c3ccc4c(c3)C(=O)N(c3cccc(P(=O)(c5ccccc5)c5cccc(N6C(=O)c7ccc(*)cc7C6=O)c5)c3)C4=O)cc2)cc1,235.0,221.16903686523438,30.38214874267578,-13.830963134765625
*c1cc(C)c(-c2c(C)cc(-n3c(=O)c4cc5c(=O)n(*)c(=O)c5cc4c3=O)cc2C)c(C)c1,353.0,245.12982177734375,75.42182922363281,-107.87017822265625
*CCCCCCCCC(Cl)C(*)Cl,-30.0,-21.8948974609375,63.70530700683594,8.1051025390625
*CC(*)CNc1ccc([N+](=O)[O-])cn1,151.0,143.06130981445312,52.45695877075195,-7.938690185546875
*Oc1ccc2c(c1)C(C)(c1ccc(OC(*)=O)cc1)CC2(C)C,201.6999969482422,132.99569702148438,71.08160400390625,-68.70429992675781
*Oc1ccc(S(=O)(=O)c2ccc(Oc3ccc(C(=C)c4ccc(*)cc4)cc3)cc2)cc1,167.0,183.1551513671875,52.64274215698242,16.1551513671875
*Oc1cc(CCCCCCCCC)cc(OC(=O)c2cccc(C(*)=O)c2)c1,41.5,42.12757110595703,38.35224151611328,0.6275711059570312
*O[Si](*)(C)CCCCC(=O)OCCCCCCCCCCC(F)(F)C(F)(F)C(F)(F)C(F)(F)C(F)(F)C(F)(F)C(F)(F)C(F)(F)F,-78.0,-70.97169494628906,39.797298431396484,7.0283050537109375
*CC(*)(C)C(=O)OCCOc1ccc(/N=N/c2ccc([N+](=O)[O-])cc2)cc1,112.0,124.14783477783203,45.667884826660156,12.147834777832031
*C1CCC(CC2CCC(N3C(=O)c4ccc(Oc5ccc6c(c5)C(=O)N(*)C6=O)cc4C3=O)CC2)CC1,240.0,147.5755157470703,85.7159652709961,-92.42448425292969
*OC(=O)OCCCCCCCCOC(=O)OC1COC2C(*)COC12,19.5,-3.042572021484375,57.05101013183594,-22.542572021484375
*CC(*)(C)C(=O)OCCCCn1c2ccccc2c2ccccc21,59.20000076293945,34.442108154296875,47.531044006347656,-24.757892608642578
*O[Si](*)(C)CCCCCCCCCCC(=O)Oc1ccc(C(=O)Oc2ccc(OC(=O)CCCCC(=O)OC3CC(C)CCC3C(C)C)cc2)cc1,20.700000762939453,4.7513427734375,37.85679244995117,-15.948657989501953
*CC(=O)Nc1ccc(Oc2cccc(Oc3ccc(NC(=O)CN4C(=O)c5ccc(C(c6ccc7c(c6)C(=O)N(*)C7=O)(C(F)(F)F)C(F)(F)F)cc5C4=O)cc3)c2)cc1,221.0,242.82723999023438,39.776580810546875,21.827239990234375
*CC(*)(C)C(=O)OCCCCCCCCCCCOc1ccc(/N=N/c2ccc(OC(=O)c3ccc4c(c3)OCCOCCOCCOCCO4)cc2)cc1,59.0,32.67273712158203,22.288915634155273,-26.32726287841797
*c1ccc(Oc2ccc(Oc3ccc(N4C(=O)CC(=O)N(*)C4=S)cc3)cc2)cc1,157.0,177.84756469726562,70.59700775146484,20.847564697265625
*CCCCCCCCCCSSSS*,-76.0,-61.70552062988281,57.26559066772461,14.294479370117188
*CC(*)(C)C(=O)OCCC1CCCCC1,110.0,29.480995178222656,84.05226135253906,-80.51900482177734
*Oc1cccc(Oc2ccc(NC(=O)c3cc(NC(=O)c4ccc(OC(C)=O)cc4)cc(C(=O)Nc4ccc(*)cc4)c3)cc2)c1,230.0,221.45220947265625,55.04241180419922,-8.54779052734375
*/C=C/CCCCCCC(Cl)CCCCCC*,-57.0,-34.23509216308594,57.21211624145508,22.764907836914062
*CC(CCCCCCCCCCCC)COC(=O)NC(=O)c1ccc(C(=O)NC(=O)O*)cc1,75.0,27.346481323242188,35.8934326171875,-47.65351867675781
*C(=O)c1ccc(Oc2ccc(S(=O)(=O)c3ccc(Oc4ccc(C(=O)c5ccc6c(c5)C(=O)N(c5ccc(Oc7ccc(N8C(=O)c9ccc(*)cc9C8=O)cc7)cc5)C6=O)cc4)cc3)cc2)cc1,241.0,232.77650451660156,33.91761779785156,-8.223495483398438
*N=P(*)(OCc1ccccc1)OCc1ccccc1,-31.399999618530273,-21.436767578125,49.72916030883789,9.963232040405273
*C(=O)Nc1ccc(Oc2ccc(NC(=O)c3ccc4c(c3)C(=O)N(c3ccc(Cc5ccc(N6C(=O)c7ccc(*)cc7C6=O)cc5)cc3)C4=O)cc2)cc1,251.0,260.2139892578125,32.92903137207031,9.2139892578125
*CC(OC)C(C(=O)OC)C(*)C(=O)OC,59.5,19.689773559570312,53.058799743652344,-39.81022644042969
*c1ccc(Oc2ccc(-c3ccc(Oc4ccc(-c5nc(-c6ccccn6)nnc5*)cc4)cc3)cc2)cc1,230.0,228.78738403320312,69.35895538330078,-1.212615966796875
*Oc1ccc(CC(NC(=O)CCc2ccc(OC(=O)CCC(*)=O)cc2)C(=O)OCCCCCCCCCCCC)cc1,40.0,22.578079223632812,23.160192489624023,-17.421920776367188
*CC#CC#CCOc1cccc(C(=O)OCCN(CCOC(=O)c2cccc(O*)c2)c2ccc(/N=N/c3ccc(C#N)cc3)cc2)c1,50.0,199.39988708496094,65.71583557128906,149.39988708496094
*C(=O)c1ccc(Oc2ccc(N3C(=O)c4ccc(*)cc4C3=O)cc2)cc1,297.0,349.36785888671875,59.14934539794922,52.36785888671875
*c1ccc(Oc2ccc(N3C(=O)c4ccc(Oc5cccc(Oc6ccc7c(c6)C(=O)N(*)C7=O)c5)cc4C3=O)cc2)cc1,209.0,238.3480682373047,31.407907485961914,29.348068237304688
*CCOC(=O)CCCCCCCCC(=O)OCCOC(=O)c1ccc(C(=O)O*)cc1,-6.5,16.306312561035156,41.365257263183594,22.806312561035156
*CCCCCCCC(=O)OCC1COC(*)O1,-23.0,-18.820602416992188,67.35777282714844,4.1793975830078125
*O[Si](C)(C)O[Si](C)(C)O[Si](C)(C)O[Si](C)(C)O[Si](C)(C)Oc1c(*)c2ccccc2c2ccccc12,-38.0,-47.85089111328125,48.3479118347168,-9.85089111328125
*CCCCCCc1ccc(-c2c(-c3ccccc3)cc(-c3ccc(-c4cc(-c5ccccc5)c(-c5ccc(*)cc5)c(-c5ccccc5)c4-c4ccccc4)cc3)c(-c3ccccc3)c2-c2ccccc2)cc1,250.0,214.14474487304688,34.814884185791016,-35.855255126953125
*CCCCCCCCCN1C(=O)c2ccc(Oc3ccc4c(c3)C(=O)N(*)C4=O)cc2C1=O,89.0,125.27800750732422,66.44842529296875,36.27800750732422
*CCCCCCCCCCCC(=O)Oc1ccc(C(C)(C)c2ccc(OC(=O)c3ccc4c(c3)C(=O)N(*)C4=O)cc2)cc1,93.0,67.4292984008789,46.13875198364258,-25.570701599121094
*c1ccc(Oc2ccc(Sc3ccc(Oc4ccc(N5C(=O)c6ccc(Oc7ccc(Oc8ccc9c(c8)C(=O)N(*)C9=O)cc7)cc6C5=O)cc4)cc3)cc2)cc1,201.0,197.65797424316406,28.229970932006836,-3.3420257568359375
*/C=C/CCCC(Cl)CCC*,-63.0,10.994476318359375,70.99297332763672,73.99447631835938
*CC(O)COC(=O)CCCCCCC(=O)OCC(O)COc1ccc(C(C)(C)c2ccc(O*)cc2)cc1,35.0,5.8903961181640625,27.89682960510254,-29.109603881835938
*c1cccc(Oc2ccc(P(=O)(c3ccccc3)c3ccccc3)c(Oc3cccc(N4C(=O)c5ccc(Oc6ccc(-c7ccc(Oc8ccc9c(c8)C(=O)N(*)C9=O)cc7)cc6)cc5C4=O)c3)c2)c1,227.0,227.44363403320312,32.51183319091797,0.443634033203125
*/C=C(\C#N)C(=O)NC1CCCCC1NC(=O)/C(C#N)=C/c1ccc(/C=C/c2ccc(N(CC)Cc3cccc(CN(CC)c4ccc(/C=C/c5ccc(*)s5)cc4)c3)cc2)s1,157.0,183.57595825195312,64.47826385498047,26.575958251953125
*CCCCCCCCCCCNC(=O)CCCCCCCCCCC(=O)N*,39.0,39.855735778808594,22.056392669677734,0.8557357788085938
*N=P1(*)Oc2ccccc2-c2ccccc2O1,160.0,138.4326171875,88.33096313476562,-21.5673828125
*CCCNC(=O)CCCCCCCCC(=O)NCCCOCCOCCO*,40.0,39.63655090332031,30.416641235351562,-0.3634490966796875
*C(=O)Nc1ccc(Oc2ccc(Oc3ccc(NC(=O)c4ccc5c(c4)C(=O)N(c4ccc(Oc6ccc(C7(c8ccc(Oc9ccc(N%10C(=O)c%11ccc(*)cc%11C%10=O)cc9)cc8)CC8CC7C7CCCC87)cc6)cc4)C5=O)cc3)c(C(C)(C)C)c2)cc1,275.0,274.493896484375,46.53818893432617,-0.506103515625
*c1ccc(*)c(C(=O)c2ccccc2)c1,180.0,179.21478271484375,43.36281967163086,-0.78521728515625
*CCCCCCCCCCCC(=O)Oc1ccc(OC(=O)c2ccc3c(c2)C(=O)N(*)C3=O)cc1,58.0,63.005531311035156,21.803329467773438,5.005531311035156
*N=P(*)(Oc1ccc(C(C)(C)C)cc1)Oc1ccc(C(C)(C)C)cc1,57.0,32.065757751464844,29.85770034790039,-24.934242248535156
*Oc1ccc(C(c2ccccc2)(c2ccccc2)c2ccc(OC(=O)OC3C(C)(C)C(OC(*)=O)C3(C)C)cc2)cc1,161.0,139.05923461914062,77.3084716796875,-21.940765380859375
*c1ccc(Oc2ccc(NC(=O)c3ccc(Oc4cccc5c4C(=O)N(*)C5=O)cc3)cc2)cc1,253.0,305.498291015625,51.6324577331543,52.498291015625
*Oc1ccc(S(=O)(=O)c2ccc(Oc3cccc(NC(=O)c4ccc(-c5ccc(C(=O)Nc6cccc(*)c6)c(C)c5)cc4C)c3)cc2)cc1,220.0,254.01319885253906,67.06401824951172,34.01319885253906
*c1ccc(Oc2ccc(-c3nc4cc(Oc5ccc(NC(=O)CN6C(=O)c7ccc(C(c8ccc9c(c8)C(=O)N(CC(=O)Nc8ccc(Oc%10ccc%11nc(-c%12ccccc%12)c(*)nc%11c%10)cc8)C9=O)(C(F)(F)F)C(F)(F)F)cc7C6=O)cc5)ccc4nc3-c3ccccc3)cc2)cc1,260.0,271.3382568359375,34.361061096191406,11.3382568359375
*CCCCCCCCCCCCOC(=O)c1ccc(-c2ccc(C(=O)O*)cc2)cc1,50.5,50.932708740234375,43.67285919189453,0.432708740234375
*CC(C)(C)C1C(=O)OC(=O)C1*,141.0,103.57513427734375,76.3374252319336,-37.42486572265625
*Cc1cc(C)c(CNC(=O)c2ccc(C(=O)N*)cc2)cc1C,225.0,145.31658935546875,68.69984436035156,-79.68341064453125
*Oc1ccc(S(=O)(=O)c2ccc(Oc3ccc(C(c4ccccc4)(c4ccccc4)c4ccc(*)cc4)cc3)cc2)cc1,230.0,215.21823120117188,49.63621520996094,-14.781768798828125
*c1cc(/C=N/c2ccc3c(c2)c2cc(/N=C/c4cc(*)c(O)c(*)c4)ccc2n3CCCCCCCCCCCC)ccc1O,310.0,170.05667114257812,78.7680892944336,-139.94332885742188
*C(=O)c1ccc2c(c1)C(=O)N(c1cccc(C(=O)c3ccccc3N3C(=O)c4ccc(*)cc4C3=O)c1)C2=O,259.0,297.3041687011719,46.83017349243164,38.304168701171875
*Nc1ccc(NC(=O)c2ccc(NC(=O)CCCCCCCCCCCCC(=O)Nc3ccc(C(*)=O)cc3)cc2)cc1C(=O)OCCCCCCCCCCCCCCCC,250.0,154.52645874023438,84.67472076416016,-95.47354125976562
*CCC/C=C(/*)c1ccc(Cl)cc1,16.0,73.7470703125,45.24877166748047,57.7470703125
*Nc1ccc(Cc2ccc(NC(=O)NCCCCCCCCNC(*)=O)cc2)cc1,50.0,102.04965209960938,66.28986358642578,52.049652099609375
*CC(*)(C)C(=O)OCCN(C)c1ccc(/C=C/c2ccc([N+](=O)[O-])cc2)cc1,107.0,117.19062805175781,49.06348419189453,10.190628051757812
*c1ccc(-c2cc(C(C)(C)C)c(Oc3ccc(N4C(=O)c5ccc(S(=O)(=O)c6ccc7c(c6)C(=O)N(*)C7=O)cc5C4=O)cc3C(F)(F)F)c(C(C)(C)C)c2)cc1,365.5,247.66500854492188,70.05176544189453,-117.83499145507812
*CC(*)(C)C(=O)OCCCCCCOc1ccc(OC(=O)c2ccc(OCCCC)cc2)cc1,36.0,30.211532592773438,29.121383666992188,-5.7884674072265625
*Nc1cc(NC(=O)c2cc(OCCN(C)c3ccc([N+](=O)[O-])cc3)cc(C(*)=O)c2)cc(C(=O)OC)c1,177.0,136.01715087890625,52.29283142089844,-40.98284912109375
*CC1CCC(COC(=O)O*)CC1,38.70000076293945,39.95576477050781,70.43334197998047,1.2557640075683594
*c1ccc(Oc2ccc(S(=O)(=O)c3ccc(Oc4ccc(C5(*)OC(=O)c6ccccc65)cc4)cc3)cc2)cc1,247.0,199.58688354492188,52.38125991821289,-47.413116455078125
*OC(C)CC(*)=O,3.4000000953674316,33.64042663574219,50.642391204833984,30.240426540374756
*/C=C(/*)CCCOc1ccc(OC(=O)c2ccc(OCCCC)cc2)cc1,36.0,46.662925720214844,46.57136917114258,10.662925720214844
*O[Si](C)(C=C)O[Si](C)(C=C)O[Si](C)(C)c1ccc([Si](*)(C)C)cc1,-86.0,-49.779571533203125,57.29861068725586,36.220428466796875
*c1ccc(OCCN(CC)c2ccc(-c3ccc(C(=C(C#N)C#N)c4ccc(-c5ccc(N(CC)CC)cc5)s4)s3)cc2)c(-c2cc(-c3ccccc3)c3cc(Oc4ccc5nc(*)cc(-c6ccccc6)c5c4)ccc3n2)c1,205.0,207.8150634765625,45.33177947998047,2.8150634765625
*Oc1ccc(Oc2ccc(P(C)(=O)c3ccc(*)cc3)cc2)cc1,213.0,156.48013305664062,65.88237762451172,-56.519866943359375
*CCCCCCCNC(=O)CCCCCCCCCCCCCCCCCCC(=O)N*,46.0,38.724571228027344,22.229801177978516,-7.275428771972656
*CC(=O)Nc1ccc(Oc2ccc(Oc3ccc(NC(=O)CN4C(=O)c5ccc(C(=O)c6ccc7c(c6)C(=O)N(*)C7=O)cc5C4=O)cc3)cc2)cc1,230.0,230.43698120117188,38.90940856933594,0.436981201171875
*C(C)C(*)C(=O)OC12CC3CC(CC(C3)C1)C2,236.5,76.95915985107422,73.32941436767578,-159.54084014892578
*Nc1ccc(C(=O)Nc2ccc(Cc3ccc(NC(=O)c4ccc(NC(=O)c5ccc([Si](C)(C)c6ccc(C(*)=O)cc6)cc5)cc4)cc3)cc2)cc1,300.0,299.56353759765625,62.49941635131836,-0.43646240234375
*CC(*)(C)C(N)=O,88.69999694824219,98.86822509765625,52.44746017456055,10.168228149414062
*c1ccc(Oc2ccc(Sc3ccc(Oc4ccc(N5C(=O)c6ccc(Oc7ccc(-c8ccc(Oc9ccc%10c(c9)C(=O)N(*)C%10=O)cc8)cc7)cc6C5=O)cc4)cc3)cc2)cc1,206.0,192.70928955078125,32.960243225097656,-13.29071044921875
*CC(*)C(=O)Oc1ccc([N+](=O)[O-])cc1,73.30000305175781,92.35931396484375,21.775882720947266,19.059310913085938
*c1ccc2c(c1)C(=O)N(c1cccc(Oc3ccc(N4C(=O)c5ccc(-c6c(-c7ccccc7)c(-c7ccccc7)c(-c7ccc(Sc8ccc(-c9c(-c%10ccccc%10)c(-c%10ccccc%10)c(*)c(-c%10ccccc%10)c9-c9ccccc9)cc8)cc7)c(-c7ccccc7)c6-c6ccccc6)cc5C4=O)cc3)c1)C2=O,300.0,322.36480712890625,51.02666473388672,22.36480712890625
*c1ccc(OC(=O)c2ccc(C(=O)Oc3ccc(C4(*)OCc5ccccc54)cc3)cc2)cc1,312.0,187.57501220703125,51.583335876464844,-124.42498779296875
*Oc1ccc(C2(c3ccc(OC(*)=S)cc3)CCCCC2)cc1,155.0,152.47779846191406,60.620513916015625,-2.5222015380859375
*CCCCCNC(=O)CC(=O)N*,65.0,77.66038513183594,68.27466583251953,12.660385131835938
*CCN(CCOC(=O)c1ccc(C(=O)O*)c(OCCC)c1)c1ccc(/N=N/c2ccc(-c3nc4cc([N+](=O)[O-])ccc4[nH]3)cc2)cc1,152.0,152.3210906982422,40.073219299316406,0.3210906982421875
*CCC[Si](*)(c1ccccc1)c1ccc(N(C)C)cc1,52.0,44.129859924316406,50.484954833984375,-7.870140075683594
*C(=O)Nc1ccc(Oc2ccc(N3C(=O)c4ccc(*)cc4C3=O)cc2)cc1,295.0,324.5957336425781,52.88595199584961,29.595733642578125
*Oc1ccc(OC(=O)c2ccc(C(*)=O)cc2Sc2ccc(Cl)cc2)cc1,140.0,112.66835021972656,43.67367172241211,-27.331649780273438
*Oc1cccc(NC(=O)CCCCC(=O)Nc2ccc(*)cc2)c1,160.0,133.78167724609375,63.03030776977539,-26.21832275390625
*Oc1ccc(C(CC)c2ccc(OC(*)=O)cc2)cc1,128.0,115.9183578491211,44.860111236572266,-12.081642150878906
*Oc1ccc2cc(OC(=O)c3ccc(-c4ccc(C(*)=O)cc4)cc3-c3ccccc3)ccc2c1,125.0,177.88572692871094,50.73752975463867,52.88572692871094
*C(=O)c1ccc2c(c1)C(=O)N(c1ccc(C)c(N3C(=O)c4ccc(*)cc4C3=O)c1)C2=O,319.5,357.7764892578125,56.01470947265625,38.2764892578125
*C(=O)c1ccc(Oc2ccc(Oc3ccc(C(=O)c4ccc5c(c4)C(=O)N(c4ccc(Cc6ccc(N7C(=O)c8ccc(*)cc8C7=O)cc6)cc4)C5=O)cc3)cc2)cc1,225.0,218.48391723632812,24.559368133544922,-6.516082763671875
*CC(*)(CCC(C)C(=O)OC)C(=O)OC,34.0,-13.712631225585938,67.37980651855469,-47.71263122558594
*Oc1ccc(CC(NC(=O)CCc2ccc(OC(=O)CCCCCCCCC(*)=O)cc2)C(=O)OCCCCCCCCCCCC)cc1,12.5,21.108840942382812,42.4601936340332,8.608840942382812
*c1ccc(S(=O)(=O)c2ccc(Oc3ccc(-c4nn(*)c(=O)c5ccccc45)c(F)c3)cc2)cc1,283.0,292.49871826171875,54.10792541503906,9.49871826171875
*CCCCCCCOc1ccc(CCc2ccc(O*)cc2C)cc1,6.5,35.93669128417969,53.854225158691406,29.436691284179688
*c1cc(CCCCCCOC(=O)Cc2ccccc2)c(*)s1,45.0,108.78260040283203,54.88981246948242,63.78260040283203
*c1ccc(-c2nc3ccc(-c4ccc5nc(*)c(-c6ccccc6)c(-c6ccccc6)c5c4)cc3c(-c3ccccc3)c2-c2ccccc2)cc1,400.0,377.10089111328125,52.46092987060547,-22.89910888671875
*c1ccc(Oc2ccc(N3C(=O)c4cccc(Oc5ccc(S(=O)(=O)c6ccc(Oc7cccc8c7C(=O)N(*)C8=O)cc6)cc5)c4C3=O)cc2)cc1,267.0,271.00653076171875,47.16862106323242,4.00653076171875
*c1ccc2c(c1)C(=O)N(c1ccc3c(c1)Cc1cc(N4C(=O)c5ccc(C(*)(C(F)(F)F)C(F)(F)F)cc5C4=O)ccc1-3)C2=O,394.0,299.9789733886719,55.90196228027344,-94.02102661132812
*C1C2CC(C)C(C2)C1*,350.0,111.88027954101562,158.7259063720703,-238.11972045898438
*N=P(*)(Oc1ccc(C(=O)OC)cc1)Oc1ccc(C(=O)OC)cc1,-33.0,42.48542785644531,37.87283706665039,75.48542785644531
*OC(=O)C(CC(C)C)NC(=O)CCCCC(=O)NC(CC(C)C)C(=O)OC1COC2C(*)COC12,91.0,28.890029907226562,34.68738555908203,-62.10997009277344
*c1ccc2c(c1)C(=O)N(c1cc(C(c3ccc(O)c(N4C(=O)c5ccc(C(*)(C(F)(F)F)C(F)(F)F)cc5C4=O)c3)(C(F)(F)F)C(F)(F)F)ccc1O)C2=O,330.0,211.050048828125,50.32303237915039,-118.949951171875
*Oc1cccc2ccc(Oc3ccc(NC(=O)c4cc(C(=O)Nc5ccc(*)cc5)cc(C(C)(C)C)c4)cc3)cc12,263.0,258.94500732421875,72.5032730102539,-4.05499267578125
*OC(=O)CNC(=O)CCCCCCCCC(=O)NCC(=O)OC1COC2C(*)COC12,66.0,50.51176452636719,38.71839141845703,-15.488235473632812
*c1ccc(C(c2ccc(N3C(=O)c4cc(-c5ccc([Si](C)(C)C)cc5)c(-c5cc6c(cc5-c5ccc([Si](C)(C)C)cc5)C(=O)N(*)C6=O)cc4C3=O)cc2)(C(F)(F)F)C(F)(F)F)cc1,365.0,294.6090087890625,64.55626678466797,-70.3909912109375
*c1ccc(Oc2ccc(-c3nc4cc(S(=O)(=O)c5ccc6nc(-c7ccccc7)c(*)nc6c5)ccc4nc3-c3ccccc3)cc2)cc1,290.0,276.232177734375,54.22511291503906,-13.767822265625
*Oc1ccc2ccc(Oc3ccc(C(=O)Nc4ccc(Oc5ccc(C(C)(C)c6ccc(Oc7ccc(NC(=O)c8ccc(*)cc8)cc7)cc6)cc5)cc4)cc3)cc2c1,143.0,230.70367431640625,66.22142791748047,87.70367431640625
*Oc1ccc(Sc2ccc(OC3(F)C(*)(F)C(F)(F)C3(F)F)cc2)cc1,78.0,84.57388305664062,48.965694427490234,6.573883056640625
*CC(*)(C)C(=O)OCCCCCCN(C)c1ccc(/N=N/c2ccc(S(C)(=O)=O)cc2)cc1,100.0,77.7371597290039,54.33323287963867,-22.262840270996094
*Nc1ccc(-c2ccc(NC(=O)c3cc(NC(=O)c4ccncc4)cc(C(*)=O)c3)cc2)cc1,339.0,287.52349853515625,61.730621337890625,-51.47650146484375
*Oc1ccc(C(C)(C)c2ccc(OP3(Oc4ccc(C(=O)OC)cc4)=NP(Oc4ccc(C(=O)OC)cc4)(Oc4ccc(C(=O)OC)cc4)=NP(*)(Oc4ccc(C(=O)OC)cc4)=N3)cc2)cc1,73.0,60.897193908691406,25.899991989135742,-12.102806091308594
*CC(*)C(=O)OCCC,-38.5,5.4578704833984375,76.78147888183594,43.95787048339844
*c1ccc2c(c1)C(=O)N(c1cc(OCCCC)cc(N3C(=O)c4ccc(C(*)(C(F)(F)F)C(F)(F)F)cc4C3=O)c1)C2=O,246.0,238.85064697265625,60.8686408996582,-7.14935302734375
*C(=O)c1ccc2c(c1)C(=O)N(c1ccc(Cc3ccc(N4C(=O)c5ccc(*)cc5C4=O)cc3)cc1)C2=O,295.0,292.4319152832031,41.8394889831543,-2.568084716796875
*c1ccc(OCCN(CCOc2ccc(-c3nc4ccc(Oc5ccc6nc(*)c(-c7ccccc7)nc6c5)cc4nc3-c3ccccc3)cc2)c2ccc(/N=N/c3ccc([N+](=O)[O-])cc3C)cc2)cc1,188.0,188.96337890625,43.33122634887695,0.96337890625
*c1ccc(Oc2ccc(C(C)(C)c3cccc(C(C)(C)c4ccc(Oc5ccc(-n6c(=O)c7cc8c(=O)n(*)c(=O)c8cc7c6=O)cc5)cc4)c3)cc2)cc1,249.47000122070312,261.4260559082031,69.40558624267578,11.9560546875
*Oc1ccc(C(C)(C)c2ccc(Oc3ccc(C(=O)c4cccc5cccc(C(=O)c6ccc(*)cc6)c45)cc3)cc2)cc1,210.5,171.70169067382812,42.92170715332031,-38.798309326171875
*CCOC(=O)c1ccc(/C(C#N)=C(\c2ccc(OC)cc2)N2CCC(*)CC2)cc1,167.0,150.8258514404297,89.15512084960938,-16.174148559570312
*O[Si](*)(C)CCc1cc(C(=O)Oc2ccc(OC)cc2)ccc1C(=O)Oc1ccc(OC)cc1,111.0,56.72814178466797,32.5865364074707,-54.27185821533203
*/C=C(\C#N)C(=O)OCCCCCCOC(=O)/C(C#N)=C/c1ccc2c(c1)c1cc(*)ccc1n2CCCCCCCCCCCn1c2ccccc2c2ccccc21,63.0,162.36997985839844,79.16777801513672,99.36997985839844
*CC(*)OC(=O)CC1CCCCC1,25.0,85.82892608642578,78.87077331542969,60.82892608642578
*c1ccc(C(C#N)(C(=O)OCC)C(*)(C#N)C(=O)OCC)cc1,108.0,135.0172882080078,64.30443572998047,27.017288208007812
*Oc1cccc(NC(=O)c2ccc([Si](C)(C)c3ccc(C(*)=O)cc3)cc2)c1,220.0,216.79220581054688,75.37733459472656,-3.207794189453125
*c1nnc(-c2ccc(Oc3ccc(C(c4ccc(Oc5ccc(*)c6ccccc56)cc4)(C(F)(F)F)C(F)(F)F)cc3)c3ccccc23)o1,220.0,312.1307373046875,48.883548736572266,92.1307373046875
*COCOc1ccc(C(=O)OC(=O)c2ccc(O*)cc2)cc1,57.0,79.14572143554688,45.173301696777344,22.145721435546875
*Oc1ccc(S(=O)(=O)c2ccc(Oc3ccc(/N=C/c4ccc(*)cc4)cc3)cc2)cc1,110.0,176.4732208251953,60.85736846923828,66.47322082519531
*c1ccc2c(c1)C(=O)N(c1c(C)cc(C(c3cc(C(F)(F)F)cc(C(F)(F)F)c3)c3cc(C)c(N4C(=O)c5ccc(C(*)(C(F)(F)F)C(F)(F)F)cc5C4=O)c(C)c3)cc1C)C2=O,288.0,269.9081115722656,59.06178665161133,-18.091888427734375
*CC(*)(CC(=O)Oc1ccc(OC)cc1)C(=O)Oc1ccc(OC)cc1,119.5,52.11699676513672,28.031667709350586,-67.38300323486328
*OP(=O)(Oc1ccccc1)Oc1c(C)cc(S(=O)(=O)c2cc(C)c(*)c(C)c2)cc1C,142.0,124.73963165283203,41.27941131591797,-17.26036834716797
*Oc1ccc(NC(=O)CCCCCC(=O)Nc2ccc(*)cc2)cc1,180.0,126.4133529663086,55.850311279296875,-53.586647033691406
*/N=N/c1ccc(C(=O)NCCCCNC(=O)c2ccc(*)cc2)cc1,215.0,152.7707061767578,56.727359771728516,-62.22929382324219
*c1cccc(C(=O)Nc2ccc(Cc3ccc(N4C(=O)c5ccc(S(=O)(=O)c6ccc7c(c6)C(=O)N(c6ccc(Cc8ccc(NC(=O)c9cccc(-c%10nc%11cc(-c%12ccc%13[nH]c(*)nc%13c%12)ccc%11[nH]%10)c9)cc8)cc6)C7=O)cc5C4=O)cc3)cc2)c1,270.0,282.0500793457031,42.6585807800293,12.050079345703125
*CCN(*)C(=O)c1ccc(SC(F)(F)F)cc1,100.0,99.82319641113281,71.52862548828125,-0.1768035888671875
*C(=O)Nc1ccc(-c2sc(-c3ccc(NC(=O)c4ccc5c(c4)C(=O)N(c4ccc(Oc6cccc7c(Oc8ccc(N9C(=O)c%10ccc(*)cc%10C9=O)cc8)cccc67)cc4)C5=O)cc3)c(-c3ccccc3)c2-c2ccccc2)cc1,340.0,297.9534912109375,44.86006164550781,-42.0465087890625
*Nc1ccc(NC(=O)c2cc(-c3ccc(C(=O)OCC)c(C(*)=O)c3)ccc2C(=O)OCC)cc1,231.6999969482422,176.71951293945312,99.64486694335938,-54.98048400878906
*/C=C/C1CC(*)C(C(=O)OC)C1C(=O)OC,77.30000305175781,79.31095886230469,75.7109146118164,2.010955810546875
*CC(*)(C)C(=O)OCCN(C)c1ccc(N(C)C)cc1,43.0,135.61825561523438,59.5081787109375,92.61825561523438
*c1ccc(-c2sc(-c3cc(SCCCCCCCC)c(*)s3)cc2SCCCCCCCC)cc1,55.29999923706055,31.324600219726562,48.02285385131836,-23.975399017333984
*C(=O)Nc1ccc(Cc2ccc(NC(=O)c3ccc4c(c3)C(=O)N(c3ccc(-c5sc(-c6ccc(N7C(=O)c8ccc(*)cc8C7=O)cc6)c(-c6ccccc6)c5-c5ccccc5)cc3)C4=O)cc2)cc1,253.0,267.625244140625,46.92355728149414,14.625244140625
*CCCC(C)(C)CNC(=O)c1cccc(C(=O)N*)c1,153.0,136.9494171142578,58.503997802734375,-16.050582885742188
*c1ccc(Oc2ccc(Oc3ccc(N4C(=O)c5ccc(Oc6ccc7c(c6)C(=O)N(*)C7=O)cc5C4=O)cc3)cc2)cc1,238.0,238.3480682373047,31.407907485961914,0.3480682373046875
*N=P(*)(C)c1ccccc1,37.0,41.096031188964844,51.07398223876953,4.096031188964844
*CCC1CC(*)C2C3CCC(C3)C12,164.0,98.78978729248047,113.38983917236328,-65.21021270751953
*O[Si](*)(C)CC[Si](C)(C)O[Si](C)(C)CCCOc1cc(OC(=O)c2ccc(OCCCC)cc2)ccc1/N=N/c1ccc(OCCCC)cc1,-4.0,14.177932739257812,40.42656326293945,18.177932739257812
*CCOC(=O)Nc1ccc(CCc2ccc(NC(=O)O*)cc2)cc1,116.9000015258789,114.29081726074219,41.595123291015625,-2.6091842651367188
*Oc1ccc(S(=O)(=O)c2ccc(Oc3c(C)cc(C(C)(C)c4cc(C)c(*)c(C)c4)cc3C)cc2)cc1,231.3000030517578,209.5709228515625,78.77748107910156,-21.729080200195312
*O[Si](*)(C)CCCCCCCCCCC(=O)Oc1ccc(-c2ccc(OC(=O)c3ccc(OCC)cc3)cc2)cc1,103.4000015258789,73.76573181152344,47.576385498046875,-29.63426971435547
*Oc1c(C)cc(-c2cc(C)c(Oc3ccc(C(=O)c4ccc5cc(C(=O)c6ccc(*)cc6)ccc5c4)cc3)c(C)c2)cc1C,270.0,183.73822021484375,47.2176399230957,-86.26177978515625
*Oc1cccc(NC(=O)c2cccc(C(=O)Nc3ccc(Oc4ccc(C(=O)c5ccc(*)cc5)cc4)cc3)c2)c1,114.0,228.76808166503906,67.8581771850586,114.76808166503906
*CO*,-71.0,5.51611328125,92.22184753417969,76.51611328125
*CCCCCCCCCCCCCCCCCCNC(=O)NCc1ccc(CNC(=O)N*)cc1,52.0,59.33177185058594,33.73581314086914,7.3317718505859375
*CC(*)c1ccc(C(C)C)cc1,62.400001525878906,100.09027099609375,84.39881134033203,37.690269470214844
*Oc1ccc(NC(=O)/C=C/C(=O)NNC(=O)/C=C/C(=O)Nc2ccc(OC(=O)c3ccccc3C(=O)NNC(=O)c3ccccc3C(*)=O)cc2)cc1,240.0,189.23036193847656,37.866844177246094,-50.76963806152344
*O[Si](*)(C)CCCOCCOCCOCCOC,-64.20500183105469,-79.8592529296875,53.8253059387207,-15.654251098632812
*Oc1ccc(C(c2ccc(OC(*)=O)cc2)C(C)C)cc1,149.0,117.46104431152344,60.79617691040039,-31.538955688476562
*c1cc(C)c(/N=C/c2ccc(OCc3ccc(COc4ccc(/C=N/c5cc(C)c(-n6c(=O)c7ccc8c9ccc%10c(=O)n(*)c(=O)c%11ccc(c%12ccc(c6=O)c7c8%12)c9c%10%11)cc5C)cc4)cc3)cc2)cc1C,130.0,208.23300170898438,51.91263961791992,78.23300170898438
*CC(*)C(=O)Nc1ccccc1Cl,63.0,54.02942657470703,42.00473403930664,-8.970573425292969
*c1cc(Br)c(Oc2c(Br)cc(N3C(=O)c4ccc(S(=O)(=O)c5ccc6c(c5)C(=O)N(*)C6=O)cc4C3=O)cc2Br)c(Br)c1,328.0,320.2470397949219,54.86104965209961,-7.752960205078125
*CC(*)(C)C(=O)OC,108.0,7.0510406494140625,63.722225189208984,-100.94895935058594
*c1ccc(Cc2ccc(-n3c(=O)c4cc5c(=O)n(*)c(=O)c5cc4c3=O)cc2)cc1,351.0,364.84735107421875,49.40495300292969,13.84735107421875
*c1nc(-c2ccccc2)nc(N(CCCCCCCCCCN(*)c2ccccc2)c2ccccc2)n1,62.0,101.1932373046875,58.26066207885742,39.1932373046875
*CCCCSSCCCCOCO*,-76.0,-44.11720275878906,49.23240661621094,31.882797241210938
*CC(C)(CO)CO*,62.0,-65.01399230957031,53.92539596557617,-127.01399230957031
*c1ncnc(N(CCCCCCCCCCN(*)c2ccccc2)c2ccccc2)n1,55.0,76.64945220947266,51.947120666503906,21.649452209472656
*CC(*)c1ccc(C(=O)OCC)cc1,94.0,48.01177215576172,40.34148406982422,-45.98822784423828
